global_sample,global_start,global_end,orig_rms_db,filt_rms_db,rms_diff_db
8359621,8341621,8373621,129.53002915810572,123.32017129792439,6.20985786018133
8389504,8371504,8403504,129.78258841830473,123.56094644875103,6.221641969553701
8420213,8402213,8434213,129.51160979739055,120.31563845541909,9.195971341971457
8451090,8433090,8465090,128.55376357073632,127.15159732755973,1.4021662431765947
8481345,8463345,8495345,130.44411267391212,123.03359369604932,7.410518977862793
8512091,8494091,8526091,130.06430007169436,119.81816653038562,10.246133541308737
8542923,8524923,8556923,131.35030681374818,126.55687510278557,4.793431710962608
8573733,8555733,8587733,130.06102647839708,120.21855324196204,9.84247323643504
8605378,8587378,8619378,130.08327868316977,120.24067996968827,9.842598713481493
8635848,8617848,8649848,131.5548208928477,126.06020091450426,5.494619978343422
8664905,8646905,8678905,130.97951383303385,121.86285800695725,9.116655826076595
8693443,8675443,8707443,130.69225357764557,120.67775167670254,10.014501900943031
8721921,8703921,8735921,130.91201203681277,124.06187014039135,6.85014189642142
8750500,8732500,8764500,130.61439222046263,121.03782508502016,9.576567135442474
8779462,8761462,8793462,130.3866311863517,118.24930550238119,12.137325683970516
8808500,8790500,8822500,130.07987801926015,119.8262014108389,10.253676608421245
8837004,8819004,8851004,129.99714412028226,119.79288366694838,10.204260453333873
8865981,8847981,8879981,130.30128496413172,119.19387221163652,11.107412752495208
8894422,8876422,8908422,130.34576811814068,120.66114471889517,9.68462339924551
8923343,8905343,8937343,130.45514454334221,120.10567736762256,10.349467175719653
8952275,8934275,8966275,130.792716369543,120.62279676937297,10.169919600170033
8980557,8962557,8994557,130.22337702007997,119.18543773082347,11.0379392892565
9009657,8991657,9023657,132.41187723069967,127.49829462610145,4.9135826045982185
9038084,9020084,9052084,130.83161364116674,119.84143299917187,10.990180641994868
9067911,9049911,9081911,130.31934598527903,120.78253691826518,9.536809067013849
9096293,9078293,9110293,130.2942922027345,120.3032187294547,9.991073473279812
9124855,9106855,9138855,130.41560974540965,119.17384548497543,11.241764260434223
9153497,9135497,9167497,130.79466164213127,123.56999308445592,7.224668557675358
9182052,9164052,9196052,130.20235942398094,120.28035976872573,9.921999655255206
9209551,9191551,9223551,133.28143494119698,129.3153711148852,3.9660638263117676
9236798,9218798,9250798,130.84543157114953,121.66580233064295,9.179629240506586
9262965,9244965,9276965,131.1927988998972,120.721553497998,10.47124540189921
9290557,9272557,9304557,130.6782608329328,120.57312982757809,10.105131005354721
9317774,9299774,9331774,130.4428416841947,119.63915472777725,10.803686956417437
9344785,9326785,9358785,131.1137166761764,121.02475808329586,10.088958592880545
9372343,9354343,9386343,131.65453304317563,125.85622440586882,5.798308637306818
9399153,9381153,9413153,133.70639546568037,130.65768945749488,3.0487060081854906
9426578,9408578,9440578,130.71723685471682,119.48480360243245,11.232433252284366
9455802,9437802,9469802,130.73440187333202,121.91381481656101,8.820587056771004
9480921,9462921,9494921,131.1619138826563,122.33087208508694,8.83104179756937
9507958,9489958,9521958,130.50205843061815,120.61661590562608,9.885442524992072
9535279,9517279,9549279,130.5315192219178,120.84830325565355,9.683215966264243
9562029,9544029,9576029,130.56068781065738,121.10212321023239,9.458564600424992
9588843,9570843,9602843,132.92313255023245,129.6191676774272,3.3039648728052384
9616049,9598049,9630049,130.06874632637917,120.56964023990344,9.499106086475734
9643372,9625372,9657372,130.39066634501194,121.52072468622472,8.869941658787212
9670748,9652748,9684748,130.3252761576533,120.23763576703759,10.087640390615704
9695482,9677482,9709482,130.7177604698345,121.70968506547182,9.008075404362685
9720792,9702792,9734792,131.99963233762628,126.62502826495982,5.3746040726664575
9746710,9728710,9760710,132.1134353770421,126.22897349491758,5.884461882124512
9772732,9754732,9786732,132.83673355594766,130.02681737571882,2.8099161802288393
9797992,9779992,9811992,130.3287034381703,121.95401786556499,8.374685572605301
9823749,9805749,9837749,130.75167946575874,122.29429214082609,8.457387324932654
9849981,9831981,9863981,131.09528129780517,122.79436791155312,8.300913386252049
9876619,9858619,9890619,130.63650705150656,122.68109215520055,7.95541489630601
9901420,9883420,9915420,130.03649544874315,123.33241123698829,6.704084211754861
9927630,9909630,9941630,130.09715659960366,122.04471289241582,8.052443707187848
9953527,9935527,9967527,133.366290156692,130.06866619940385,3.2976239572881525
9979479,9961479,9993479,131.1282400337491,122.93366314694583,8.194576886803276
10005129,9987129,10019129,131.7774097788445,125.52148658675776,6.255923192086726
10031480,10013480,10045480,130.69901797460778,122.91553031761238,7.783487656995405
10056757,10038757,10070757,130.93117992963528,123.06555682125878,7.8656231083764965
10082527,10064527,10096527,130.97481019744245,121.78419929584123,9.190610901601218
10108515,10090515,10122515,131.13078888654786,120.92671730058439,10.204071585963476
10133415,10115415,10147415,131.6157917457043,123.55382007048533,8.061971675218985
10160020,10142020,10174020,131.47777546288302,124.08600236571992,7.391773097163096
10185852,10167852,10199852,132.7434685982106,128.67853113082913,4.064937467381469
10211776,10193776,10225776,131.1175469618052,123.52044700120518,7.597099960600019
10237631,10219631,10251631,130.98275728178933,123.31136753598713,7.671389745802202
10263750,10245750,10277750,130.75426655009505,120.8917905672262,9.862475982868858
10289644,10271644,10303644,130.3621913331936,120.89348747214792,9.468703861045682
10315567,10297567,10329567,130.73016773516215,121.64816815940227,9.08199957575988
10341700,10323700,10355700,130.27616537083105,119.7835721636583,10.492593207172746
10367664,10349664,10381664,130.81945169455034,124.17650344629507,6.642948248255266
10393643,10375643,10407643,132.55101234067516,129.67491546252444,2.876096878150719
10419354,10401354,10433354,130.73694434624113,121.3023711114211,9.434573234820036
10445952,10427952,10459952,130.25671947296996,121.1585463829617,9.09817309000826
10472416,10454416,10486416,130.1704090919165,121.17545882062404,8.994950271292453
10498527,10480527,10512527,130.0243895838448,119.90094557013842,10.123444013706376
10525048,10507048,10539048,130.430790962014,118.89838828626577,11.532402675748216
10550908,10532908,10564908,130.3412538613284,120.7733891900263,9.567864671302104
10577374,10559374,10591374,132.5663992779144,129.79902987704003,2.7673694008743723
10603476,10585476,10617476,130.52730660776456,119.20710360750289,11.320203000261671
10629097,10611097,10643097,130.59838507017287,122.45859468969982,8.139790380473045
10655048,10637048,10669048,130.7837857428479,121.75528984401622,9.028495898831679
10682209,10664209,10696209,130.26762471580486,119.7490182510942,10.518606464710658
10708479,10690479,10722479,130.2196776615718,120.0597041152204,10.15997354635141
10734285,10716285,10748285,130.5925377694238,121.0788678963494,9.51366987307442
10759614,10741614,10773614,132.8883181356289,129.00469367371417,3.883624461914735
10784773,10766773,10798773,133.03039208267188,128.7619895744933,4.268402508178582
10809772,10791772,10823772,130.76478408841453,121.51535398638067,9.249430102033855
10834837,10816837,10848837,130.3496571852661,121.86584430085645,8.483812884409645
10860315,10842315,10874315,131.4470843134692,123.07350429898582,8.373580014483366
10885772,10867772,10899772,130.75078764798818,120.39990905052306,10.350878597465112
10910389,10892389,10924389,131.66035453506984,125.03888424694809,6.621470288121756
10935785,10917785,10949785,131.5056290017769,126.08627583532544,5.419353166451458
10960233,10942233,10974233,134.91754613072118,132.76389795790865,2.153648172812524
10986498,10968498,11000498,130.80828132971232,119.63696523532754,11.171316094384778
11010769,10992769,11024769,130.60106374624735,120.88129430089994,9.71976944534741
11036160,11018160,11050160,130.87613522718112,122.00698124439475,8.869153982786372
11061261,11043261,11075261,130.11962537611723,120.76828450354148,9.351340872575747
11086558,11068558,11100558,130.22935005162066,121.07078693580743,9.158563115813223
11113132,11095132,11127132,129.77588980824393,121.86667804679311,7.90921176145082
11137783,11119783,11151783,129.65121684396604,121.38731880835982,8.263898035606218
11952682,11934682,11966682,131.96732215921563,128.2835078450951,3.683814314120525
11977566,11959566,11991566,130.39156988737173,121.97188523058493,8.4196846567868
12002528,11984528,12016528,130.47985128864119,120.36639746990849,10.113453818732694
12027392,12009392,12041392,130.7523218830747,121.94486984245016,8.80745204062454
12052176,12034176,12066176,130.58311542701688,122.69982845446471,7.88328697255217
12077826,12059826,12091826,130.6096974624556,121.86841203110548,8.741285431350136
12102547,12084547,12116547,129.76636479586884,120.40313331985203,9.363231476016807
12127155,12109155,12141155,134.1965177707269,131.97296232250915,2.223555448217752
12151860,12133860,12165860,131.04412474950152,125.06682086981814,5.977303879683376
12176982,12158982,12190982,130.47687260744345,121.55750216484421,8.919370442599245
12201715,12183715,12215715,129.9673127096438,120.34708479531814,9.620227914325667
12227438,12209438,12241438,130.2471499537852,120.48757379346968,9.759576160315518
12250794,12232794,12264794,131.342054013963,121.76926238233136,9.572791631631645
12275619,12257619,12289619,130.51979345961098,122.36309901934278,8.156694440268197
12300675,12282675,12314675,130.47896049246293,120.94009572585323,9.538864766609706
12325280,12307280,12339280,134.88093921180135,132.8694306879824,2.0115085238189465
12350017,12332017,12364017,130.251683710326,123.26544773633678,6.986235973989224
12373526,12355526,12387526,131.2583064787674,121.91847778537814,9.33982869338925
12398315,12380315,12412315,131.2096527036581,120.36033466059222,10.849318043065878
12424656,12406656,12438656,130.6416157705394,123.56585794916089,7.075757821378517
12449392,12431392,12463392,131.53591807586687,127.57582136626209,3.960096709604784
12474309,12456309,12488309,130.03768616538667,120.42631473941255,9.611371425974127
12499201,12481201,12513201,130.1258996909367,119.43298802196837,10.692911668968335
12524058,12506058,12538058,130.53011417798442,124.60099765316647,5.9291165248179425
12548631,12530631,12562631,130.71064315063768,124.879100219316,5.831542931321678
12571585,12553585,12585585,131.0098466165434,120.76542699156938,10.244419624974014
12597854,12579854,12611854,130.26779677959283,119.49031884752699,10.777477932065835
12622449,12604449,12636449,130.52496269988987,118.96720426794353,11.55775843194634
12646992,12628992,12660992,131.17492232386957,124.7916244896168,6.383297834252772
12671728,12653728,12685728,130.5662096005079,121.52555803299322,9.040651567514686
12695543,12677543,12709543,130.22348939945283,119.45884868134493,10.764640718107898
12719985,12701985,12733985,130.93396572144337,119.55187455496294,11.382091166480436
12744550,12726550,12758550,131.60538294899013,124.84298269998172,6.762400249008408
12769182,12751182,12783182,131.51834303653564,119.88909026292788,11.62925277360776
12793717,12775717,12807717,131.47846318049636,121.02998113138455,10.448482049111817
12818385,12800385,12832385,131.38490601722407,121.44345295357581,9.941453063648254
12842846,12824846,12856846,131.49891535239288,121.12628031467816,10.37263503771473
12867234,12849234,12881234,131.29461992649888,121.21294065978921,10.08167926670967
12891933,12873933,12905933,130.4007145220894,119.76419140914385,10.636523112945554
12916657,12898657,12930657,130.67041461072094,120.23531079959683,10.435103811124108
12941178,12923178,12955178,131.12309671732427,119.7539945309531,11.36910218637118
12966754,12948754,12980754,130.7041459910236,118.85315564163244,11.850990349391168
12989738,12971738,13003738,130.809667404688,118.93012982872983,11.879537575958182
13015922,12997922,13029922,130.12471306457786,120.11091245497087,10.013800609606989
13040616,13022616,13054616,130.1007427516201,119.44926921439426,10.651473537225826
13063246,13045246,13077246,130.59839558655472,119.96239303908469,10.636002547470028
13088209,13070209,13102209,129.7266393496086,119.71891899404935,10.007720355559258
13114363,13096363,13128363,129.2965303278849,119.66470045389306,9.631829873991848
13138613,13120613,13152613,129.27179184496097,120.08467142102177,9.187120423939206
13162856,13144856,13176856,129.6522080269351,121.40641288541978,8.24579514151533
13185653,13167653,13199653,129.98087733985972,122.93106850610009,7.049808833759627
13210012,13192012,13224012,130.21775970136812,121.5686261448804,8.649133556487726
13234421,13216421,13248421,129.8936379244408,121.49541006280087,8.398227861639938
13259019,13241019,13273019,129.6493864022249,121.29357898056485,8.35580742166006
13283262,13265262,13297262,130.2327672439931,121.3941174578852,8.838649786107894
13307639,13289639,13321639,129.92307847889376,120.76311236962823,9.159966109265525
13332075,13314075,13346075,129.27333209475762,121.05331242024327,8.220019674514347
13356270,13338270,13370270,130.3187350502139,122.80892725038292,7.509807799830966
13380741,13362741,13394741,130.2988431138655,124.98889978825326,5.309943325612238
13404912,13386912,13418912,130.54021160538144,121.48488040079529,9.055331204586153
13428875,13410875,13442875,130.9015944088885,121.63441810461333,9.267176304275182
14228441,14210441,14242441,128.23152155204158,123.41484273621916,4.816678815822428
14252253,14234253,14266253,129.06756423703035,124.91547712685707,4.152087110173284
14276234,14258234,14290234,129.05155046917056,122.7203078512224,6.331242617948163
14300147,14282147,14314147,128.74766257191968,122.58116266875476,6.166499903164919
14323818,14305818,14337818,128.939028350218,122.40983397785534,6.529194372362653
14347563,14329563,14361563,128.36127742868476,122.02024085744655,6.341036571238206
14371738,14353738,14385738,128.27303705112126,121.7618386152345,6.511198435886769
14395526,14377526,14409526,128.82061793103273,121.15275425932829,7.667863671704438
14419780,14401780,14433780,131.50823460781905,128.51186231578458,2.996372292034465
14443178,14425178,14457178,129.8597614548067,126.38511241892752,3.4746490358791675
14466981,14448981,14480981,128.40255081865126,120.40647626113922,7.9960745575120455
14490550,14472550,14504550,128.80800173772434,121.43465333569785,7.373348402026494
14514445,14496445,14528445,129.45075095309423,121.56843524639956,7.882315706694669
14538342,14520342,14552342,130.01762015590947,124.71039529849214,5.307224857417324
14562088,14544088,14576088,130.57075424757062,125.52839589841533,5.042358349155293
14585730,14567730,14599730,129.36422874667414,121.2543298150494,8.109898931624741
14609728,14591728,14623728,131.97149038588154,129.3353334774349,2.636156908446651
14633498,14615498,14647498,129.1057510479713,123.93783600428986,5.1679150436814325
14657437,14639437,14671437,131.07932079160213,127.29212803515705,3.78719275644508
14680992,14662992,14694992,129.9369034990567,123.96835898994306,5.968544509113656
14704663,14686663,14718663,130.56743718239022,123.03606404232377,7.531373140066449
14728278,14710278,14742278,130.87783915859228,121.61023938001902,9.267599778573256
14753341,14735341,14767341,129.42849012420635,120.70409132117345,8.724398803032898
14776143,14758143,14790143,130.2342728373323,121.79984707487635,8.434425762455945
14799688,14781688,14813688,131.0268115030293,121.9550056625138,9.071805840515509
14823169,14805169,14837169,134.10210506634024,130.6887260131214,3.413379053218847
14846007,14828007,14860007,134.79968904324926,130.43286182764777,4.366827215601489
14869265,14851265,14883265,133.10661859685635,122.60396428120634,10.502654315650005
14891232,14873232,14905232,133.7287329988519,122.22985068077271,11.498882318079197
14914365,14896365,14928365,133.02221409666421,121.25208816446728,11.770125932196933
14938180,14920180,14952180,131.7959047245776,121.77044413612826,10.025460588449349
14959713,14941713,14973713,132.62377815342228,125.93472275976829,6.689055393653987
14981779,14963779,14995779,133.34967132533794,124.44976326492062,8.899908060417317
15005939,14987939,15019939,136.37114384828152,134.2648339358076,2.1063099124739324
15029254,15011254,15043254,135.92414342103552,133.90003786770282,2.024105553332703
15053356,15035356,15067356,132.5735348877855,127.51584072669772,5.057694161087795
15076588,15058588,15090588,132.3346647459438,120.90453652854978,11.430128217394014
15100777,15082777,15114777,132.12235012518718,120.65512720416079,11.46722292102639
15124856,15106856,15138856,132.04270597874844,120.41668571907942,11.62602025966902
15148844,15130844,15162844,132.26343105612344,121.39434005758594,10.869090998537501
15173195,15155195,15187195,131.93311714217498,120.68558256821545,11.247534573959527
15197233,15179233,15211233,136.24389675801376,134.14695557640383,2.0969411816099353
15221147,15203147,15235147,135.84586671248024,133.94460880508942,1.9012579073908284
15245229,15227229,15259229,132.08733631964165,121.63210071781818,10.455235601823475
15269659,15251659,15283659,131.77197716566823,121.79248337000415,9.979493795664084
15293338,15275338,15307338,132.5045485756343,121.65191849887708,10.852630076757208
15317237,15299237,15331237,131.71700629673376,120.83794047089184,10.87906582584192
15341246,15323246,15355246,132.02713742130112,120.13484810574346,11.892289315557662
15365008,15347008,15379008,132.81992787354642,120.59107996470865,12.228847908837764
15388801,15370801,15402801,134.26155512779982,129.2036036857798,5.057951442020027
15412760,15394760,15426760,134.01399429572305,129.46740346410647,4.546590831616584
15436407,15418407,15450407,132.77774761582467,120.17230636991023,12.605441245914434
15458062,15440062,15472062,134.9911261744806,121.7836073652378,13.2075188092428
15482336,15464336,15496336,134.73774424584872,123.05812085056866,11.67962339528006
15507952,15489952,15521952,133.737271953876,123.20468146131545,10.532590492560544
15532104,15514104,15546104,134.6553502776262,123.4872346329278,11.168115644698418
15555903,15537903,15569903,136.15460355774098,131.4722299743727,4.682373583368275
15579472,15561472,15593472,138.19553455657862,135.45987579541912,2.735658761159499
15602168,15584168,15616168,137.68219358759936,133.5809799640536,4.10121362354576
15626811,15608811,15640811,134.4676998594463,122.78233755582492,11.685362303621375
15649459,15631459,15663459,135.31097363291602,123.26652411964004,12.044449513275978
15673005,15655005,15687005,135.10836354046123,122.73373125100007,12.374632289461161
15696684,15678684,15710684,134.6362325067576,122.56237203891885,12.073860467838756
15721138,15703138,15735138,133.03976478420537,122.76276879350304,10.276995990702332
15744535,15726535,15758535,133.2488590483448,122.64953446737891,10.599324580965884
15768501,15750501,15782501,135.6311872460839,132.2063353800337,3.4248518660502043
15792435,15774435,15806435,136.45618836924731,133.9410997737151,2.5150885955322053
15816430,15798430,15830430,133.10132329208233,121.25220821042501,11.849115081657317
15840469,15822469,15854469,133.15665001118543,121.3323378055997,11.824312205585727
15864875,15846875,15878875,132.45662168225866,119.94047799648853,12.516143685770132
15888891,15870891,15902891,131.6286710260288,119.11485309768558,12.513817928343215
15912858,15894858,15926858,131.41646347511352,118.51577930623935,12.900684168874164
15936692,15918692,15950692,131.884640211142,121.39791029572476,10.486729915417243
15960429,15942429,15974429,132.07241547718078,122.14791288700579,9.924502590174995
15984425,15966425,15998425,133.1126946729017,127.33802949463067,5.774665178271036
16007972,15989972,16021972,132.56449327256814,122.61899821310031,9.94549505946783
16032988,16014988,16046988,131.37459013075795,123.74104560285244,7.633544527905514
16057063,16039063,16071063,131.0159177497541,122.38965145957879,8.626266290175309
16080051,16062051,16094051,131.56585852251214,121.31648320190658,10.249375320605566
16103948,16085948,16117948,131.73626068157793,119.67200221199981,12.064258469578121
16127808,16109808,16141808,132.14317400844592,121.00915157004707,11.134022438398858
16151149,16133149,16165149,132.97805459152846,121.78065276638996,11.197401825138499
16176285,16158285,16190285,132.6337859895633,127.17312198442924,5.460664005134063
16199532,16181532,16213532,132.5314505748241,122.9942515329919,9.53719904183221
16224469,16206469,16238469,131.70671305585466,120.72597891544106,10.980734140413603
16248232,16230232,16262232,131.45096777846754,120.21359751696903,11.237370261498512
16271984,16253984,16285984,131.64667778348306,122.59333556489997,9.053342218583083
16295850,16277850,16309850,131.50311180251376,120.7618962753722,10.741215527141563
16317929,16299929,16331929,131.91383622882714,121.04792188398143,10.865914344845706
16342371,16324371,16356371,132.37930483673463,127.82658664026236,4.55271819647227
16366818,16348818,16380818,135.4041860538343,133.77006793342457,1.6341181204097381
16389323,16371323,16403323,131.3397070093401,123.80122820998196,7.538478799358131
16413379,16395379,16427379,130.3090605889509,123.51147356012689,6.797587028824012
16437003,16419003,16451003,130.38897654440242,121.56244961643878,8.826526927963641
16460755,16442755,16474755,130.37377956319256,120.24392756909813,10.129851994094423
16484552,16466552,16498552,130.47039947939768,120.08290724211716,10.387492237280526
16509190,16491190,16523190,130.06654654198235,120.16746713556162,9.899079406420725
16532929,16514929,16546929,134.63296092971427,133.0149533114817,1.618007618232582
16556594,16538594,16570594,135.08406259573417,133.476223311699,1.6078392840351796
16581208,16563208,16595208,130.8087532829113,122.15618888878586,8.652564394125449
16602603,16584603,16616603,132.16698925235067,122.92620281847246,9.240786433878213
16626274,16608274,16640274,131.8940074823023,121.6859534025604,10.208054079741899
16650253,16632253,16664253,131.19304738726316,121.5258405700144,9.667206817248768
16675483,16657483,16689483,130.0729923196527,121.61596765044325,8.45702466920946
16699028,16681028,16713028,130.5195653980946,122.11930441856072,8.400260979533897
16724302,16706302,16738302,135.1795160802477,132.69804774516868,2.481468335079029
16748898,16730898,16762898,130.36754173990673,123.51694403201518,6.850597707891552
16773575,16755575,16787575,130.38393580095868,122.07877572165356,8.305160079305125
16798045,16780045,16812045,129.8861842929256,121.2438490767152,8.642335216210412
16822211,16804211,16836211,130.4726886901558,122.21872348599847,8.253965204157325
16846295,16828295,16860295,130.84765829633662,122.70345504811002,8.144203248226603
16870791,16852791,16884791,130.89225340172845,124.60797132328587,6.284282078442587
16895373,16877373,16909373,130.11386265036862,121.49573290301637,8.618129747352242
16919943,16901943,16933943,131.96174903259634,127.70997631319277,4.251772719403576
16945005,16927005,16959005,132.0133847053118,127.75032453636243,4.26306016894938
16969563,16951563,16983563,130.58265267197132,120.40545969956865,10.177192972402665
16993994,16975994,17007994,130.23888464382026,120.49518733401256,9.7436973098077
17017917,16999917,17031917,130.72799168493887,121.91204555525424,8.815946129684633
17042969,17024969,17056969,130.4891817182626,120.64550657555247,9.84367514271014
17067226,17049226,17081226,130.26204168659598,118.998849758386,11.263191928209977
17092005,17074005,17106005,130.3445974745626,119.26737198509478,11.077225489467807
17116433,17098433,17130433,129.91984576114223,118.77198984421632,11.147855916925906
17140853,17122853,17154853,132.2829880810441,128.3831498542777,3.8998382267664056
17165358,17147358,17179358,129.99014684884634,119.05772258116576,10.932424267680574
17189613,17171613,17203613,130.03880211315789,120.3052805567451,9.733521556412782
17213785,17195785,17227785,130.48040144507127,121.46683317089837,9.013568274172897
17238638,17220638,17252638,129.86837957704486,121.27622874059892,8.592150836445938
17262974,17244974,17276974,129.9136606093753,120.11652669753686,9.797133911838458
17285659,17267659,17299659,130.6342419565289,120.23770415804623,10.396537798482683
17310151,17292151,17324151,131.29117241079587,125.43517753345007,5.855994877345793
17334774,17316774,17348774,135.2843393553178,133.61002128330009,1.6743180720177122
17359355,17341355,17373355,130.5871905079974,120.22236057497102,10.364829933026385
17383653,17365653,17397653,130.66293575995417,121.1527997825784,9.510135977375768
17407850,17389850,17421850,131.40961982349006,122.53258795210236,8.8770318713877
17432353,17414353,17446353,131.18246100376075,122.56523783543923,8.617223168321516
17456779,17438779,17470779,130.55195035751527,121.42018481586767,9.131765541647596
17480991,17462991,17494991,130.4532641897921,120.97885734142031,9.474406848371785
17505225,17487225,17519225,130.53374490597412,120.33090442216823,10.202840483805886
17529273,17511273,17543273,133.15483445940725,129.35064812141692,3.8041863379903305
17553968,17535968,17567968,132.56302678243986,127.88436563663879,4.6786611458010725
17578412,17560412,17592412,130.5582751135856,120.82316171294553,9.735113400640074
17602800,17584800,17616800,130.39285758858443,121.93044258574686,8.462415002837574
17626239,17608239,17640239,131.29785916440534,123.33377683792392,7.964082326481417
17650121,17632121,17664121,131.99811930534977,123.06365229763037,8.934467007719405
17674582,17656582,17688582,130.98763673483006,120.86577418679946,10.121862548030606
17698996,17680996,17712996,134.0886105853259,132.93676480082186,1.1518457845040473
17723177,17705177,17737177,134.26673881849223,132.8907411527482,1.3759976657440234
17747396,17729396,17761396,131.17499224136685,118.6630745816583,12.511917659708558
17771464,17753464,17785464,131.97158052514314,119.39561661093666,12.575963914206483
17797300,17779300,17811300,131.12339605610828,120.41587993035436,10.707516125753912
17821623,17803623,17835623,131.19028333347296,120.51378234549831,10.676500987974649
17845734,17827734,17859734,131.3886583508269,121.25268495479722,10.13597339602967
17869645,17851645,17883645,131.23056264276653,121.00541110781438,10.225151534952147
17893819,17875819,17907819,132.96650205938872,127.93940822671958,5.027093832669138
17917870,17899870,17931870,132.73163969150244,127.63115411306863,5.100485578433805
17941153,17923153,17955153,131.07360371123045,120.89502280105171,10.178580910178738
17966003,17948003,17980003,130.91637412322362,123.34332452038353,7.573049602840086
17988719,17970719,18002719,132.0745293546289,125.29124725942114,6.783282095207767
18012871,17994871,18026871,131.44846625584768,126.3340074753244,5.114458780523279
18037010,18019010,18051010,129.97692590062303,120.5248078205963,9.452118080026736
18061181,18043181,18075181,130.09991439111639,120.28229346902376,9.81762092209263
18085287,18067287,18099287,132.65525469816745,128.78455068084688,3.870704017320577
18109111,18091111,18123111,131.298667234983,124.94928961780866,6.349377617174326
18133294,18115294,18147294,130.00658181153779,122.07794313469043,7.928638676847356
18157132,18139132,18171132,129.82786932163577,122.37715571843665,7.4507136031991195
18181493,18163493,18195493,130.51764048978214,124.97002400414326,5.547616485638883
18205565,18187565,18219565,130.696722866705,123.97982104285937,6.7169018238456175
18229974,18211974,18243974,130.3255311147334,120.89976494096527,9.425766173768125
18253959,18235959,18267959,130.28196269361058,121.691443274447,8.590519419163584
18277777,18259777,18291777,134.52434870782116,133.192406870981,1.3319418368401728
18302387,18284387,18316387,129.97985105465892,123.4582712425387,6.521579812120223
18325239,18307239,18339239,129.8552478727874,119.3046266202841,10.550621252503305
18348461,18330461,18362461,131.12171736167593,120.55396542081812,10.567751940857818
18372179,18354179,18386179,131.5116126792805,121.11339831406931,10.398214365211174
18396056,18378056,18410056,131.2387268953684,120.650017402873,10.588709492495383
18419777,18401777,18433777,131.60050766438712,122.40904707267062,9.191460591716506
18444022,18426022,18458022,130.9803992354276,122.33180592274515,8.64859331268245
18467750,18449750,18481750,133.57922051928722,129.13655645559885,4.442664063688369
18492232,18474232,18506232,133.16640259567993,129.91970026780936,3.2467023278705653
18515366,18497366,18529366,131.6462826074623,123.79780946313875,7.848473144323549
18538810,18520810,18552810,131.5686209063549,123.03214713327343,8.536473773081482
18562820,18544820,18576820,131.144766827307,121.39649213229909,9.748274695007908
18586670,18568670,18600670,131.0786370865424,120.40924207191804,10.669395014624342
18610389,18592389,18624389,131.06577461254008,120.45484722272916,10.610927389810925
18634245,18616245,18648245,130.7278132392045,121.40462970734373,9.323183531860764
18657992,18639992,18671992,132.40507368006615,128.3859855878948,4.0190880921713585
18682548,18664548,18696548,131.7809262402254,128.75787903436566,3.02304720585974
18706247,18688247,18720247,130.25626551935486,122.9437949232416,7.312470596113258
18730216,18712216,18744216,129.7134756300498,122.51496925235679,7.198506377693008
18752942,18734942,18766942,130.0660192602296,120.85162554780558,9.214393712424027
18776597,18758597,18790597,131.55317097529127,125.76246546379122,5.79070551150005
18800327,18782327,18814327,131.87356532652723,126.58215147520843,5.291413851318794
18824354,18806354,18838354,130.51097704836448,121.68138132431771,8.829595724046769
18847987,18829987,18861987,133.56294030830387,129.7130286685179,3.8499116397859723
18872499,18854499,18886499,130.18603494351652,122.67780425921268,7.5082306843038396
18896159,18878159,18910159,129.70148387086903,121.57209442836388,8.129389442505143
19689093,19671093,19703093,127.98229191466397,122.66980863481974,5.31248327984423
19713178,19695178,19727178,129.36458230701524,123.25828803158187,6.1062942754333704
19737250,19719250,19751250,129.50647320107055,121.87822330881662,7.628249892253933
19761256,19743256,19775256,129.25347180589569,121.48616776760312,7.767304038292565
19785082,19767082,19799082,129.0848427469764,122.07307266847614,7.011770078500248
19808290,19790290,19822290,131.7689553778005,128.14335301524846,3.62560236255203
19832361,19814361,19846361,130.387974593636,126.50471444791765,3.8832601457183387
19856340,19838340,19870340,129.62779350034833,120.71502996443957,8.912763535908766
19880352,19862352,19894352,129.1506156866197,120.61480876159173,8.535806925027956
19904423,19886423,19918423,129.25432034881817,123.03306259429996,6.221257754518206
19928517,19910517,19942517,128.51612435816665,121.66526622632439,6.850858131842259
19953254,19935254,19967254,128.7706266876197,120.95706248154605,7.813564206073664
19977232,19959232,19991232,133.01096863319205,130.64213346118223,2.368835172009824
20001269,19983269,20015269,134.71467506556567,133.29370311392395,1.420971951641718
20025283,20007283,20039283,128.80116217767912,120.69465125299821,8.106510924680904
20049137,20031137,20063137,129.17777186944016,122.19633023420499,6.981441635235171
20073203,20055203,20087203,130.2385085318219,125.130366751503,5.108141780318903
20097262,20079262,20111262,129.20866855282932,120.10866116760468,9.100007385224643
20121199,20103199,20135199,128.9614136375366,122.3646518217459,6.5967618157907
20144956,20126956,20158956,129.56106526950893,122.41563227586816,7.1454329936407674
20168823,20150823,20182823,132.99392716391955,130.41448071978496,2.5794464441345895
20192828,20174828,20206828,134.99813495725465,133.76343968428762,1.2346952729670306
20216964,20198964,20230964,131.18336719264434,126.84533176191334,4.338035430730997
20240803,20222803,20254803,131.436857002429,126.384532360439,5.052324641990012
20264885,20246885,20278885,130.67497880274425,120.17770861179645,10.497270190947802
20288952,20270952,20302952,131.04202807131688,120.23968524163473,10.802342829682146
20313085,20295085,20327085,132.4203152992929,127.48163173090332,4.938683568389578
20337016,20319016,20351016,131.76755724047092,124.21633518437216,7.551222056098766
20360661,20342661,20374661,133.5772685745373,129.45399738281685,4.123271191720448
20384541,20366541,20398541,133.9108296086175,130.22321262381564,3.687616984801849
20408510,20390510,20422510,131.56782060756385,124.30047238056778,7.267348226996063
20432187,20414187,20446187,131.67317514536802,123.83884069121622,7.834334454151801
20456584,20438584,20470584,130.6215500770448,121.11869212470518,9.50285795233961
20480779,20462779,20494779,131.02882550347758,121.0824180876515,9.946407415826073
20504799,20486799,20518799,130.92154724648378,121.00939654544376,9.91215070104002
20528908,20510908,20542908,130.5128883830596,120.48228273512257,10.030605647937023
20553009,20535009,20567009,132.4303129888399,129.7625459053535,2.667767083486382
20576682,20558682,20590682,130.14745768775407,122.89555360474688,7.25190408300719
20600033,20582033,20614033,130.45896388003234,121.80574109112526,8.653222788907087
20623287,20605287,20637287,130.3283976672012,121.716937919431,8.611459747770184
20646388,20628388,20660388,130.79773738094067,121.34997379558985,9.447763585350827
20669715,20651715,20683715,130.7133670357368,124.2772190805589,6.4361479551779155
20692673,20674673,20706673,131.09655183347655,122.33962898308641,8.75692285039014
20716151,20698151,20730151,131.05276943067872,122.06400413568869,8.988765294990031
20739431,20721431,20753431,132.96523907818474,129.27707481649472,3.6881642616900194
20762363,20744363,20776363,131.8354115948787,125.21811904788092,6.617292546997788
20785513,20767513,20799513,131.30385903767325,122.63554991419751,8.668309123475737
20809161,20791161,20823161,130.76594497809145,121.77023936926267,8.995705608828786
20833022,20815022,20847022,130.3274323384951,120.87693326830042,9.450499070194681
20856849,20838849,20870849,130.02621612763787,121.28009461669257,8.7461215109453
20880541,20862541,20894541,130.2848364521331,121.57895332820858,8.705883123924522
20904220,20886220,20918220,131.020926826829,122.6853882282777,8.335538598551295
20928072,20910072,20942072,133.52526467955192,130.5902120102739,2.9350526692780363
20951900,20933900,20965900,130.78507704968646,122.31396827061845,8.471108779068018
20975703,20957703,20989703,130.53220411679635,120.72158223983618,9.81062187696017
20998862,20980862,21012862,131.56027294497997,120.95290000896149,10.607372936018479
21022754,21004754,21036754,131.7207103079299,120.51822546904033,11.20248483888956
21046483,21028483,21060483,131.71690198265892,118.54550072153759,13.171401261121332
21070250,21052250,21084250,131.76324303864226,119.06144692714409,12.701796111498169
21093987,21075987,21107987,132.48572141978283,124.50053196703163,7.9851894527512
21117646,21099646,21131646,132.43602917833516,124.98753544545332,7.448493732881843
21141631,21123631,21155631,133.1734493885026,127.88723951791907,5.286209870583534
21165587,21147587,21179587,131.67035616903232,123.68371536902066,7.986640800011656
21189375,21171375,21203375,131.95305932486013,124.27681801250857,7.676241312351564
21214379,21196379,21228379,130.7140790829004,119.81661685186256,10.89746223103785
21236149,21218149,21250149,131.96075460750816,120.19605241110568,11.764702196402482
21259744,21241744,21273744,131.93007424092772,120.73750718821907,11.192567052708654
21284324,21266324,21298324,130.96895406406216,120.40511453924196,10.563839524820196
21307842,21289842,21321842,131.26874134826915,119.84884566258313,11.419895685686015
21331619,21313619,21345619,131.13322696464724,118.74130281419315,12.391924150454088
21355351,21337351,21369351,133.03968382242326,127.82241992994577,5.21726389247749
21378979,21360979,21392979,131.9552109309292,121.93524694564292,10.019963985286296
21402899,21384899,21416899,131.30953487301025,121.79833397057642,9.511200902433828
21426498,21408498,21440498,132.05424669066826,121.00766198405033,11.046584706617935
21450007,21432007,21464007,132.23492789614934,121.8286872906998,10.40624060544954
21473847,21455847,21487847,131.99946826649074,121.05097639244991,10.948491874040826
21497630,21479630,21511630,132.04522859981859,122.0427397640322,10.00248883578638
21520807,21502807,21534807,132.9687544180321,122.27537533664629,10.6933790813858
21545291,21527291,21559291,135.7684665971736,133.84739591543155,1.9210706817420657
21569545,21551545,21583545,133.43090960127387,127.43865581216428,5.992253789109583
21594004,21576004,21608004,132.89055146499854,123.93551098545814,8.9550404795404
21618388,21600388,21632388,132.896184791978,123.35325078207421,9.542934009903774
21642767,21624767,21656767,132.6647610393933,122.7636718881999,9.901089151193418
21667286,21649286,21681286,132.5514919565158,122.95945839658035,9.592033559935459
21691812,21673812,21705812,132.80724841123322,124.5524558350086,8.254792576224617
21716395,21698395,21730395,132.66947721088368,125.31477428216733,7.35470292871635
21740737,21722737,21754737,135.54667201998166,133.77177917858046,1.774892841401197
21765077,21747077,21779077,132.70118314257826,125.552642009202,7.148541133376256
22569746,22551746,22583746,131.3428751719506,127.90603395040094,3.436841221549656
22594253,22576253,22608253,132.63603195134633,126.55706792529116,6.078964026055161
22618743,22600743,22632743,133.13147651502445,121.37569149570507,11.755785019319376
22643116,22625116,22657116,133.16716241038353,122.09571227329819,11.071450137085336
22667482,22649482,22681482,133.2384770422792,122.67845822799195,10.560018814287233
22691873,22673873,22705873,133.2691473028539,122.13254312194763,11.13660418090626
22716248,22698248,22730248,133.1116884690157,122.13919143815131,10.972497030864375
22740427,22722427,22754427,133.1697440958433,122.06358976640485,11.106154329438453
22764821,22746821,22778821,132.77954630546301,122.34224885998927,10.437297445473746
22789388,22771388,22803388,132.50084365985907,123.34073990116805,9.160103758691022
22813982,22795982,22827982,132.16834813157422,123.46251258728353,8.705835544290693
22838446,22820446,22852446,132.64599922767525,122.42977458559639,10.216224642078856
22862422,22844422,22876422,133.71126724986226,124.36797336978499,9.343293880077269
22886597,22868597,22900597,133.48579212065167,121.74933088935846,11.736461231293205
22910474,22892474,22924474,133.84696210039917,120.73040484826045,13.116557252138719
22934454,22916454,22948454,133.94777453174467,120.5284244368491,13.419350094895577
22958350,22940350,22972350,133.99151017010612,120.14261213803039,13.848898032075738
22982255,22964255,22996255,134.03682741289774,119.67232559410947,14.36450181878827
23006848,22988848,23020848,132.9682286950036,119.39239462175154,13.575834073252068
23030764,23012764,23044764,132.76571936322273,120.74787591575773,12.017843447464998
23054569,23036569,23068569,133.04296838798427,121.63781787473059,11.405150513253687
23078609,23060609,23092609,133.11096778597172,122.26421942452225,10.846748361449471
23102384,23084384,23116384,133.91038512028823,126.7847504544178,7.125634665870422
23126264,23108264,23140264,133.63366834199655,124.6316296188702,9.002038723126347
23150061,23132061,23164061,133.30587928217264,121.86131856599178,11.44456071618086
23174104,23156104,23188104,133.42604647224906,122.75884207249814,10.667204399750915
23197900,23179900,23211900,133.73134698883666,122.3222591743655,11.409087814471164
23221846,23203846,23235846,133.24714129693936,121.01292640020618,12.234214896733178
23245095,23227095,23259095,133.6750098062006,122.73344679435921,10.941563011841382
23268508,23250508,23282508,134.18601793179798,125.29444270991186,8.891575221886114
23294130,23276130,23308130,132.74247735438047,124.1331719668333,8.609305387547167
23317965,23299965,23331965,132.355019686579,121.90118947552108,10.45383021105792
23340138,23322138,23354138,133.51101538818816,122.63016428356593,10.880851104622224
23364657,23346657,23378657,133.5426942659483,125.6965284413996,7.84616582454872
23389122,23371122,23403122,133.9206752462138,126.50046273551871,7.42021251069508
23413800,23395800,23427800,133.65577229884343,121.92643551742003,11.729336781423399
23438571,23420571,23452571,133.80073630156377,120.86617964615641,12.934556655407363
23463083,23445083,23477083,133.9788248764244,120.96382409636321,13.015000780061186
23487170,23469170,23501170,134.35433047477366,121.6440743792231,12.710256095550562
23511720,23493720,23525720,134.4949216443448,121.92978697294522,12.565134671399576
23536142,23518142,23550142,134.61285061368056,122.50519575319919,12.107654860481375
23561029,23543029,23575029,134.23252253529304,122.28646342723275,11.946059108060297
23585596,23567596,23599596,133.99791265075555,121.95417733969495,12.043735311060601
23609511,23591511,23623511,134.53901976049139,123.5886324342658,10.95038732622558
23633832,23615832,23647832,134.85432802716096,124.94248630252358,9.911841724637384
23658177,23640177,23672177,134.75895527381522,122.00581660857529,12.75313866523993
23682540,23664540,23696540,134.65042232030606,121.91354285891819,12.736879461387872
23706809,23688809,23720809,134.38431478723086,121.37641964175926,13.007895145471608
23731124,23713124,23745124,134.41110089261895,120.77495118355982,13.636149709059126
23755668,23737668,23769668,134.3831049177428,121.22880037995911,13.154304537783688
23780144,23762144,23794144,134.7709756332955,122.43748303173933,12.333492601556173
23804405,23786405,23818405,135.23334676466334,123.47605712509599,11.757289639567347
23829434,23811434,23843434,135.16914816934823,126.85073692894929,8.318411240398945
23853837,23835837,23867837,134.85653454183733,126.11415140067946,8.742383141157873
23877625,23859625,23891625,134.6607678137129,122.77023190791753,11.890535905795375
23902081,23884081,23916081,134.39440661359197,122.7273373013723,11.667069312219667
23926997,23908997,23940997,134.61264501158323,127.9648100483598,6.647834963223431
23951690,23933690,23965690,133.79615825699236,125.94509663287376,7.8510616241186
23975707,23957707,23989707,133.3111569702673,122.64717551192876,10.663981458338526
24000239,23982239,24014239,133.4189082368829,124.21378469122322,9.205123545659688
24024712,24006712,24038712,133.23953965451258,124.76782817709541,8.471711477417173
24050373,24032373,24064373,132.70837983784568,123.08021498365858,9.628164854187105
24073989,24055989,24087989,133.6800971152356,123.7855853250707,9.894511790164913
24098609,24080609,24112609,133.9706545514506,124.85862657972959,9.112027971721005
24123080,24105080,24137080,134.33213276049858,127.65054343454601,6.681589325952572
24147546,24129546,24161546,133.17608883100345,123.87513174963922,9.300957081364231
24171857,24153857,24185857,133.331718783943,122.07085994102252,11.26085884292047
24196359,24178359,24210359,133.27455252308005,121.83955837923294,11.434994143847106
24220849,24202849,24234849,133.43145410284603,123.50062961015206,9.930824492693972
24245459,24227459,24259459,133.9431365538048,124.1484752648172,9.794661288987612
24270005,24252005,24284005,133.9827459299917,123.66885862823759,10.313887301754107
24294353,24276353,24308353,134.29854410968372,122.41669944263755,11.881844667046167
24318712,24300712,24332712,134.45494244145667,123.78317066006207,10.671771781394597
24342893,24324893,24356893,135.12711067766656,127.61470712091013,7.512403556756439
24367184,24349184,24381184,134.66565755949927,122.24058439945837,12.425073160040895
24391565,24373565,24405565,134.817733574729,124.29830981546846,10.519423759260548
24415828,24397828,24429828,134.90057238640733,123.87779045626527,11.02278193014206
24440322,24422322,24454322,134.73474207487797,124.00956670030726,10.72517537457071
24464616,24446616,24478616,134.60182927829615,124.05087658793857,10.550952690357576
24488923,24470923,24502923,134.63914792720598,123.43841596036441,11.200731966841573
24513483,24495483,24527483,134.75324655935185,123.53291520108078,11.220331358271068
24537931,24519931,24551931,136.50902232541335,131.9532200675057,4.555802257907658
24562267,24544267,24576267,134.66682032377946,122.31232825683364,12.354492066945824
24586652,24568652,24600652,134.6917132960366,122.87375833450504,11.817954961531555
24611293,24593293,24625293,134.2097834885468,123.50817975378364,10.701603734763168
24635533,24617533,24649533,134.43231569663521,123.7240934886495,10.708222207985713
24660046,24642046,24674046,134.34538505752505,123.91637266322317,10.429012394301878
24684246,24666246,24698246,134.83049678632688,122.74258010849255,12.087916677834329
24708585,24690585,24722585,137.3881718426842,133.8964497320786,3.4917221106055933
24732718,24714718,24746718,137.41729158357586,133.7117462249125,3.7055453586633575
24756893,24738893,24770893,134.90588674711836,122.90795082020736,11.997935926910998
24781002,24763002,24795002,134.71889025965677,122.71858830372794,12.000301955928833
24805375,24787375,24819375,134.29999502459356,120.87720491318663,13.422790111406925
24829624,24811624,24843624,134.57471586567564,120.58720559598122,13.987510269694425
24854011,24836011,24868011,134.53343774989742,121.51439386792941,13.019043881968003
24877950,24859950,24891950,134.78318390808627,122.59805147510585,12.185132432980424
24902127,24884127,24916127,137.33819660379757,133.92337136568958,3.414825238107994
24926395,24908395,24940395,134.11525501556585,124.32605556372391,9.789199451841938
24950799,24932799,24964799,134.12093113505898,124.25558380775102,9.865347327307958
24975097,24957097,24989097,134.05122666260718,123.51742697513295,10.533799687474229
24999282,24981282,25013282,134.36638212923094,124.22793506719883,10.138447062032114
25024135,25006135,25038135,133.48405013746031,124.23668056634875,9.247369571111562
25047786,25029786,25061786,133.83819305767148,124.31591456622013,9.522278491451345
25072532,25054532,25086532,133.36528892494908,123.47395135593257,9.891337569016514
25096542,25078542,25110542,136.58494349625732,133.91153197470578,2.673411521551543
25120969,25102969,25134969,133.77311181249382,123.45047554372711,10.322636268766715
25145342,25127342,25159342,133.59135508220984,123.47512104672208,10.116234035487764
25169947,25151947,25183947,133.79074866805132,124.54068479751965,9.250063870531676
25193628,25175628,25207628,134.80024591655013,126.92335900081366,7.876886915736463
25218807,25200807,25232807,133.94734977139825,126.58032042067444,7.367029350723811
25243126,25225126,25257126,133.60960938007725,124.13778437297232,9.471825007104925
25267796,25249796,25281796,134.76305915114665,129.857373470235,4.90568568091166
25290517,25272517,25304517,137.4923206730984,134.0167710432613,3.4755496298371042
25315118,25297118,25329118,134.22207844166246,122.89814401883655,11.323934422825914
25340267,25322267,25354267,133.81352202292288,122.90898200806757,10.904540014855314
25364625,25346625,25378625,133.69980300693757,122.83280314021015,10.866999866727426
25388057,25370057,25402057,133.76272108917726,123.0636218971297,10.699099192047555
25412206,25394206,25426206,133.43933959321708,122.5972752855796,10.842064307637486
25436058,25418058,25450058,133.73770153642718,122.50808309625003,11.229618440177148
25460312,25442312,25474312,136.07229287466137,133.2569975889975,2.815295285663865
25484479,25466479,25498479,136.15383679341556,133.35052327971087,2.803313513704694
25508608,25490608,25522608,133.0303639401558,121.29510469008002,11.735259250075785
25532647,25514647,25546647,133.04236016400887,120.58007379483996,12.462286369168908
25556322,25538322,25570322,133.54932785496936,120.65650145320548,12.892826401763884
25580812,25562812,25594812,133.52847186868402,120.98544076651643,12.543031102167589
25604761,25586761,25618761,133.36146423627082,120.58764927570371,12.773814960567108
25628568,25610568,25642568,133.97907376838583,120.89285310282722,13.086220665558614
25652794,25634794,25666794,133.96806411415338,121.30190097207779,12.66616314207559
25676906,25658906,25690906,134.8889856779046,127.83463259215605,7.054353085748545
25701833,25683833,25715833,133.58304716269433,120.643784373262,12.939262789432334
25725993,25707993,25739993,133.69581143054486,120.93139674977363,12.764414680771239
25750789,25732789,25764789,132.960468441835,121.6450231948289,11.315445247006096
25774812,25756812,25788812,132.74738298430913,121.97838489793273,10.7689980863764
25797962,25779962,25811962,133.38020761055697,122.4633108820698,10.91689672848716
25822305,25804305,25836305,133.73408977758982,122.57851377051757,11.155576007072241
25846430,25828430,25860430,135.06311037990164,128.24888409338809,6.814226286513559
25870187,25852187,25884187,134.19091676609042,125.69949147080143,8.491425295288991
25894277,25876277,25908277,133.76572560647477,122.1502451028384,11.615480503636377
25918225,25900225,25932225,133.73259442049712,122.41259203192568,11.320002388571439
25942244,25924244,25956244,133.4682058139351,123.33263880653895,10.135567007396148
25966217,25948217,25980217,133.353796206575,124.27703670353823,9.076759503036769
25990523,25972523,26004523,132.52347244133512,121.35591730062835,11.167555140706767
26014136,25996136,26028136,132.7465193763898,121.82528355678619,10.921235819603623
26038209,26020209,26052209,134.07484442671236,127.78059104570303,6.294253381009327
26062156,26044156,26076156,133.0273631679209,124.88403481260721,8.143328355313685
26086145,26068145,26100145,132.73130011147026,122.08213432061912,10.649165790851143
26110261,26092261,26124261,133.25475219575122,122.66202422291408,10.592727972837139
26134114,26116114,26148114,132.89598427337458,121.74287242040114,11.153111852973439
26157177,26139177,26171177,133.93814406461755,121.38446604754387,12.553678017073679
26180948,26162948,26194948,134.2288357508608,120.96548228298039,13.263353467880421
26205419,26187419,26219419,133.72478431678502,122.23270290103393,11.492081415751088
26229346,26211346,26243346,136.198050902781,133.22582802494256,2.9722228778384476
26253150,26235150,26267150,133.57283186229796,121.33574176315787,12.23709009914009
26276898,26258898,26290898,133.97329898163684,121.740203237711,12.233095743925844
26300596,26282596,26314596,134.27736580869063,121.29583171118797,12.98153409750266
26324411,26306411,26338411,134.13108150858915,121.55873919899022,12.572342309598923
26348316,26330316,26362316,133.95178521044357,121.47924084616167,12.472544364281902
26371995,26353995,26385995,134.44247593589677,121.53302683384487,12.909449102051894
26397302,26379302,26411302,133.28208698300827,123.38678490597417,9.895302077034103
26418960,26400960,26432960,135.77558240891207,129.56783498767703,6.207747421235041
26442718,26424718,26456718,135.45331433015141,129.36927134063632,6.084042989515098
26466498,26448498,26480498,134.61752133576096,120.87769859934822,13.739822736412734
26490284,26472284,26504284,134.36100874828566,120.8805707415077,13.480438006777959
26514172,26496172,26528172,134.04501786089693,121.49523724661432,12.54978061428261
26537935,26519935,26551935,134.34195702940048,122.46122714401503,11.880729885385449
26561819,26543819,26575819,133.9470946503713,122.81343527634364,11.133659374027658
26585629,26567629,26599629,134.00884701045325,121.63623673967662,12.372610270776633
26609432,26591432,26623432,133.9530149503091,121.89079891878629,12.062216031522809
26633213,26615213,26647213,134.8028415505211,128.6015154575698,6.201326092951291
26657253,26639253,26671253,133.34051770792644,121.89057610734488,11.449941600581553
26680901,26662901,26694901,133.1749619135113,122.65232858110487,10.522633332406443
26704696,26686696,26718696,132.72295924434093,122.94460135830805,9.778357886032879
26727984,26709984,26741984,133.2454374339656,122.81966876948808,10.42576866447753
26752079,26734079,26766079,132.8271784791833,122.80499052109275,10.02218795809054
26775801,26757801,26789801,133.17667252458745,124.11081215797971,9.065860366607737
26799244,26781244,26813244,134.88176813031055,130.18357701706051,4.698191113250033
26823082,26805082,26837082,134.7886866820739,129.80794941529294,4.980737266780949
26847404,26829404,26861404,132.7315735842824,120.93976167154734,11.791811912735042
26870868,26852868,26884868,132.83679679598413,121.81869187002562,11.01810492595851
26894593,26876593,26908593,133.1566087122697,123.03009251698074,10.126516195288957
26918440,26900440,26932440,132.82987086661058,123.03721967976664,9.79265118684394
26942082,26924082,26956082,133.33352034537108,122.94089408150538,10.392626263865708
26965610,26947610,26979610,133.83988393382094,122.10732386197215,11.732560071848795
26989638,26971638,27003638,134.77529429659447,128.03064862230588,6.744645674288591
27013662,26995662,27027662,135.06305837690718,128.79652609909854,6.266532277808636
27036881,27018881,27050881,134.46692150279011,120.77984315183133,13.687078350958785
27061224,27043224,27075224,134.47036812667045,123.30927475344852,11.16109337322193
27084815,27066815,27098815,135.43551568277758,128.74420178133175,6.691313901445824
27108287,27090287,27122287,135.16821694802695,126.95835286007032,8.209864087956632
27131850,27113850,27145850,135.0634885216852,124.93866470421008,10.124823817475118
27155380,27137380,27169380,135.0438277183484,124.64691483235694,10.396912885991469
27178518,27160518,27192518,138.22963782685264,134.5144812170619,3.715156609790739
27202093,27184093,27216093,137.6443142561945,132.37042278811234,5.273891468082155
27226217,27208217,27240217,135.20128443910673,124.23871406678309,10.96257037232364
27250378,27232378,27264378,134.58260665367027,123.1133357502504,11.469270903419869
27274743,27256743,27288743,134.16248723593387,122.50315010642389,11.659337129509979
27298769,27280769,27312769,133.97374143628377,121.4000540112307,12.57368742505308
27322824,27304824,27336824,134.0053450998941,122.01234924966832,11.992995850225782
27347167,27329167,27361167,133.86006591248832,121.59378500780306,12.26628090468526
27371154,27353154,27385154,135.26846333312392,129.82989866250654,5.438564670617382
27395219,27377219,27409219,135.0639024177464,129.75541752250967,5.308484895236717
27419349,27401349,27433349,133.93948171723554,121.15592838065498,12.783553336580553
27443509,27425509,27457509,133.96857002357703,120.89452490962806,13.07404511394897
27467614,27449614,27481614,133.71212653224097,120.74317305416679,12.968953478074184
27492674,27474674,27506674,132.92157206395544,120.44367931363882,12.477892750316613
27515787,27497787,27529787,133.51105511620096,122.53207601611707,10.97897910008389
27541016,27523016,27555016,132.40463995299314,121.4111207006024,10.99351925239074
27563156,27545156,27577156,135.12415595079946,129.48405281701235,5.6401031337871075
27587167,27569167,27601167,133.89661350206106,123.77459285901972,10.122020643041338
27611310,27593310,27625310,134.14974490430612,124.06709738527036,10.08264751903576
27636639,27618639,27650639,132.77647550397515,123.61413580059366,9.162339703381491
27660711,27642711,27674711,132.38920531557469,123.53980140265301,8.849403912921673
27684928,27666928,27698928,132.45054673981593,122.3233251437277,10.127221596088233
27707912,27689912,27721912,133.75089729876325,119.94601818940035,13.8048791093629
27733096,27715096,27747096,132.96559821252384,123.35012318347266,9.615475029051183
27757109,27739109,27771109,134.34483469471746,130.3366846383182,4.008150056399273
27781343,27763343,27795343,133.05377859105988,124.21221710422574,8.841561486834138
27805356,27787356,27819356,132.84809743408832,122.107918693432,10.740178740656319
27828600,27810600,27842600,133.6079000582971,123.86995504358552,9.737945014711585
27852630,27834630,27866630,133.5430620496923,123.7754915098332,9.767570539859108
27876562,27858562,27890562,133.16812780086843,123.2594195456615,9.908708255206932
27901772,27883772,27915772,132.68990359889608,124.18157626435604,8.508327334540041
27926808,27908808,27940808,132.7764320715624,125.73151751981597,7.04491455174643
27952010,27934010,27966010,133.8524754006915,129.46302772934328,4.389447671348222
27977109,27959109,27991109,132.5935007494798,122.5509274601043,10.042573289375497
28002359,27984359,28016359,132.60184824814615,121.90348231825826,10.698365929887899
28027532,28009532,28041532,132.96205862522265,122.81318336660304,10.148875258619611
28052854,28034854,28066854,132.84489447430536,123.12739687368334,9.717497600622025
28078072,28060072,28092072,132.7203347880129,123.67289155235177,9.047443235661135
28103332,28085332,28117332,133.03575462224148,124.92400419843739,8.111750423804096
28128716,28110716,28142716,136.38077175988644,134.20834459138885,2.1724271684975918
28154367,28136367,28168367,132.87531859432113,125.0028400400997,7.872478554221431
28179403,28161403,28193403,132.98367301895152,123.77029088829035,9.213382130661174
28203808,28185808,28217808,133.4307907772397,125.14512060169531,8.285670175544396
28228186,28210186,28242186,133.51535452966206,125.99314179249932,7.5222127371627465
28253240,28235240,28267240,133.03809387048182,123.94194504219983,9.096148828281983
28277693,28259693,28291693,133.58388228816017,123.01390138146448,10.56998090669569
28302559,28284559,28316559,135.9886637277962,134.4883488890662,1.5003148387299916
28328123,28310123,28342123,134.31412991847458,130.58244683330832,3.731683085166253
28353083,28335083,28367083,133.02804126982727,123.05156227620341,9.976478993623857
28378059,28360059,28392059,133.07324580113155,123.07420267708548,9.999043124046068
28403080,28385080,28417080,132.83678130828747,123.04943614140174,9.787345166885729
28427776,28409776,28441776,132.9631200095417,121.95085805340744,11.012261956134267
28453912,28435912,28467912,132.91935125463962,122.93739554315141,9.981955711488212
28478649,28460649,28492649,132.51787250485162,122.19250562885225,10.325366875999379
28503496,28485496,28517496,134.14066336549763,129.9529905299875,4.187672835510142
28528368,28510368,28542368,134.19254792163252,130.45916858487257,3.7333793367599526
28552017,28534017,28566017,132.65667668886803,123.27406211396921,9.382614574898824
28576837,28558837,28590837,132.81862493459516,124.03680267162375,8.781822262971417
28601670,28583670,28615670,132.68417695888203,125.13253066200838,7.551646296873656
28626483,28608483,28640483,133.16449106300865,125.24991640722439,7.914574655784264
28651296,28633296,28665296,133.42614304016445,123.89157521412619,9.534567826038256
28676214,28658214,28690214,133.53252631397658,123.45185182939461,10.080674484581962
28701095,28683095,28715095,134.04334942196732,122.92449067507366,11.118858746893665
28726001,28708001,28740001,135.6799699820769,131.53300642443327,4.14696355764363
28750700,28732700,28764700,134.48672836474822,123.1628487345421,11.323879630206122
28774857,28756857,28788857,135.1451109060383,124.46357858602285,10.68153232001545
28800408,28782408,28814408,134.93400956050885,126.04012813452567,8.893881425983182
28825256,28807256,28839256,134.7365655372717,126.80689038905065,7.929675148221051
28849907,28831907,28863907,134.6229057538722,124.87690347960104,9.746002274271163
28874109,28856109,28888109,135.01316522452748,123.459644795636,11.553520428891488
28898033,28880033,28912033,135.4586833968277,125.19982682533703,10.258856571490668
28924250,28906250,28938250,136.25672791725034,132.2109818750891,4.045746042161255
28949011,28931011,28963011,134.07217032981438,124.66861359489393,9.403556734920457
28972045,28954045,28986045,134.57572153985797,123.61862256131856,10.957098978539406
28996690,28978690,29010690,134.5313574017096,124.24992780101773,10.28142960069188
29021813,29003813,29035813,134.11818440519536,123.36122392503523,10.756960480160132
29046586,29028586,29060586,133.82183328433175,120.92564493593535,12.896188348396393
29071532,29053532,29085532,133.56023052504224,122.12244815352332,11.43778237151892
29096214,29078214,29110214,133.5443001050617,123.23523277371564,10.309067331346057
29120900,29102900,29134900,133.6143294698075,124.6606349089926,8.953694560814895
29145639,29127639,29159639,133.62889723920583,120.78670383873961,12.842193400466215
29170354,29152354,29184354,133.8928118435434,120.37225021926668,13.520561624276723
29195117,29177117,29209117,133.8988212499195,120.85975533963897,13.039065910280542
29219669,29201669,29233669,134.34171285007548,120.69958564554108,13.642127204534404
29244663,29226663,29258663,134.63392696661512,122.74198197608476,11.891944990530362
29269465,29251465,29283465,134.24179489351917,123.27807442758576,10.963720465933406
29294743,29276743,29308743,134.12539488448905,123.62850558514691,10.496889299342143
29319485,29301485,29333485,134.08780234912794,123.73789535669609,10.349906992431855
29343485,29325485,29357485,134.79360816630904,123.98959732749042,10.804010838818627
29368179,29350179,29382179,134.63177239258988,122.96074964537002,11.671022747219865
29392912,29374912,29406912,134.36420604756944,120.95045954408303,13.413746503486408
29417606,29399606,29431606,134.3794763903871,121.46224515325986,12.917231237127254
29442509,29424509,29456509,134.0956718557484,123.69024684390592,10.405425011842482
29467006,29449006,29481006,134.40741963356967,124.77131006233569,9.636109571233987
29491683,29473683,29505683,134.5470871270385,124.39044440351226,10.156642723526247
29516614,29498614,29530614,134.26993309949682,124.14693304691035,10.123000052586477
29541051,29523051,29555051,134.2463372807683,122.68767298307885,11.558664297689447
29565737,29547737,29579737,134.05600446397332,122.52612167900773,11.529882784965594
29590906,29572906,29604906,133.837637795655,123.2860281528721,10.551609642782907
29615679,29597679,29629679,133.73496377669687,124.72419555922643,9.010768217470442
29640428,29622428,29654428,133.90991451289244,124.46906748261947,9.440847030272977
29663854,29645854,29677854,134.60839252147963,124.39486056292222,10.213531958557411
29688567,29670567,29702567,134.67481897649526,127.52508480481474,7.149734171680521
30515976,30497976,30529976,131.65688367029313,129.56222446398044,2.0946592063126843
30540782,30522782,30554782,134.34213180254505,128.06957734982186,6.272554452723199
30565432,30547432,30579432,135.19071749319534,125.68786586674271,9.502851626452625
30590007,30572007,30604007,135.12393154571797,125.45693435802386,9.666997187694108
30614652,30596652,30628652,135.15157743383747,124.80041609968966,10.351161334147818
30639334,30621334,30653334,135.39595239564443,126.66352747413055,8.732424921513882
30664010,30646010,30678010,134.56204858365763,125.56735406241252,8.994694521245108
30688739,30670739,30702739,134.5970488543683,122.93359700430854,11.663451850059758
30714205,30696205,30728205,134.22123872882787,122.99771841113053,11.223520317697336
30738901,30720901,30752901,133.86032518085977,121.84758911473426,12.012736066125512
30763303,30745303,30777303,133.76459407354648,122.42348749877269,11.34110657477379
30788933,30770933,30802933,133.53756028855673,123.47529627054331,10.062264018013423
30813130,30795130,30827130,136.3406975573396,131.97395249034517,4.36674506699444
30838418,30820418,30852418,136.94960947034616,134.31924349208788,2.6303659782582827
30863406,30845406,30877406,133.42520473335577,123.36193546130097,10.063269272054796
30887330,30869330,30901330,133.27040607728756,123.52556987495117,9.744836202336387
30912034,30894034,30926034,133.3800057040794,123.7439965406398,9.636009163439596
30936694,30918694,30950694,133.49456346463145,123.73500412471401,9.759559339917445
30962223,30944223,30976223,133.26507767808312,122.61745879469146,10.647618883391658
30986256,30968256,31000256,133.58264794176787,123.81163054491648,9.771017396851391
31010773,30992773,31024773,135.9255237577147,133.9688166551452,1.95670710256951
31035547,31017547,31049547,135.19147274943774,130.06951651811542,5.121956231322315
31060020,31042020,31074020,133.90421780051528,121.68646660248226,12.217751198033028
31084640,31066640,31098640,134.0990525078297,121.92611811190731,12.172934395922383
31109516,31091516,31123516,134.36960932375214,121.33567847021367,13.033930853538479
31134200,31116200,31148200,134.42683017610526,122.37376968748285,12.053060488622407
31158833,31140833,31172833,134.26942589820956,122.20699628287687,12.06242961533269
31183499,31165499,31197499,134.3638054374474,121.74225602592216,12.621549411525251
31207920,31189920,31221920,136.96325301572324,133.19413841466942,3.769114601053815
31233130,31215130,31247130,134.13465996824726,120.65602059342876,13.4786393748185
31257788,31239788,31271788,134.40162993702924,122.03754292940783,12.364087007621407
31282338,31264338,31296338,134.42144166928642,122.14968268767328,12.271758981613146
31307875,31289875,31321875,134.0033612325364,121.60320346642229,12.40015776611412
31331743,31313743,31345743,134.6958887494417,120.88893166410739,13.806957085334318
31356385,31338385,31370385,134.92610841577675,121.76102825842058,13.165080157356172
31381103,31363103,31395103,134.8531772970537,123.0129934685661,11.840183828487596
31405488,31387488,31419488,134.7613445941709,122.69432644830317,12.067018145867735
31430124,31412124,31444124,135.53788669976103,128.57699836935413,6.9608883304069025
31455636,31437636,31469636,134.4671635378128,121.79070276662196,12.676460771190847
31479800,31461800,31493800,134.55420650926297,121.77943167377188,12.774774835491087
31504484,31486484,31518484,134.50884412249874,121.75371041120039,12.755133711298356
31529146,31511146,31543146,134.34692964738508,121.758281776373,12.588647871012085
31553901,31535901,31567901,133.9355024994378,120.66787186342312,13.267630636014687
31578640,31560640,31592640,133.87793235684532,122.14511410867145,11.73281824817387
31603264,31585264,31617264,134.74436631721596,126.59513316854985,8.149233148666113
31627934,31609934,31641934,134.98788812534653,127.73222468795095,7.255663437395583
31652586,31634586,31666586,134.35633006869924,124.52446744778038,9.831862620918855
31677253,31659253,31691253,134.3840964445823,125.03631460286522,9.34778184171708
31701864,31683864,31715864,134.24810099136744,123.91496955556715,10.333131435800283
31726573,31708573,31740573,134.1828136949539,123.33569555847525,10.847118136478642
31751378,31733378,31765378,134.5047376170292,125.61210492048077,8.892632696548432
31776069,31758069,31790069,133.93837711252834,121.28711289434021,12.651264218188132
31800784,31782784,31814784,135.0990021758562,128.10405249746682,6.994949678389389
31825538,31807538,31839538,133.87661442412187,125.11162404929945,8.764990374822418
31850270,31832270,31864270,133.92774713647773,123.71212653589845,10.215620600579285
31875015,31857015,31889015,134.1145346807672,122.4486119765021,11.665922704265114
31899518,31881518,31913518,134.39740087714415,123.1688316959129,11.22856918123125
31924177,31906177,31938177,134.31654305397063,124.41472771441937,9.901815339551263
31948836,31930836,31962836,134.06751036426232,125.02271336496383,9.044796999298484
31973508,31955508,31987508,133.83412693433766,124.2719525294948,9.562174404842864
31998200,31980200,32012200,134.64229553441908,127.73178617532471,6.9105093590943625
32022908,32004908,32036908,133.9126471073112,122.55931663029246,11.35333047701873
32047608,32029608,32061608,133.65814023395797,122.39664063647417,11.261499597483791
32072363,32054363,32086363,133.38234290236542,121.1968918396542,12.185451062711223
32096997,32078997,32110997,133.47810388467803,120.20041774505452,13.277686139623512
32121797,32103797,32135797,133.87859052068853,122.73369311049521,11.144897410193323
32147417,32129417,32161417,133.59817353751328,122.6585617830461,10.93961175446718
32172135,32154135,32186135,133.45684002549174,121.89341907577848,11.563420949713262
32196869,32178869,32210869,133.71055815506992,123.19479221059021,10.51576594447971
32220434,32202434,32234434,133.97674046177593,122.38476927777481,11.591971184001125
32244721,32226721,32258721,134.12864930671185,123.83737236034153,10.291276946370317
32269520,32251520,32283520,134.0703201561724,124.05399546605551,10.016324690116875
32295684,32277684,32309684,133.57374729813645,125.17862700961075,8.395120288525703
32319009,32301009,32333009,133.5548158217581,122.48544919848783,11.06936662327027
32343655,32325655,32357655,133.39298163630397,121.88912792158115,11.503853714722823
32368462,32350462,32382462,133.5619030296576,121.53826022141446,12.023642808243139
32393293,32375293,32407293,133.6605859663024,121.14088526238235,12.519700703920037
32417995,32399995,32431995,133.44971710779174,120.96745801684179,12.482259090949952
32442876,32424876,32456876,133.23542199063928,120.80317228120116,12.432249709438125
32467821,32449821,32481821,133.08457313611856,121.51715191109878,11.567421225019785
32492741,32474741,32506741,133.1350488067235,119.88071249463925,13.254336312084234
32517468,32499468,32531468,133.52048626067386,120.31799165662494,13.202494604048923
32542030,32524030,32556030,133.44634209206964,120.08945703732184,13.356885054747806
32567084,32549084,32581084,133.2914341823978,122.34955552327393,10.941878659123873
32592556,32574556,32606556,133.40869913261048,123.95409467884076,9.454604453769718
32617286,32599286,32631286,133.55448887231702,124.06855160565019,9.485937266666838
32642358,32624358,32656358,133.39854691879935,122.52526586562797,10.873281053171382
32668071,32650071,32682071,132.86319616790595,121.88972547399192,10.973470693914038
32690296,32672296,32704296,133.29733028520704,122.80112891082811,10.496201374378927
32715225,32697225,32729225,133.3614176536486,121.24369250940306,12.11772514424554
32739962,32721962,32753962,133.42142611994248,120.81829067682531,12.603135443117168
32764697,32746697,32778697,133.46817328424916,122.45222747622446,11.015945808024696
32789425,32771425,32803425,133.78278529984294,124.63614041534188,9.146644884501058
32814173,32796173,32828173,134.2298670024778,126.35515348259113,7.8747135198866545
32838926,32820926,32852926,133.71889422577382,121.19879617285352,12.520098052920304
32863687,32845687,32877687,133.92305950472297,120.24027807873665,13.68278142598632
32888512,32870512,32902512,133.95645452236568,120.86093388572884,13.095520636636834
32913230,32895230,32927230,134.06681509927006,120.6107041356031,13.456110963666958
32938843,32920843,32952843,133.8281725183882,120.81888668632068,13.009285832067505
32963581,32945581,32977581,133.75307813112232,120.34468353481896,13.408394596303367
32987734,32969734,33001734,133.7042204928396,119.78461694461485,13.919603548224742
33012161,32994161,33026161,134.08467831412085,120.0121512513524,14.072527062768444
33036918,33018918,33050918,134.4273143336522,119.78130149505604,14.64601283859615
33061954,33043954,33075954,134.51325696225047,122.07444445003291,12.438812512217552
33086699,33068699,33100699,134.59365708467902,123.67239092022955,10.921266164449477
33111193,33093193,33125193,134.5506511618979,120.02267251741061,14.527978644487277
33135955,33117955,33149955,134.6444228299745,120.87777161338265,13.766651216591853
33160703,33142703,33174703,134.63980071594443,120.80696605779706,13.832834658147377
33185423,33167423,33199423,134.77774742552347,120.82171767176682,13.956029753756653
33210315,33192315,33224315,134.72048361496803,120.74081205056906,13.97967156439897
33235034,33217034,33249034,135.16522177573972,122.19808783066135,12.967133945078373
33259766,33241766,33273766,135.06767351976148,121.86873024939379,13.198943270367693
33284524,33266524,33298524,134.73944661204334,120.54793668016677,14.191509931876567
33309260,33291260,33323260,134.5622550992632,120.94630988977663,13.615945209486583
33333721,33315721,33347721,134.73934914558683,122.32653816428154,12.412810981305284
33358520,33340520,33372520,134.78688331439108,122.81335460289306,11.97352871149802
33383277,33365277,33397277,134.83459070087702,123.06364407509706,11.770946625779956
33408029,33390029,33422029,134.92870759634138,123.39553506437986,11.533172531961526
33432739,33414739,33446739,134.80520146053317,121.83602046866746,12.969180991865713
33457676,33439676,33471676,134.71669512736892,122.60714491242199,12.109550214946935
33482413,33464413,33496413,134.6321125807038,122.51969046172283,12.112422118980959
33507126,33489126,33521126,134.6139655113894,121.90197737112747,12.711988140261937
33531929,33513929,33545929,134.5365655298902,121.2938277407555,13.242737789134694
33556644,33538644,33570644,134.46648359846705,120.73791958997211,13.728564008494942
33581385,33563385,33595385,133.92967144604438,120.65277406155799,13.27689738448639
33606107,33588107,33620107,133.76621776635545,119.61539450217658,14.150823264178868
33630808,33612808,33644808,133.93192071170722,118.86241345845187,15.069507253255352
33655448,33637448,33669448,133.9783842144697,119.8293376593913,14.149046555078414
33680305,33662305,33694305,133.64926106423925,120.50912651681698,13.140134547422278
33705047,33687047,33719047,133.95838663158005,120.6143259395774,13.344060692002657
33729764,33711764,33743764,133.68424835811885,121.20025210830015,12.483996249818702
33754448,33736448,33768448,133.73912829320355,120.49689135245995,13.242236940743595
33779265,33761265,33793265,134.23506164918453,121.21925158854326,13.015810060641272
33803678,33785678,33817678,134.71538481575186,121.05984487916083,13.655539936591026
33828399,33810399,33842399,134.5114163361767,119.87987601817193,14.631540318004767
33853135,33835135,33867135,134.45950795346394,120.57316671149104,13.8863412419729
33877752,33859752,33891752,134.43883981678403,120.02698149923647,14.411858317547555
33902558,33884558,33916558,134.64969443821167,122.11072229898588,12.538972139225791
33927258,33909258,33941258,134.93461149795846,125.86204073878882,9.072570759169636
33951450,33933450,33965450,134.43441160026512,122.77615670462927,11.65825489563585
33976170,33958170,33990170,134.26605194382216,120.4553045343147,13.810747409507456
34001026,33983026,34015026,134.49335120386922,121.7966668023872,12.696684401482031
34025759,34007759,34039759,134.59969127213154,122.21826917055296,12.381422101578579
34051677,34033677,34065677,133.68513774857036,121.22903837680555,12.456099371764807
34076486,34058486,34090486,133.28254607295958,121.95400718788846,11.328538885071112
34101241,34083241,34115241,133.67585436148693,127.35610051882207,6.319753842664852
34126103,34108103,34140103,133.77663828372621,125.03430269407973,8.742335589646487
34150127,34132127,34164127,133.72928710277134,122.43160782453887,11.297679278232465
34174916,34156916,34188916,133.39245415326278,122.45627946571504,10.936174687547734
34199631,34181631,34213631,133.42317048741722,122.52603000793094,10.897140479486282
34224360,34206360,34238360,133.75363556489413,123.62102673909345,10.132608825800673
34248972,34230972,34262972,134.47608432195273,123.84249738188785,10.633586940064873
34273713,34255713,34287713,134.91118742766614,123.93285123199881,10.978336195667325
34298482,34280482,34312482,135.2559413189646,126.13670668137098,9.119234637593621
34323285,34305285,34337285,135.34393376260866,123.91048618323995,11.433447579368703
34348033,34330033,34362033,135.48592294896457,124.48580912208976,11.00011382687481
34372775,34354775,34386775,135.6057007349811,124.96072333340713,10.644977401573968
34397506,34379506,34411506,135.55395704545688,125.82580646644777,9.72815057900911
34422265,34404265,34436265,135.23410714957797,124.80482823590248,10.429278913675489
34447036,34429036,34461036,134.99787614056405,122.81000334498343,12.187872795580617
34471804,34453804,34485804,135.49664610227248,127.68139622877355,7.815249873498928
34497241,34479241,34511241,135.63534471764015,130.7041262253805,4.93121849225966
34521270,34503270,34535270,134.6772176475556,122.5118075548881,12.165410092667514
34546770,34528770,34560770,133.64408300684278,122.15752589455435,11.486557112288423
34571643,34553643,34585643,133.80774317308007,126.26804501399077,7.539698159089298
34595518,34577518,34609518,134.07490192951568,125.01032644051548,9.064575489000191
34620953,34602953,34634953,133.34362459393847,122.50099352658407,10.842631067354404
34645715,34627715,34659715,133.80874894282817,127.60613274869435,6.2026161941338245
34670509,34652509,34684509,136.05857341003184,133.80091273896807,2.2576606710637748
34694567,34676567,34708567,133.42404159619525,121.52172014966958,11.902321446525676
34719342,34701342,34733342,133.59331737136586,121.22884304113248,12.364474330233378
34744061,34726061,34758061,133.19393150748118,120.68336136756967,12.510570139911508
34768488,34750488,34782488,133.1114769504971,125.40219536421604,7.709281586281051
34793608,34775608,34807608,133.02918640436008,123.58641290609586,9.442773498264216
34818394,34800394,34832394,133.4256241979522,123.1976968898256,10.22792730812661
34843184,34825184,34857184,136.8467644456444,134.5694960501181,2.277268395526306
34867897,34849897,34881897,136.49788090364186,134.5747235522271,1.9231573514147442
34892599,34874599,34906599,133.22811355274368,127.99662825895541,5.231485293788268
34917862,34899862,34931862,133.36550596156886,127.29235134285041,6.073154618718448
34943531,34925531,34957531,133.06199376764815,123.65737349280431,9.404620274843836
34969336,34951336,34983336,133.30317816242706,122.16593070323428,11.137247459192778
34995157,34977157,35009157,133.37224581335636,121.73449425251336,11.637751560843
35021080,35003080,35035080,135.92958622229594,133.20272434034624,2.726861881949702
35046916,35028916,35060916,136.564381906993,134.24844045322618,2.3159414537668113
35072697,35054697,35086697,133.8730540580122,121.96621943585727,11.906834622154932
35098479,35080479,35112479,134.2065169609519,122.85109585969224,11.355421101259651
35124212,35106212,35138212,134.01955248584707,122.51710640478802,11.502446081059048
35150118,35132118,35164118,133.54143953289503,121.56699174244338,11.974447790451649
35175882,35157882,35189882,133.77208257039445,120.31781642365253,13.454266146741915
35201712,35183712,35215712,134.1903356765649,123.17342302844894,11.016912648115962
35227400,35209400,35241400,137.39623893029201,135.11361941237422,2.2826195179177944
35252498,35234498,35266498,134.05553326326657,122.05698832747196,11.998544935794612
35278345,35260345,35292345,134.01845070445975,121.0682086339186,12.950242070541151
35304134,35286134,35318134,133.79851652221973,121.03144114584873,12.767075376370997
35329974,35311974,35343974,134.05836691609488,122.23608030706842,11.822286609026463
35356698,35338698,35370698,134.03381344508634,121.48570574695015,12.548107698136192
35382172,35364172,35396172,134.36903865576895,121.7136965007168,12.655342155052153
35408013,35390013,35422013,137.205523126817,134.5613368188104,2.644186308006624
35434024,35416024,35448024,135.81130984546797,130.45855080536046,5.3527590401075145
35459769,35441769,35473769,134.02576108376917,122.55957664828628,11.466184435482887
35485177,35467177,35499177,134.36338617387014,120.52474253576052,13.838643638109616
35511076,35493076,35525076,134.5645782647207,122.76524369189259,11.799334572828101
35537207,35519207,35551207,134.18413928294072,122.80521797168421,11.378921311256505
35563042,35545042,35577042,133.9590331183654,121.32671636836996,12.63231674999544
35588862,35570862,35602862,134.45341271567648,123.24486918961409,11.208543526062385
35614672,35596672,35628672,137.56471770386253,134.95245123428208,2.6122664695804474
35640466,35622466,35654466,134.0776195302008,121.5454295987152,12.53218993148559
35666276,35648276,35680276,133.59215873775582,121.67316248219258,11.918996255563243
35692127,35674127,35706127,133.46306270483745,122.19805096631903,11.265011738518425
35717900,35699900,35731900,133.7821775006205,122.97401673816572,10.808160762454776
35743987,35725987,35757987,133.88690302854332,123.89552163736722,9.991381391176091
35768654,35750654,35782654,134.52744327636003,126.6728861120727,7.854557164287328
35794998,35776998,35808998,134.20689853793561,127.23796977144559,6.9689287664900235
35821817,35803817,35835817,135.46625403054003,131.80257171021108,3.6636823203289453
35849093,35831093,35863093,133.95066062042127,124.23485966420671,9.715800956214565
35875931,35857931,35889931,134.25775379830338,124.8077826382148,9.44997116008858
35902799,35884799,35916799,134.05562906862633,123.87458253041649,10.181046538209841
35929713,35911713,35943713,133.8884672873574,123.74313930950713,10.145327977850272
35956604,35938604,35970604,133.85499515459907,124.14538894162376,9.709606212975302
35983883,35965883,35997883,133.6929994832218,125.2997577876623,8.393241695559496
36010508,35992508,36024508,135.4174577616545,130.74114172486603,4.676316036788478
36037804,36019804,36051804,134.31143769602096,123.87838910239063,10.433048593630332
36066058,36048058,36080058,133.99124203215763,123.5553235001389,10.435918532018732
36093225,36075225,36107225,133.82054535770203,122.54973326706434,11.27081209063769
36120600,36102600,36134600,134.02092211528122,123.2313272325929,10.78959488268832
36147951,36129951,36161951,134.6564880063532,127.05211602022939,7.604371986123795
36175330,36157330,36189330,135.09841778639984,129.74406195129916,5.354355835100677
36202704,36184704,36216704,134.83721201690528,129.37744308385288,5.459768933052402
36229971,36211971,36243971,134.57235013058155,127.61420933766395,6.958140792917604
36257437,36239437,36271437,134.03510584783638,122.48332982222473,11.551776025611645
36284763,36266763,36298763,133.7869387047723,120.20893641507644,13.57800228969586
36312086,36294086,36326086,133.85303351086773,121.21120643168655,12.641827079181184
36339427,36321427,36353427,134.05965517853815,121.88343129287023,12.176223885667923
36366716,36348716,36380716,134.27836741460504,123.22735490507637,11.051012509528675
36394111,36376111,36408111,135.4150878591177,130.48928186116353,4.925805997954171
36421524,36403524,36435524,133.6711497515716,123.49094735297699,10.180202398594602
36448789,36430789,36462789,133.81573972256516,122.56419406142265,11.2515456611425
36476118,36458118,36490118,133.81481633495244,122.15700960898684,11.6578067259656
36503520,36485520,36517520,134.1494896403436,122.78266296869432,11.366826671649278
36530929,36512929,36544929,133.66360601531846,120.40837145584496,13.255234559473507
36558303,36540303,36572303,133.33538207089285,122.55158326095022,10.783798809942624
36585490,36567490,36599490,137.1940195110631,135.13170036501685,2.062319146046235
36612828,36594828,36626828,133.15796090105826,121.5313048194203,11.626656081637961
36640121,36622121,36654121,133.47896332404093,124.66068193578869,8.818281388252245
36667549,36649549,36681549,133.23872658046844,123.12269325580097,10.11603332466747
36694936,36676936,36708936,133.79587256023302,126.92440538125868,6.871467178974342
36722793,36704793,36736793,133.44524695149008,126.58778245433963,6.8574644971504455
36750867,36732867,36764867,136.20881898482597,133.40566268906056,2.8031562957654046
36779670,36761670,36793670,137.15523060662255,135.08731571490893,2.0679148917136274
36808539,36790539,36822539,133.38061665782425,125.56809776631567,7.812518891508574
36835181,36817181,36849181,133.4537059533349,125.59935536536896,7.854350587965925
36863578,36845578,36877578,134.58805594038864,129.7018058841866,4.886250056202044
36891870,36873870,36905870,134.69509648567606,128.44106241277814,6.254034072897923
36921213,36903213,36935213,134.3742494483465,123.60417295600212,10.770076492344373
36950027,36932027,36964027,135.2632301344826,129.7265984877814,5.53663164670121
36978456,36960456,36992456,134.39358139781328,123.65542135169551,10.73816004611777
37008352,36990352,37022352,134.58604912002687,121.88808908324036,12.697960036786512
37037248,37019248,37051248,134.6675966832114,122.00542885525479,12.662167827956608
37066121,37048121,37080121,134.80227408682404,122.14476849825273,12.657505588571311
37093982,37075982,37107982,134.9114040020463,122.67876539425585,12.232638607790463
37122361,37104361,37136361,135.18081247545496,126.03127152927593,9.14954094617903
37151507,37133507,37165507,138.33739024205548,135.21584595837436,3.121544283681118
37180294,37162294,37194294,135.09432170039997,122.74329497870205,12.35102672169792
37209081,37191081,37223081,134.96350848308265,121.21588826751301,13.74762021556964
37237984,37219984,37251984,134.59159116116152,121.37975774783615,13.211833413325365
37266421,37248421,37280421,134.7949009328767,124.00202889841646,10.792872034460231
37295167,37277167,37309167,134.7756609710399,121.02315761630956,13.75250335473035
37324130,37306130,37338130,135.76121573668044,130.42688093171574,5.334334804964698
37352935,37334935,37366935,134.8059560088281,127.77594029881449,7.030015710013615
37381581,37363581,37395581,134.3349806861358,124.01316550895872,10.321815177177072
37410515,37392515,37424515,134.6852137843747,122.3076218737292,12.377591910645492
37439270,37421270,37453270,134.51144684678064,119.96769401253844,14.543752834242198
37468077,37450077,37482077,134.6259457047397,123.02900662317316,11.596939081566546
37496898,37478898,37510898,134.77671012565563,125.28851725721614,9.488192868439484
37525674,37507674,37539674,138.1397266296943,135.7349362142962,2.404790415398111
37554541,37536541,37568541,134.15816656393955,121.40477982210629,12.753386741833253
37582994,37564994,37596994,134.1488431729138,120.63273641254858,13.516106760365204
37611775,37593775,37625775,134.03907100199567,121.51371924430023,12.525351757695432
37640645,37622645,37654645,133.9792331339567,121.98088384404545,11.99834928991126
37669553,37651553,37683553,133.87535547428791,122.92655319500524,10.948802279282674
37698389,37680389,37712389,135.3393511680147,129.83731825724746,5.502032910767241
37727241,37709241,37741241,135.92148597284105,131.0047091252061,4.916776847634964
37756283,37738283,37770283,134.08190848885152,126.22514068284978,7.856767806001741
38420325,38402325,38434325,132.01623933282517,129.23330992874475,2.78292940408042
38449078,38431078,38463078,133.78602730902008,125.346000769878,8.440026539142082
38477735,38459735,38491735,133.92856165147927,123.86201244547024,10.066549206009029
38506473,38488473,38520473,134.8729982096715,129.1505875146468,5.722410695024706
38535257,38517257,38549257,133.48843734700597,121.45380162147163,12.034635725534343
38563563,38545563,38577563,133.2315795713572,121.32566016403325,11.90591940732395
38592542,38574542,38606542,133.71717203707522,121.83472024929839,11.88245178777683
38621434,38603434,38635434,133.6217253086212,121.79743505363844,11.824290254982756
38650412,38632412,38664412,133.52586794271895,121.78873687540542,11.737131067313527
38679273,38661273,38693273,137.3113286071636,135.41343066681407,1.8978979403495373
38708181,38690181,38722181,133.85010082418898,120.47373150902402,13.376369315164965
38738298,38720298,38752298,133.96104010731224,121.22685319620503,12.734186911107216
38766502,38748502,38780502,134.43578916464878,122.35277710454172,12.083012060107066
38795525,38777525,38809525,134.41730421820517,121.03481574048166,13.382488477723513
38824193,38806193,38838193,134.57413062076373,121.91053722780109,12.663593392962639
38853167,38835167,38867167,138.4931999405258,135.6534287016542,2.839771238871606
38882127,38864127,38896127,134.8125228984387,121.23618339046271,13.576339507975973
38911279,38893279,38925279,135.0882814413183,123.99191407659751,11.096367364720777
38940034,38922034,38954034,134.9603011397136,120.48463583963371,14.475665300079896
38968966,38950966,38982966,134.740190025056,119.4581368891052,15.28205313595079
38997933,38979933,39011933,134.4571369674451,119.78683433808439,14.67030262936072
39026972,39008972,39040972,134.81767790320916,121.51926877646672,13.298409126742442
39055737,39037737,39069737,137.57833937173126,135.1506416758342,2.427697695897052
39084474,39066474,39098474,134.89324611784926,121.41025080495531,13.482995312893948
39113696,39095696,39127696,134.90859489625439,121.64401690146966,13.26457799478473
39142453,39124453,39156453,135.05913454355286,121.69948743859244,13.359647104960416
39171420,39153420,39185420,135.0356838542439,123.23090995319916,11.80477390104474
39200481,39182481,39214481,135.44239674537295,126.24159881297821,9.200797932394735
39229931,39211931,39243931,137.71342094977481,134.93058157446907,2.782839375305741
39259815,39241815,39273815,136.52771156377713,127.4024611179315,9.125250445845637
39289115,39271115,39303115,136.67848686817305,123.65047109103233,13.028015777140723
39319072,39301072,39333072,137.03078814027035,124.3786216331961,12.652166507074242
39349047,39331047,39363047,136.7752409226198,123.19167946296582,13.583561459653964
39379054,39361054,39393054,136.65027449745105,123.66744335568887,12.982831141762176
39408893,39390893,39422893,136.69658191808156,123.25424418896836,13.442337729113206
39438849,39420849,39452849,137.6820531868301,131.16361986400597,6.518433322824137
39468782,39450782,39482782,136.27960674162642,122.9194978224457,13.360108919180718
39498773,39480773,39512773,136.05776758572145,122.37230274895005,13.685464836771402
39529198,39511198,39543198,136.11156557044202,126.84924707376369,9.262318496678333
39559597,39541597,39573597,136.6651868864028,125.85982146162387,10.805365424778941
39590478,39572478,39604478,136.29694630427247,123.80488494476907,12.492061359503396
39620952,39602952,39634952,136.84589638305084,128.23133564441156,8.614560738639284
39652216,39634216,39666216,136.22545977742337,122.67788967377676,13.547570103646606
39683145,39665145,39697145,136.84977872517442,126.20664499915586,10.643133726018561
39713591,39695591,39727591,136.2935848459258,122.63865849443589,13.65492635148992
39744465,39726465,39758465,135.87704807098197,122.18444240698614,13.692605663995835
39776110,39758110,39790110,136.04352578739199,124.81262500022845,11.230900787163534
39807092,39789092,39821092,136.61258405524023,129.3358115735504,7.2767724816898465
39838048,39820048,39852048,135.85799077781672,124.45093700845933,11.40705376935739
39869017,39851017,39883017,135.0821358799811,122.12334824030557,12.958787639675535
39899869,39881869,39913869,135.46782354814513,122.3341447995598,13.13367874858534
39930711,39912711,39944711,135.37698771073386,122.93575848495462,12.441229225779239
39961662,39943662,39975662,134.79183410775755,121.95542231085363,12.836411796903917
39993205,39975205,40007205,134.8021586388811,123.84637855305303,10.955780085828081
40023357,40005357,40037357,135.35878421245621,127.7061543537654,7.6526298586908155
40054184,40036184,40068184,135.0159377748944,123.47478298343843,11.54115479145598
40085046,40067046,40099046,134.37122922795075,123.0752953294851,11.295933898465648
40115812,40097812,40129812,134.3954513361362,124.20799033009405,10.187461006042156
40146588,40128588,40160588,135.1018889264118,128.09017556095776,7.011713365454028
40177607,40159607,40191607,134.60723149487254,122.39031062326899,12.216920871603548
40208527,40190527,40222527,134.7442089707163,124.86263658250878,9.881572388207516
40239360,40221360,40253360,134.1455340380507,122.82457396643224,11.320960071618458
40269660,40251660,40283660,134.63935041517453,123.3010922170093,11.338258198165235
40300506,40282506,40314506,134.21409952469057,122.07663089221873,12.137468632471837
40331459,40313459,40345459,133.834209761468,122.55060504069814,11.283604720769858
40362327,40344327,40376327,134.22396315133176,122.81993707072546,11.4040260806063
40393205,40375205,40407205,134.57305932613576,123.47593907051134,11.097120255624418
40424000,40406000,40438000,135.17288006584255,123.37070653338839,11.802173532454162
40454882,40436882,40468882,135.0156564725405,121.93016343245935,13.085493040081161
40485791,40467791,40499791,135.02193772608547,120.8963552905119,14.125582435573563
40516709,40498709,40530709,135.35985621186236,121.83326891681895,13.526587295043413
40547685,40529685,40561685,135.91297062329238,123.00867309002044,12.904297533271944
40578544,40560544,40592544,135.56190498125406,122.70169904639722,12.860205934856836
40609466,40591466,40623466,135.3912213630039,121.86200125133708,13.529220111666817
40640312,40622312,40654312,135.5207095125846,121.12660278269054,14.394106729894062
40671110,40653110,40685110,135.7632396044532,121.77158990243841,13.991649702014783
40701863,40683863,40715863,135.52512980755532,119.97476274078451,15.550367066770804
40732823,40714823,40746823,135.60979276088352,121.06657823051854,14.543214530364978
40763550,40745550,40777550,135.94194174193626,122.96843696032147,12.973504781614793
40793783,40775783,40807783,136.01741255164188,122.46996565672971,13.54744689491217
40826321,40808321,40840321,135.61725678898247,121.09870793559396,14.51854885338851
40855437,40837437,40869437,135.82614260321594,122.69815191718354,13.127990686032405
40886316,40868316,40900316,135.69334280318236,121.81377927599728,13.879563527185084
40917362,40899362,40931362,135.22196818111635,121.74745392204876,13.47451425906759
40948167,40930167,40962167,135.29737299474797,123.4580825363729,11.839290458375075
40978862,40960862,40992862,135.58228948212536,122.58476665898208,12.997522823143285
41009698,40991698,41023698,135.0009381834126,123.19895219237317,11.801985991039416
41040627,41022627,41054627,135.11762889535535,124.7517857049236,10.365843190431747
41071403,41053403,41085403,135.16596570203419,122.29752471729952,12.868440984734661
41102229,41084229,41116229,134.57898356275922,122.38235734755969,12.19662621519953
41132637,41114637,41146637,134.9586408372171,123.20364466472856,11.754996172488546
41163397,41145397,41177397,134.94276869601234,122.47202342642771,12.470745269584626
41194264,41176264,41208264,134.70440996622554,122.73621064954514,11.968199316680398
41225013,41207013,41239013,134.6943238085959,121.73477362606343,12.959550182532467
41257392,41239392,41271392,134.73887502097125,122.12133941923695,12.617535601734303
41287256,41269256,41301256,134.80872109631704,122.55143998494303,12.257281111374013
41317906,41299906,41331906,135.62001040575623,126.63346082606,8.98654957969623
41348958,41330958,41362958,135.49225880872822,125.46344482812485,10.028813980603374
41379739,41361739,41393739,134.97492696635166,122.28133870758846,12.6935882587632
41410297,41392297,41424297,134.9640307029018,122.96905673272946,11.994973970172339
41441321,41423321,41455321,135.16128210194339,123.28518761521828,11.876094486725108
41471953,41453953,41485953,134.92115986269627,120.6762522329538,14.244907629742471
41503819,41485819,41517819,135.16238022937932,124.91226763306656,10.25011259631276
41533710,41515710,41547710,135.07218729174832,121.95377714335982,13.118410148388506
41564491,41546491,41578491,135.35157953436934,122.69891978894242,12.652659745426917
41595293,41577293,41609293,134.73801697892344,121.14797654737569,13.590040431547749
41626048,41608048,41640048,134.59709515905814,121.72888550406773,12.868209654990409
41657208,41639208,41671208,135.03681831094465,122.08030591568405,12.956512395260603
41687836,41669836,41701836,136.4697425551535,129.7953968604591,6.674345694694381
41718635,41700635,41732635,135.640884545352,125.02482915197444,10.616055393377565
41749448,41731448,41763448,135.48171199035215,122.65905183858814,12.822660151764012
41779570,41761570,41793570,135.44014935913535,120.82086765176344,14.619281707371911
41810314,41792314,41824314,135.7195827057549,125.42709743855565,10.292485267199254
41841006,41823006,41855006,135.45049323481413,123.3172401692706,12.133253065543528
41871742,41853742,41885742,135.09076743331408,123.69532045110346,11.395446982210629
41903827,41885827,41917827,136.23093993061264,129.57057298666484,6.660366943947793
41935006,41917006,41949006,135.63004845012762,123.55275440471729,12.077294045410326
41965734,41947734,41979734,134.86998607332148,122.43742990948802,12.432556163833468
41996544,41978544,42010544,134.9070747375905,123.60608922427164,11.300985513318864
42027487,42009487,42041487,135.06494087177924,123.99614953953238,11.06879133224686
42057052,42039052,42071052,135.77429097823563,129.4449586231492,6.329332355086422
42087841,42069841,42101841,135.1913550284789,126.34167581718926,8.849679211289654
42118414,42100414,42132414,135.23948036228137,123.82275587237304,11.416724489908333
42149280,42131280,42163280,135.18937118815452,122.6551330743035,12.534238113851018
42180478,42162478,42194478,135.6070225208661,125.908605989083,9.69841653178311
42211335,42193335,42225335,135.43086271116204,123.15202970452097,12.278833006641065
42241845,42223845,42255845,135.37616934872693,121.46984568911921,13.906323659607722
42272897,42254897,42286897,137.99138967735956,134.82101019610377,3.170379481255793
42303679,42285679,42317679,135.66421366201564,124.09278588749234,11.5714277745233
42333921,42315921,42347921,135.17398004031327,122.99035199096706,12.183628049346211
42364751,42346751,42378751,135.4877056425635,122.92600925784889,12.561696384714608
42395490,42377490,42409490,135.33318976184032,121.74857114472175,13.584618617118565
42426379,42408379,42440379,135.48777230912313,121.6814174508246,13.806354858298533
42457196,42439196,42471196,138.18665455001903,134.98560512206134,3.2010494279576847
42488028,42470028,42502028,135.7960519058877,121.66882021663628,14.127231689251431
42518827,42500827,42532827,135.66673608357843,121.91340563196532,13.75333045161311
42549659,42531659,42563659,135.9698492838878,124.14067712266538,11.82917216122243
42580379,42562379,42594379,136.14222150377222,123.61265803806054,12.529563465711675
42611686,42593686,42625686,138.52474018951605,133.92768809079755,4.597052098718507
42642475,42624475,42656475,136.97279987494272,132.02701148803865,4.94578838690407
42672705,42654705,42686705,135.9554832790788,121.32348767342128,14.631995605657522
42703600,42685600,42717600,136.5314593122979,123.4805157910034,13.0509435212945
42733864,42715864,42747864,136.1605262820851,122.51187151537488,13.648654766710223
42764693,42746693,42778693,136.36935776451674,122.26259080497675,14.106766959539982
42795498,42777498,42809498,136.53658625780278,122.96425948464994,13.572326773152838
42827867,42809867,42841867,139.16927989061412,135.43801165624487,3.731268234369253
42858621,42840621,42872621,136.37470050111924,122.79094936440593,13.583751136713303
42887712,42869712,42901712,136.58500970131186,121.84023844611193,14.744771255199936
42919423,42901423,42933423,136.66100772260108,123.00579569685996,13.655212025741122
42950218,42932218,42964218,136.3765212831578,122.59211448976461,13.784406793393202
42979896,42961896,42993896,136.33017243346265,122.8468712582251,13.483301175237557
43010793,42992793,43024793,138.4135468979287,135.04675978318787,3.366787114740845
43041471,43023471,43055471,136.51939157545644,124.22671824164082,12.292673333815614
43072563,43054563,43086563,136.30214325610265,122.11558030032626,14.186562955776395
43103396,43085396,43117396,136.0303211541896,121.97227770409714,14.05804345009247
43134186,43116186,43148186,135.8661423772081,121.86652888547596,13.999613491732134
43165217,43147217,43179217,136.12721710288125,124.72199688607587,11.405220216805375
43709154,43691154,43723154,134.6222023656959,129.3764891270569,5.245713238638984
43739855,43721855,43753855,136.68204444502013,125.9761371645715,10.705907280448628
43770627,43752627,43784627,136.39634594420158,126.66085332116084,9.735492623040741
43801692,43783692,43815692,136.4310486092135,124.81538048421386,11.61566812499963
43832371,43814371,43846371,136.5884198213452,128.3225836426322,8.265836178713016
43864013,43846013,43878013,137.05612601871792,128.9514037490841,8.104722269633811
43894661,43876661,43908661,136.2269797993231,120.99611206164218,15.23086773768091
43925902,43907902,43939902,136.160524904032,123.03467734730373,13.125847556728274
43956710,43938710,43970710,136.14134289046964,121.69635602936057,14.444986861109072
43986052,43968052,44000052,136.46606412513958,121.7261058166534,14.73995830848618
44016739,43998739,44030739,138.8303545237562,135.0346778396298,3.7956766841263914
44047541,44029541,44061541,136.40148212885745,120.77811680971828,15.623365319139168
44079281,44061281,44093281,136.65140605679642,121.36802400143335,15.283382055363063
44109554,44091554,44123554,136.66666512634055,121.81741649336415,14.849248632976398
44140131,44122131,44154131,136.85575851910593,124.17439936991885,12.681359149187088
44171842,44153842,44185842,136.35923452985153,122.73100439914786,13.62823013070367
44202617,44184617,44216617,138.56366848958655,135.06292007782397,3.5007484117625722
44232823,44214823,44246823,136.64548101654952,122.0478908255471,14.597590191002425
44263858,44245858,44277858,136.67978609957862,127.68379370122707,8.995992398351547
44295288,44277288,44309288,135.97368729188068,126.8324142256386,9.141273066242078
44326069,44308069,44340069,135.7235571098695,123.23769735215944,12.485859757710045
44355848,44337848,44369848,135.86907345667478,124.58717885383047,11.281894602844318
44387805,44369805,44401805,138.22258611090976,135.12175738721285,3.1008287236969068
44417382,44399382,44431382,135.47509668232502,122.26893668322452,13.206159999100493
44448311,44430311,44462311,135.51287363643297,122.61213280292878,12.900740833504187
44479240,44461240,44493240,135.45420767744892,121.21649265527032,14.237715022178605
44510119,44492119,44524119,135.70380895517212,123.31515388546678,12.388655069705337
44540956,44522956,44554956,135.4808696904096,122.35253257100834,13.128337119401266
44571844,44553844,44585844,138.69884576822528,134.9019026568807,3.796943111344575
44602692,44584692,44616692,135.94608152376844,123.18279688514458,12.763284638623858
44633107,44615107,44647107,135.90998897777501,122.97144743675773,12.938541541017287
44665549,44647549,44679549,135.8117324202205,122.55434313341325,13.25738928680724
44696440,44678440,44710440,135.7440208747093,123.05118507086704,12.692835803842257
44727175,44709175,44741175,135.84505749993963,122.89931828954126,12.945739210398372
44758102,44740102,44772102,136.16634076277242,129.43057599423673,6.735764768535688
44788947,44770947,44802947,135.4409581540872,122.6726024783168,12.768355675770408
44818212,44800212,44832212,135.5591164634243,122.45747252856704,13.10164393485725
44850597,44832597,44864597,135.72307501625562,123.03278054738627,12.690294468869354
44881548,44863548,44895548,137.05781142365925,131.47119852748392,5.586612896175325
44910682,44892682,44924682,135.77102511010278,124.27446775646166,11.496557353641123
44941489,44923489,44955489,135.74725516446284,124.23525273915101,11.512002425311834
44972673,44954673,44986673,136.36394575319187,128.41016326115826,7.953782492033611
45003599,44985599,45017599,135.80475492763034,122.46558358123033,13.339171346400008
45034571,45016571,45048571,135.8047279013667,123.1604707540445,12.644257147322207
45065435,45047435,45079435,135.74767580706865,121.64541903459684,14.102256772471804
45096210,45078210,45110210,136.08428637501171,120.86603391773765,15.218252457274062
45127326,45109326,45141326,136.09377197224615,122.76991360168739,13.323858370558753
45158225,45140225,45172225,136.1819414011547,126.77779355500512,9.40414784614957
45189095,45171095,45203095,136.15865663008745,122.69299567749626,13.465660952591193
45219538,45201538,45233538,136.42779887431243,125.4320142093387,10.995784664973726
45250397,45232397,45264397,136.18756546888375,123.4080784978223,12.779486971061445
45281367,45263367,45295367,136.09033833512066,121.86159451356036,14.2287438215603
45312376,45294376,45326376,136.83612472595803,128.83117101861248,8.00495370734555
45343342,45325342,45357342,136.14508801391256,123.61575216213691,12.529335851775642
45374388,45356388,45388388,136.64223898092587,127.57354324568229,9.06869573524358
45405656,45387656,45419656,136.16984062728926,122.90314986665607,13.266690760633196
45436601,45418601,45450601,136.30515124982466,121.47999378068256,14.825157469142098
45467130,45449130,45481130,136.53042042286893,121.55828570481486,14.972134718054065
45498092,45480092,45512092,136.44059320350252,121.1373614015167,15.303231801985817
45529047,45511047,45543047,136.20965243093127,122.22798313961972,13.981669291311547
45560015,45542015,45574015,137.81624785808262,132.81946178556208,4.9967860725205355
45590949,45572949,45604949,136.62044172725106,121.6200275725011,15.000414154749961
45621997,45603997,45635997,136.65301446843856,121.06139033558969,15.591624132848864
45653057,45635057,45667057,136.31478505222776,122.84861973991167,13.466165312316093
45683959,45665959,45697959,136.49884637696414,123.66747419624959,12.831372180714553
45714803,45696803,45728803,136.87939968756044,124.97907173314786,11.900327954412575
45745770,45727770,45759770,136.89415897464568,129.609201730666,7.284957243979676
45776288,45758288,45790288,136.41815571262484,122.29846587497029,14.119689837654548
45807263,45789263,45821263,136.53559595650844,121.68809924531176,14.847496711196683
45838211,45820211,45852211,136.56834117064295,123.06448665023919,13.503854520403763
45868931,45850931,45882931,136.18615318647664,123.64156509040623,12.544588096070413
45899833,45881833,45913833,136.3202744718044,123.84602735010986,12.474247121694532
45930712,45912712,45944712,137.04556255883165,128.01236714554648,9.03319541328517
45961555,45943555,45975555,136.81126183307748,124.24686179436202,12.564400038715462
45992654,45974654,46006654,136.5886739587396,123.39854971475815,13.190124243981458
46024084,46006084,46038084,136.8460005187925,124.09966872994428,12.74633178884821
46055067,46037067,46069067,136.87279950046965,125.13957761347737,11.733221886992283
46085892,46067892,46099892,136.70336007195155,124.6040872106053,12.09927286134625
46116690,46098690,46130690,138.33844220713456,134.12767639805605,4.210765809078509
46147501,46129501,46161501,136.84138635171718,124.21718194684661,12.624204404870568
46178540,46160540,46192540,136.4907958568191,123.77929823643001,12.711497620389082
46209541,46191541,46223541,136.2868114531342,123.53373957745634,12.753071875677847
46241157,46223157,46255157,135.94462500087843,123.99887540368624,11.94574959719219
46272141,46254141,46286141,135.88668786021304,123.25436834818605,12.632319512026996
46302978,46284978,46316978,138.58576657981223,135.63999093171762,2.9457756480946102
46332560,46314560,46346560,135.93069574958176,125.50195701390443,10.428738735677328
46363323,46345323,46377323,135.9621879873919,123.90897116993594,12.053216817455962
46394051,46376051,46408051,135.88942955586145,122.18001537138319,13.709414184478263
46424811,46406811,46438811,136.0250637198583,123.06544881066499,12.95961490919332
46456310,46438310,46470310,136.42841157441774,124.05992352744235,12.368488046975386
46486471,46468471,46500471,136.60883900451532,128.8360098252671,7.77282917924822
46517272,46499272,46531272,136.36235033109637,122.83308371097667,13.5292666201197
46547995,46529995,46561995,136.33531500069796,122.2143306975903,14.120984303107662
46578839,46560839,46592839,136.49000136448132,122.10726018161901,14.382741182862304
46609441,46591441,46623441,136.75523984011252,124.71315884209946,12.042080998013063
46640472,46622472,46654472,136.9468531138802,125.4468970038365,11.499956110043698
46671251,46653251,46685251,137.56813239364226,128.89659984574018,8.671532547902075
46702065,46684065,46716065,137.03857176997906,125.11119749760054,11.927374272378515
46732870,46714870,46746870,136.84378043713176,121.57169176382962,15.272088673302136
46763696,46745696,46777696,136.85107431546294,122.17073413617635,14.680340179286588
46794610,46776610,46808610,137.34947279477782,126.90342844564466,10.44604434913316
46825397,46807397,46839397,137.09926563213105,126.9390808540315,10.160184778099548
46856366,46838366,46870366,136.65516573936503,123.14360592413239,13.511559815232644
46887029,46869029,46901029,136.89374876681848,128.86180652491447,8.031942241904005
46917969,46899969,46931969,136.6887176227201,123.52444271537959,13.164274907340513
46948970,46930970,46962970,136.90864019038256,122.82710216426553,14.08153802611703
46979761,46961761,46993761,136.790130414727,122.54257393882064,14.247556475906364
47010466,46992466,47024466,136.72460969540919,122.1464169571385,14.578192738270687
47041638,47023638,47055638,137.33392613586662,124.17095613203008,13.162970003836534
47072339,47054339,47086339,136.76186469987184,122.94225199995643,13.81961269991541
47102914,47084914,47116914,136.81705656176825,128.055181263744,8.76187529802425
47133736,47115736,47147736,136.83414800978065,122.28917245482477,14.544975554955883
47164717,47146717,47178717,137.05031499461876,125.45033264222604,11.599982352392715
47194770,47176770,47208770,136.61005911325176,122.20291593531383,14.40714317793794
47225568,47207568,47239568,137.02055797644388,125.72763000049349,11.292927975950391
47256599,47238599,47270599,136.5930140181459,122.63521144622058,13.957802571925328
47287373,47269373,47301373,136.9392825023042,128.06018249694327,8.879100005360925
47318218,47300218,47332218,136.9133180161041,126.9376078167552,9.97571019934891
47348947,47330947,47362947,136.7552134980829,124.30597787213479,12.449235625948106
47379970,47361970,47393970,136.49751728982903,125.30868445090617,11.188832838922863
47410928,47392928,47424928,136.55138820365545,124.58685188822143,11.964536315434017
47441694,47423694,47455694,136.33069260879248,123.20403091739925,13.126661691393224
47472556,47454556,47486556,136.5052360066464,128.46221446402237,8.043021542624047
47503459,47485459,47517459,136.58062783338454,122.84734741452533,13.73328041885921
47534497,47516497,47548497,136.5304795161202,122.13162962259256,14.398849893527654
47565237,47547237,47579237,136.65947341276197,122.77364666479468,13.885826747967286
47595273,47577273,47609273,136.53189101393568,124.02284293511715,12.509048078818523
47626772,47608772,47640772,136.46786803895202,123.74086968400454,12.726998354947483
47657520,47639520,47671520,136.62104569357928,124.51535758359414,12.105688109985138
47687896,47669896,47701896,136.89372345600796,128.42248159563405,8.471241860373908
47718786,47700786,47732786,136.40662070376897,124.82729858142523,11.57932212234374
47750078,47732078,47764078,136.3085871246971,123.8359846234458,12.472602501251316
47780310,47762310,47794310,136.9572115878087,125.37873124396747,11.578480343841235
47811297,47793297,47825297,137.14705221555144,127.09064901735965,10.056403198191788
47841944,47823944,47855944,136.6315614284716,124.80565389407701,11.825907534394588
47872698,47854698,47886698,137.76081059602416,128.8385960329341,8.922214563090051
47903619,47885619,47917619,137.66010373372424,128.10142758285576,9.558676150868479
47934221,47916221,47948221,137.10638846927995,124.49592968258943,12.610458786690515
47965062,47947062,47979062,136.80840515797428,124.32087941280939,12.487525745164888
47996423,47978423,48010423,136.83263946321307,123.11138837905727,13.721251084155796
48026950,48008950,48040950,136.69023911220077,123.28578584179395,13.404453270406819
48057335,48039335,48071335,137.23729473675024,127.57316079835002,9.664133938400226
48088553,48070553,48102553,136.83686778754569,122.80386327619367,14.033004511352019
48118702,48100702,48132702,136.76952180954777,123.22180929414593,13.547712515401841
48149556,48131556,48163556,137.0798731906547,126.37667719797673,10.703195992677962
48180274,48162274,48194274,137.28273822521717,129.79253174398826,7.49020648122891
48211565,48193565,48225565,136.52105146979264,122.08544794351597,14.435603526276665
48242329,48224329,48256329,136.8246078376288,124.38285117617626,12.441756661452544
48272971,48254971,48286971,137.0794391271275,130.2599633350075,6.819475792119988
48304115,48286115,48318115,136.78749092538447,125.62981434520862,11.15767658017586
48334799,48316799,48348799,136.419184268133,123.80451306115319,12.614671206979807
48365517,48347517,48379517,136.1988269012419,123.36377260435084,12.835054296891045
48396280,48378280,48410280,136.2646177474209,127.5686586271801,8.695959120240815
48427247,48409247,48441247,136.3233533071355,124.17688549252418,12.146467814611327
48458029,48440029,48472029,138.30550500073875,134.0486820731665,4.2568229275722445
48488653,48470653,48502653,136.38464010953282,124.95182931638521,11.43281079314761
48519442,48501442,48533442,135.86836679654107,123.26502007356511,12.603346722975957
48550350,48532350,48564350,135.8140181465514,124.46786342544853,11.346154721102877
48581116,48563116,48595116,135.8693579604989,123.61236866342688,12.25698929707201
48611851,48593851,48625851,135.66191265630374,124.43777542191951,11.22413723438423
48643840,48625840,48657840,137.82824602704693,134.2393600018562,3.5888860251907317
48675720,48657720,48689720,135.49272533096453,125.83259263245189,9.66013269851264
48706734,48688734,48720734,135.67643547820205,123.7937496447611,11.882685833440945
48738492,48720492,48752492,135.73902681304443,123.9039179342103,11.835108878834134
48770313,48752313,48784313,135.8529014452304,123.53052530228452,12.322376142945885
48803215,48785215,48817215,135.9226099019722,123.66928094704755,12.253328954924655
48835026,48817026,48849026,136.115362307045,124.9564989504953,11.158863356549688
48866719,48848719,48880719,138.1013442824793,134.31785068530345,3.783493597175834
48897242,48879242,48911242,136.15742971974862,124.27218561156457,11.885244108184054
48929111,48911111,48943111,136.4356551768929,124.7231193927613,11.712535784131603
48961004,48943004,48975004,136.64935032586985,124.52649670742177,12.122853618448076
48992569,48974569,49006569,136.62852468254164,124.95551100787864,11.673013674662997
49024480,49006480,49038480,136.38369185732074,125.69221904255771,10.691472814763031
49056705,49038705,49070705,136.84962557405052,128.13446030890321,8.715165265147306
49088428,49070428,49102428,135.93729670553645,122.94598906459439,12.991307640942068
49120021,49102021,49134021,135.87649192905457,122.79546479065552,13.081027138399051
49151920,49133920,49165920,135.69083802057048,122.38738936418582,13.30344865638466
49183709,49165709,49197709,135.43830508168145,122.965338215146,12.472966866535444
49215961,49197961,49229961,135.56870574584053,122.10664657170072,13.46205917413981
49248314,49230314,49262314,135.40440862449208,124.10084086070799,11.303567763784088
49280264,49262264,49294264,135.56339702757612,124.89368152264247,10.669715504933649
49312001,49294001,49326001,135.3544025473999,124.24692853574,11.107474011659903
49343122,49325122,49357122,135.38446960496233,125.56223932197688,9.822230282985458
49374996,49356996,49388996,135.28891383876785,126.39146311699716,8.897450721770696
49406899,49388899,49420899,135.1885244366118,126.29512875910731,8.893395677504486
49437931,49419931,49451931,134.95775343190692,127.01067306192519,7.947080369981734
50174092,50156092,50188092,134.38969062889083,126.83088272766938,7.558807901221456
50206134,50188134,50220134,136.13752980194332,126.7341432170133,9.403386584930018
50238002,50220002,50252002,135.9123168245747,124.54823156170987,11.364085262864833
50269063,50251063,50283063,135.78183593579251,125.46959181894985,10.312244116842663
50302185,50284185,50316185,135.8398242873284,123.8825101374893,11.957314149839107
50333043,50315043,50347043,136.3721682109433,126.64075216732515,9.731416043618154
50363960,50345960,50377960,135.61338221386956,124.4681070154823,11.145275198387253
50395738,50377738,50409738,135.60071761072248,121.75873100032783,13.841986610394656
50427536,50409536,50441536,135.44911326289815,122.42446458397478,13.02464867892337
50459555,50441555,50473555,135.5001860575444,122.85067403587934,12.64951202166506
50491249,50473249,50505249,136.12379870019703,122.6746661319628,13.449132568234234
50523035,50505035,50537035,135.5820592125853,123.33534141669197,12.246717795893332
50554844,50536844,50568844,136.0453884638252,125.97990232480225,10.065486139022937
50586620,50568620,50600620,136.3584824932711,124.45746284485374,11.901019648417375
50618315,50600315,50632315,136.20134330604373,124.74756102532679,11.453782280716936
50650180,50632180,50664180,136.31919090585964,124.7382726944476,11.58091821141204
50681698,50663698,50695698,135.86063657112538,124.16445297561324,11.696183595512139
50713364,50695364,50727364,136.06983012390165,126.3338639239463,9.735966199955357
50744681,50726681,50758681,135.66755680347745,123.20301578024333,12.46454102323412
50776962,50758962,50790962,136.10028815089953,123.38210641995282,12.71818173094671
50808645,50790645,50822645,135.87784515374597,123.132724591245,12.745120562500972
50840349,50822349,50854349,136.21019684167618,123.2186695967105,12.991527244965681
50872082,50854082,50886082,136.00344395398525,123.06303427574196,12.940409678243299
50903929,50885929,50917929,136.2180205323826,124.4894467274243,11.728573804958316
50935972,50917972,50949972,135.92842140170052,124.51158003271928,11.416841368981238
50967153,50949153,50981153,135.76565562670822,125.05107779358057,10.714577833127649
50999273,50981273,51013273,135.772562659556,124.84314190502282,10.929420754533183
51031058,51013058,51045058,135.82482277402585,124.76466693264203,11.060155841383818
51062782,51044782,51076782,135.53895080587046,124.37026529097052,11.168685514899934
51094021,51076021,51108021,135.5395236605569,123.59602371659628,11.943499943960632
51125823,51107823,51139823,135.17817341430677,122.65412882776604,12.524044586540725
51157562,51139562,51171562,135.38144161605427,123.66274708726391,11.718694528790365
51189817,51171817,51203817,135.48757492006442,124.1002758911293,11.387299028935118
51221563,51203563,51235563,135.36739098454487,122.93037225534464,12.437018729200233
51253313,51235313,51267313,135.1474601898511,123.10298759466349,12.044472595187614
51285145,51267145,51299145,135.14080355060676,122.45846212675141,12.682341423855348
51316955,51298955,51330955,135.25416368179305,120.79761982813481,14.456543853658232
51348760,51330760,51362760,135.56354294810833,126.34005091603613,9.223492032072201
51381988,51363988,51395988,135.05091215307178,121.96521658104793,13.085695572023852
51412245,51394245,51426245,135.24779024426414,121.720344861903,13.527445382361137
51444058,51426058,51458058,135.34012157322655,121.4391004281004,13.901021145126151
51475736,51457736,51489736,135.48778869762873,123.63771787002938,11.850070827599353
51507407,51489407,51521407,135.56375016695955,124.60838178342952,10.955368383530029
51539401,51521401,51553401,136.0016828227735,127.00231059420344,8.999372228570053
51571319,51553319,51585319,135.90989215629446,124.27544843584519,11.63444372044927
51602772,51584772,51616772,135.633925636719,122.52753184744634,13.106393789272659
51634494,51616494,51648494,135.54793076004447,122.85570500058633,12.69222575945814
51666321,51648321,51680321,135.65911554698803,123.86721870619269,11.791896840795346
51698095,51680095,51712095,135.46128703947485,124.87522163518973,10.586065404285122
51729797,51711797,51743797,135.5422662327081,127.62912398288788,7.9131422498202255
51761691,51743691,51775691,135.06020001019203,121.80929408434713,13.250905925844904
51793450,51775450,51807450,135.34571463186666,122.28064331542413,13.065071316442527
51825157,51807157,51839157,134.9382357472597,122.46851965571449,12.469716091545223
51856824,51838824,51870824,134.80056646525296,122.80023512861345,12.000331336639505
51888605,51870605,51902605,135.04563198208268,122.42049034379143,12.625141638291254
51920369,51902369,51934369,135.3062032970229,126.19099712786584,9.115206169157062
51952019,51934019,51966019,134.6700212020548,121.90608544414161,12.763935757913202
51984358,51966358,51998358,134.88843059068773,123.53797365890208,11.350456931785658
52015613,51997613,52029613,134.8528017900691,123.63658093073339,11.216220859335706
52047403,52029403,52061403,134.50079258907465,123.15747180707265,11.343320782001996
52079593,52061593,52093593,134.58201336624757,123.97487766002104,10.60713570622653
52111296,52093296,52125296,136.09816550619905,131.37882646545899,4.719339040740067
52142566,52124566,52156566,134.47490358411264,122.69332451708733,11.781579067025305
52174279,52156279,52188279,134.29820900020243,123.10189334768296,11.196315652519473
52205939,52187939,52219939,133.91637534356323,122.90460210147504,11.011773242088196
52237709,52219709,52251709,133.8566612141678,122.3696703210414,11.48699089312639
52270054,52252054,52284054,133.7677596396443,121.59283153709228,12.17492810255203
52301246,52283246,52315246,134.58955083383273,127.84822223006336,6.741328603769375
52332894,52314894,52346894,133.59024499709125,122.12824923098995,11.461995766101296
52364575,52346575,52378575,134.08745971052016,125.646389888219,8.44106982230116
52396287,52378287,52410287,134.25301604740508,123.59229863592589,10.660717411479197
52428255,52410255,52442255,134.04980079449092,122.57795628532378,11.471844509167141
52460078,52442078,52474078,134.1859516034197,122.35605771422567,11.82989388919404
52491749,52473749,52505749,134.1406887241803,122.16394691257555,11.976741811604754
52523447,52505447,52537447,134.86403439126855,127.47648629596533,7.387548095303217
52554916,52536916,52568916,134.3070731127246,122.31934197178047,11.98773114094412
52586637,52568637,52600637,134.59587270618908,123.13140096599547,11.464471740193616
52618279,52600279,52632279,134.64202340779923,123.67329053033613,10.968732877463097
52650000,52632000,52664000,134.33929531136755,122.24298980060261,12.096305510764935
52681750,52663750,52695750,134.4774702248343,122.80875263449639,11.668717590337906
52713441,52695441,52727441,134.8856658963375,127.25844022028981,7.627225676047701
52745099,52727099,52759099,135.43910077368108,128.5288638815622,6.910236892118888
52776800,52758800,52790800,134.59839445837272,122.8370546526895,11.761339805683221
52808476,52790476,52822476,134.68587289263593,122.43837026349058,12.247502629145345
52840087,52822087,52854087,134.84111227532992,125.64311693928481,9.19799533604511
52872323,52854323,52886323,135.60335232645258,127.92747476884625,7.675877557606327
52903585,52885585,52917585,135.82427809829124,127.88177695299973,7.942501145291516
52935303,52917303,52949303,135.10524681866335,122.08144257520324,13.023804243460106
52967069,52949069,52981069,135.42716389160412,123.00531678854148,12.421847103062646
52998744,52980744,53012744,135.31633613685625,122.14410307839587,13.172233058460378
53030571,53012571,53044571,135.88734931596616,125.7282367926548,10.159112523311364
53062344,53044344,53076344,135.41820543613562,121.67210115414422,13.746104281991407
53093492,53075492,53107492,135.5865644637201,121.89707906118451,13.689485402535581
53125225,53107225,53139225,135.8100411180273,122.23072542007061,13.579315697956687
53156933,53138933,53170933,135.96636688274305,123.98946811519055,11.976898767552498
53188750,53170750,53202750,135.86331298698894,123.31499121760453,12.548321769384415
53220437,53202437,53234437,135.914084850889,122.63827191808552,13.275812932803476
53252167,53234167,53266167,136.07560372828377,122.14307826335266,13.932525464931103
53283792,53265792,53297792,136.19686362584213,122.6257057340415,13.571157891800624
53316049,53298049,53330049,136.01597401169204,122.45768139172353,13.558292619968512
53347711,53329711,53361711,136.2186218340713,123.24291037529873,12.97571145877258
53379394,53361394,53393394,136.32760151940965,125.66458287196801,10.663018647441646
53410927,53392927,53424927,136.1916562655409,123.59940242874958,12.592253836791315
53442623,53424623,53456623,136.18311762353,122.43659582933279,13.746521794197207
53474332,53456332,53488332,136.16092376934307,121.9437237454388,14.217200023904269
53505977,53487977,53519977,136.11282619086217,123.05611107092008,13.056715119942083
53537736,53519736,53551736,136.29419464700698,123.75155863237379,12.542636014633189
53569439,53551439,53583439,135.97816644648685,123.67372979630926,12.304436650177593
53601003,53583003,53615003,136.18868394481052,124.06393226798494,12.124751676825582
53633144,53615144,53647144,136.39676115163672,125.50395629929268,10.892804852344042
53663825,53645825,53677825,135.84989508142553,124.3520051916328,11.49788988979273
53696479,53678479,53710479,136.09454718749964,123.14646926563852,12.948077921861127
53727659,53709659,53741659,136.41619253215907,123.63800100352685,12.77819152863222
53759286,53741286,53773286,136.39588589504194,124.64055021479525,11.755335680246688
53791033,53773033,53805033,136.15372815890996,124.40580590206625,11.747922256843708
53822729,53804729,53836729,136.50567456234862,125.09274705393304,11.412927508415578
53854340,53836340,53868340,136.53525958459053,127.11550392470281,9.419755659887727
53885899,53867899,53899899,136.2545730026422,123.66035829636061,12.594214706281576
53917497,53899497,53931497,136.60754583902582,125.2528616704184,11.35468416860742
53949180,53931180,53963180,137.00916528381524,126.90259996030994,10.106565323505293
53980314,53962314,53994314,136.47702712202369,126.910290822137,9.566736299886685
54009805,53991805,54023805,135.77566766282297,130.3217185398877,5.453949122935256
54754065,54736065,54768065,135.122103890648,132.03152489959513,3.0905789910528654
54785709,54767709,54799709,135.50657875696768,127.37558081879504,8.13099793817264
54817131,54799131,54831131,135.62414525148822,128.3985926275359,7.225552623952325
54848791,54830791,54862791,135.3942645545764,126.29676250291836,9.097502051658054
54880311,54862311,54894311,135.29675009777011,124.20423525968869,11.092514838081428
54911962,54893962,54925962,135.24385669640532,123.5302026934636,11.713654002941723
54943481,54925481,54957481,135.51605127263974,124.15438292303035,11.361668349609388
54975221,54957221,54989221,135.69861097218373,122.75491886694519,12.94369210523854
55006869,54988869,55020869,135.44932168644306,123.1722540766839,12.277067609759158
55038449,55020449,55052449,135.7730214336558,124.4601863614447,11.3128350722111
55070180,55052180,55084180,135.64947568266186,120.98450975804381,14.664965924618045
55101784,55083784,55115784,135.2551701270118,122.15301756977645,13.102152557235357
55133473,55115473,55147473,135.24446109993733,121.81393591510819,13.430525184829136
55164622,55146622,55178622,135.53217800089283,121.54028243339972,13.991895567493103
55196216,55178216,55210216,135.69112233349335,125.48133542640498,10.209786907088372
55227947,55209947,55241947,135.0601761947921,122.00625392944843,13.053922265343658
55259359,55241359,55273359,135.1280258607212,121.41444281770957,13.713583043011639
55290989,55272989,55304989,135.20883770903248,121.47868946802937,13.730148241003107
55322679,55304679,55336679,135.16186506605212,123.34650007597618,11.815364990075935
55355138,55337138,55369138,135.12867665872972,123.45373763643757,11.67493902229215
55385972,55367972,55399972,135.2280587593054,122.0483353045657,13.179723454739715
55418296,55400296,55432296,135.5251880314489,126.9242910426844,8.60089698876449
55448887,55430887,55462887,135.49112583272444,122.25865396766338,13.232471865061058
55480477,55462477,55494477,135.09086692800608,123.69507630244249,11.395790625563592
55512129,55494129,55526129,135.1072332729356,122.96183291848908,12.145400354446508
55543655,55525655,55557655,135.1976555908554,122.97422380172522,12.223431789130174
55575250,55557250,55589250,135.29537790662494,121.56876573456486,13.726612172060072
55606845,55588845,55620845,135.4198188782,121.67020346082901,13.74961541737099
55638438,55620438,55652438,135.47217987143145,124.63665039710853,10.835529474322925
55670186,55652186,55684186,135.45151774697703,124.61373328061391,10.837784466363118
55701712,55683712,55715712,136.14408629860858,129.13473617653244,7.0093501220761425
55733292,55715292,55747292,135.3057593076738,123.56386883120118,11.741890476472634
55764945,55746945,55778945,135.44379369165478,122.13779968058478,13.305994011069998
55796498,55778498,55810498,135.5296112216578,123.23155909202669,12.298052129631117
55828252,55810252,55842252,135.56716992400771,124.09939598071377,11.467773943293949
55859897,55841897,55873897,135.67444476970758,124.49270399739342,11.181740772314157
55891290,55873290,55905290,135.8409008262606,123.86832394964739,11.972576876613203
55922846,55904846,55936846,135.94757169424514,125.90955049891916,10.038021195325982
55954185,55936185,55968185,135.90100277397428,125.22208956835655,10.678913205617732
55985734,55967734,55999734,135.2782255735195,123.55535483611868,11.722870737400825
56017329,55999329,56031329,135.45613928466227,122.15955394825585,13.296585336406423
56048875,56030875,56062875,135.4984355040959,122.17879473109649,13.31964077299942
56080391,56062391,56094391,134.87620027216056,123.75792851157586,11.118271760584705
56111955,56093955,56125955,135.05254564556273,123.51435998995842,11.538185655604309
56143475,56125475,56157475,135.3932308854098,122.37148271938116,13.02174816602863
56175114,56157114,56189114,135.40211741708927,123.05979439885871,12.342323018230559
56206593,56188593,56220593,135.9197192155143,124.2757683324212,11.643950883093112
56238073,56220073,56252073,135.86700801757348,123.31189664708786,12.55511137048562
56269610,56251610,56283610,136.45407163943702,125.96901001399004,10.485061625446974
56301233,56283233,56315233,136.0114847460394,124.68253194133217,11.328952804707228
56332799,56314799,56346799,136.39843163212444,125.69001477199605,10.708416860128395
56364476,56346476,56378476,136.6247772398592,128.41797282885813,8.206804411001087
56393234,56375234,56407234,135.97222065383926,128.93681932321365,7.035401330625604
61672150,61654150,61686150,134.65219221815784,129.94484839724828,4.707343820909557
61703643,61685643,61717643,136.04012856949961,128.24143571878207,7.7986928507175435
61734988,61716988,61748988,135.8201510940202,126.935178715165,8.884972378855196
61766528,61748528,61780528,135.72579260229108,124.71320228072673,11.012590321564346
61798080,61780080,61812080,135.81556193238723,125.43059222856914,10.384969703818086
61829627,61811627,61843627,135.6120795909629,124.99292457366364,10.619155017299263
61861163,61843163,61875163,135.6809554709341,125.43913163574204,10.24182383519205
61892725,61874725,61906725,135.68766742604268,126.05450335968541,9.633164066357267
61924326,61906326,61938326,135.53368186862974,124.71934051253477,10.814341356094971
61955943,61937943,61969943,135.7792530672848,126.5564033262737,9.222849741011103
61987531,61969531,62001531,135.74016493207233,126.98544517727123,8.754719754801101
62019302,62001302,62033302,135.46102991736203,125.11807070527607,10.342959212085958
62050634,62032634,62064634,135.62667172528643,125.68242384296185,9.944247882324575
62082418,62064418,62096418,135.4562494932568,126.22508433910627,9.231165154150517
62114152,62096152,62128152,135.40715270768524,124.38009375421541,11.027058953469833
62145808,62127808,62159808,135.72175661262995,126.14049154043435,9.581265072195592
62176926,62158926,62190926,135.47624467956075,127.27303087775655,8.203213801804196
62207650,62189650,62221650,135.38370574538823,126.68047535101871,8.703230394369513
62238380,62220380,62252380,135.6691475907689,126.38046923085604,9.28867835991285
62269003,62251003,62283003,135.87281155036518,126.67397211227843,9.19883943808675
62299693,62281693,62313693,136.34794455959064,128.65777480403239,7.690169755558259
62330386,62312386,62344386,135.57098851310866,126.19197280662917,9.379015706479493
62361076,62343076,62375076,135.31636840780578,126.50827623108817,8.808092176717608
62391227,62373227,62405227,135.11687439879336,126.50526798762732,8.611606411166036
62421823,62403823,62435823,135.95508227199406,129.21613217381287,6.738950098181192
62451965,62433965,62465965,134.8644082694829,126.14554275937623,8.718865510106681
62482224,62464224,62496224,134.44760025799792,125.09821755686886,9.34938270112906
62512578,62494578,62526578,134.94226597032463,125.22292996605844,9.719336004266182
62542600,62524600,62556600,135.13897089738708,124.17431158251753,10.96465931486955
62571285,62553285,62585285,135.02118219996396,125.01149260466072,10.009689595303243
62600092,62582092,62614092,135.05045648709182,123.49711118918802,11.553345297903803
62628774,62610774,62642774,135.01967808136956,123.30032878316783,11.719349298201735
62657479,62639479,62671479,134.9326892636335,123.13288921752154,11.799800046111969
62686151,62668151,62700151,134.70338901685298,122.89721733922839,11.80617167762459
62714354,62696354,62728354,134.6314086831794,122.98954992546776,11.641858757711631
62743526,62725526,62757526,134.5115589086024,122.6489620593938,11.862596849208614
62772052,62754052,62786052,135.01964068472256,122.9007508120853,12.118889872637254
62800705,62782705,62814705,135.29270573050462,121.94399748631211,13.348708244192508
62829426,62811426,62843426,135.2443605638909,122.79933691456526,12.445023649325634
62858052,62840052,62872052,135.39836450895075,124.3547531734766,11.043611335474154
62886709,62868709,62900709,135.75498555436957,124.07744343771722,11.677542116652347
62915359,62897359,62929359,135.6293013074296,123.86781724744378,11.761484059985833
62944013,62926013,62958013,135.3088086943481,123.23850040406873,12.070308290279371
62972725,62954725,62986725,135.3278038178365,124.25913576010416,11.068668057732339
63001133,62983133,63015133,135.6645218086639,124.00309214714328,11.661429661520614
63029794,63011794,63043794,135.5132884686682,124.11873271799338,11.394555750674826
63057668,63039668,63071668,137.06245976940664,132.3761243755881,4.686335393818553
63085469,63067469,63099469,135.70951068913467,125.16798961888276,10.541521070251918
63112808,63094808,63126808,135.97642763690396,124.52547801768368,11.450949619220282
63140700,63122700,63154700,136.208944737473,125.1926410222834,11.016303715189594
63168452,63150452,63182452,135.9346325053573,125.65410057671046,10.280531928646852
63196044,63178044,63210044,136.19433289907215,124.3028825237165,11.891450375355646
63224244,63206244,63238244,136.51172343839687,123.62993443291168,12.881789005485189
63251626,63233626,63265626,136.46966371635142,124.24854624960031,12.22111746675111
63279305,63261305,63293305,136.21342022483665,124.29722996052988,11.916190264306778
63306890,63288890,63320890,136.14355691259107,124.66347529972482,11.480081612866243
63335042,63317042,63349042,136.63645324851433,125.07670777259793,11.559745475916401
63362186,63344186,63376186,136.80885808816942,126.88263700207796,9.92622108609146
63389947,63371947,63403947,136.39913658314364,124.11791174645182,12.28122483669182
63417549,63399549,63431549,135.87685501489926,124.95445673406758,10.922398280831686
63445300,63427300,63459300,136.24581203332326,124.95481399966116,11.290998033662106
63473047,63455047,63487047,136.7157634616192,125.55041005965748,11.16535340196171
63500779,63482779,63514779,136.5721677625718,123.56991140974753,13.002256352824276
63528459,63510459,63542459,136.28469454906838,121.88328667886299,14.40140787020539
63556166,63538166,63570166,136.05884377057424,123.17063415927096,12.888209611303282
63583986,63565986,63597986,135.91301896691044,123.35924425213796,12.553774714772487
63611838,63593838,63625838,136.24496020514766,123.9358676310876,12.30909257406006
63639569,63621569,63653569,136.32384761444962,123.42398895820317,12.899858656246451
63666944,63648944,63680944,136.39412762105331,123.05125688433462,13.342870736718695
63694559,63676559,63708559,135.92533533356695,123.46930684645372,12.45602848711323
63722618,63704618,63736618,135.9130444792241,122.83841749700406,13.074626982220053
63750332,63732332,63764332,136.14211736012615,122.34531311273118,13.796804247394974
63777750,63759750,63791750,136.36115204556256,123.3256263731879,13.03552567237466
63805424,63787424,63819424,136.2178603019223,123.95228304771452,12.26557725420777
63833077,63815077,63847077,136.03752628246068,125.35075569946565,10.686770582995024
63860831,63842831,63874831,135.9925023853219,125.65781980921317,10.334682576108733
63888755,63870755,63902755,135.87085935392213,123.43039267895847,12.440466674963659
63916433,63898433,63930433,136.3021551434617,123.89597473798409,12.406180405477613
63943902,63925902,63957902,136.12802027757857,125.51439856986221,10.613621707716362
63971734,63953734,63985734,136.11835937759142,126.20644117559445,9.911918201996968
63999390,63981390,64013390,135.77244983173398,124.21882783905008,11.553621992683901
64028383,64010383,64042383,136.59695214469843,124.32447805935891,12.272474085339525
64054869,64036869,64068869,136.76223410840225,126.29716518629814,10.465068922104109
64082542,64064542,64096542,136.50231316145187,124.4018216662448,12.100491495207066
64111287,64093287,64125287,136.41584418313101,128.70832736010982,7.707516823021194
64138520,64120520,64152520,136.2115336445908,128.04298411598074,8.168549528610043
64164640,64146640,64178640,136.1160347630317,124.57972211156985,11.536312651461856
64189618,64171618,64203618,136.09665401697657,125.93651339891592,10.160140618060652
64216051,64198051,64230051,136.2669593779314,126.3864110958526,9.88054828207882
64242524,64224524,64256524,136.04655471202366,123.09374831750459,12.952806394519072
64269383,64251383,64283383,136.54261072832807,124.4749803821349,12.06763034619317
64295658,64277658,64309658,136.60206730011683,125.39226893335535,11.209798366761476
64321685,64303685,64335685,136.36496159617116,124.37843785619647,11.986523739974686
64347996,64329996,64361996,136.47681081975665,124.15497806254096,12.321832757215688
64373765,64355765,64387765,136.76699368709959,124.62673205463409,12.140261632465496
64400200,64382200,64414200,136.66043786252283,126.52524667900772,10.135191183515104
64426395,64408395,64440395,136.38453334398844,125.77536613570624,10.609167208282201
64452585,64434585,64466585,136.38941014716107,126.75085610051937,9.638554046641701
64478346,64460346,64492346,136.3292900732667,126.8731564467714,9.456133626495287
64504086,64486086,64518086,136.64714465392663,126.80558588028754,9.841558773639093
64529772,64511772,64543772,136.84888808376857,125.76315142880156,11.085736654967008
64555507,64537507,64569507,136.7600865715157,125.34111481720309,11.418971754312608
64581400,64563400,64595400,136.40798611042806,125.70198312978778,10.706002980640278
64607222,64589222,64621222,136.09488443932582,125.94347898010986,10.151405459215965
64633023,64615023,64647023,136.1650028079374,126.06458792210586,10.100414885831555
64658684,64640684,64672684,136.3895549499113,126.44075056999947,9.94880437991182
64684417,64666417,64698417,135.96282244490806,125.7363511400545,10.226471304853561
64709788,64691788,64723788,135.90326331167867,125.78829138530898,10.114971926369691
64735674,64717674,64749674,136.37454205763515,128.08589964988607,8.28864240774908
64761433,64743433,64775433,136.57075896076347,126.94101502653488,9.629743934228586
64788488,64770488,64802488,136.66097546780168,129.20460784176188,7.456367626039793
64813695,64795695,64827695,136.3829491446127,128.1779699481075,8.204979196505207
64837374,64819374,64851374,137.15070253449443,128.03287137254128,9.117831161953148
64862176,64844176,64876176,136.91759141556378,126.03718870704652,10.880402708517252
64886979,64868979,64900979,136.91002448914458,123.47820091943137,13.431823569713202
64911703,64893703,64925703,136.90097005653632,124.8186907830478,12.082279273488524
64936456,64918456,64950456,136.6325846835625,125.19653396190117,11.436050721661331
64961436,64943436,64975436,136.6220258814308,124.23248726669667,12.389538614734136
64986189,64968189,65000189,136.49099330352976,123.51247956071411,12.97851374281565
65010957,64992957,65024957,137.2139897961141,131.44994471530256,5.764045080811542
65035819,65017819,65049819,136.14102584932385,124.33181749047344,11.809208358850412
65060539,65042539,65074539,136.4887519447994,122.75485894064357,13.733893004155817
65085095,65067095,65099095,136.99730484184593,125.45665778336327,11.540647058482662
65109880,65091880,65123880,136.91861147230148,126.46127464888737,10.45733682341411
65134732,65116732,65148732,136.7307660282064,124.4132718237256,12.31749420448081
65159561,65141561,65173561,136.86067681006787,124.80221091002734,12.058465900040531
65184484,65166484,65198484,136.7349954686399,123.72322658247826,13.011768886161647
65209324,65191324,65223324,136.6391580765555,123.20745817369976,13.43169990285574
65234161,65216161,65248161,136.93061899827273,127.5582434278621,9.37237557041064
65258995,65240995,65272995,136.98016525454742,126.3430716650387,10.637093589508709
65283889,65265889,65297889,136.9057489326853,122.22793139365552,14.677817539029775
65308783,65290783,65322783,136.7937328916043,123.20542381810932,13.588309073494969
65333611,65315611,65347611,136.8956094246527,124.21255286370123,12.683056560951457
65358500,65340500,65372500,137.30278180224846,126.47510674584694,10.827675056401517
65383455,65365455,65397455,137.32440727220765,124.96616772821943,12.358239543988219
65408468,65390468,65422468,137.16857117604096,124.53560522216895,12.632965953872002
65433283,65415283,65447283,137.35681365080742,124.85745331887739,12.499360331930035
65458109,65440109,65472109,137.58733430717172,125.52488299212894,12.062451315042779
65483005,65465005,65497005,137.51021510415003,125.76292313718471,11.74729196696532
65508064,65490064,65522064,137.20038815788004,125.92729905545428,11.273089102425757
65532974,65514974,65546974,137.4173339762292,125.34121567935513,12.076118296874071
65557476,65539476,65571476,137.93031328622666,125.47506769085537,12.455245595371295
65581903,65563903,65595903,137.80479762070524,126.21716936197154,11.587628258733702
65606282,65588282,65620282,137.55513617555303,125.305269910122,12.249866265431024
65630543,65612543,65644543,137.78604936036376,123.87527380588114,13.910775554482626
65654949,65636949,65668949,137.70689656426396,123.84616802292798,13.860728541335973
65679343,65661343,65693343,137.60368484167861,122.49318322443867,15.110501617239947
65703732,65685732,65717732,137.44223632836662,121.03119539530839,16.41104093305823
65728127,65710127,65742127,137.16570725899652,121.75079020524575,15.41491705375077
65752199,65734199,65766199,137.36358025533147,122.73201848178897,14.6315617735425
65776572,65758572,65790572,137.2659262178869,121.77939216919013,15.486534048696782
65800950,65782950,65814950,137.47363870561,121.88879607769985,15.584842627910149
65825424,65807424,65839424,137.3103459144004,123.4852976490278,13.825048265372587
65849951,65831951,65863951,136.78740931078318,123.92613285057723,12.861276460205943
65874435,65856435,65888435,136.90940392122698,122.49561254040924,14.413791380817742
65898903,65880903,65912903,137.23235702967617,125.28526890546372,11.947088124212442
65923279,65905279,65937279,137.32742121945677,126.14948780785701,11.177933411599753
65947003,65929003,65961003,137.9889127353093,125.7288210069082,12.260091728401093
65971379,65953379,65985379,138.1052628939236,124.56775451958416,13.537508374339438
65995878,65977878,66009878,138.08518298788977,126.57256180957646,11.51262117831331
66020431,66002431,66034431,137.82051322219235,125.26195503264455,12.558558189547796
66044829,66026829,66058829,137.79865650614144,125.1681236627145,12.630532843426934
66069308,66051308,66083308,137.7126754896833,126.87096746002035,10.841708029662954
66092801,66074801,66106801,137.89388125685957,127.41068392777319,10.48319732908638
66115998,66097998,66129998,137.52167537964053,126.21116253453391,11.310512845106615
66139177,66121177,66153177,137.40693038206211,125.39072268281336,12.016207699248753
66161878,66143878,66175878,137.90087194258945,125.96633466855911,11.934537274030333
66185136,66167136,66199136,137.7207208817013,126.3359350834645,11.384785798236805
66208609,66190609,66222609,137.61352571218913,125.73580495677535,11.877720755413776
66231619,66213619,66245619,137.96260923846592,124.97685489035062,12.985754348115293
66254790,66236790,66268790,138.0308185736076,124.90017750637101,13.130641067236596
66277984,66259984,66291984,138.0983278637224,124.7616863464153,13.3366415173071
66301166,66283166,66315166,138.261680479158,124.35127528825112,13.910405190906886
66324448,66306448,66338448,138.34133783469557,124.95005103964131,13.391286795054256
66348502,66330502,66362502,137.70242599354464,126.4537191259712,11.248706867573432
66371794,66353794,66385794,137.6154064101437,125.39333804566394,12.222068364479753
66394064,66376064,66408064,138.37529358471917,125.18221126355482,13.193082321164354
66417242,66399242,66431242,138.58871072483066,126.51550637673118,12.07320434809948
66440487,66422487,66454487,138.73603709113561,125.89459549651308,12.841441594622538
66463812,66445812,66477812,138.42031251620244,126.10043964722851,12.319872868973931
66486983,66468983,66500983,137.91587511505094,125.49516267589956,12.420712439151373
66510279,66492279,66524279,137.9707227967503,123.28641664374133,14.684306153008961
66534807,66516807,66548807,137.11785801015387,123.33174833126546,13.786109678888408
66556979,66538979,66570979,138.06351157572286,123.82235815386537,14.24115342185749
66580221,66562221,66594221,138.0136360722469,124.94514320539506,13.068492866851841
66602962,66584962,66616962,138.20266529177394,125.50975045998945,12.692914831784492
66627568,66609568,66641568,137.3148874761393,125.7350457060558,11.57984177008349
66650888,66632888,66664888,137.43372672419176,125.36870493913352,12.065021785058235
66672600,66654600,66686600,138.28343294853687,125.19647853194697,13.086954416589904
66695696,66677696,66709696,138.0634852269439,126.08514601557032,11.97833921137358
66718837,66700837,66732837,138.00686054458455,124.61275589455114,13.394104650033412
66741991,66723991,66755991,138.15519017764794,126.58782718721498,11.567362990432954
66765159,66747159,66779159,138.26781459710043,129.02596977260995,9.241844824490471
66788449,66770449,66802449,137.7953643085466,125.52030503230256,12.275059276244036
66811645,66793645,66825645,137.66286958373047,124.91277970099893,12.750089882731544
66834916,66816916,66848916,137.52400871382855,127.20914338870523,10.314865325123321
66858200,66840200,66872200,137.69199109454044,129.57372726839077,8.118263826149672
66881905,66863905,66895905,137.47572700592698,128.32730276738744,9.148424238539548
66905712,66887712,66919712,137.682769091431,126.98011903096322,10.702650060467775
66929026,66911026,66943026,138.0994787148755,125.4010415849203,12.698437129955181
66953846,66935846,66967846,137.30453841599865,124.97916584806582,12.325372567932831
66977605,66959605,66991605,137.56040139819459,125.96263427063968,11.597767127554903
67001179,66983179,67015179,137.9861542778119,126.56171935906464,11.424434918747252
67025017,67007017,67039017,137.9821058663592,126.0188531947791,11.963252671580108
67048882,67030882,67062882,138.01101476560711,126.05367526685284,11.95733949875428
67072774,67054774,67086774,138.0524573251429,124.74155033471607,13.310906990426844
67096573,67078573,67110573,137.72750716469807,124.01846069570121,13.70904646899686
67120287,67102287,67134287,138.15001790702877,128.61473754481474,9.535280362214024
67144152,67126152,67158152,138.19009804961266,126.95989630771103,11.230201741901624
67168001,67150001,67182001,137.87127494155732,122.71274976182987,15.158525179727448
67191564,67173564,67205564,138.1531760344135,125.30572794656719,12.847448087846303
67215374,67197374,67229374,138.23002058710088,127.25212623251225,10.977894354588628
67239150,67221150,67253150,137.84779358844668,123.7525005145448,14.095293073901871
67262884,67244884,67276884,137.7080074804586,123.32024888902583,14.387758591432771
67286939,67268939,67300939,137.55956583460028,124.68917308074795,12.870392753852329
67310662,67292662,67324662,137.67493461373067,125.02887554560326,12.646059068127414
67334508,67316508,67348508,137.60684071103051,124.72012057788936,12.886720133141154
67358354,67340354,67372354,137.74564561153466,127.44501446831288,10.300631143221779
67382180,67364180,67396180,137.5290360639619,126.09188580981176,11.437150254150154
67405923,67387923,67419923,137.49781466215376,122.92453278806413,14.57328187408963
67429679,67411679,67443679,137.43863987726803,124.30290414428768,13.13573573298035
67453205,67435205,67467205,137.31702393865632,126.28926948618624,11.027754452470077
67477150,67459150,67491150,137.13628635304994,125.30816262825962,11.828123724790316
67500845,67482845,67514845,137.30890317779495,124.41424048671657,12.89466269107838
67524546,67506546,67538546,137.40764415254594,124.23719204406167,13.17045210848427
67548224,67530224,67562224,137.55993663516156,124.14569450632018,13.41424212884138
67572153,67554153,67586153,137.88636352914767,124.15245287577133,13.733910653376341
67595877,67577877,67609877,138.29713830980913,123.97513614707117,14.32200216273796
67619676,67601676,67633676,138.41892241875604,124.61516833707259,13.80375408168345
67643383,67625383,67657383,138.28484940430576,125.67610232109617,12.608747083209593
67667016,67649016,67681016,138.59739434200281,126.97105464776453,11.626339694238283
67692265,67674265,67706265,138.94707535921955,130.46189315722276,8.485182201996793
67717675,67699675,67731675,138.65213374644546,129.03698302222034,9.615150724225117
67743137,67725137,67757137,138.57731831358916,127.34801181914759,11.229306494441573
67768351,67750351,67782351,138.13639863685546,125.72738528266916,12.4090133541863
67793895,67775895,67807895,137.7904261440807,125.43946591526765,12.350960228813051
67819596,67801596,67833596,138.13249765685302,126.03268134481355,12.099816312039465
67845147,67827147,67859147,138.1980718700034,126.82688277084297,11.371189099160418
67870659,67852659,67884659,137.96517281008204,122.65996031941397,15.305212490668069
67896149,67878149,67910149,137.83900630496623,124.82677214153674,13.012234163429497
67921762,67903762,67935762,138.29000536353453,125.16021759593511,13.129787767599424
67947672,67929672,67961672,138.65951283636616,125.27653221261139,13.382980623754776
67972081,67954081,67986081,138.97138789477464,123.95156491815627,15.019822976618372
67998156,67980156,68012156,138.57253001274006,123.98186892066417,14.59066109207589
68023479,68005479,68037479,138.43188845160483,126.4246060425341,12.00728240907074
68048974,68030974,68062974,138.67354342095103,127.26326848424762,11.410274936703416
68074414,68056414,68088414,138.40184979359904,125.89153284889542,12.510316944703618
68099832,68081832,68113832,138.72834205058194,125.28860538825452,13.43973666232742
68125198,68107198,68139198,139.1102081160182,129.3090430409539,9.801165075064318
68150484,68132484,68164484,139.22530857885596,129.68365981467156,9.541648764184401
68175861,68157861,68189861,138.62246416069308,123.86494135321848,14.7575228074746
68201187,68183187,68215187,138.50994092263414,122.98659440909421,15.523346513539934
68226473,68208473,68240473,138.8574920541643,125.83099359631609,13.02649845784822
68251175,68233175,68265175,139.5522907989162,126.67051541025872,12.881775388657488
68276313,68258313,68290313,139.4425103484336,126.92835054640264,12.514159802030946
68301422,68283422,68315422,139.50249901035878,125.87787910705526,13.624619903303511
68326567,68308567,68340567,139.46609660509628,124.37679809180867,15.089298513287616
68352160,68334160,68366160,139.22391833512054,127.31825138189865,11.905666953221896
68377356,68359356,68391356,139.9829825111993,133.22408624695643,6.758896264242878
68402362,68384362,68416362,139.4652537160913,125.89557266489848,13.569681051192816
68427118,68409118,68441118,140.0844775485078,125.35097144043475,14.733506108073058
68452248,68434248,68466248,140.24550079461577,126.56043563921826,13.68506515539751
68477548,68459548,68491548,140.01090268836973,125.80252419627908,14.208378492090645
68502620,68484620,68516620,140.24492506112833,126.04244682917201,14.20247823195632
68527526,68509526,68541526,140.5392353770868,125.97295382505459,14.566281552032223
68552845,68534845,68566845,140.05124481047153,125.7361639497947,14.31508086067683
68578005,68560005,68592005,139.9527874943647,127.52842767550649,12.424359818858221
68603591,68585591,68617591,139.53762092554626,127.78445878873926,11.753162136807006
68629601,68611601,68643601,139.07614394171748,126.19100109578027,12.88514284593721
68655605,68637605,68669605,139.02974409436365,125.84506734043985,13.184676753923796
68681961,68663961,68695961,139.03438719874583,124.7806455120277,14.25374168671813
68707781,68689781,68721781,138.75756490699223,123.04498028330882,15.712584623683412
68733884,68715884,68747884,138.74681500595187,125.52060742221619,13.226207583735686
68760027,68742027,68774027,138.45363501434846,125.35425997011599,13.099375044232474
68786090,68768090,68800090,138.12061693942636,124.01189253000663,14.108724409419722
68812194,68794194,68826194,138.06582415049328,124.62645935865963,13.439364791833654
68838247,68820247,68852247,137.9752019097242,124.86285282880786,13.112349080916346
68864006,68846006,68878006,138.08723619862366,125.98630776603302,12.100928432590635
68890130,68872130,68904130,137.79751912819586,126.0816829204204,11.715836207775453
68916191,68898191,68930191,137.90861350065344,126.69557487496934,11.213038625684106
68942465,68924465,68956465,138.09647441229683,124.92039272004038,13.176081692256446
68968463,68950463,68982463,138.4426332944831,124.53539029702101,13.907242997462092
68994683,68976683,69008683,138.31772672844676,124.84751037607444,13.470216352372319
69020707,69002707,69034707,138.25598232162935,124.7587792492717,13.49720307235765
69046823,69028823,69060823,138.0873114088127,123.90389472009595,14.183416688716747
69072913,69054913,69086913,138.590650590909,128.61780860405605,9.972841986852956
69098989,69080989,69112989,138.26504913574087,126.84037804259896,11.42467109314191
69125021,69107021,69139021,137.9643820554849,125.21139348289796,12.75298857258693
69151060,69133060,69165060,138.27074837696114,126.47635148403636,11.79439689292478
69177129,69159129,69191129,138.49820166192214,126.47564356503693,12.022558096885206
69203234,69185234,69217234,138.24662447919823,123.05859799176245,15.188026487435778
69229401,69211401,69243401,138.24085939373424,122.53770366921371,15.703155724520528
69255487,69237487,69269487,138.4751812728456,124.58144540804717,13.893735864798415
69281537,69263537,69295537,138.81655843472475,125.92264588657235,12.8939125481524
69309478,69291478,69323478,138.44096260875855,124.25454816691231,14.186414441846239
69333550,69315550,69347550,138.45262122104936,124.51405686608632,13.938564354963034
69359792,69341792,69373792,138.3382915969957,124.23028832011812,14.108003276877582
69385786,69367786,69399786,138.3764987379952,123.0234941235424,15.3530046144528
69411974,69393974,69425974,138.50691025860814,123.88040948237565,14.62650077623249
69438140,69420140,69452140,138.59207882077965,123.10043321601997,15.491645604759682
69464390,69446390,69478390,138.62616096473226,123.61591254707612,15.010248417656143
69490027,69472027,69504027,138.7940582554248,126.07338094883352,12.720677306591284
69516222,69498222,69530222,138.54474297015057,126.20157931716906,12.343163652981502
69542264,69524264,69556264,138.43284485804213,124.19128836406502,14.241556493977114
69568399,69550399,69582399,138.21878890295162,126.01563068284864,12.203158220102978
69594510,69576510,69608510,138.15634006638408,125.48169044148455,12.67464962489953
69620594,69602594,69634594,138.53307147122945,123.73661932112367,14.796452150105779
69646699,69628699,69660699,138.4575860579654,124.85856113715056,13.599024920814827
69672772,69654772,69686772,138.49052251008806,123.59102906912875,14.899493440959304
69699005,69681005,69713005,138.72433327186448,122.46911344979807,16.255219822066408
69725150,69707150,69739150,138.8679489370622,121.80460225233902,17.063346684723186
69750943,69732943,69764943,138.7808908141559,122.3966094474517,16.3842813667042
69776711,69758711,69790711,138.98352894856902,122.05741082117008,16.926118127398937
69804392,69786392,69818392,138.93121896969635,122.39312176896279,16.53809720073356
69829082,69811082,69843082,139.01855504010013,121.61383791960407,17.40471712049606
69855158,69837158,69869158,138.98652631015662,123.5803932271821,15.40613308297452
69881272,69863272,69895272,139.09621940121787,123.0141826081249,16.082036793092968
69907594,69889594,69921594,138.8777949638645,122.41568036043995,16.46211460342454
69933691,69915691,69947691,139.0042357882575,124.63011140571061,14.374124382546881
69959785,69941785,69973785,139.22775742843163,124.5953333660905,14.63242406234113
69985903,69967903,69999903,139.35949318682134,123.36819085486798,15.991302331953364
70012038,69994038,70026038,139.1350703256758,122.51606150783442,16.619008817841376
70038141,70020141,70052141,138.95048978773548,125.23686071527061,13.713629072464869
70064192,70046192,70078192,138.996183786602,123.60808105530539,15.388102731296598
70090287,70072287,70104287,139.1170601816521,126.00430113595004,13.112759045702063
70116556,70098556,70130556,139.01982730789,127.46730589228753,11.552521415602484
70142773,70124773,70156773,138.66907070876744,127.44518870529602,11.223882003471417
70168759,70150759,70182759,138.39626202782685,125.32370862230783,13.072553405519017
70194780,70176780,70208780,138.86955725508508,127.70815743108568,11.161399823999403
70221070,70203070,70235070,138.98887720144035,127.42821921438853,11.560657987051812
70247212,70229212,70261212,138.8737771730845,125.84859386039973,13.025183312684774
70273280,70255280,70287280,138.60089110825237,125.59682118101918,13.00406992723319
70299310,70281310,70313310,138.5950130931487,124.63369238556098,13.961320707587731
70325591,70307591,70339591,138.6567121701106,124.52013459765286,14.136577572457753
70351204,70333204,70365204,139.0347138779824,129.16663141042565,9.868082467556746
70378703,70360703,70392703,138.55573248771717,127.3871019702169,11.168630517500262
70403877,70385877,70417877,138.22048274914914,125.06537607025112,13.155106678898022
70429979,70411979,70443979,138.05994883752604,124.86681717924846,13.19313165827758
70456098,70438098,70470098,138.2907590704501,126.21520051597457,12.07555855447552
70482215,70464215,70496215,138.472404607601,127.1871369863792,11.285267621221792
70508888,70490888,70522888,138.13431285946902,124.87157543160501,13.26273742786401
70533791,70515791,70547791,138.05230228121746,125.0618586571113,12.990443624106163
70560393,70542393,70574393,138.00397217835894,125.54090679773466,12.463065380624272
70586508,70568508,70600508,138.1993869779225,127.06909775513246,11.13028922279004
70612656,70594656,70626656,138.35727399420594,126.32300988021024,12.034264113995704
70638923,70620923,70652923,138.4988537585803,125.90949404426475,12.589359714315563
70664988,70646988,70678988,138.34430722913493,126.0829814882964,12.26132574083853
70691073,70673073,70705073,138.22594805747735,126.57885180600765,11.647096251469705
70717081,70699081,70731081,138.67630547644586,127.58094347994323,11.095361996502632
70743395,70725395,70757395,138.80887423439037,127.81230542229837,10.996568812092008
70769583,70751583,70783583,138.90901143341608,126.58663130917908,12.322380124237
70795815,70777815,70809815,138.5630032819321,124.53046938466909,14.032533897263022
70821837,70803837,70835837,138.77560412526935,124.13579938764335,14.639804737626008
70848047,70830047,70862047,138.51047552695564,124.0907293292712,14.419746197684447
70874357,70856357,70888357,138.54842145474197,124.23934830263667,14.309073152105299
70900430,70882430,70914430,138.82474332656133,126.05147337545439,12.77326995110694
70926567,70908567,70940567,138.48216624747434,123.10159761537749,15.380568632096853
70952751,70934751,70966751,138.13867529574068,124.19574349616313,13.94293179957755
70978858,70960858,70992858,138.5243084449757,126.52306971953386,12.001238725441837
71004978,70986978,71018978,138.88208647110685,127.02379134450166,11.858295126605185
71031148,71013148,71045148,138.41362470502017,124.45055545585134,13.963069249168825
71057289,71039289,71071289,138.00214119120045,123.86180247829509,14.140338712905361
71083420,71065420,71097420,138.0292423360995,123.83401244395964,14.19522989213985
71109441,71091441,71123441,138.28635030919378,124.60189856864707,13.684451740546706
71135613,71117613,71149613,138.16921307826084,125.28942105760663,12.879792020654207
71161853,71143853,71175853,137.82370599824498,123.67470688119967,14.148999117045307
71187988,71169988,71201988,137.83680778983796,122.27220290768587,15.564604882152096
71214120,71196120,71228120,137.98190501565333,125.34708704325014,12.634817972403184
71240247,71222247,71254247,138.04645399333452,124.09954036305584,13.946913630278686
71266495,71248495,71280495,138.00934480809673,125.7032425821162,12.306102225980524
71292651,71274651,71306651,138.199914734104,129.0839792178261,9.115935516277887
71318659,71300659,71332659,137.94815020920788,123.8332870818207,14.114863127387181
71344793,71326793,71358793,137.96481370697757,123.70171515539745,14.263098551580114
71371130,71353130,71385130,138.2566055415477,126.50051346808345,11.75609207346426
71397304,71379304,71411304,137.9488967894008,123.59418433449832,14.354712454902483
71423398,71405398,71437398,137.83790775876514,124.80858284972173,13.02932490904341
71449338,71431338,71463338,137.8938179255894,124.86021777637411,13.033600149215275
71475512,71457512,71489512,138.24647606028452,126.43164215711462,11.814833903169898
71501540,71483540,71515540,138.15172224473227,123.71237657609812,14.439345668634147
71527697,71509697,71541697,138.2084960206352,123.7720181988235,14.436477821811707
71553849,71535849,71567849,138.46214488728884,123.60372191200513,14.858422975283716
71580022,71562022,71594022,138.57627235931594,123.00584579535953,15.570426563956403
71606175,71588175,71620175,138.27730406114154,121.7979802946757,16.47932376646584
71632329,71614329,71646329,138.3482682587201,121.94413671861467,16.40413154010544
71658564,71640564,71672564,138.55794669526637,122.7645796004724,15.793367094793965
71684650,71666650,71698650,138.7198831822706,123.68597030464777,15.033912877622825
71710809,71692809,71724809,138.75149720066688,123.93869181221014,14.812805388456738
71736974,71718974,71750974,138.83611699852682,124.27117815340635,14.564938845120466
71763127,71745127,71777127,139.00455128495673,125.15566237472069,13.848888910236042
71789260,71771260,71803260,139.0095524458525,125.30722663239084,13.70232581346167
71815455,71797455,71829455,138.94645779642536,127.39793431341441,11.548523483010953
71841614,71823614,71855614,138.45067513572343,125.55239626938496,12.898278866338472
71867818,71849818,71881818,138.41879905066787,122.57250878822143,15.846290262446445
71894173,71876173,71908173,138.52269779552475,122.73241914006317,15.790278655461577
71920036,71902036,71934036,138.50995999195766,124.04555533831032,14.464404653647335
71946450,71928450,71960450,138.6305927820558,123.92315420591811,14.70743857613769
71972399,71954399,71986399,138.7702042000531,124.92809164861384,13.842112551439243
71998581,71980581,72012581,138.6671844921738,125.88332672376856,12.783857768405227
72023847,72005847,72037847,138.0732035757271,127.64685893443325,10.426344641293838
72049126,72031126,72063126,138.02599721246958,126.77048111041924,11.255516102050336
72074173,72056173,72088173,138.27296587154646,125.7707718361383,12.502194035408166
72099425,72081425,72113425,138.4554134844738,128.285046113909,10.170367370564804
72124775,72106775,72138775,138.09645363985618,126.41422375925048,11.682229880605703
72150029,72132029,72164029,137.7548443529076,124.96836845745783,12.786475895449783
72175286,72157286,72189286,137.57121785744036,126.30342508940751,11.267792768032848
72200440,72182440,72214440,137.88489600036155,128.75253553453595,9.132360465825599
72226026,72208026,72240026,137.6934264076562,125.90698292082297,11.786443486833235
72251308,72233308,72265308,137.52750708097102,125.75531281615694,11.772194264814075
72276563,72258563,72290563,137.257683494598,125.39094278301937,11.866740711578643
72301843,72283843,72315843,137.31992510192975,125.73880267216381,11.58112242976594
72326846,72308846,72340846,137.72316199451512,126.60774713483697,11.115414859678154
72352086,72334086,72366086,137.49471574094633,126.7938325502752,10.700883190671135
72377777,72359777,72391777,137.09927014533343,126.71421082080371,10.38505932452972
72403083,72385083,72417083,137.15026831141873,125.7951521542016,11.355116157217125
72427892,72409892,72441892,137.38321019818986,125.04005747057238,12.343152727617479
72453132,72435132,72467132,137.52942688609454,125.42770183812664,12.101725047967903
72478415,72460415,72492415,137.4376365549718,128.46339952439433,8.974237030577456
72503194,72485194,72517194,137.29804486847382,129.44387877207802,7.854166096395801
72527410,72509410,72541410,137.88201166472126,127.33012477155617,10.55188689316509
72551640,72533640,72565640,138.1720834753044,125.558543248601,12.613540226703392
72575822,72557822,72589822,138.14130525279379,124.95924520973148,13.182060043062307
72600069,72582069,72614069,137.9212546495062,125.15237259346435,12.76888205604186
72624278,72606278,72638278,137.9472141961121,123.34477959079453,14.602434605317569
72648511,72630511,72662511,138.16547690319118,121.9325915019168,16.232885401274373
72672857,72654857,72686857,138.22340675536844,123.0733629378393,15.150043817529138
72697037,72679037,72711037,138.3604269996249,122.67335532541594,15.687071674208966
72721259,72703259,72735259,138.31435406755003,122.44820917383365,15.866144893716381
72745500,72727500,72759500,138.45995993890912,122.35272919289841,16.107230746010714
72769723,72751723,72783723,138.77186251364424,125.00032937664308,13.771533137001157
72793861,72775861,72807861,139.18118791279963,126.2340873804595,12.94710053234013
72817956,72799956,72831956,139.4112754037593,125.59902064444125,13.812254759318051
72842231,72824231,72856231,139.4723565651012,126.30035082353608,13.172005741565115
72866573,72848573,72880573,139.38114521119456,126.59386024129417,12.787284969900398
72891116,72873116,72905116,139.2447866679473,128.45854360937628,10.786243058571017
72914846,72896846,72928846,139.50781973856198,127.68805477948723,11.819764959074746
72939082,72921082,72953082,139.41286994819964,126.55006185546547,12.86280809273417
72962246,72944246,72976246,140.29608872007063,127.55028850991039,12.74580021016024
72985625,72967625,72999625,140.19006331146153,129.41902505740114,10.771038254060386
73008552,72990552,73022552,139.9722464254186,127.20996549427048,12.762280931148126
73031580,73013580,73045580,139.84491594113697,124.2907755849434,15.554140356193571
73054808,73036808,73068808,139.86811596697407,125.39589902025261,14.47221694672146
73077896,73059896,73091896,139.81586988075557,123.93044673972751,15.885423141028056
73101029,73083029,73115029,139.84372264819243,124.61856820855442,15.225154439638004
73124104,73106104,73138104,139.74424567450737,124.93576866890338,14.80847700560399
73147226,73129226,73161226,139.6797242353194,126.00639704155341,13.673327193766
73170320,73152320,73184320,139.41722299757924,125.01210877074107,14.40511422683818
73193769,73175769,73207769,139.28729174587585,124.86174053154767,14.42555121432818
73216895,73198895,73230895,139.38639802829127,125.38543550895837,14.000962519332901
73239985,73221985,73253985,139.69659110571658,127.56288383166566,12.13370727405092
73263098,73245098,73277098,139.65496453016408,126.09619172118573,13.558772808978347
73286232,73268232,73300232,139.52166895947414,126.28259438002956,13.239074579444576
73308859,73290859,73322859,139.56777022698728,126.53397227842176,13.033797948565521
73331901,73313901,73345901,139.52081417783018,126.56929900098689,12.951515176843287
73355606,73337606,73369606,139.3542747006799,127.67317498575166,11.681099714928237
73379029,73361029,73393029,138.94664972541938,127.35510404302943,11.591545682389949
73401823,73383823,73415823,139.29783022511833,126.86926213829287,12.428568086825464
73425151,73407151,73439151,139.35197387157584,126.5178020101057,12.83417186147014
73449548,73431548,73463548,138.19877624881286,126.84307936093288,11.355696887879986
73473186,73455186,73487186,139.0911361119778,127.79202937229206,11.299106739685726
73497364,73479364,73511364,138.9114285370763,127.24775325329288,11.663675283783405
73522146,73504146,73536146,138.2260182948272,126.6397010983129,11.586317196514315
73546712,73528712,73560712,138.0220027370495,126.68618173145488,11.33582100559461
73570361,73552361,73584361,138.95016541796048,127.40754394290937,11.542621475051106
73594645,73576645,73608645,138.4826371882647,126.62818830300026,11.854448885264446
73619518,73601518,73633518,137.8116602473335,126.43006706618041,11.381593181153079
73644073,73626073,73658073,137.7951692806391,126.64842174002808,11.146747540611017
73668504,73650504,73682504,137.77694756525867,124.64619735565365,13.130750209605011
73692672,73674672,73706672,137.8621376258994,124.81973024916599,13.042407376733422
73717154,73699154,73731154,137.4769649018363,125.49796414205515,11.979000759781158
73741664,73723664,73755664,137.7929182821369,128.59626699488376,9.196651287253133
73766008,73748008,73780008,137.627149219494,124.4713143588632,13.15583486063079
73790353,73772353,73804353,137.829870070567,124.35013275239852,13.479737318168489
73814848,73796848,73828848,137.82164509819663,126.37405255471208,11.447592543484546
73839248,73821248,73853248,137.70441272892162,123.81958760023036,13.884825128691261
73863469,73845469,73877469,137.9759016114826,124.6297175538517,13.346184057630907
73887891,73869891,73901891,138.15486980611368,126.2472843433664,11.907585462747278
73912509,73894509,73926509,137.8947640999173,127.27312537867975,10.621638721237545
73936699,73918699,73950699,137.83428395627783,127.2393291271899,10.594954829087925
73960932,73942932,73974932,137.74346022921253,126.39917366546644,11.344286563746095
73985393,73967393,73999393,137.9107136766175,126.33680543264587,11.573908243971616
74009840,73991840,74023840,137.8137180627616,124.6216904870591,13.192027575702511
74034267,74016267,74048267,137.74109284595824,124.13248621743685,13.608606628521386
74058627,74040627,74072627,137.6852599167013,125.57265201935684,12.112607897344475
74082878,74064878,74096878,137.67513168703465,126.31898259553395,11.356149091500697
74107280,74089280,74121280,137.42756323914097,125.07580308696336,12.351760152177604
74131652,74113652,74145652,137.5673935724588,125.51826267352976,12.049130898929036
74156170,74138170,74170170,137.28767573613857,126.13376551533204,11.153910220806523
74180513,74162513,74194513,137.25360478668844,126.2037795154013,11.049825271287148
74206599,74188599,74220599,137.47893694637133,130.94091748533285,6.538019461038488
74229147,74211147,74243147,137.63131464480753,131.50996608005406,6.121348564753475
74253608,74235608,74267608,136.60550625075757,123.8775154977985,12.727990752959073
74278108,74260108,74292108,136.50788121502552,124.35638735266132,12.151493862364205
74302482,74284482,74316482,136.55913569279883,125.1390452268253,11.42009046597353
74327041,74309041,74341041,136.70370763237045,126.03536242433016,10.668345208040293
74351591,74333591,74365591,136.39121816445285,122.90351255607611,13.487705608376743
74376025,74358025,74390025,136.4755344583494,122.22383810542667,14.251696352922721
74400563,74382563,74414563,136.26603902052855,123.11569751198974,13.150341508538816
74425004,74407004,74439004,136.0825286022223,124.07028178440211,12.012246817820198
74449512,74431512,74463512,135.90261929511937,123.96627172475988,11.936347570359487
74474055,74456055,74488055,135.93712248252046,124.53829637840019,11.398826104120275
74498098,74480098,74512098,136.0925760548177,124.2747732638364,11.817802790981304
74522628,74504628,74536628,136.14397880171475,123.59190793947369,12.552070862241067
74547178,74529178,74561178,136.07359565016833,123.38307583055467,12.690519819613655
74571738,74553738,74585738,136.02036157870606,123.30772470881506,12.712636869891
74596287,74578287,74610287,135.82428142957826,122.56388749946166,13.260393930116606
74620833,74602833,74634833,135.73399190604667,123.09797815579972,12.636013750246946
74646025,74628025,74660025,135.44789405130683,123.06243497049022,12.385459080816617
74670532,74652532,74684532,135.61824281822777,123.78325489274646,11.834987925481315
74695080,74677080,74709080,135.57869894413835,123.52097966852625,12.0577192756121
74719618,74701618,74733618,135.5120356448944,122.85912900748373,12.65290663741068
74744059,74726059,74758059,135.6273916334265,122.89535035051414,12.732041282912363
74768617,74750617,74782617,135.48368458617438,123.05986928054735,12.42381530562703
74793101,74775101,74807101,135.49762303608728,123.31633559989064,12.18128743619664
74817538,74799538,74831538,135.5795084820143,125.38184649249996,10.19766198951433
74843027,74825027,74857027,135.58479582908691,127.14679890294795,8.437996926138965
74868600,74850600,74882600,135.72452645287663,126.73748378361441,8.987042669262223
74894131,74876131,74908131,135.32784977842164,124.88177440595543,10.446075372466211
74919821,74901821,74933821,135.94848946162205,127.90138248768736,8.047106973934689
74945495,74927495,74959495,136.10368091242773,127.60047015093086,8.503210761496874
74971006,74953006,74985006,135.5112427698895,123.913342678684,11.597900091205489
74996572,74978572,75010572,135.6072401470172,124.84145731774206,10.765782829275139
75021977,75003977,75035977,136.8619264844239,130.02197193723356,6.839954547190331
75047397,75029397,75061397,136.02028242069767,124.22356686673366,11.796715553964006
75072803,75054803,75086803,135.88619453139844,123.93710182357023,11.949092707828214
75098240,75080240,75112240,136.1599679300231,126.43796979622864,9.721998133794457
75123651,75105651,75137651,136.34812745791908,126.56221808854102,9.78590936937806
75149098,75131098,75163098,136.22347649426442,124.41234900498488,11.811127489279542
75174437,75156437,75188437,136.4365057403493,125.84973480825595,10.586770932093359
75199843,75181843,75213843,136.46022864618988,124.46213587205109,11.998092774138783
75225218,75207218,75239218,136.28592948281306,123.3909380240384,12.894991458774655
75250635,75232635,75264635,136.05657579440702,123.64156423090753,12.41501156349949
75276107,75258107,75290107,136.0930014720307,124.27144706447955,11.821554407551147
75301577,75283577,75315577,136.26017014701208,123.18084085168553,13.079329295326545
75327092,75309092,75341092,136.23223608453665,124.3263977392182,11.905838345318458
75352569,75334569,75366569,136.017794761528,125.72585957345314,10.29193518807486
75378023,75360023,75392023,135.9539885477547,125.5088624435019,10.445126104252807
75403505,75385505,75417505,135.80502326248327,122.48346076278312,13.32156249970015
75428963,75410963,75442963,135.7932966322898,124.25309045306646,11.540206179223347
75454464,75436464,75468464,135.46443721675612,124.55609340013469,10.90834381662144
75479883,75461883,75493883,134.87832448221113,124.02231116994972,10.85601331226141
75505951,75487951,75519951,135.23099066734267,125.33999837263164,9.890992294711026
75531001,75513001,75545001,135.54102135986935,126.42377928841069,9.117242071458662
75556557,75538557,75570557,135.33382913555647,125.24178411093021,10.092045024626259
75582422,75564422,75596422,135.47829244967195,126.00854482332454,9.469747626347413
75607986,75589986,75621986,135.948135099321,127.30491320345794,8.643221895863064
75633523,75615523,75647523,135.5594812404529,126.00274636732894,9.556734873123958
75658621,75640621,75672621,135.486744821711,124.62455582297878,10.862188998732222
75684141,75666141,75698141,135.79766645023798,124.04315922183814,11.754507228399845
75710157,75692157,75724157,135.76457465893935,123.02248603182902,12.742088627110334
75735589,75717589,75749589,136.00175689897634,125.1442885984426,10.85746830053374
75760160,75742160,75774160,136.03374649803396,124.60508622812173,11.428660269912228
75786569,75768569,75800569,136.28114255668044,124.21381421772767,12.067328338952763
75812067,75794067,75826067,136.2878732200514,124.71418199086982,11.573691229181591
75837471,75819471,75851471,136.46609504297243,126.09774451121821,10.368350531754217
75862389,75844389,75876389,136.99114797903135,128.29941328773046,8.691734691300894
75887892,75869892,75901892,137.0822354972397,126.41044972789948,10.671785769340232
75913326,75895326,75927326,136.97454178186052,126.03211101887288,10.942430762987641
75939096,75921096,75953096,136.71070367024828,125.43976466550552,11.270939004742758
75964333,75946333,75978333,136.8418058720606,125.37729459354296,11.464511278517648
75989875,75971875,76003875,136.88403444100678,124.94712259839672,11.936911842610058
76015397,75997397,76029397,136.81135777314043,126.10374879829652,10.707608974843907
76040833,76022833,76054833,136.56973085239673,127.67746993612973,8.892260916267006
76066304,76048304,76080304,136.64872738036107,128.25007866367005,8.398648716691014
76091825,76073825,76105825,136.8693709482835,127.61326157006738,9.25610937821611
76117691,76099691,76131691,137.30644120631786,129.75054813363644,7.555893072681414
76143646,76125646,76157646,137.5675771313337,130.77626511518335,6.791312016150357
76169997,76151997,76183997,137.6570955629942,129.99042832459514,7.666667238399043
76196445,76178445,76210445,137.32020595896,128.713267700349,8.606938258610995
76222964,76204964,76236964,137.36540250891468,127.07456651090129,10.290835998013392
76248849,76230849,76262849,137.9613440090124,126.95545799429138,11.005886014721028
76276207,76258207,76290207,138.16992460981473,127.75703964483714,10.412884964977593
76303055,76285055,76317055,138.12112600074045,128.25088763324231,9.870238367498132
76330014,76312014,76344014,137.34777033067223,127.41442210153093,9.933348229141302
76356814,76338814,76370814,137.54352660364714,127.51020808123555,10.03331852241159
76384164,76366164,76398164,138.20108035689822,130.03221401727384,8.168866339624373
76411482,76393482,76425482,137.98105195562889,127.46803819957064,10.513013756058243
76438798,76420798,76452798,137.48766167684846,124.58963644903329,12.898025227815168
76466314,76448314,76480314,137.46576953916863,124.89130968954638,12.574459849622258
76493735,76475735,76507735,137.55461492674235,125.82946098624913,11.725153940493215
76521033,76503033,76535033,137.46315781346007,124.02315780221238,13.44000001124769
76548239,76530239,76562239,137.37216696909633,122.92711147299286,14.445055496103464
76575649,76557649,76589649,137.25167304265267,123.35335349914553,13.898319543507142
76602872,76584872,76616872,137.58839379632914,126.30297839851652,11.285415397812628
76630174,76612174,76644174,137.60917193582162,124.05768718284995,13.551484752971675
76657502,76639502,76671502,137.54206431551648,122.80027050706694,14.741793808449543
76684807,76666807,76698807,137.41468112077266,123.33179018563752,14.08289093513514
76712057,76694057,76726057,137.86786067531185,125.17407613358176,12.693784541730082
76739384,76721384,76753384,137.85254086265036,125.2641583632903,12.588382499360051
76766674,76748674,76780674,137.4388478070733,124.17561473351704,13.263233073556265
76793982,76775982,76807982,137.2990029616444,124.30651699153478,12.992485970109612
76821316,76803316,76835316,136.95544571308355,124.97077260120234,11.984673111881207
76848774,76830774,76862774,136.9698946453315,125.28833584247478,11.681558802856713
76875833,76857833,76889833,137.33420092561587,125.32324062837937,12.010960297236508
76903224,76885224,76917224,137.38801366672791,124.67411064242646,12.713903024301459
76930649,76912649,76944649,137.2738933475085,124.2030657161979,13.070827631310607
76957984,76939984,76971984,137.29535243147697,125.18923607318753,12.10611635828944
76985295,76967295,76999295,137.4319862703482,125.65292276535551,11.779063504992692
77012592,76994592,77026592,137.35378146759726,126.83156206441242,10.522219403184835
77039886,77021886,77053886,136.91122386789067,126.38586025812356,10.525363609767112
77067913,77049913,77081913,137.12630480021582,124.38764738505029,12.738657415165534
77094486,77076486,77108486,137.27135220191755,124.58697155433113,12.684380647586423
77121699,77103699,77135699,137.32836001243183,125.5337855355563,11.794574476875525
77148974,77130974,77162974,137.26624302696334,126.37396357005015,10.892279456913187
77176246,77158246,77190246,137.48553523284875,125.2458760356472,12.239659197201547
77203534,77185534,77217534,137.75334557927272,125.53752108462176,12.21582449465096
77230803,77212803,77244803,137.76947380709288,125.79919779654674,11.970276010546144
77258184,77240184,77272184,137.26430889712287,124.67495446722413,12.589354429898748
77285460,77267460,77299460,137.39441871680032,125.39797246088054,11.996446255919778
77312714,77294714,77326714,137.25650555937426,124.4275960164654,12.82890954290886
77340485,77322485,77354485,136.95183666427138,125.0583604679641,11.893476196307276
77367182,77349182,77381182,136.7694510116387,126.08713391982138,10.68231709181731
77394558,77376558,77408558,136.47204121841915,126.50904179947382,9.96299941894533
77422543,77404543,77436543,136.30702584503808,126.66867322647559,9.638352618562493
77450921,77432921,77464921,136.61188339654487,126.73903901012332,9.872844386421548
77478222,77460222,77492222,136.77489504608502,125.22711959144547,11.547775454639549
77506595,77488595,77520595,136.98083550829983,124.47662830008197,12.504207208217863
77534897,77516897,77548897,137.022357647822,124.54055191291877,12.481805734903219
77563234,77545234,77577234,137.4889175261796,124.83749167839619,12.6514258477834
77591563,77573563,77605563,137.8769249005214,127.0686732226509,10.808251677870501
77619871,77601871,77633871,137.74654751085112,125.60752722443128,12.139020286419836
77648188,77630188,77662188,137.39242160398356,123.77415240423586,13.6182691997477
77676505,77658505,77690505,137.70465326163477,124.08405108246293,13.62060217917184
77704829,77686829,77718829,137.69282217163695,124.68726011947324,13.005562052163711
77733210,77715210,77747210,137.54310998814958,124.03364763098793,13.509462357161652
77761437,77743437,77775437,137.66711250128,124.16069177819841,13.50642072308159
77789767,77771767,77803767,137.7648411397696,127.3353672691165,10.429473870653098
77819081,77801081,77833081,137.46491690250429,128.32879039804976,9.136126504454523
77848989,77830989,77862989,138.01753122395735,127.72644645692762,10.29108476702973
77879323,77861323,77893323,137.58129760597365,127.55533994437387,10.025957661599776
77909222,77891222,77923222,137.75988748460432,127.71169060421275,10.048196880391572
77938140,77920140,77952140,137.93782917181107,127.82320871403464,10.11462045777644
77968109,77950109,77982109,137.83365823458968,127.60300582527455,10.230652409315127
77998577,77980577,78012577,137.7589369879901,127.80738180294863,9.951555185041471
78029396,78011396,78043396,137.57379465425004,126.05781610623848,11.51597854801156
78060386,78042386,78074386,138.05856468067074,128.46453470089853,9.594029979772216
78091331,78073331,78105331,138.28921298934,129.6656527828237,8.623560206516288
78122308,78104308,78136308,137.6978317174012,125.79373803948556,11.904093677915625
78153118,78135118,78167118,137.92153392106508,126.76831519719104,11.153218723874033
78184179,78166179,78198179,138.41556286065486,127.44369879432796,10.971864066326901
78215159,78197159,78229159,138.34869735587537,127.47348700848079,10.875210347394585
78246042,78228042,78260042,137.90680228452655,126.32836817017295,11.578434114353598
78277048,78259048,78291048,137.92471042774486,125.72109553326733,12.203614894477525
78308034,78290034,78322034,137.9506403203623,126.5745995455441,11.376040774818208
78338816,78320816,78352816,138.0103577043365,124.74943427356713,13.260923430769381
78369774,78351774,78383774,138.17704365211847,125.05965053286941,13.117393119249058
78400846,78382846,78414846,138.14182366481785,125.28128215715978,12.86054150765807
78431653,78413653,78445653,138.12442025874358,126.12635384283907,11.998066415904518
78463469,78445469,78477469,138.43865362767912,127.60892057486386,10.829733052815257
78495518,78477518,78509518,138.54332101429029,127.70145583646547,10.841865177824815
78527388,78509388,78541388,138.83236756020858,126.23161250338481,12.600755056823772
78559249,78541249,78573249,138.80535235277756,125.98159007164466,12.8237622811329
78591017,78573017,78605017,139.00358976064263,126.94618237019193,12.057407390450692
78623124,78605124,78637124,139.00041746943333,124.87849952303083,14.121917946402505
78654867,78636867,78668867,139.21119570292151,125.74720601375859,13.46398968916293
78686625,78668625,78700625,139.0967517375978,125.03491270740895,14.06183903018885
78718769,78700769,78732769,139.2312245305816,126.42086267978209,12.810361850799524
78750591,78732591,78764591,139.34934775786095,126.40595306142097,12.94339469643998
78782388,78764388,78796388,139.07373975366048,126.04322576370869,13.030513989951785
78814341,78796341,78828341,139.38831376437014,130.3165543853638,9.071759379006352
78846130,78828130,78860130,138.79500102512534,126.39954907156962,12.395451953555721
78877766,78859766,78891766,138.3401440525246,127.65181010255235,10.688333949972261
78909480,78891480,78923480,138.25566384776576,127.08299247827533,11.17267136949043
78941297,78923297,78955297,138.37431625436952,125.99857405820768,12.375742196161838
78973103,78955103,78987103,138.36599941847848,126.31913153943711,12.046867879041372
79004805,78986805,79018805,138.45411983515544,127.24808663711391,11.206033198041524
79036393,79018393,79050393,138.52010681193212,128.07347955819898,10.44662725373314
79068270,79050270,79082270,138.45148090309516,127.27858556669236,11.172895336402803
79100102,79082102,79114102,138.30201750307626,126.44184161877577,11.860175884300489
79131847,79113847,79145847,138.0206477003885,126.8576992464949,11.162948453893605
79164323,79146323,79178323,138.12550292606412,128.14336467597673,9.982138250087388
79195455,79177455,79209455,138.30805006648336,126.23184140684205,12.07620865964131
79227345,79209345,79241345,138.54292072277576,127.16102137743,11.381899345345758
79259052,79241052,79273052,138.33768592691615,126.35598165389942,11.981704273016732
79290923,79272923,79304923,138.4209438742373,125.61724598037515,12.803697893862164
79322761,79304761,79336761,138.97199878466472,129.54582370670585,9.426175077958874
79354575,79336575,79368575,138.97870073607118,129.13289733315648,9.845803402914697
79386325,79368325,79400325,138.51299574343295,125.39613544180659,13.11686030162636
79418149,79400149,79432149,138.57038671291522,127.84787892936771,10.722507783547513
79449811,79431811,79463811,138.94947574481725,128.288126363025,10.661349381792263
79481837,79463837,79495837,138.22649136582572,125.415898357251,12.810593008574727
79513625,79495625,79527625,138.3595436611918,126.3309558145019,12.028587846689888
79545561,79527561,79559561,138.14139635225794,125.87496605693646,12.266430295321484
79577295,79559295,79591295,138.23067396805183,125.51643514572903,12.714238822322798
79608990,79590990,79622990,138.28181470877166,125.36961399482001,12.912200713951648
79640823,79622823,79654823,137.93597618745696,125.7022847454941,12.233691441962861
79672720,79654720,79686720,138.08542609704043,126.00150165717298,12.083924439867445
79704539,79686539,79718539,137.84397059494967,124.79962524654026,13.044345348409408
79736390,79718390,79750390,137.66854438956403,124.0870957470237,13.581448642540337
79768329,79750329,79782329,137.73458063699843,124.85500423570392,12.879576401294514
79800063,79782063,79814063,137.65725256359428,125.20933057578148,12.447921987812805
79832034,79814034,79846034,137.77383288122084,125.84021536000276,11.933617521218082
79863963,79845963,79877963,137.684250201288,125.94814217130953,11.736108029978467
79895799,79877799,79909799,137.50229626523236,125.21412243833119,12.288173826901172
79927752,79909752,79941752,137.67280928070505,126.15838983494774,11.514419445757312
79959682,79941682,79973682,137.51278553902185,125.67211583052442,11.84066970849743
79991670,79973670,80005670,137.4552556606607,126.06078883207547,11.394466828585223
80023765,80005765,80037765,137.4488498231574,124.26022009629477,13.188629726862615
80055599,80037599,80069599,137.79665258774511,127.27398655692878,10.522666030816339
80087364,80069364,80101364,137.4877321257269,127.07826842843065,10.409463697296246
80119223,80101223,80133223,137.39702034652163,124.22011385428122,13.176906492240406
80151047,80133047,80165047,137.57419204128757,125.50522193119588,12.068970110091698
80182915,80164915,80196915,137.38520811493558,124.54293929333117,12.842268821604407
80214906,80196906,80228906,137.44952750257278,124.78600417471135,12.663523327861427
80246820,80228820,80260820,137.2210157406586,123.95125327074993,13.26976246990867
80278649,80260649,80292649,137.1644599618291,124.65962796206841,12.504831999760682
80310608,80292608,80324608,137.16569230362123,124.32340650538404,12.842285798237185
80342119,80324119,80356119,137.00487099276467,123.58702379831634,13.417847194448328
80373939,80355939,80387939,136.7246719910631,124.09947254373017,12.625199447332932
80405915,80387915,80419915,136.64706548200044,125.41894584338834,11.2281196386121
80437804,80419804,80451804,136.58302336587047,125.34032700358753,11.242696362282942
80470077,80452077,80484077,137.0603955882114,129.1681014853197,7.892294102891697
80501927,80483927,80515927,136.7320044315365,125.92151667345681,10.810487758079688
80533871,80515871,80547871,136.5951943739678,126.73999120880097,9.855203165166813
80565724,80547724,80579724,136.78418147916585,126.63538211478959,10.14879936437626
80597577,80579577,80611577,136.53445372554182,126.33659929848454,10.19785442705728
80629493,80611493,80643493,136.38192902923902,125.42413359924686,10.95779542999216
80661352,80643352,80675352,136.2831240773382,125.96834330193735,10.314780775400834
80693177,80675177,80707177,136.28756422458108,125.95373010112054,10.333834123460534
80725187,80707187,80739187,136.1591990902756,124.79290421486637,11.366294875409224
80757117,80739117,80771117,136.20506726654514,125.53573863183465,10.669328634710496
80789039,80771039,80803039,135.90320988749565,124.98188836633923,10.921321521156415
80820875,80802875,80834875,136.21972222092614,128.08044365073977,8.139278570186377
80852661,80834661,80866661,135.9189490416828,124.3047308420557,11.61421819962709
80884428,80866428,80898428,135.81398973936984,126.13598875541157,9.67800098395827
80916404,80898404,80930404,135.8339525462015,126.10178826819697,9.732164278004518
80949005,80931005,80963005,135.67779334890398,125.04072954247947,10.637063806424507
80982147,80964147,80996147,136.23588129813987,126.2479431564364,9.987938141703466
81012518,80994518,81026518,135.9885302590029,126.33791327486996,9.650616984132952
81044412,81026412,81058412,135.8350360145507,125.74852454929115,10.086511465259548
81076285,81058285,81090285,135.79345911166916,125.96557122041168,9.82788789125749
81108092,81090092,81122092,136.1351151777084,126.41192736306728,9.723187814641122
81140363,81122363,81154363,136.3328735737515,126.33556837004716,9.997305203704343
81171514,81153514,81185514,136.30061994129218,126.21340521613875,10.08721472515343
81203141,81185141,81217141,136.44585328780846,126.89517964610963,9.550673641698836
81234213,81216213,81248213,136.56317207249907,126.94754911597947,9.615622956519601
81265964,81247964,81279964,136.36967088000594,125.73498883575782,10.634682044248123
81297709,81279709,81311709,136.2241146538728,125.51417520459408,10.709939449278707
81330124,81312124,81344124,136.19410224903018,126.89603734144194,9.298064907588241
81361680,81343680,81375680,136.17089237590636,127.71663943948349,8.454252936422876
81393386,81375386,81407386,135.71539508592485,125.497473383597,10.217921702327857
81425040,81407040,81439040,136.01259165471404,124.53762170028992,11.474969954424125
81456733,81438733,81470733,136.10255930399074,124.30560432333306,11.796954980657688
81488380,81470380,81502380,136.3370103293771,124.81130572252587,11.525704606851235
81519593,81501593,81533593,136.56431945235678,126.03094371115935,10.533375741197432
81551911,81533911,81565911,136.82986504937347,127.58425049470021,9.245614554673253
81583865,81565865,81597865,136.76527595258787,126.60696417248258,10.158311780105294
81614839,81596839,81628839,137.089305804967,127.19267479534388,9.896631009623135
81647346,81629346,81661346,137.18890718622274,124.20583504941469,12.983072136808048
81680294,81662294,81694294,137.35453055685198,124.79135731175398,12.563173245098
81712090,81694090,81726090,137.41954801099232,125.0369788207176,12.382569190274722
81743983,81725983,81757983,137.70097475913852,125.94447781897857,11.756496940159948
81774703,81756703,81788703,138.0084691406368,126.5880399692049,11.420429171431906
81806090,81788090,81820090,138.06619313021824,125.91414436389151,12.152048766326729
81838143,81820143,81852143,138.17013336903318,126.04852284133598,12.1216105276972
81870514,81852514,81884514,138.09144174958013,127.33674699175913,10.754694757821
81902246,81884246,81916246,138.1562837944562,127.68908993577384,10.46719385868235
81934260,81916260,81948260,138.16046284282532,126.502923171455,11.65753967137033
81966234,81948234,81980234,137.9081051529556,125.8147272702104,12.093377882745216
81997823,81979823,82011823,137.84101688104707,125.46917170411133,12.371845176935736
82030232,82012232,82044232,137.8490151243025,125.85369548225327,11.995319642049225
82061810,82043810,82075810,137.74865898101322,125.04834011754652,12.700318863466705
82093752,82075752,82107752,137.77340812571958,123.90813625165808,13.865271874061506
82125576,82107576,82139576,137.9733784806308,123.7113133297769,14.2620651508539
82157486,82139486,82171486,137.8393158736966,123.2730764167337,14.56623945696289
82189343,82171343,82203343,138.06004719625935,124.78171602614077,13.278331170118577
82221694,82203694,82235694,138.18793849811874,125.05357130342134,13.134367194697404
82254320,82236320,82268320,138.1863960716454,126.74465041279781,11.44174565884758
82285006,82267006,82299006,137.98575660604251,126.9238060087884,11.06195059725411
82316427,82298427,82330427,138.0201203291589,126.07839015144906,11.941730177709857
82348835,82330835,82362835,138.0969081972296,126.94455359625586,11.152354600973737
82380751,82362751,82394751,138.04678773087682,124.51759224023719,13.529195490639623
82412045,82394045,82426045,137.94551328998796,124.05358976848262,13.891923521505333
82444572,82426572,82458572,138.01326338453268,124.22636881345662,13.786894571076061
82476447,82458447,82490447,137.72428363936754,123.35902183591698,14.365261803450565
82508008,82490008,82522008,137.75966232834696,123.46727355607179,14.292388772275174
82539838,82521838,82553838,137.55211617354047,123.23136100343915,14.320755170101322
82571852,82553852,82585852,137.75544138729643,124.04905279876525,13.706388588531183
82603740,82585740,82617740,138.08241172459412,123.8346038134545,14.247807911139617
82635656,82617656,82649656,137.86882577246107,123.59381647036471,14.27500930209635
82669307,82651307,82683307,137.7491000279427,124.23908031608613,13.510019711856557
82698599,82680599,82712599,137.59395742018623,125.22871842810412,12.365238992082112
82732598,82714598,82746598,137.70320085331883,124.65568575132107,13.04751510199776
82763169,82745169,82777169,137.90909933941342,125.74801578579779,12.161083553615626
82795051,82777051,82809051,137.7026683239217,124.84356476429463,12.859103559627073
82826766,82808766,82840766,137.73714614333198,124.6608420138152,13.076304129516785
82858609,82840609,82872609,137.97369182233896,123.68266215809959,14.291029664239375
82890593,82872593,82904593,138.15374186555786,125.4780486599681,12.675693205589766
82922383,82904383,82936383,137.89888589396958,125.24992516581493,12.648960728154648
82953856,82935856,82967856,138.0992765477227,125.88995426696565,12.20932228075705
82985769,82967769,82999769,138.36358087924097,126.94110944505351,11.422471434187457
83018138,83000138,83032138,138.17230797028023,127.62839159458107,10.543916375699155
83050006,83032006,83064006,137.95227238606086,125.96774338809712,11.984528997963736
83081724,83063724,83095724,137.86685878912715,125.07666860693558,12.790190182191566
83113611,83095611,83127611,137.9994476648351,125.35668967503405,12.64275798980104
83145872,83127872,83159872,138.18708061697603,124.56942675300556,13.617653863970475
83177760,83159760,83191760,137.83367992817338,124.7384256902371,13.095254237936288
83209644,83191644,83223644,137.88931105914028,123.79632825629614,14.092982802844148
83241564,83223564,83255564,138.36069900060824,125.30775913159657,13.052939869011666
83273115,83255115,83287115,138.20701888748178,126.8536081441348,11.353410743346984
83304969,83286969,83318969,138.08437603782377,124.71334444848307,13.371031589340703
83336965,83318965,83350965,138.40804643640985,124.53114113638604,13.876905300023807
83368877,83350877,83382877,138.46027161248963,125.57390524079415,12.886366371695487
83400816,83382816,83414816,138.43038318351014,125.681551051281,12.74883213222914
83432687,83414687,83446687,138.3612132843143,125.3594849704271,13.001728313887185
83464597,83446597,83478597,138.20021476346017,124.81585011951395,13.384364643946213
83496533,83478533,83510533,138.35823207402464,124.87330591192789,13.484926162096755
83528400,83510400,83542400,138.54199727718566,126.43717278160449,12.10482449558117
83560609,83542609,83574609,138.2362883315387,125.21397793330543,13.022310398233273
83592487,83574487,83606487,138.39788437506172,125.45078207113397,12.94710230392775
83624423,83606423,83638423,138.57691868503596,126.02395319786412,12.552965487171846
83655612,83637612,83669612,138.3376068561034,128.12161114811875,10.21599570798466
83688007,83670007,83702007,137.84457487823508,124.408205704214,13.436369174021081
83719876,83701876,83733876,137.93987107804145,123.85805110172166,14.081819976319792
83751199,83733199,83765199,137.84178004308683,124.98920206657621,12.852577976510617
83783012,83765012,83797012,137.54602522688867,125.50833564979585,12.03768957709282
83814491,83796491,83828491,137.44269542897214,125.85797360006028,11.584721828911867
83846322,83828322,83860322,137.75823328434097,125.1480612008146,12.610172083526379
83878130,83860130,83892130,137.82987538245865,125.34397733637931,12.485898046079342
83910031,83892031,83924031,137.74615130082893,125.2646914572635,12.481459843565432
83942909,83924909,83956909,137.56183749050587,124.04998889720302,13.511848593302844
83974773,83956773,83988773,137.82376580483057,125.84149986317982,11.982265941650752
84006361,83988361,84020361,137.70576397343436,125.17036380560549,12.535400167828868
84038279,84020279,84052279,137.55771217614017,125.20778282675472,12.349929349385448
84070451,84052451,84084451,137.55972175590918,124.72976913729518,12.829952618614001
84101940,84083940,84115940,137.40494135544128,127.12594775646154,10.278993598979739
84134054,84116054,84148054,137.2462814849191,126.73742566590485,10.508855819014258
84165985,84147985,84179985,137.33327295189898,126.88928763869883,10.443985313200145
84197723,84179723,84211723,137.2922032665931,125.0868744452165,12.205328821376611
84229567,84211567,84243567,137.4331613587189,125.91874625024607,11.514415108472832
84261280,84243280,84275280,138.05327239557317,128.5018393580316,9.551433037541585
84293176,84275176,84307176,138.07994793240826,126.17118898897803,11.908758943430229
84324913,84306913,84338913,138.0487587907189,127.00495384929951,11.043804941419381
84356758,84338758,84370758,137.74790114847346,126.3057412506018,11.442159897871662
84388390,84370390,84402390,137.98452667761185,125.36456872381302,12.619957953798831
84420222,84402222,84434222,137.9951052336304,126.573443171676,11.421662061954393
84451663,84433663,84465663,137.8423926683573,127.24775347835273,10.594639190004557
84483439,84465439,84497439,138.10752138080636,126.83168273030108,11.275838650505278
84515268,84497268,84529268,138.10557302482286,126.28265950599658,11.822913518826283
84547310,84529310,84561310,137.84493275066632,125.50154319460634,12.343389556059975
84578857,84560857,84592857,137.45247547058182,126.75801413428084,10.694461336300975
84610646,84592646,84624646,137.37827699405432,127.82577151263261,9.552505481421704
84642590,84624590,84656590,137.55731529464626,128.81035797091099,8.746957323735273
84674064,84656064,84688064,136.97866976536028,126.69313305984836,10.285536705511916
84705127,84687127,84719127,137.04757677013427,125.59053870411347,11.4570380660208
84736451,84718451,84750451,136.76255445819234,127.19489412503722,9.567660333155118
84768000,84750000,84782000,137.08116848384398,127.62859934882057,9.45256913502341
84799496,84781496,84813496,136.91446832349544,124.49641597419527,12.418052349300169
84831004,84813004,84845004,137.01447718868096,125.13033153621191,11.884145652469044
84861479,84843479,84875479,137.06591270689896,126.08110403999115,10.98480866690781
84892857,84874857,84906857,137.02272469329583,126.55951251684206,10.463212176453766
84924378,84906378,84938378,137.1116077460707,124.54605576698884,12.565551979081846
84956935,84938935,84970935,137.0061612034652,125.8673895511606,11.138771652304612
84987686,84969686,85001686,137.2910274865119,126.8203903216328,10.470637164879093
85019203,85001203,85033203,138.05675726368807,129.40527916830055,8.651478095387517
85052715,85034715,85066715,137.96617924997665,128.2124232149697,9.753756035006944
85082309,85064309,85096309,137.64379411469858,125.59511978293871,12.04867433175987
85113973,85095973,85127973,138.385327965128,130.86071577680454,7.524612188323459
85145807,85127807,85159807,137.78935854900735,124.97190913308641,12.817449415920933
85177391,85159391,85191391,138.04340064285665,127.41933517428794,10.624065468568716
85208861,85190861,85222861,137.80350415818899,128.25228077130592,9.551223386883066
85240191,85222191,85254191,137.92191480887374,129.5207001506017,8.401214658272039
85272842,85254842,85286842,137.89826489032183,128.033412070267,9.864852820054836
85304634,85286634,85318634,137.5272230394547,127.08221013246309,10.445012906991607
85334643,85316643,85348643,137.13387145876428,126.21190618406203,10.921965274702245
85366415,85348415,85380415,137.59998253035877,126.68641940713724,10.913563123221536
85398927,85380927,85412927,137.76349462567543,127.22828742344615,10.535207202229287
85430673,85412673,85444673,137.82814066808692,126.65980507567453,11.16833559241239
85462387,85444387,85476387,137.7174339752379,127.22761322721709,10.489820748020804
85494204,85476204,85508204,138.22092212541565,128.2710361651835,9.949885960232166
85525935,85507935,85539935,138.8852684383116,128.47527072173816,10.409997716573457
85557535,85539535,85571535,139.052741109212,128.81289087644203,10.239850232769982
85588563,85570563,85602563,139.23182617442092,127.73462177346335,11.497204400957571
85620308,85602308,85634308,139.28263963344205,127.64931024503426,11.633329388407788
85652119,85634119,85666119,139.31566967829937,125.52785274432179,13.787816933977581
85683717,85665717,85697717,139.29188441025627,125.50917320559762,13.782711204658654
85715249,85697249,85729249,139.23512503553007,125.83430925232196,13.400815783208117
85747127,85729127,85761127,139.8361122736092,128.7289138786835,11.107198394925689
85778497,85760497,85792497,139.74251564321753,128.5723236756719,11.170191967545634
85808855,85790855,85822855,139.04808011174114,125.87387134244196,13.174208769299184
85840545,85822545,85854545,139.3900671809152,128.6764401126446,10.713627068270597
85872434,85854434,85886434,138.71416862406863,127.99398205105146,10.720186573017173
85903424,85885424,85917424,139.26765174711224,127.40411687809855,11.86353486901369
85935331,85917331,85949331,139.41743630690578,128.92952955236558,10.487906754540205
85966842,85948842,85980842,138.6564590781181,127.36659335616463,11.289865721953475
85998289,85980289,86012289,138.87792618994936,126.9650296675806,11.912896522368769
86030040,86012040,86044040,139.0127302324432,128.06704408235655,10.945686150086658
86061554,86043554,86075554,139.08618566371342,129.09556136568116,9.990624298032259
86093133,86075133,86107133,139.09808719031062,128.85193943365365,10.246147756656967
86124549,86106549,86138549,138.18784071444634,127.43642191116061,10.75141880328573
86156224,86138224,86170224,138.14484729126227,126.05780845930647,12.087038831955795
86187936,86169936,86201936,138.30708849691564,126.42603947181982,11.88104902509582
86219689,86201689,86233689,137.97621097348653,127.08507045843123,10.891140515055298
86251419,86233419,86265419,137.59082695942948,127.09851916092417,10.492307798505308
86283212,86265212,86297212,138.1166389652731,126.88362882825177,11.233010137021324
86314472,86296472,86328472,137.86136147727953,126.29460692893682,11.566754548342715
86346476,86328476,86360476,137.91498885245596,126.2770011177287,11.637987734727261
86378030,86360030,86392030,137.97571018439572,125.86125691981316,12.114453264582565
86409902,86391902,86423902,138.08296783627344,124.9069917088622,13.175976127411246
86441456,86423456,86455456,138.52183233246873,127.7124928001096,10.809339532359132
86473172,86455172,86487172,138.53981548762016,125.37438648972541,13.16542899789475
86504909,86486909,86518909,138.38072163497057,123.78067208636317,14.600049548607402
86536579,86518579,86550579,138.9236523732851,128.50886748482958,10.414784888455529
86568089,86550089,86582089,138.78101442699113,127.04266101844225,11.738353408548889
86599839,86581839,86613839,138.86917426937322,127.60432969510225,11.264844574270967
86631628,86613628,86645628,138.75006710592783,126.09666004496454,12.65340706096329
86663232,86645232,86677232,138.89006618416894,126.70931559044276,12.180750593726188
86695040,86677040,86709040,138.93148439525237,125.9407434440381,12.990740951214264
86726923,86708923,86740923,139.12509586048625,127.82741257847456,11.29768328201169
86759114,86741114,86773114,139.27037954569923,128.99057206472227,10.279807480976956
86791861,86773861,86805861,138.99538512872255,126.2704532894061,12.72493183931644
86824427,86806427,86838427,139.7886169560739,129.26565051923012,10.522966436843774
86857615,86839615,86871615,139.1140274299055,124.8512893934987,14.262738036406788
86890286,86872286,86904286,138.79256893447877,125.63637549019342,13.15619344428535
86921996,86903996,86935996,139.35128435301874,128.14037423862663,11.210910114392107
86954638,86936638,86968638,139.34410254690602,126.03267198153438,13.311430565371637
86987273,86969273,87001273,139.08625767099056,125.61762997138703,13.46862769960353
87019916,87001916,87033916,139.18092529599184,128.28236926740297,10.898556028588871
87052536,87034536,87066536,139.38515675418387,127.36316856699958,12.021988187184292
87085123,87067123,87099123,139.07576945578177,126.18327583041433,12.892493625367436
87117772,87099772,87131772,139.3765770654328,131.24503950648503,8.13153755894777
87150382,87132382,87164382,138.45287844590396,124.79871280300944,13.654165642894526
87183015,87165015,87197015,138.47437097213492,125.15773619736287,13.316634774772055
87215749,87197749,87229749,138.18198853989446,126.77396488517714,11.408023654717326
87248354,87230354,87262354,138.36855238706636,125.02763779481499,13.340914592251366
87281062,87263062,87295062,138.59453851451744,124.42813889757352,14.16639961694392
87313720,87295720,87327720,138.1526738161813,124.52247178082882,13.630202035352482
87345908,87327908,87359908,138.33543913196917,124.60536813689993,13.73007099506924
87378601,87360601,87392601,138.4789962824973,126.40008861254549,12.078907669951803
87411696,87393696,87425696,138.23556556097776,126.37380500437715,11.861760556600615
87444180,87426180,87458180,138.6117257372281,127.82627420594787,10.785451531280245
87476978,87458978,87490978,138.7737347175784,125.38784612036623,13.385888597212173
87509608,87491608,87523608,139.35753854916828,130.03175416415024,9.32578438501804
87542165,87524165,87556165,139.0815629543002,127.51526221390935,11.566300740390858
87574825,87556825,87588825,139.25747385531642,127.97111110452644,11.286362750789976
87607544,87589544,87621544,139.58665340766333,128.7981109778613,10.788542429802021
87640250,87622250,87654250,139.35364837574315,127.38952869648074,11.96411967926241
87672839,87654839,87686839,139.0611964241545,126.03833893117041,13.022857492984087
87705654,87687654,87719654,139.14510570716905,126.25545631884634,12.88964938832271
87738230,87720230,87752230,139.36108793551816,128.43303362470863,10.928054310809529
87770935,87752935,87784935,139.08144825804354,127.62510108471892,11.456347173324616
87803587,87785587,87817587,138.9692956607283,127.93777443435158,11.031521226376725
87836090,87818090,87850090,138.98268742832573,130.14376704800463,8.838920380321099
87868658,87850658,87882658,138.64557875094332,127.38250668173268,11.263072069210637
87901435,87883435,87915435,138.53172199593698,127.22027080319566,11.311451192741316
87934031,87916031,87948031,138.30590678091897,128.56113153013916,9.74477525077981
87966582,87948582,87980582,138.27932226719585,129.2563500553702,9.022972211825646
87999310,87981310,88013310,138.44523768523462,129.581133785523,8.864103899711608
88031936,88013936,88045936,138.15896721988662,127.758543794106,10.400423425780616
88064565,88046565,88078565,138.08212833576533,128.1337927495594,9.948335586205928
88097209,88079209,88111209,138.04957496008257,125.91406155027316,12.135513409809406
88130144,88112144,88144144,138.338282401612,125.30132480845859,13.036957593153403
88162618,88144618,88176618,138.46967488513806,124.50737254692953,13.96230233820853
88195353,88177353,88209353,138.48848693999602,125.98349727344088,12.504989666555147
88228028,88210028,88242028,138.63490913856228,127.35538594252888,11.279523196033395
88261620,88243620,88275620,138.854449385308,126.37802008030306,12.476429305004928
88294248,88276248,88308248,139.06249150474372,126.98701282947879,12.075478675264932
88326065,88308065,88340065,138.96519406692533,127.73084724069939,11.234346826225945
88358681,88340681,88372681,139.45743142289336,126.28839192860826,13.169039494285101
88391263,88373263,88405263,139.9060306518647,128.37364396399718,11.532386687867529
88424018,88406018,88438018,139.90720396400204,130.74074899183034,9.166454972171692
88456769,88438769,88470769,139.71819279411574,128.47211957900691,11.246073215108822
88490019,88472019,88504019,140.0690574967431,127.59382043793792,12.475237058805192
88522086,88504086,88536086,140.15774629864438,128.64289951025876,11.514846788385626
88554610,88536610,88568610,140.02649689820376,127.21928246879507,12.807214429408688
88587435,88569435,88601435,139.9929454757442,127.41005518523801,12.582890290506185
88620067,88602067,88634067,139.7543800458193,126.46489778036205,13.289482265457238
88652795,88634795,88666795,139.52553604760038,125.53859409344287,13.986941954157516
88685633,88667633,88699633,139.5837779795215,125.97277664588754,13.611001333633965
88718351,88700351,88732351,139.4626703340115,124.23365007274592,15.229020261265589
88751101,88733101,88765101,139.27731523714954,127.00335047529114,12.273964761858394
88784033,88766033,88798033,139.18709826068894,126.2039660762383,12.983132184450639
88816872,88798872,88830872,139.5654711506042,124.72068319277541,14.844787957828785
88849599,88831599,88863599,139.31401638832068,125.15053769949117,14.163478688829514
88882345,88864345,88896345,139.2356363506609,124.98112985274815,14.254506497912757
88915071,88897071,88929071,139.51490139728284,125.3250539787308,14.189847418552034
88947842,88929842,88961842,139.6924364167977,126.95192418201806,12.740512234779644
88980163,88962163,88994163,139.89815124202025,126.12522973173826,13.77292151028199
89012354,88994354,89026354,139.69998733319895,126.84785358828947,12.85213374490948
89045370,89027370,89059370,139.55647211871113,126.18249311977466,13.373978998936465
89079067,89061067,89093067,139.8782163999992,125.09461260209315,14.78360379790604
89110782,89092782,89124782,139.67837861404377,125.30388330220624,14.37449531183752
89146098,89128098,89160098,139.41515201778978,124.64530526721994,14.76984675056984
89176152,89158152,89190152,139.683402712973,124.48094266407185,15.202460048901145
89209803,89191803,89223803,139.68367925301996,127.51098030692395,12.172698946096006
89241348,89223348,89255348,139.4911186460185,127.00123792338476,12.489880722633728
89275734,89257734,89289734,139.4716380973026,124.59308978409265,14.878548313209933
89308643,89290643,89322643,139.85895747814692,129.49060509772292,10.368352380424
89339423,89321423,89353423,139.67636301402484,126.9980355787463,12.678327435278547
89372116,89354116,89386116,139.6574745279952,126.42730093240858,13.230173595586606
89404824,89386824,89418824,139.42919679758606,125.93873252427565,13.490464273310408
89438155,89420155,89452155,139.6068517293084,125.58000579961131,14.026845929697089
89470861,89452861,89484861,139.32334134334303,127.58390847015649,11.739432873186544
89503626,89485626,89517626,139.16313385251942,126.38923840055584,12.773895451963583
89536312,89518312,89550312,139.10305699096153,125.9437457419744,13.159311248987137
89568911,89550911,89582911,138.92660993686238,124.81473013190373,14.111879804958647
89601203,89583203,89615203,138.84729776991205,124.41713330034959,14.430164469562456
89634393,89616393,89648393,139.57611351125976,129.6886392076874,9.887474303572361
89666466,89648466,89680466,139.3740262889566,127.48007394476659,11.893952344190012
89699094,89681094,89713094,139.3194027104484,127.78130828887313,11.538094421575266
89732348,89714348,89746348,140.03538790715353,133.44185031230353,6.593537594850005
89764782,89746782,89778782,139.2767371132565,126.73472747616938,12.54200963708712
89798306,89780306,89812306,139.61122236074382,129.85364493972878,9.757577421015043
89830251,89812251,89844251,139.25810318412684,130.226774030362,9.03132915376483
89862861,89844861,89876861,138.5794020699603,125.19997085347796,13.379431216482345
89895653,89877653,89909653,138.5049518231827,124.53554697969622,13.969404843486473
89928412,89910412,89942412,138.6710670929926,124.75800760874574,13.913059484246844
89961168,89943168,89975168,138.54308831137126,123.32450017965193,15.21858813171933
89993478,89975478,90007478,138.34364868849826,125.42452116149178,12.91912752700648
90026158,90008158,90040158,138.54054988757613,126.24570792573424,12.294841961841897
90059619,90041619,90073619,138.13977952240523,124.46299598070716,13.676783541698072
90092270,90074270,90106270,138.14761239679203,126.24607593146206,11.901536465329968
90124865,90106865,90138865,138.73849241222837,128.81412426550406,9.924368146724305
90157524,90139524,90171524,138.29805838422448,127.6544805963529,10.643577787871578
90189742,90171742,90203742,138.4639355530828,126.72073834360526,11.743197209477529
90222490,90204490,90236490,138.41707510339378,125.51053263122655,12.906542472167231
90255348,90237348,90269348,138.39794686255152,126.47575383254988,11.922193030001637
90288066,90270066,90302066,138.67611982084685,126.50079857487363,12.175321245973223
90320836,90302836,90334836,138.825554667625,125.88207739050353,12.943477277121474
90355080,90337080,90369080,138.88895172300965,131.03627843807135,7.852673284938305
90387819,90369819,90401819,138.84324976670027,128.04701040223,10.796239364470267
90419792,90401792,90433792,138.95845950442495,126.55052916319191,12.40793034123304
90452369,90434369,90466369,139.0954948626578,125.59782317523926,13.497671687418546
90485062,90467062,90499062,139.07520636949937,126.349781944267,12.725424425232376
90517783,90499783,90531783,139.2335713472849,126.17240796411895,13.061163383165962
90550367,90532367,90564367,139.56559156990738,129.7963180499567,9.769273519950673
90583714,90565714,90597714,139.09820151076093,126.8040875390908,12.294113971670129
90614779,90596779,90628779,138.96517540470194,124.36294388100336,14.602231523698578
90648274,90630274,90662274,138.88020911410953,124.24799055057963,14.632218563529904
90679619,90661619,90693619,138.88276388161336,125.37925974549358,13.503504136119773
90712768,90694768,90726768,138.8791241170211,125.44272045740998,13.436403659611116
90745419,90727419,90759419,139.03335839438603,128.35893081385632,10.67442758052971
90778032,90760032,90792032,138.66796882342757,126.43596867867011,12.232000144757464
90810606,90792606,90824606,138.2265508146121,126.99290398382657,11.233646830785531
90843130,90825130,90857130,138.10183852061374,126.96765287107436,11.134185649539376
90875751,90857751,90889751,137.89787558082213,126.42516592270213,11.472709658119996
90908411,90890411,90922411,138.11592401098576,129.95037819595188,8.16554581503388
90941996,90923996,90955996,137.36882129459826,126.48460825605925,10.884213038539016
90973723,90955723,90987723,137.12966789041775,127.04566407370963,10.084003816708119
91006287,90988287,91020287,137.2183053279821,127.31983303327107,9.898472294711041
91039072,91021072,91053072,137.275658796427,127.26768553158149,10.007973264845504
91071617,91053617,91085617,137.20973079458673,126.7137928782106,10.495937916376135
91104269,91086269,91118269,137.38771688710378,128.6825837662574,8.70513312084637
91136977,91118977,91150977,137.41995809822194,127.59131294400805,9.828645154213888
91169172,91151172,91183172,137.54188098966713,128.29324061066308,9.248640379004058
91201815,91183815,91215815,137.11497518215845,125.33194531221545,11.783029869942993
91236418,91218418,91250418,137.35122233815878,124.36864831953999,12.982574018618791
91267103,91249103,91281103,137.5622582714767,125.88781386302294,11.674444408453766
91299750,91281750,91313750,137.3793477783145,127.48098048190342,9.898367296411081
91332382,91314382,91346382,137.4427846829804,126.82461354618158,10.618171136798821
91365015,91347015,91379015,137.80204451537963,125.43229586277631,12.36974865260332
91397652,91379652,91411652,137.9365116903254,124.31542703296532,13.621084657360086
91430301,91412301,91444301,137.8237693044601,123.66720487612533,14.156564428334761
91462913,91444913,91476913,138.15489875111012,124.44187016817067,13.713028582939458
91495453,91477453,91509453,138.87198735803216,130.42559367679627,8.44639368123589
91529033,91511033,91543033,138.38643726859826,125.96161713713323,12.424820131465026
91561678,91543678,91575678,138.6984645506654,123.4444696053614,15.253994945303987
91593671,91575671,91607671,139.22351480559968,125.03142817721664,14.192086628383038
91626361,91608361,91640361,139.2940675900166,125.33704732550586,13.957020264510732
91659484,91641484,91673484,139.02973106963054,125.79871387892058,13.231017190709963
91691748,91673748,91705748,139.63132554195053,125.97863002802984,13.65269551392069
91724377,91706377,91738377,139.73980412748088,129.29779610864446,10.442008018836418
91756957,91738957,91770957,139.7724317649645,125.53563841226308,14.236793352701412
91789024,91771024,91803024,139.87328828736887,126.13541461593016,13.737873671438706
91821815,91803815,91835815,140.26498215836673,126.09483825266055,14.170143905706183
91856224,91838224,91870224,140.19097592141762,125.30828153328633,14.882694388131284
91888820,91870820,91902820,140.34268232904918,126.7033255858695,13.63935674317969
91919807,91901807,91933807,140.39154296289925,127.63567313870554,12.75586982419371
91952482,91934482,91966482,140.4881130831755,131.92187479473495,8.566238288440559
91985795,91967795,91999795,140.30054412714745,126.54300196306225,13.757542164085194
92017072,91999072,92031072,140.4193214367533,128.84848535091348,11.57083608583983
92049506,92031506,92063506,139.90724477507777,128.59540891211105,11.311835862966717
92082206,92064206,92096206,140.07870835228624,125.82833051397026,14.250377838315984
92116165,92098165,92130165,140.34510932886212,130.12167271150074,10.223436617361386
92147990,92129990,92161990,140.06583335771302,125.80494190004228,14.260891457670738
92181420,92163420,92195420,140.05353816144117,127.5948593660207,12.458678795420468
92213095,92195095,92227095,140.0791995712641,125.44936362539869,14.629835945865409
92245580,92227580,92259580,139.755377459833,127.12848574826411,12.626891711568888
92279025,92261025,92293025,139.8117503933957,127.90520388680108,11.906546506594623
92311484,92293484,92325484,140.23386540755752,130.44538267307243,9.788482734485086
92344154,92326154,92358154,139.74370798129576,125.27553940578122,14.46816857551454
92376888,92358888,92390888,139.7307097853055,127.11124053147608,12.619469253829408
92408935,92390935,92422935,139.67312748539487,127.61494453709145,12.058182948303426
92441596,92423596,92455596,139.78267643518868,127.53634863233337,12.246327802855305
92473038,92455038,92487038,139.558161976857,127.60829138821812,11.949870588638888
92507274,92489274,92521274,140.03753398075153,131.01969094698407,9.017843033767463
92538635,92520635,92552635,139.88868890740343,126.68571637893555,13.202972528467882
92571440,92553440,92585440,139.93351612981604,127.90108490569074,12.032431224125304
92603953,92585953,92617953,140.14526238285927,126.88843278012646,13.256829602732807
92636737,92618737,92650737,140.25384024977143,129.29366822204793,10.960172027723502
92669043,92651043,92683043,140.7207357488404,132.82622560928252,7.8945101395578945
92701740,92683740,92715740,140.39908444841075,129.3426811834797,11.056403264931049
92734266,92716266,92748266,140.04344172347544,127.5769111852756,12.466530538199834
92767736,92749736,92781736,140.42406452459056,129.18373227508113,11.240332249509436
92800573,92782573,92814573,140.58289515295985,128.54684313481894,12.036052018140907
92833102,92815102,92847102,140.26631688574872,127.64145475358943,12.624862132159294
92865486,92847486,92879486,140.9291038492318,130.36340628855444,10.565697560677364
92897063,92879063,92911063,140.60126080704958,128.6718984035232,11.929362403526397
92929391,92911391,92943391,140.56117577294603,129.2071119879446,11.354063785001443
92961954,92943954,92975954,140.59253221427605,127.47242588104018,13.120106333235867
92994633,92976633,93008633,140.46855190838434,128.65106732476147,11.817484583622871
93027330,93009330,93041330,140.08079678427868,127.94285787990145,12.137938904377222
93059694,93041694,93073694,140.6002979340583,131.1232486926553,9.477049241402995
93093732,93075732,93107732,139.99269823146963,128.19267295670255,11.80002527476708
93126188,93108188,93140188,139.94675723880275,129.03222913922724,10.914528099575506
93158979,93140979,93172979,140.15814826893174,130.5163251428888,9.641823126042937
93189778,93171778,93203778,140.41548493643242,129.9951199729761,10.420364963456308
93222392,93204392,93236392,139.92909904098863,127.9402722057826,11.988826835206027
93255249,93237249,93269249,140.10012171830067,132.9496181563218,7.150503561978866
93287567,93269567,93301567,140.2005187034659,127.81393136460059,12.386587338865297
93320317,93302317,93334317,140.12351264505133,127.19492565230979,12.928586992741543
93352647,93334647,93366647,140.19957642759752,128.00774109694683,12.19183533065069
93385254,93367254,93399254,139.80637700605502,126.10086949176163,13.705507514293387
93417724,93399724,93431724,140.12578380546304,125.46657344425631,14.659210361206732
93450282,93432282,93464282,140.66998019340784,131.03488955668152,9.635090636726318
93482783,93464783,93496783,139.9126669186466,126.14258618487584,13.770080733770769
93515659,93497659,93529659,140.20160367798786,127.6614991654035,12.540104512584364
93548318,93530318,93562318,140.18407652799698,127.79770105109802,12.386375476898962
93580771,93562771,93594771,139.94396545440725,125.67944533409401,14.264520120313236
93612918,93594918,93626918,139.76790529230763,127.39771670626384,12.370188586043795
93644607,93626607,93658607,140.04890969072176,126.15318236774583,13.89572732297593
93677055,93659055,93691055,140.67766431882274,132.3843986010141,8.293265717808623
93710244,93692244,93724244,140.00750991435734,126.60302511394889,13.404484800408454
93742695,93724695,93756695,140.03704446508743,125.52805255608611,14.508991909001324
93774667,93756667,93788667,140.09361167869648,126.32952543013843,13.764086248558044
93807294,93789294,93821294,140.3451868663818,126.51716919686068,13.828017669521117
93840322,93822322,93854322,140.6176589541232,130.8509819857389,9.766676968384274
93872673,93854673,93886673,140.85505930640147,131.55627867137008,9.298780635031392
93905049,93887049,93919049,140.26652788891693,126.72140695739438,13.545120931522547
93937518,93919518,93951518,140.23016050252838,125.68088254624136,14.549277956287014
93969983,93951983,93983983,140.01717687146825,126.7041372907992,13.313039580669056
94002463,93984463,94016463,140.03018446399082,126.83632538419465,13.19385907979617
94035618,94017618,94049618,140.31368700381566,129.21860856233516,11.095078441480496
94066901,94048901,94080901,140.31297489936816,130.2764872649089,10.036487634459263
94099357,94081357,94113357,139.7220986789826,125.74367752545908,13.978421153523527
94131809,94113809,94145809,139.6817884285481,126.24087922087634,13.440909207671751
94164721,94146721,94178721,139.71623252723907,127.89360516047412,11.822627366764948
94196425,94178425,94210425,139.84363610768446,127.32795295289216,12.515683154792299
94228768,94210768,94242768,140.0781443878383,132.55026643253092,7.527877955307389
94261157,94243157,94275157,139.62592318269677,127.69818409057993,11.927739092116838
94293617,94275617,94307617,139.95390209975758,128.57520153753904,11.37870056221854
94325866,94307866,94339866,140.27815227676052,128.6943537174444,11.583798559316136
94358257,94340257,94372257,140.1889973708432,126.423056360884,13.765941009959192
94390633,94372633,94404633,140.14088004043143,126.59474811648522,13.546131923946206
94422960,94404960,94436960,140.7322352195375,132.47870882524427,8.253526394293232
94455161,94437161,94469161,140.63934961875847,128.2986939189804,12.340655699778068
94487328,94469328,94501328,140.2113686573051,126.86159980809192,13.349768849213163
94519552,94501552,94533552,140.34237633369602,127.7734887751923,12.568887558503718
94552323,94534323,94566323,140.43573083378715,127.54545575939437,12.890275074392775
94584610,94566610,94598610,140.39857827867456,126.93120261365692,13.467375665017641
94616869,94598869,94630869,140.40755589940278,131.44886932705464,8.958686572348142
94648000,94630000,94662000,140.0088404195256,129.7537386017615,10.255101817764086
94679896,94661896,94693896,140.41284151272902,128.23291408282032,12.179927429908702
94711083,94693083,94725083,140.73392302533932,133.19786925940818,7.536053765931143
94741846,94723846,94755846,140.31354763564596,128.2709560634809,12.042591572165065
94773475,94755475,94787475,140.0573306405435,127.66378599346749,12.393544647076027
94805440,94787440,94819440,140.52342967491208,131.28979284862507,9.233636826287011
94836726,94818726,94850726,140.5615008627137,129.92524178883613,10.636259073877568
94867095,94849095,94881095,140.70169135325864,125.92919941805346,14.772491935205181
94898466,94880466,94912466,140.72698831926095,126.49170052664684,14.235287792614116
94929748,94911748,94943748,140.71429898752876,126.81161848425737,13.902680503271398
94961038,94943038,94975038,141.0248487577631,128.33546706092417,12.689381696838922
94992373,94974373,95006373,140.98644845915547,131.56580013670708,9.420648322448386
95023527,95005527,95037527,141.03716636964975,128.19514789075993,12.842018478889827
95054730,95036730,95068730,140.95944705114516,129.6824286030605,11.277018448084675
95086054,95068054,95100054,140.90593104277053,130.84166685504587,10.06426418772466
95117140,95099140,95131140,140.61931311018523,127.74339802546737,12.87591508471786
95147816,95129816,95161816,140.3497375530698,127.57958755246806,12.770150000601731
95179436,95161436,95193436,140.53060677837928,131.27233374729758,9.2582730310817
95209962,95191962,95223962,140.19438302868068,126.58563423668717,13.608748791993506
95241014,95223014,95255014,140.280641291407,126.8932531332917,13.3873881581153
95271989,95253989,95285989,140.47754182786866,127.92834459618264,12.549197231686023
95303538,95285538,95317538,140.45780186030478,129.40622563772814,11.051576222576642
95334416,95316416,95348416,140.26691959661053,127.40937173389094,12.8575478627196
95365388,95347388,95379388,140.649249290484,128.56126719810922,12.087982092374773
95396379,95378379,95410379,140.44025631095255,131.47621870700488,8.964037603947673
95427325,95409325,95441325,140.1316492535059,125.64203953511753,14.48960971838838
95458335,95440335,95472335,139.97392150992357,124.47316979683973,15.500751713083844
95489307,95471307,95503307,139.9631094747176,124.34915873165144,15.61395074306617
95520471,95502471,95534471,140.1747402978777,126.40629984712946,13.76844045074823
95551650,95533650,95565650,139.83275593581052,127.88715915396847,11.945596781842056
95582443,95564443,95596443,140.79143064080657,132.74145393680868,8.049976703997885
95613241,95595241,95627241,139.59620518490306,127.9666969898105,11.629508195092555
95644277,95626277,95658277,139.54312215407634,126.25771243362338,13.28540972045296
95675163,95657163,95689163,139.4695312524024,127.32732034621338,12.142210906189007
95706227,95688227,95720227,139.6078925821519,125.61422870684234,13.99366387530955
95737260,95719260,95751260,139.7835267976802,127.15717551464542,12.62635128303478
95768172,95750172,95782172,140.38806245258374,133.51100564670983,6.877056805873906
95799128,95781128,95813128,139.80956995463652,124.96655328845385,14.843016666182663
95830034,95812034,95844034,140.16948397598216,126.45039326571032,13.719090710271843
95860864,95842864,95874864,139.9683916381374,126.28543079818058,13.68296083995682
95891747,95873747,95905747,139.95780460396324,126.57299881447506,13.384805789488183
95922628,95904628,95936628,140.29411449636441,127.25745398377163,13.036660512592789
95953450,95935450,95967450,140.56871878340732,131.68156072234925,8.887158061058074
95984689,95966689,95998689,140.31946139672013,130.459001386909,9.860460009811135
96014720,95996720,96028720,140.2399766329652,127.88357947561752,12.356397157347686
96045701,96027701,96059701,140.02489144373433,125.22094168791368,14.803949755820653
96077983,96059983,96091983,139.77542364496307,124.99363785861175,14.781785786351321
96107474,96089474,96121474,139.97151711742939,125.74785353947667,14.22366357795272
96138544,96120544,96152544,140.3187548971476,130.84814990150477,9.470604995642844
96169660,96151660,96183660,140.2343750053281,132.5446337299943,7.689741275333802
96201730,96183730,96215730,140.31071334454728,132.66512452282183,7.645588821725454
96233168,96215168,96247168,139.84432520105236,127.55755922477547,12.286765976276882
96263490,96245490,96277490,140.001192900438,126.9772303149247,13.023962585513317
96293565,96275565,96307565,139.9354679280164,127.00755196716757,12.927915960848836
96324382,96306382,96338382,140.23170530183907,130.77215912416017,9.459546177678902
96356955,96338955,96370955,139.96482745400453,128.6451912306724,11.31963622333214
96387765,96369765,96401765,139.762550558571,126.80997524492541,12.952575313645596
96417629,96399629,96431629,139.4628579837492,126.95480458494106,12.50805339880813
96448249,96430249,96462249,139.31821660124672,128.95267999667738,10.365536604569343
96479126,96461126,96493126,139.4755711816825,129.48835429529925,9.987216886383266
96514111,96496111,96528111,139.71276428907254,129.3914767855631,10.321287503509438
96543432,96525432,96557432,139.6634660821851,132.15562091749882,7.507845164686273
96575974,96557974,96589974,139.94971497801748,129.38772689774754,10.561988080269941
96607755,96589755,96621755,139.8153390149871,130.027286064094,9.788052950893103
96640828,96622828,96654828,139.477215119474,127.05889514144746,12.418319978026545
96672746,96654746,96686746,139.601970446877,126.43296441381877,13.169006033058238
96705246,96687246,96719246,139.97715618115038,127.81749578256299,12.159660398587391
96738835,96720835,96752835,140.07822310087053,132.6831066471755,7.395116453695039
96769962,96751962,96783962,139.7430675529832,129.74739281194488,9.995674741038329
96802423,96784423,96816423,139.8902929918699,129.15502468187015,10.735268309999753
96834840,96816840,96848840,139.85499709122078,128.0666180097152,11.788379081505582
96867618,96849618,96881618,139.82321792762679,127.35502098964629,12.468196937980494
96900215,96882215,96914215,140.61886167073038,134.61801427544287,6.000847395287508
96933235,96915235,96947235,139.90403961621786,129.66617232443303,10.237867291784823
96966744,96948744,96980744,139.80927988360017,127.87064532655779,11.938634557042377
97000213,96982213,97014213,139.6217549868743,127.54761575408526,12.074139232789037
97033673,97015673,97047673,139.56639547384748,128.65544162311747,10.91095385073001
97066952,97048952,97080952,139.48956297733525,128.37526287067567,11.114300106659584
97101719,97083719,97115719,140.69394848404772,135.2587681995784,5.435180284469311
97134748,97116748,97148748,139.61190790316738,129.7146819787324,9.897225924434991
97168960,97150960,97182960,139.50035692694962,128.83976156197042,10.660595364979201
97203372,97185372,97217372,139.63001277989315,126.51736219580519,13.112650584087959
97237633,97219633,97251633,139.26019752719574,125.80140913361132,13.458788393584427
97271963,97253963,97285963,139.3444311617804,128.9162008739284,10.428230287851989
97306400,97288400,97320400,139.8706990660746,132.3785818692022,7.492117196872385
97340658,97322658,97354658,139.05691736331218,127.54382006237661,11.51309730093557
97374797,97356797,97388797,138.7535914664097,128.5893473135799,10.16424415282978
97409653,97391653,97423653,138.7790724475965,128.61711476455858,10.161957683037912
97443605,97425605,97457605,138.82259930655803,128.9806770319596,9.841922274598431
97477652,97459652,97491652,139.71847306252675,132.79211836799422,6.9263546945325345
97512368,97494368,97526368,138.87070342865223,129.1506972892729,9.720006139379336
97547277,97529277,97561277,138.62783483736595,128.12787254668808,10.499962290677871
97582263,97564263,97596263,138.58011913919037,127.35495770787146,11.22516143131891
97616725,97598725,97630725,138.59848059179504,128.07989669608745,10.518583895707593
97651809,97633809,97665809,138.71464065821377,126.96658834076388,11.74805231744989
97686795,97668795,97700795,139.1186381421479,131.37657318175786,7.7420649603900245
97722025,97704025,97736025,138.5337741491237,128.29407433672287,10.23969981240083
97758959,97740959,97772959,138.82528298566433,128.6885612360938,10.13672174957054
97794087,97776087,97808087,138.7701917409496,127.70105130097939,11.069140439970212
97829045,97811045,97843045,138.6779527100343,129.15594077923603,9.522011930798271
97864759,97846759,97878759,140.1432793286335,133.57323233799067,6.5700469906428225
97900895,97882895,97914895,139.18293235192675,127.86899358023325,11.3139387716935
97936819,97918819,97950819,139.38401900650655,129.39457130831866,9.989447698187888
97972837,97954837,97986837,139.5623501821361,126.88132462868843,12.681025553447668
98007935,97989935,98021935,139.28992712691428,126.3579760548099,12.931951072104383
98044615,98026615,98058615,139.80835730824475,127.58618440904756,12.22217289919719
98080011,98062011,98094011,139.9886184940818,130.9352402515681,9.053378242513702
98115854,98097854,98129854,139.71765968624743,127.49048939253069,12.227170293716739
98152289,98134289,98166289,139.74456764130545,129.03258956871707,10.71197807258838
98186952,98168952,98200952,139.84239818390253,129.56802746544025,10.27437071846228
98222713,98204713,98236713,139.48484780446177,129.3666495182116,10.118198286250163
98260393,98242393,98274393,139.5657449352735,129.27184012217967,10.293904813093832
98297291,98279291,98311291,139.63405111878336,129.27067161444938,10.363379504333977
98333757,98315757,98347757,139.27647089569967,127.45387089952972,11.822599996169956
98370696,98352696,98384696,139.205925299273,127.4828918158437,11.72303348342929
98408180,98390180,98422180,139.34559962110401,129.2422508529192,10.103348768184816
98445849,98427849,98459849,139.41835821525663,128.28577394797338,11.13258426728325
98482958,98464958,98496958,139.57618282460066,130.08788188279243,9.488300941808234
98520097,98502097,98534097,139.82461143546283,128.71817304140936,11.10643839405347
98557405,98539405,98571405,139.86936970326335,128.86332579517529,11.00604390808806
98594613,98576613,98608613,140.4243395317136,129.16580494327437,11.258534588439232
98631753,98613753,98645753,140.5596610043433,130.60017070305227,9.959490301291027
98668829,98650829,98682829,140.01995184568716,127.21310131330982,12.80685053237734
98706148,98688148,98720148,140.330235980112,130.26410585983453,10.066130120277478
98743378,98725378,98757378,140.26698343235492,127.83197976619333,12.435003666161592
98780507,98762507,98794507,140.24525109239585,127.11319115116007,13.13205994123578
98818143,98800143,98832143,140.86609445992556,129.63503326954054,11.23106119038502
98855036,98837036,98869036,140.8648816658023,127.1193333322597,13.745548333542601
98892307,98874307,98906307,140.79075964818944,128.6517935835613,12.138966064628136
98929467,98911467,98943467,140.91055682864717,129.37654556292554,11.534011265721631
98966545,98948545,98980545,141.04371686987668,126.59827569565914,14.445441174217535
99005737,98987737,99019737,141.17553758666,128.12250820189138,13.053029384768621
99041509,99023509,99055509,141.29470975308766,128.7667667601348,12.527942992952859
99080255,99062255,99094255,141.38170707043227,126.46572055660369,14.915986513828585
99116657,99098657,99130657,141.43468476836333,127.18691031950088,14.247774448862444
99152624,99134624,99166624,141.4729936178007,125.57845279646303,15.894540821337685
99189823,99171823,99203823,141.52064240110386,127.38110909146752,14.139533309636334
99226910,99208910,99240910,141.56503539054472,127.13580269012284,14.429232700421878
99264165,99246165,99278165,141.46299755595504,127.45880329104165,14.004194264913394
99301510,99283510,99315510,141.03333881778877,127.12614825079554,13.907190566993236
99338687,99320687,99352687,141.3160363341469,126.99606504351443,14.319971290632466
99375708,99357708,99389708,140.9934884338341,127.8172245468659,13.1762638869682
99412801,99394801,99426801,141.54925089764407,130.09673992246115,11.452510975182918
99450327,99432327,99464327,141.2234095688783,128.9541421662151,12.269267402663218
99487614,99469614,99501614,141.25766483845308,131.70186161233073,9.55580322612235
99526461,99508461,99540461,140.9497653781502,130.09468336025049,10.855082017899718
99563160,99545160,99577160,140.63795082442513,127.90854456358053,12.729406260844598
99601522,99583522,99615522,140.98597067964175,128.51264311876454,12.473327560877209
99638862,99620862,99652862,140.76715831959368,131.14477306039774,9.622385259195937
99675524,99657524,99689524,140.43434185860957,126.95727105935686,13.477070799252715
99713510,99695510,99727510,140.960030165806,130.28066930950274,10.679360856303248
99750920,99732920,99764920,140.71665815331562,129.76847498296286,10.948183170352763
99788259,99770259,99802259,140.86875313512013,127.73429862942714,13.134454505692986
99825582,99807582,99839582,140.9319633486685,128.76605300852253,12.165910340145956
99863270,99845270,99877270,140.8722316926453,129.16403670563187,11.708194987013428
99900238,99882238,99914238,140.77437724786543,129.06487027566862,11.709506972196806
99937519,99919519,99951519,140.82335878919264,129.05201394894658,11.771344840246059
99974914,99956914,99988914,140.53531296463757,128.07701514632248,12.458297818315089
100011996,99993996,100025996,140.60242645424472,128.06254005024232,12.539886404002402
100049320,100031320,100063320,140.45216167437044,126.3706854679501,14.081476206420348
100086549,100068549,100100549,140.19059502094325,126.54850476232254,13.642090258620712
100124577,100106577,100138577,140.1393923353878,126.61963164426419,13.519760691123622
100161731,100143731,100175731,140.19685457270293,128.08253526985973,12.1143193028432
100197855,100179855,100211855,140.35356781656742,131.22760573749878,9.125962079068643
100235206,100217206,100249206,139.95988880720188,127.50340535046563,12.456483456736251
100272852,100254852,100286852,140.39337076432088,128.8286144096499,11.564756354670976
100310165,100292165,100324165,140.13044704418496,128.48943669295926,11.641010351225702
100347512,100329512,100361512,140.14190400765108,127.98605194563166,12.15585206201942
100384948,100366948,100398948,140.1553313645332,132.23136963716328,7.923961727369914
100422303,100404303,100436303,140.1632944966749,127.37321676057144,12.790077736103456
100460107,100442107,100474107,140.16967845743466,129.8967844763954,10.27289398103926
100497886,100479886,100511886,140.28087665906617,127.27662187199283,13.004254787073336
100534559,100516559,100548559,140.50461848329866,128.5214143015938,11.98320418170485
100571070,100553070,100585070,141.34395151284724,132.88315524195167,8.460796270895571
100608197,100590197,100622197,140.61754676580495,128.0373359612596,12.580210804545345
100645443,100627443,100659443,140.59253243900824,128.18353597183278,12.408996467175456
100684494,100666494,100698494,140.65052350629986,126.90958115299196,13.7409423533079
100720332,100702332,100734332,140.9516007168902,127.93928756040414,13.012313156486059
100758362,100740362,100772362,141.7850867685478,133.70486092166414,8.080225846883678
100795689,100777689,100809689,140.95229936509338,127.42596297742233,13.526336387671051
100832855,100814855,100846855,141.22329908627094,126.1141833119582,15.109115774312741
100868155,100850155,100882155,141.39229827962316,128.77856775401034,12.613730525612823
100905397,100887397,100919397,141.17080200922882,126.99343413116398,14.177367878064842
100943848,100925848,100957848,142.23379610546115,135.16494252636778,7.068853579093371
100981771,100963771,100995771,140.9640237624738,127.80546335049587,13.15856041197793
101018905,101000905,101032905,140.98590982202433,129.7094216428353,11.276488179189016
101056152,101038152,101070152,141.00496274765572,129.74117259432774,11.263790153327989
101091121,101073121,101105121,141.10422389697993,130.5285862538487,10.575637643131245
101128313,101110313,101142313,140.964007092734,130.6233244523583,10.34068264037569
101165379,101147379,101179379,141.0859832304246,131.07121210753627,10.014771122888334
101202485,101184485,101216485,140.94233140616365,129.76109972460912,11.181231681554522
101240004,101222004,101254004,140.89655143704414,128.16570753635406,12.730843900690076
101276999,101258999,101290999,141.0854566193704,129.94763819183953,11.137818427530874
101314057,101296057,101328057,140.75284436611057,127.40288646799854,13.349957898112024
101350960,101332960,101364960,140.95272509148634,132.1389392059461,8.813785885540256
101388612,101370612,101402612,140.78893435013072,127.28733942741124,13.501594922719477
101424424,101406424,101438424,140.49524589919255,128.19787654344958,12.297369355742973
101461346,101443346,101475346,140.3585643811996,127.71395548084124,12.644608900358378
101498353,101480353,101512353,140.350022635719,128.366972397399,11.983050238320004
101535347,101517347,101549347,140.5083317225371,129.28863267350272,11.219699049034375
101572371,101554371,101586371,141.01735419358596,131.2717148096513,9.745639383934673
101609246,101591246,101623246,140.6357118161475,131.8983002535763,8.737411562571197
101646023,101628023,101660023,140.46452012602242,127.25231832622883,13.21220179979359
101683288,101665288,101697288,140.35539848904415,130.11418156016413,10.241216928880021
101720044,101702044,101734044,140.45958720055242,128.41822378517787,12.041363415374548
101756895,101738895,101770895,140.14170778757884,131.55888242194692,8.58282536563192
101793726,101775726,101807726,139.92596673705808,125.21868806458373,14.707278672474345
101831253,101813253,101845253,139.88900040572648,126.59585692448005,13.293143481246432
101868069,101850069,101882069,139.7961286758498,126.84051629039863,12.955612385451161
101904984,101886984,101918984,139.83159474234571,128.5822257359603,11.249369006385422
101941909,101923909,101955909,140.55367777466108,132.35496092379805,8.198716850863036
101978070,101960070,101992070,140.16229767168966,130.22218684850506,9.940110823184597
102015547,101997547,102029547,139.8706263398432,127.31486698935831,12.555759350484891
102052417,102034417,102066417,140.27726990441607,132.0523491578127,8.224920746603374
102088023,102070023,102102023,139.78319844611576,126.79825713069967,12.984941315416094
102126009,102108009,102140009,140.8540133628779,134.65743007593198,6.196583286945923
102162413,102144413,102176413,140.25449095295644,126.8224208447676,13.432070108188839
102198810,102180810,102212810,140.3644922214477,127.03312979636378,13.331362425083924
102235718,102217718,102249718,140.4377698995213,125.17878756250431,15.258982337016988
102272585,102254585,102286585,140.50439357039278,128.27597184248395,12.228421727908824
102309720,102291720,102323720,141.69372013427403,133.8152281870147,7.878491947259334
102347285,102329285,102361285,140.73847123748263,128.02088590261965,12.717585334862974
102384298,102366298,102398298,140.6720616496912,127.75793426035176,12.914127389339427
102421361,102403361,102435361,140.83454773524005,127.87828430979305,12.956263425447005
102458397,102440397,102472397,141.03025712557854,128.65727382580002,12.372983299778525
102495390,102477390,102509390,141.12100202897687,128.95856133022323,12.162440698753642
102532466,102514466,102546466,141.1085539420628,133.24484569861824,7.863708243444563
102569363,102551363,102583363,140.9017090967376,129.5908988325599,11.31081026417769
102606750,102588750,102620750,140.5072352587809,128.7535490853077,11.753686173473199
102644469,102626469,102658469,140.57666216217828,129.88599891063404,10.690663251544237
102681524,102663524,102695524,140.27942194985621,129.06583679397932,11.213585155876899
102716455,102698455,102730455,140.48143897356167,132.38933700374582,8.092101969815843
102753709,102735709,102767709,140.24052372747877,130.11548541211152,10.125038315367249
102778207,102760207,102792207,139.53732031301894,135.3649385881037,4.172381724915226
