global_sample,global_start,global_end,orig_rms_db,filt_rms_db,rms_diff_db
1158899,1141321,1172570,136.77246808551985,131.1121985930852,5.660269492434651
1188091,1170513,1201762,137.05857850304002,130.43517796821735,6.623400534822679
1218482,1200904,1232153,136.88009945726446,127.31582200882497,9.564277448439498
1248516,1230938,1262187,134.36890177889535,132.2782437280707,2.0906580508246577
1278795,1261217,1292466,137.42237916180085,127.87479495758797,9.547584204212882
1307804,1290226,1321475,137.43177311601283,127.02917415767422,10.402598958338615
1337912,1320334,1351583,137.80588164447855,127.60156694804348,10.204314696435063
1367997,1350419,1381668,137.72818395402473,126.79231888568572,10.935865068339012
1398237,1380659,1411908,137.6504144167707,125.09627294583416,12.554141470936543
1429195,1411617,1442866,138.09404224320969,127.77046294255997,10.323579300649712
1458082,1440504,1471753,138.14771786168652,127.99915424132001,10.148563620366502
1485955,1468377,1499626,137.94876798110562,126.28669569294884,11.662072288156779
1512718,1495140,1526389,137.9766964772599,125.211080174143,12.7656163031169
1540631,1523053,1554302,137.98101020678703,125.35095395819262,12.630056248594414
1569941,1552363,1583612,137.90460972277725,127.40695744969781,10.497652273079439
1597270,1579692,1610941,137.53438403403385,125.38646495631173,12.147919077722122
1625108,1607530,1638779,137.94905144249427,125.58600136611572,12.363050076378542
1653401,1635823,1667072,138.0034704867904,125.80379638751816,12.199674099272244
1681173,1663595,1694844,137.7927587413598,126.19637915353998,11.596379587819811
1709418,1691840,1723089,137.7544069506952,125.71662547237972,12.03778147831548
1737677,1720099,1751348,138.05990430010246,125.65898494366402,12.400919356438436
1765302,1747724,1778973,140.72142176089244,137.64417403381964,3.077247727072802
1793926,1776348,1807597,141.403153784684,139.1756330316713,2.2275207530126977
1821872,1804294,1835543,137.55968166177186,125.1266273614457,12.433054300326162
1849849,1832271,1863520,137.28378296559396,125.58317342865689,11.700609536937066
1877473,1859895,1891144,137.72935264306363,126.76342559108912,10.965927051974518
1905685,1888107,1919356,137.54063755039874,126.09680551544128,11.443832034957467
1934265,1916687,1947936,137.33308220345646,124.55938064538896,12.7737015580675
1961950,1944372,1975621,142.93865403318867,140.8909948614703,2.0476591717183794
1988785,1971207,2002456,138.13205292127674,126.27793735565548,11.854115565621257
2014670,1997092,2028341,137.7125741337374,126.607169893779,11.105404239958403
2041805,2024227,2055476,138.182485811551,126.47943629400798,11.703049517543022
2068031,2050453,2081702,138.1934447430252,126.69616317670118,11.49728156632402
2094988,2077410,2108659,137.64785580328956,126.1209214837581,11.526934319531463
2122439,2104861,2136110,138.04693616081684,125.503851040695,12.543085120121845
2149159,2131581,2162830,143.58875011080582,141.83488769641974,1.7538624143860773
2174801,2157223,2188472,137.86000479847556,126.65591650073335,11.204088297742203
2201591,2184013,2215262,137.90964844751787,126.12569758482883,11.78395086268904
2228334,2210756,2242005,137.80314379255137,128.25118550953925,9.551958283012112
2254127,2236549,2267798,138.17684216277488,128.97159481265243,9.205247350122448
2283143,2265565,2296814,137.8502481620411,128.07613198901663,9.774116173024481
2307014,2289436,2320685,138.139209194832,127.1667202298424,10.972488964989608
2333869,2316291,2347540,141.93521780407258,141.12257202574907,0.8126457783235139
2359392,2341814,2373063,138.6537427136512,133.55271371664588,5.101028997005329
2385891,2368313,2399562,137.4305426800035,126.47460735347673,10.95593532652677
2412575,2394997,2426246,137.66550462455683,127.45063776701292,10.21486685754391
2439387,2421809,2453058,137.83819554289946,128.26959244943004,9.56860309346942
2463462,2445884,2477133,137.5954043636366,128.92670374919567,8.668700614440922
2488176,2470598,2501847,137.8893458105053,128.79857704964428,9.09076876086101
2516072,2498494,2529743,143.79420956885025,141.77801907447935,2.0161904943709033
2540635,2523057,2554306,138.88607163966444,133.36455647703934,5.521515162625093
2563800,2546222,2577471,137.62022790765133,127.29071070505782,10.329517202593507
2588629,2571051,2602300,137.44685210018147,125.86547555816952,11.581376542011952
2616494,2598916,2630165,137.65159354040713,127.15129477262379,10.500298767783349
2640350,2622772,2654021,138.08509013062567,130.66262807854292,7.42246205208275
2664567,2646989,2678238,138.07630010808649,130.64795877345938,7.428341334627106
2689631,2672053,2703302,142.410096627757,140.82392018519275,1.5861764425642662
2716041,2698463,2729712,142.02468346810267,140.15312109764992,1.8715623704527502
2740795,2723217,2754466,137.78660590701432,127.38699726186375,10.399608645150565
2765846,2748268,2779517,137.98537389427818,128.34602312716206,9.639350767116127
2790642,2773064,2804313,137.88840487312842,129.77701507618096,8.111389796947464
2816013,2798435,2829684,138.4965531399616,131.23748449852994,7.259068641431668
2841436,2823858,2855107,138.44858589266238,129.8329074348107,8.615678457851686
2866196,2848618,2879867,138.3371242650116,128.90520214310635,9.431922121905245
2891812,2874234,2905483,138.33724796328653,128.92404461708745,9.413203346199083
2917098,2899520,2930769,142.59030222157443,140.72521858924927,1.8650836323251667
2942404,2924826,2956075,138.52836108183425,126.20654088942612,12.321820192408126
2967721,2950143,2981392,138.2106476855917,127.28396003883198,10.926687646759731
2992778,2975200,3006449,138.39800057651001,128.86105387761071,9.5369466988993
3018299,3000721,3031970,138.43421948543818,129.25669905737468,9.177520428063502
3043685,3026107,3057356,137.97040690695275,128.5929005086045,9.37750639834826
3068996,3051418,3082667,137.93885387518708,127.86123382608363,10.077620049103444
3094515,3076937,3108186,137.86699210526513,127.0497231176193,10.817268987645832
3119652,3102074,3133323,143.38675366444937,141.43290259618345,1.9538510682659194
3145020,3127442,3158691,137.28834420012683,128.45408703616852,8.834257163958313
3170366,3152788,3184037,137.80482208432505,127.43324589014875,10.3715761941763
3196332,3178754,3210003,137.35609688420098,127.48941054678613,9.866686337414848
3222181,3204603,3235852,137.36462111348257,128.0758052961178,9.288815817364764
3248027,3230449,3261698,137.61042030103894,125.88378772889533,11.726632572143615
3273581,3256003,3287252,137.67098778467576,125.54181100755349,12.129176777122268
3299169,3281591,3312840,143.27322333930857,140.85277025868928,2.4204530806192963
3325022,3307444,3338693,137.76740061607262,127.13301464432413,10.634385971748486
3350177,3332599,3363848,137.73761660470814,126.32130351195141,11.416313092756724
3375198,3357620,3388869,137.77021351705332,128.7243618590103,9.045851658043034
3401401,3383823,3415072,137.64847787073708,127.37448133601305,10.273996534724034
3427070,3409492,3440741,137.54199358348106,125.52694026846802,12.015053315013034
3452717,3435139,3466388,137.421355400574,127.11585440533099,10.305500995242994
3477922,3460344,3491593,139.9511738626233,136.6337236286395,3.3174502339838057
3502654,3485076,3516325,142.70749900455547,140.80514551997706,1.9023534845784127
3527224,3509646,3540895,138.52435526904154,128.1465612520245,10.377794017017038
3551637,3534059,3565308,137.60041768377997,127.30988934778208,10.290528335997891
3576200,3558622,3589871,137.29577333404225,127.29936140728597,9.99641192675628
3600997,3583419,3614668,138.50942283177244,129.8333184075708,8.67610442420164
3625868,3608290,3639539,137.87594661905365,127.51722186859682,10.35872475045683
3649885,3632307,3663556,138.269512996228,128.55939777491247,9.710115221315533
3674176,3656598,3687847,143.2904139940659,141.9064768606371,1.3839371334287875
3698888,3681310,3712559,137.87752485835193,127.40676904591473,10.470755812437204
3723698,3706120,3737369,137.7737493601217,125.94529256882743,11.828456791294286
3747930,3730352,3761601,137.60922664086794,125.69821718085875,11.911009460009197
3773867,3756289,3787538,137.63459640557744,125.18981232960263,12.444784075974809
3798376,3780798,3812047,136.98150933845164,126.42272501111407,10.558784327337577
3823088,3805510,3836759,137.1598376926743,126.26643477349334,10.893402919180957
3847875,3830297,3861546,136.98741443116413,128.20395252461208,8.783461906552049
3872481,3854903,3886152,141.5825088143543,139.58281792763574,1.9996908867185539
4667751,4650173,4681422,137.24284276403435,130.31725989224523,6.925582871789118
4692043,4674465,4705714,137.6223363949947,130.569278444521,7.053057950473715
4716434,4698856,4730105,137.82922883612056,128.48269389515082,9.346534940969747
4740783,4723205,4754454,138.00527301766914,128.17968007142014,9.825592946249003
4764914,4747336,4778585,138.0533465978775,129.6200413474396,8.433305250437883
4790048,4772470,4803719,137.67504398091683,128.78497192956854,8.890072051348284
4813355,4795777,4827026,142.82547850578186,141.37974683263627,1.4457316731455876
4838143,4820565,4851814,143.54119168940449,142.08710488076764,1.4540868086368448
4862265,4844687,4875936,137.74795346608744,129.12685060022469,8.621102865862753
4886799,4869221,4900470,137.67022209517236,127.8882029015267,9.782019193645667
4911823,4894245,4925494,137.1496791079518,126.8505043304976,10.299174777454212
4936299,4918721,4949970,137.34481484047205,127.2843664376604,10.060448402811659
4960582,4943004,4974253,138.11542131289784,127.97502651391495,10.140394798982882
4983127,4965549,4996798,137.87491972553272,129.16180998858778,8.713109736944944
5008955,4991377,5022626,143.9577488125392,142.49277127970683,1.4649775328323642
5031612,5014034,5045283,143.11252014727296,141.8570077024325,1.2555124448404626
5055767,5038189,5069438,137.51740535150455,127.94386072725607,9.573544624248484
5080234,5062656,5093905,138.03785756684167,128.55989360505038,9.47796396179129
5104435,5086857,5118106,137.72492730766473,127.47236678999613,10.252560517668599
5128433,5110855,5142104,137.49445776112495,126.53267592778627,10.961781833338677
5152897,5135319,5166568,136.9106177335493,126.27181580891877,10.638801924630513
5177161,5159583,5190832,137.345861979307,126.44133483924422,10.904527140062768
5201544,5183966,5215215,138.93461672520402,134.4078291104002,4.526787614803823
5224661,5207083,5238332,141.22816549209793,138.87243981759707,2.35572567450086
5250000,5232422,5263671,136.98978817452377,126.1690007700622,10.82078740446157
5272159,5254581,5285830,138.45611816606782,127.36160973505434,11.09450843101348
5297034,5279456,5310705,137.5930622105888,126.03264384580926,11.56041836477955
5321047,5303469,5334718,137.92728258658715,125.09562560215001,12.831656984437146
5344378,5326800,5358049,139.01171558830703,126.07915392610946,12.932561662197571
5370027,5352449,5383698,137.66307880886376,125.93023765331634,11.732841155547419
5394145,5376567,5407816,136.9730779219989,125.24399358567491,11.729084336323993
5417082,5399504,5430753,139.207224834796,133.32388308397603,5.883341750819966
5441072,5423494,5454743,138.23519984486634,126.21821816588245,12.016981678983896
5465127,5447549,5478798,138.55934582319708,126.95301609157667,11.606329731620406
5489088,5471510,5502759,138.5182988330341,127.65061446641039,10.867684366623706
5513177,5495599,5526848,138.23311410651522,126.63703728853247,11.596076817982748
5537065,5519487,5550736,138.27521374533734,127.55787829266117,10.717335452676167
5560881,5543303,5574552,138.6011856468234,128.87865840529227,9.72252724153114
5587023,5569445,5600694,137.26240193041048,125.72786163129228,11.534540299118191
5610449,5592871,5624120,137.27485736698492,127.53896673057741,9.735890636407504
5634403,5616825,5648074,137.59429341014703,127.99652958607453,9.597763824072501
5658057,5640479,5671728,137.27690670810748,126.04499676140259,11.231909946704889
5682191,5664613,5695862,137.15529844950163,126.09791331206847,11.057385137433158
5706089,5688511,5719760,137.50254509596596,127.32930083675356,10.173244259212396
5730069,5712491,5743740,137.6292680060002,126.88719337024713,10.742074635753056
5754025,5736447,5767696,136.98661234856465,126.089411337661,10.897201010903643
5778190,5760612,5791861,136.83298074204347,125.86120486635438,10.97177587568909
5802294,5784716,5815965,136.71378448961622,125.89743212039649,10.816352369219729
5825989,5808411,5839660,137.07408036276365,126.61952813606696,10.454552226696691
5849566,5831988,5863237,137.1054710038503,127.06268533781058,10.042785666039734
5871832,5854254,5885503,137.52217396980035,128.22198779425622,9.300186175544127
5895551,5877973,5909222,138.05137359966758,127.97801591583084,10.073357683836747
5919391,5901813,5933062,137.62886196030297,127.5122976893026,10.116564271000371
5943477,5925899,5957148,137.31837854467724,126.5423307155468,10.776047829130448
5967092,5949514,5980763,138.17384480576294,126.88075091259424,11.293093893168702
5990956,5973378,6004627,137.75696291116952,126.84611651718666,10.910846393982865
6014816,5997238,6028487,137.1851686871491,125.9958006175497,11.189368069599382
6038447,6020869,6052118,137.69015628228354,125.86071359176978,11.829442690513758
6062343,6044765,6076014,137.2140833171452,126.76071451219677,10.453368804948425
6085888,6068310,6099559,138.24957894169154,127.66749674309148,10.582082198600062
6109352,6091774,6123023,138.78601999120662,128.50165292358255,10.28436706762406
6890092,6872514,6903763,136.30472594140576,133.85128970443947,2.453436236966297
6913434,6895856,6927105,135.52746040802327,129.32813656123514,6.199323846788133
6936854,6919276,6950525,136.2354149957356,128.52376804620437,7.711646949531229
6960942,6943364,6974613,135.96143790232935,127.9543828372524,8.007055065076955
6984059,6966481,6997730,136.12295874578774,128.04324068712714,8.079718058660603
7006818,6989240,7020489,136.08916880598565,128.06140501223965,8.027763793746004
7030436,7012858,7044107,136.06677288618863,128.59572313813106,7.471049748057567
7053587,7036009,7067258,139.94271879751153,137.6871995617833,2.2555192357282294
7076689,7059111,7090360,140.3241678277217,138.14143161648144,2.182736211240268
7099523,7081945,7113194,137.11158300645306,128.5192352710629,8.592347735390149
7122614,7105036,7136285,137.2164701524239,127.39361688974833,9.82285326267558
7146135,7128557,7159806,136.67069432243775,127.42563757826026,9.24505674417749
7169471,7151893,7183142,136.8745346002046,127.36788286781527,9.506651732389344
7192813,7175235,7206484,136.7659327327521,127.85474370415,8.91118902860211
7218488,7200910,7232159,135.7895152742895,127.86263595392867,7.926879320360825
7240035,7222457,7253706,139.7722212576505,137.6749734888914,2.097247768759104
7263136,7245558,7276807,139.26641048059074,136.54498427048392,2.721426210106813
7286593,7269015,7300264,136.17560974239225,128.7039130076265,7.471696734765743
7309647,7292069,7323318,136.6203513620373,129.24759014181456,7.372761220222742
7332986,7315408,7346657,136.3993448319815,129.43911543101336,6.960229400968132
7356088,7338510,7369759,137.26920653904375,129.5978691939389,7.67133734510486
7378376,7360798,7392047,138.22873359246475,129.0461132629733,9.182620329491442
7402772,7385194,7416443,137.09877792043892,127.93402369569512,9.164754224743803
7426283,7408705,7439954,137.1979691248454,128.85080706947247,8.347162055372934
7448117,7430539,7461788,141.701173411344,138.63158903879832,3.069584372545677
7470977,7453399,7484648,142.3666652657954,139.38387182230252,2.9827934434928807
7493276,7475698,7506947,140.00373797675834,128.12949788055533,11.87424009620301
7516323,7498745,7529994,140.25989615463814,128.34387712697858,11.916019027659559
7538294,7520716,7551965,140.70077334855574,128.43872852220477,12.262044826350973
7560435,7542857,7574106,140.46375672245955,128.4830970548096,11.980659667649945
7581875,7564297,7595546,140.76972991247823,128.48406354475213,12.285666367726094
7602738,7585160,7616409,140.75302630029805,127.62638565155436,13.126640648743688
7626139,7608561,7639810,144.28195570110483,141.77024801005373,2.5117076910511003
7649451,7631873,7663122,144.18796037167152,142.17653109826972,2.011429273401802
7671419,7653841,7685090,140.0233083842479,128.77929925541002,11.244009128837888
7694975,7677397,7708646,139.55958406473977,128.59588843075477,10.963695633984997
7718452,7700874,7732123,139.74716843568638,127.58427961980586,12.162888815880521
7741982,7724404,7755653,139.51818358175888,126.50331460136502,13.014868980393857
7765577,7747999,7779248,139.43854102898223,127.00590767693667,12.432633352045556
7789004,7771426,7802675,139.67392636271475,127.8106587835243,11.863267579190449
7812788,7795210,7826459,143.59367680137748,141.34077829420846,2.2528985071690215
7836267,7818689,7849938,144.39320258549446,142.4715533880529,1.9216491974415533
7859619,7842041,7873290,139.72955460458175,127.6679614652532,12.06159313932855
7883139,7865561,7896810,139.20948698001087,127.74638411585174,11.463102864159126
7905987,7888409,7919658,140.3546884371158,128.16125618553292,12.193432251582891
7930328,7912750,7943999,139.56832428242882,128.486321341384,11.082002941044806
7953668,7936090,7967339,139.15306032045544,127.09743042507695,12.055629895378488
7978802,7961224,7992473,138.8248710173629,126.05388878115158,12.770982236211324
8000922,7983344,8014593,140.01170511925915,131.19784462269078,8.813860496568367
8024157,8006579,8037828,142.57797638886737,139.12469168944068,3.453284699426689
8046206,8028628,8059877,140.92993105957413,128.72695320427894,12.202977855295188
8069302,8051724,8082973,140.54567723369877,128.21275036984318,12.33292686385559
8092862,8075284,8106533,140.6570287619234,129.65955935244526,10.997469409478157
8116263,8098685,8129934,140.77851154485919,128.9451999604058,11.833311584453384
8138989,8121411,8152660,141.70679942126543,129.5401313006273,12.166668120638121
8162397,8144819,8176068,142.7113445089778,129.47120351673573,13.240140992242061
8186587,8169009,8200258,142.4104806447637,132.19489169078395,10.215588953979761
8209604,8192026,8223275,145.50489147979772,142.3680370174846,3.1368544623131243
8232672,8215094,8246343,142.44253038093146,131.2740366265493,11.168493754382155
8255843,8238265,8269514,141.71123422092614,129.44192867315505,12.269305547771097
8277895,8260317,8291566,142.6791147193716,129.79836590315935,12.880748816212247
8300890,8283312,8314561,142.70620435785227,129.71777856850028,12.988425789351993
8324014,8306436,8337685,142.11866226822647,129.506600533333,12.612061734893473
8347177,8329599,8360848,141.30931045404205,130.51741707064804,10.791893383394012
8370678,8353100,8384349,140.90944439635282,130.9250173714434,9.984427024909422
8394084,8376506,8407755,144.20249509937517,141.8057967089298,2.39669839044538
8418625,8401047,8432296,139.40569505589306,129.20381473171767,10.201880324175391
8442054,8424476,8455725,139.32577003001293,127.76078991850594,11.564980111506998
8465528,8447950,8479199,139.19022051103389,127.55939418880139,11.630826322232494
8488785,8471207,8502456,139.32341450709342,126.91265848318506,12.410756023908363
8512166,8494588,8525837,139.0697452565762,125.96829311196669,13.10145214460951
8535126,8517548,8548797,139.62402967676465,126.43628630711322,13.187743369651429
8558402,8540824,8572073,140.04919297170096,127.78979954033107,12.259393431369887
8581587,8564009,8595258,141.0316776639772,136.80094880718326,4.230728856793945
8605018,8587440,8618689,140.48327633042663,133.43135166676583,7.051924663660799
8628277,8610699,8641948,140.02482553718755,129.875967340241,10.148858196946549
8651564,8633986,8665235,139.1171649031981,129.11088003486753,10.006284868330567
8676014,8658436,8689685,138.69287245741594,128.26046940664378,10.432403050772166
8699321,8681743,8712992,138.7058221402617,127.94461120869543,10.761210931566254
8721717,8704139,8735388,139.3542867602468,127.77670870836843,11.577578051878362
8745021,8727443,8758692,139.78104242008112,128.53277571133745,11.248266708743671
8768405,8750827,8782076,141.3474113575292,137.10034824505274,4.247063112476468
8791831,8774253,8805502,140.2539363024492,133.05063058770696,7.203305714742243
8815070,8797492,8828741,140.2517221097966,130.8529790534579,9.398743056338702
8837473,8819895,8851144,140.70992371416372,129.61770577665777,11.09221793750595
8861487,8843909,8875158,139.30948792795843,127.63005401002633,11.679433917932101
8885926,8868348,8899597,138.74079728302326,127.29128154173354,11.449515741289716
8908472,8890894,8922143,139.21364747147078,128.61082812299858,10.602819348472195
8931633,8914055,8945304,139.2150472638964,129.9367061434253,9.278341120471083
8954909,8937331,8968580,142.9036363187105,141.3320516244184,1.5715846942921132
8978066,8960488,8991737,138.98798753701058,129.02491874661519,9.963068790395397
9001061,8983483,9014732,138.43113968989624,129.57132660633044,8.859813083565797
9024659,9007081,9038330,137.96468696223113,129.4278791202479,8.536807841983233
9047621,9030043,9061292,138.01859641184768,128.59101657359355,9.427579838254132
9070817,9053239,9084488,137.79637619168813,126.79456621796399,11.001809973724136
9094055,9076477,9107726,137.75147246572294,126.96815056181325,10.783321903909695
9117461,9099883,9131132,138.50964728820057,131.99308552351377,6.516561764686799
9140654,9123076,9154325,142.7573728119734,140.96270055617003,1.7946722558033628
9164244,9146666,9177915,137.61785954920376,127.16802611073905,10.449833438464708
9187807,9170229,9201478,137.91533140371578,128.2646250681596,9.65070633555618
9211117,9193539,9224788,137.72643838393722,128.07729207669166,9.649146307245559
9234937,9217359,9248608,137.54363448915552,127.60003455362619,9.943599935529335
9255230,9237652,9268901,139.0041023050823,128.13636896981384,10.867733335268468
9282088,9264510,9295759,137.0996379602702,129.2029940528248,7.8966439074453945
9302869,9285291,9316540,143.02301377430092,140.9855228192843,2.037490955016608
9327421,9309843,9341092,142.57506174619687,140.65808348393892,1.9169782622579419
9351563,9333985,9365234,137.50384367030475,127.40302883257912,10.100814837725622
9375662,9358084,9389333,137.6283590768006,127.72648820672556,9.90187087007503
9399557,9381979,9413228,137.44769696610913,127.5279935924158,9.919703373693338
9423158,9405580,9436829,137.87521278135992,128.18880811719697,9.68640466416295
9446680,9429102,9460351,137.95075011888065,128.25412547594811,9.696624642932534
9470692,9453114,9484363,136.9118514978063,127.31085485319291,9.600996644613403
9495611,9478033,9509282,136.9403633613136,128.4300221232286,8.510341238084976
9519603,9502025,9533274,139.71996287261223,136.23441216651895,3.485550706093278
9543071,9525493,9556742,137.44115887657483,127.946841380273,9.494317496301832
9567068,9549490,9580739,137.19255873009078,126.33101196406209,10.861546766028695
9590918,9573340,9604589,137.19743801283286,126.70979762031064,10.487640392522223
9614495,9596917,9628166,137.59532540219044,127.19991033780153,10.395415064388914
9638655,9621077,9652326,137.7128913044896,127.32422074565591,10.388670558833695
9662544,9644966,9676215,137.53993080706795,126.40353074691838,11.136400060149569
9686633,9669055,9700304,137.74413007538033,126.89670797860158,10.847422096778743
9710487,9692909,9724158,140.60982100329318,136.98743730248762,3.622383700805557
9734333,9716755,9748004,139.13061840942652,134.246528928692,4.884089480734531
9758260,9740682,9771931,137.52287553364908,126.94661953670185,10.57625599694724
9782188,9764610,9795859,137.62477998783118,126.59849095932091,11.026289028510263
9805552,9787974,9819223,137.85766002714712,127.08333136361188,10.774328663535243
9830053,9812475,9843724,137.04087454470388,127.35356407107247,9.687310473631413
9853801,9836223,9867472,137.0960711149511,127.07171742393362,10.024353691017467
9877425,9859847,9891096,136.74813626144652,127.84373750785409,8.904398753592432
9899669,9882091,9913340,142.2774573328785,140.60003132744706,1.6774260054314425
9924347,9906769,9938018,137.80183786517716,127.72056999111408,10.081267874063087
9947715,9930137,9961386,138.02197751252484,127.56832875396304,10.453648758561798
9971443,9953865,9985114,138.31450765706532,128.30885772567277,10.005649931392554
9995400,9977822,10009071,138.39748430846598,129.1651323785681,9.232351929897874
10018994,10001416,10032665,138.43730950883528,128.4831746986481,9.954134810187185
10042854,10025276,10056525,137.9900205793037,127.85620511727183,10.133815462031862
10066502,10048924,10080173,137.99741547576573,127.35100268410342,10.646412791662314
10090163,10072585,10103834,140.1527969592392,137.1364985826558,3.016298376583393
10113645,10096067,10127316,138.968965000693,132.64317489680457,6.325790103888437
10137761,10120183,10151432,138.00152185548535,127.88534278539638,10.116179070088975
10161632,10144054,10175303,137.9939780430724,127.61155307893245,10.382424964139943
10185525,10167947,10199196,137.87140882970334,127.14906757710699,10.722341252596351
10208989,10191411,10222660,138.09611665482407,126.55875105431875,11.537365600505325
10232310,10214732,10245981,138.30414311388762,127.96001087181844,10.344132242069179
10256199,10238621,10269870,141.40602209959494,139.33901738707843,2.067004712516507
10279967,10262389,10293638,142.14171838614763,140.33155383976896,1.8101645463786724
10303576,10285998,10317247,137.92297885361313,124.77233583018301,13.15064302343012
10327225,10309647,10340896,138.14829224119023,125.21171466195509,12.936577579235149
10350733,10333155,10364404,138.39529917090692,126.19691172719064,12.198387443716285
10374454,10356876,10388125,138.27293619843226,127.54342839315916,10.729507805273101
10398300,10380722,10411971,138.47479961486772,127.81059204316988,10.664207571697844
10421200,10403622,10434871,139.89438398463423,127.51507852404897,12.379305460585257
10446255,10428677,10459926,140.15930809272254,135.54980890889294,4.609499183829598
10469990,10452412,10483661,140.62458679294284,137.17231014701443,3.452276645928407
10493482,10475904,10507153,138.0088267250645,126.66706117112803,11.341765553936469
10515792,10498214,10529463,138.57671400844788,127.43172432004066,11.144989688407222
10539207,10521629,10552878,138.8526097746235,129.0553825273224,9.797227247301095
10562328,10544750,10575999,139.3291751857308,129.41176852937605,9.917406656354757
10585914,10568336,10599585,137.85220186466316,128.153853332683,9.698348531980145
10609556,10591978,10623227,137.72374650935288,128.38430479205732,9.339441717295557
10633162,10615584,10646833,140.5757027663243,136.976237196727,3.5994655695972995
10656630,10639052,10670301,140.95662584709808,137.03265231749663,3.9239735296014544
10679899,10662321,10693570,138.11462510255888,128.60843800713417,9.506187095424707
10703513,10685935,10717184,137.38802106402795,127.89645398894586,9.491567075082088
10726869,10709291,10740540,137.72336500963038,128.19535882311828,9.528006186512101
10750576,10732998,10764247,137.29382528794972,128.26913850577318,9.02468678217653
10774084,10756506,10787755,137.83312842228585,128.04411059032054,9.78901783196531
10797246,10779668,10810917,138.2793936418447,128.38874828650793,9.890645355336773
10820663,10803085,10834334,142.68150338881236,140.65307959365168,2.028423795160677
10843996,10826418,10857667,138.33574032958572,129.71458569638594,8.62115463319978
10867661,10850083,10881332,137.67349330364294,127.52673602606802,10.14675727757492
10891449,10873871,10905120,137.61738657549387,127.03123168991013,10.586154885583738
10914576,10896998,10928247,137.92976760588323,126.66168863684474,11.268078969038484
10937747,10920169,10951418,137.94611717238092,127.00149872980121,10.94461844257971
10961074,10943496,10974745,137.6515078332494,127.08874279667897,10.56276503657044
10983230,10965652,10996901,138.88027549507748,127.87387002002336,11.006405475054123
11008912,10991334,11022583,140.15297843988668,136.82828020568257,3.3246982342041065
11030922,11013344,11044593,140.86324960323233,137.55555082581927,3.3076987774130657
11055266,11037688,11068937,137.83609997621937,128.10245595741063,9.733644018808747
11078174,11060596,11091845,137.46152079997324,129.31608520964292,8.145435590330322
11100244,11082666,11113915,138.42864202030984,128.9469477149383,9.481694305371548
11123690,11106112,11137361,137.7922680445405,128.13823415707495,9.654033887465545
11146980,11129402,11160651,137.99879183166513,127.66795498707921,10.330836844585917
11170145,11152567,11183816,137.67943288625287,126.49576420288108,11.183668683371792
11193375,11175797,11207046,138.02520661924729,131.25651705843322,6.768689560814067
11216573,11198995,11230244,139.74301631407567,136.6941173034962,3.0488990105794755
11239901,11222323,11253572,137.24002709178106,128.95659056563778,8.283436526143277
11263140,11245562,11276811,137.40442030544685,128.63721161608032,8.767208689366527
11287168,11269590,11300839,136.68348270736618,128.02629598048253,8.657186726883651
11310456,11292878,11324127,136.35843875738286,127.00583297638026,9.352605781002595
11332625,11315047,11346296,136.8628775819171,127.28599505775537,9.576882524161732
11355807,11338229,11369478,136.69855594838882,127.35074531530628,9.347810633082531
11379261,11361683,11392932,139.79891566142112,137.35437523757528,2.4445404238458366
11405225,11387647,11418896,137.51258683576617,132.03900053040707,5.473586305359106
11425309,11407731,11438980,137.372975782013,127.31565364016909,10.057322141843898
11448492,11430914,11462163,137.25032639945854,127.7273291011997,9.522997298258844
12222845,12205267,12236516,134.9440366560648,129.82849143254145,5.115545223523355
12246372,12228794,12260043,136.29621692662732,129.37570139701987,6.9205155296074565
12269877,12252299,12283548,136.02488335313737,127.41598390702399,8.608899446113384
12293319,12275741,12306990,136.00517406525458,127.37834398769925,8.626830077555326
12318375,12300797,12332046,137.8862876806687,135.13381321709647,2.752474463572213
12339249,12321671,12352920,138.80704122967543,135.2303691922588,3.5766720374166425
12363634,12346056,12377305,136.03465579010444,127.53466499010057,8.499990800003872
12388675,12371097,12402346,135.45671053069665,126.47813021390965,8.978580316787003
12410176,12392598,12423847,135.48690611257354,126.05623681439808,9.43066929817546
12433771,12416193,12447442,135.07493833178575,126.70369357659908,8.371244755186666
12457125,12439547,12470796,135.13000442598081,126.638718116111,8.491286309869821
12480828,12463250,12494499,136.1475189655034,128.90191257870657,7.245606386796823
12504246,12486668,12517917,141.84004063507479,140.76419471071392,1.0758459243608627
12527714,12510136,12541385,135.69410360950792,127.36060067572163,8.333502933786292
12551249,12533671,12564920,135.72387668194017,128.58682976232666,7.1370469196135105
12574462,12556884,12588133,135.9324456087352,129.05030870485274,6.8821369038824685
12597961,12580383,12611632,135.98253214010182,126.61303327124864,9.369498868853185
12621456,12603878,12635127,136.08329708925785,125.76853587061846,10.31476121863939
12644832,12627254,12658503,136.3829662696263,127.93489710878612,8.448069160840191
12667955,12650377,12681626,136.89785634094764,135.60638302510347,1.291473315844172
12691417,12673839,12705088,142.0508770837948,141.0864554723159,0.9644216114789117
12714780,12697202,12728451,136.6210435368729,128.27521484080617,8.345828696066718
12738429,12720851,12752100,137.0769226597828,126.97897370279514,10.097948956987665
12761627,12744049,12775298,137.30243294499562,126.45376530959142,10.848667635404198
12785146,12767568,12798817,137.44040109524445,126.06878161728572,11.371619477958731
12808651,12791073,12822322,137.62076294834057,125.63696271213453,11.983800236206037
12832218,12814640,12845889,138.005423591779,126.95657823249368,11.048845359285309
12855687,12838109,12869358,138.3580309138749,128.81010981363747,9.547921100237431
12879160,12861582,12892831,140.57019490563073,137.2611499800711,3.3090449255596184
12902480,12884902,12916151,138.18533612672238,129.40348939170437,8.781846735018007
12926074,12908496,12939745,138.10608745002858,128.91872525267542,9.187362197353167
12949117,12931539,12962788,137.59978998466715,127.77620917754389,9.823580807123264
12972350,12954772,12986021,137.47984706025795,127.31824789339777,10.161599166860185
12997681,12980103,13011352,137.53413209636375,127.13638640121786,10.397745695145886
13019437,13001859,13033108,137.5989919623537,127.16814202835329,10.430849934000406
13042982,13025404,13056653,139.1187855441692,136.0627249982886,3.0560605458806265
13066519,13048941,13080190,137.66608925807918,131.61609510499426,6.049994153084924
13089641,13072063,13103312,136.8326716314388,126.8651662712389,9.967505360199908
13112444,13094866,13126115,137.67640906492883,126.43913917214732,11.237269892781512
13135151,13117573,13148822,137.34973760077304,126.32231146312428,11.02742613764876
13157706,13140128,13171377,137.64680912787338,126.12463234368016,11.52217678419322
13180483,13162905,13194154,137.52653212953965,126.25837933675163,11.268152792788015
13203065,13185487,13216736,137.81861707484697,127.3085022234878,10.510114851359162
13225918,13208340,13239589,140.05978342103452,136.6184533429887,3.441330078045837
13248652,13231074,13262323,138.66985578201889,128.99610176480917,9.673754017209717
13271126,13253548,13284797,138.40304100670573,127.70422863515556,10.698812371550176
13293740,13276162,13307411,138.19463506943177,127.32706094000376,10.867574129428007
13316836,13299258,13330507,137.6102324219291,127.81230232409364,9.797930097835476
13339973,13322395,13353644,137.92936121946548,128.21492041253777,9.714440806927712
13363237,13345659,13376908,137.807048664576,127.94250371586755,9.864544948708456
13386374,13368796,13400045,137.7821911474942,128.0314977495813,9.750693397912897
13409501,13391923,13423172,140.1268970062228,136.74373639690856,3.3831606093142454
13432792,13415214,13446463,138.41832399600548,134.54596845776854,3.8723555382369454
13456062,13438484,13469733,137.78713156515445,128.50770410531555,9.2794274598389
13479391,13461813,13493062,137.52329337255816,127.94591634228993,9.577377030268224
13501920,13484342,13515591,138.43304419476337,128.1034617757325,10.329582419030856
13525109,13507531,13538780,138.50245788400522,126.74803022553868,11.75442765846654
13548278,13530700,13561949,138.5092992614924,126.19461395679082,12.314685304701584
13571484,13553906,13585155,138.7163224234593,127.20790458656253,11.508417836896768
13596274,13578696,13609945,138.11865305421344,128.3948712132924,9.723781840921049
13619375,13601797,13633046,139.30361673714322,135.21363887331594,4.089977863827272
13642295,13624717,13655966,138.3985628339384,129.26276178351247,9.135801050425925
13665695,13648117,13679366,138.05762915985076,127.82027537722826,10.237353782622506
13687968,13670390,13701639,138.42287420394155,127.1162830019159,11.306591202025643
13711367,13693789,13725038,137.9576049247404,126.3433260027011,11.61427892203929
13734023,13716445,13747694,138.3558286010987,127.15363101221641,11.202197588882285
13757545,13739967,13771216,138.17682917544937,127.36408500254102,10.812744172908353
13781232,13763654,13794903,137.56363717059142,127.27144899864169,10.292188171949732
13803748,13786170,13817419,137.99542651376728,127.01621670385101,10.97920980991627
13826965,13809387,13840636,138.9908820419745,134.7414287459844,4.249453295990094
13850140,13832562,13863811,138.30254518653652,128.9680722089691,9.33447297756743
13873214,13855636,13886885,138.72615425555645,127.89537176783264,10.830782487723809
13896577,13878999,13910248,138.25834887604177,128.52703109359814,9.731317782443625
13919612,13902034,13933283,138.8488652964632,128.5577218124376,10.29114348402561
13942425,13924847,13956096,139.62009109273512,128.29905375225758,11.321037340477545
13965776,13948198,13979447,139.2206952443472,127.18499765280441,12.0356975915428
13989003,13971425,14002674,139.0925809548835,127.77470471253883,11.317876242344653
14011637,13994059,14025308,142.31909296459375,139.40985343343263,2.90923953116112
14035548,14017970,14049219,142.1903147813843,139.5643917219797,2.625923059404613
14059315,14041737,14072986,139.531687252115,131.65286406364953,7.878823188465475
14083205,14065627,14096876,139.18983767145062,129.8966256292399,9.293212042210712
14106931,14089353,14120602,139.27899287611834,129.4537988764764,9.825193999641925
14130733,14113155,14144404,139.21258025778081,128.8116722894638,10.400907968317028
14154674,14137096,14168345,139.1781084927602,129.2623562564798,9.915752236280412
14178710,14161132,14192381,139.24327649301588,130.3490595641791,8.894216928836784
14202643,14185065,14216314,143.40175953710823,140.4904187021106,2.9113408349976453
14226414,14208836,14240085,141.9406562198917,139.28583134666354,2.654824873228165
14250265,14232687,14263936,139.06722269897398,130.61581539159937,8.451407307374609
15035988,15018410,15049659,137.76197006474666,133.74216882719435,4.019801237552315
15059919,15042341,15073590,139.73578604682078,133.1400345795134,6.595751467307366
15083835,15066257,15097506,140.30330360111543,129.02565893297063,11.277644668144802
15107639,15090061,15121310,140.2249233862828,129.33901473988269,10.885908646400111
15131503,15113925,15145174,140.58300429350712,129.4633868937198,11.11961739978733
15155323,15137745,15168994,140.89341568857083,130.33767645870924,10.555739229861587
15179059,15161481,15192730,140.77271579263547,129.63730458999262,11.135411202642842
15202671,15185093,15216342,140.55761527692945,128.57995979499012,11.977655481939337
15226494,15208916,15240165,140.08553675782176,128.5799837656519,11.505552992169868
15250551,15232973,15264222,139.81060102605468,129.91421760761673,9.89638341843795
15274499,15256921,15288170,139.91192699103433,130.29972906179913,9.612197929235208
15298472,15280894,15312143,140.16488811529396,129.52961289121228,10.635275224081681
15323947,15306369,15337618,139.05700097518326,127.05987847743756,11.997122497745693
15346855,15329277,15360526,139.43831841528262,126.90641143519025,12.531906980092373
15368727,15351149,15382398,141.10795801855986,127.36547751964396,13.742480498915896
15392080,15374502,15405751,141.27680061654547,127.91484765173718,13.361952964808296
15415416,15397838,15429087,141.55929727276714,128.38363130164925,13.175665971117894
15439476,15421898,15453147,140.9952819236914,127.10527904071671,13.890002882974699
15462853,15445275,15476524,140.36832021495064,126.84166633383056,13.526653881120083
15486287,15468709,15499958,139.97570641590602,127.74573196107035,12.22997445483567
15509452,15491874,15523123,140.38505801221993,128.53693875285876,11.84811925936117
15533004,15515426,15546675,140.41804504064203,127.99319059129976,12.424854449342263
15556136,15538558,15569807,140.45946125786972,128.557424774103,11.902036483766722
15579459,15561881,15593130,140.33715582065452,127.08144615639186,13.255709664262653
15602702,15585124,15616373,140.4852066036406,128.16350411058986,12.321702493050736
15626106,15608528,15639777,140.92872586057015,129.71889305415434,11.209832806415818
15648782,15631204,15662453,141.56181256537872,128.81566062095547,12.746151944423247
15672158,15654580,15685829,141.31156465342255,127.44575473952422,13.865809913898332
15697038,15679460,15710709,139.17170490930286,127.21211422939857,11.959590679904295
15721171,15703593,15734842,139.11942221393255,127.93701354601568,11.182408667916874
15743405,15725827,15757076,139.3619362543564,128.36034688655536,11.001589367801046
15764398,15746820,15778069,141.1352379876334,127.86313966537705,13.27209832225634
15788389,15770811,15802060,141.1762877688341,128.95994439044742,12.216343378386682
15812336,15794758,15826007,140.4438252969181,129.18858456921183,11.25524072770628
15836234,15818656,15849905,140.29082623488355,128.5627942223928,11.728032012490758
15860337,15842759,15874008,140.55059214333338,128.17491400004383,12.375678143289548
15884442,15866864,15898113,141.0715911113593,128.54535930332193,12.52623180803738
15908377,15890799,15922048,141.31219419551906,128.41297831142424,12.899215884094815
15932459,15914881,15946130,141.15698450825954,127.80310669153936,13.353877816720185
15955882,15938304,15969553,141.69213121712673,128.68141746455848,13.01071375256825
15979733,15962155,15993404,141.66309026241726,128.87382795138822,12.789262311029034
16004032,15986454,16017703,141.44841098321058,129.38475133925408,12.063659643956498
16027473,16009895,16041144,141.95128505995982,128.8374405034639,13.113844556495906
16051381,16033803,16065052,142.0127180490656,129.03621093616695,12.976507112898645
16075130,16057552,16088801,142.1637784693504,129.47544810099797,12.688330368352439
16098908,16081330,16112579,141.99306575937197,129.40940538085778,12.583660378514196
16123582,16106004,16137253,141.0661709230993,128.619784248278,12.446386674821298
16147372,16129794,16161043,140.78198519391765,127.38927968166476,13.392705512252888
16170692,16153114,16184363,141.16305961329817,128.22282632760232,12.940233285695854
16194584,16177006,16208255,141.24284593028455,128.17851717331428,13.06432875697027
16218487,16200909,16232158,141.63293843797084,128.57748495203077,13.055453485940063
16242267,16224689,16255938,141.90899543845615,130.32682629445662,11.582169143999522
16266150,16248572,16279821,141.9432167664808,130.76110126014237,11.18211550633842
16289981,16272403,16303652,141.86196433130763,130.38787337227265,11.474090959034982
16313786,16296208,16327457,141.57067285753894,129.58496518350896,11.985707674029982
16338646,16321068,16352317,140.61845316518688,130.1943779001838,10.424075265003069
16361216,16343638,16374887,141.39067260511058,130.1332992911942,11.25737331391639
16384980,16367402,16398651,141.2476191284979,129.33594235631875,11.911676772179135
16408994,16391416,16422665,140.69688424036212,129.45086873922378,11.246015501138345
16432950,16415372,16446621,140.54773991873535,129.38310233160095,11.164637587134393
16456847,16439269,16470518,140.43794616337163,130.4964150100763,9.94153115329533
16480999,16463421,16494670,140.1419346004172,130.81341114011803,9.328523460299152
16505049,16487471,16518720,140.85618525390967,130.92829497225682,9.92789028165285
16529013,16511435,16542684,141.6546138705515,135.6119594456679,6.04265442488358
16552821,16535243,16566492,141.5876390501964,135.72488697897103,5.862752071225373
16576721,16559143,16590392,140.662161104035,129.6016059123918,11.060555191643203
16600549,16582971,16614220,140.500695016825,128.60077709220897,11.899917924616034
16624390,16606812,16638061,140.57694455621268,128.73593821977144,11.84100633644124
16648311,16630733,16661982,140.65468870692007,129.42008212024072,11.234606586679348
16672340,16654762,16686011,141.2463500160376,129.9923662782059,11.253983737831703
16696392,16678814,16710063,141.5276159442606,130.47686821966164,11.05074772459895
16720172,16702594,16733843,141.7765958354839,130.33737100581794,11.43922482966596
16744050,16726472,16757721,142.60101210795224,135.90918587833906,6.691826229613184
16767666,16750088,16781337,141.86363962242558,129.28770367025083,12.575935952174746
16791386,16773808,16805057,142.04013006052793,128.86259024136177,13.177539819166157
16815196,16797618,16828867,141.99798815116313,129.39313035900688,12.604857792156253
16838885,16821307,16852556,142.0773301472439,130.00688452928364,12.070445617960274
16863383,16845805,16877054,141.4863147874754,129.03709271884128,12.449222068634128
16887284,16869706,16900955,141.02160580839555,130.27583988585488,10.74576592254067
16911133,16893555,16924804,140.96342366937813,130.4338378856554,10.529585783722723
16935123,16917545,16948794,143.1049932651966,139.19635010826644,3.908643156930168
16959004,16941426,16972675,140.95856030436158,128.52168439750608,12.436875906855505
16982865,16965287,16996536,140.81840960443512,126.5175377574302,14.300871847004913
17006678,16989100,17020349,140.76627274897396,128.57819824322723,12.188074505746727
17029865,17012287,17043536,141.1954091721666,129.83705350245944,11.358355669707151
17053535,17035957,17067206,141.55291294975908,130.49203581582367,11.060877133935406
17077387,17059809,17091058,141.4540155028838,129.4434101788945,12.010605323989296
17101100,17083522,17114771,142.68391661891354,136.74413689570804,5.939779723205504
17124701,17107123,17138372,144.2512060908707,140.86865310133112,3.3825529895395903
17148269,17130691,17161940,142.06352751604578,130.06000690045727,12.003520615588513
17171876,17154298,17185547,141.94437354980454,129.84883413899888,12.095539410805657
17195418,17177840,17209089,141.75033098096856,129.07472387427399,12.67560710669457
17219213,17201635,17232884,141.3891134159344,128.02270618179048,13.366407234143907
17242967,17225389,17256638,141.41199530209892,128.36867789471114,13.043317407387775
17266716,17249138,17280387,141.59322984086634,128.04486359209483,13.548366248771515
17290495,17272917,17304166,144.45929716478696,141.45034092832802,3.0089562364589426
17313700,17296122,17327371,143.1199994123619,136.1748071064331,6.945192305928799
17337399,17319821,17351070,141.5777157000884,131.76750613922638,9.810209560862006
17361233,17343655,17374904,141.52585809830416,131.71873961135574,9.807118486948411
17385037,17367459,17398708,141.33876710921268,130.87923486211258,10.4595322471001
17408582,17391004,17422253,141.7957513045726,130.42409312186015,11.371658182712451
17432841,17415263,17446512,140.69955212992858,130.6032348129292,10.096317316999375
17456127,17438549,17469798,141.04282266690316,131.1545408985361,9.888281768367051
17480103,17462525,17493774,143.72634276561934,141.73924952828668,1.9870932373326582
17503650,17486072,17517321,140.7685567377519,129.64647151921,11.122085218541912
17527422,17509844,17541093,140.7736646757942,128.85057023913387,11.923094436660335
17551219,17533641,17564890,140.71907890531187,129.384506641403,11.334572263908882
17575238,17557660,17588909,140.88257775686327,130.93647798165676,9.946099775206505
17599151,17581573,17612822,141.0390872102312,131.79094325486702,9.248143955364185
17622955,17605377,17636626,141.00528283157746,131.3944740188666,9.610808812710872
17646704,17629126,17660375,140.80790263667444,130.90791164432514,9.899990992349302
17670800,17653222,17684471,143.9523926575612,141.56728043245718,2.3851122251040238
17694422,17676844,17708093,140.72285634896548,128.9427764860705,11.78007986289498
17717883,17700305,17731554,141.0582956759067,130.15082492705602,10.90747074885067
17741165,17723587,17754836,141.37893386025826,131.37519558469523,10.003738275563023
17764925,17747347,17778596,141.30922409156324,130.85407710227298,10.455146989290256
17788906,17771328,17802577,140.56743208147364,129.3913260556838,11.176106025789835
17812496,17794918,17826167,140.29553575621497,128.5507483474574,11.744787408757588
17836068,17818490,17849739,141.28236840613977,134.8429349004952,6.439433505644558
17858802,17841224,17872473,144.08595140655297,141.5215713595578,2.5643800469951543
17882988,17865410,17896659,140.12248420070253,127.19679194601049,12.925692254692038
17906546,17888968,17920217,139.82661691970588,126.79570685856763,13.030910061138258
17930107,17912529,17943778,139.94254336947904,126.25603731347408,13.686506056004959
17953535,17935957,17967206,140.15694158316964,127.37809854603805,12.778843037131594
17976563,17958985,17990234,140.52172971373363,127.8138700056634,12.707859708070231
18000246,17982668,18013917,140.33366066910992,127.39421112335182,12.939449545758094
18023123,18005545,18036794,141.71750537047393,128.0364485488738,13.681056821600123
18048615,18031037,18062286,141.19794217869492,137.0327015582222,4.16524062047273
18071078,18053500,18084749,140.47808884878853,130.07008243734026,10.40800641144827
18094740,18077162,18108411,140.32790391569873,127.24862329815521,13.079280617543517
18118256,18100678,18131927,140.62457915944915,127.74411382677752,12.880465332671633
18141790,18124212,18155461,140.3907270834532,127.80999098560471,12.5807360978485
18164853,18147275,18178524,141.22103532383812,128.1633379545492,13.057697369288917
18188461,18170883,18202132,140.9051073073294,129.26402465685928,11.64108265047011
18212740,18195162,18226411,142.03270579631317,137.10176151039988,4.930944285913284
18236374,18218796,18250045,142.26819804853332,137.45504557388435,4.813152474648973
18259265,18241687,18272936,141.20549745075186,130.64307058904777,10.562426861704097
18282786,18265208,18296457,140.7796638417567,128.91461144051294,11.865052401243759
18306171,18288593,18319842,140.76645284565683,128.38518017010287,12.381272675553959
18329439,18311861,18343110,140.5473064300133,128.0328747148906,12.514431715122697
18352847,18335269,18366518,140.4577015730881,129.5490848335442,10.908616739543874
18376592,18359014,18390263,140.04282609463735,129.05246617871146,10.990359915925893
18400040,18382462,18413711,141.54572500671918,136.28583385029054,5.259891156428637
18423552,18405974,18437223,141.5060893006894,136.77418619587132,4.7319031048180875
18446941,18429363,18460612,139.4048418871556,129.38482741970967,10.020014467445947
18470039,18452461,18483710,139.63887839396034,129.9920004205294,9.646877973430946
18493523,18475945,18507194,140.09350117020819,129.11678619072762,10.976714979480562
18516813,18499235,18530484,140.55775556942484,128.5899716464237,11.96778392300115
18540181,18522603,18553852,140.3444941988962,128.2756271899304,12.06886700896581
18563205,18545627,18576876,140.91992023883927,127.95323031092838,12.966689927910892
18586442,18568864,18600113,143.37547345439472,140.65274314865025,2.722730305744477
18609811,18592233,18623482,140.4877273539067,130.2399336687683,10.247793685138419
18633062,18615484,18646733,140.81961518053095,128.2552605229962,12.56435465753475
18656253,18638675,18669924,141.15324813958333,127.55760219619822,13.595645943385108
18679768,18662190,18693439,140.6655290085667,127.17145822486559,13.494070783701105
18703026,18685448,18716697,140.2123273454829,126.7653384897938,13.446988855689085
18726300,18708722,18739971,140.2654350101359,127.68679282647327,12.578642183662623
18750064,18732486,18763735,140.3121295750127,126.92729137613946,13.38483819887324
18772278,18754700,18785949,141.720902441053,130.8868575389982,10.834044902054785
18794983,18777405,18808654,143.4251285000158,138.13656163555154,5.288566864464258
18818187,18800609,18831858,141.67119933994738,127.70345343648131,13.967745903466067
18841887,18824309,18855558,140.84719476601964,127.05861480716837,13.788579958851273
18864637,18847059,18878308,141.337495762073,126.91451591991225,14.422979842160743
18887967,18870389,18901638,141.01991098835776,128.52936113763732,12.490549850720441
18911174,18893596,18924845,141.2456979692088,130.02168537716346,11.22401259204534
18935088,18917510,18948759,140.0374266487066,129.11018095903665,10.927245689669945
18958333,18940755,18972004,140.09262550552793,127.57765696134246,12.514968544185479
18981579,18964001,18995250,141.74237947252993,137.1048400858494,4.637539386680544
19004805,18987227,19018476,139.68412591223714,127.70847442644369,11.975651485793449
19028003,19010425,19041674,139.99161726520464,128.0295377012454,11.962079563959236
19051097,19033519,19064768,139.91542977879357,128.69486949355877,11.220560285234797
19074982,19057404,19088653,139.17270084885223,129.1192479246075,10.053452924244738
19098035,19080457,19111706,139.12926162967247,129.43312845258,9.696133177092463
19120287,19102709,19133958,140.2154176240886,129.75611536819312,10.459302255895466
19143458,19125880,19157129,141.16019088973943,134.7273698512048,6.432821038534627
19166745,19149167,19180416,142.23716441079316,138.45336421814488,3.783800192648272
19189931,19172353,19203602,140.34420218353637,128.50405127996416,11.840150903572209
19213503,19195925,19227174,139.74326710947523,128.4962069589233,11.247060150551931
19236389,19218811,19250060,140.2981860657334,129.48648809632158,10.811697969411824
19259553,19241975,19273224,140.46095877950097,129.51906886940915,10.941889910091817
19282842,19265264,19296513,140.31542827347016,130.31021079110036,10.005217482369801
19305933,19288355,19319604,140.47008578597502,130.41246998569326,10.057615800281752
19329213,19311635,19342884,140.68514907730798,130.2899732627903,10.395175814517671
19352373,19334795,19366044,142.37475940425563,137.47268379582266,4.902075608432966
19375553,19357975,19389224,141.23871235478583,128.44471068527122,12.794001669514614
19398820,19381242,19412491,141.50081626884634,128.8581440223474,12.642672246498933
19421610,19404032,19435281,142.00916773236094,129.8041042790607,12.205063453300227
19444645,19427067,19458316,142.17465224582233,130.72785858785255,11.446793657969778
19468262,19450684,19481933,141.77525405166628,129.97623631752055,11.799017734145735
19491263,19473685,19504934,142.1191310194576,130.64566975056184,11.473461268895761
19514134,19496556,19527805,145.3929676691497,141.6650912029048,3.7278764662449078
19536748,19519170,19550419,145.405712145093,141.63448700527402,3.7712251398189665
19559838,19542260,19573509,142.33371107423358,130.28511990269027,12.048591171543308
19583328,19565750,19596999,141.9438522579815,130.35237508282998,11.59147717515151
19607227,19589649,19620898,141.29883086636573,129.70636898754123,11.592461878824508
19630707,19613129,19644378,141.29406176451087,129.19599726026573,12.098064504245144
19654170,19636592,19667841,140.97415210152073,128.83422903493184,12.139923066588892
19677660,19660082,19691331,141.019209542333,128.1503382108568,12.868871331476186
19701532,19683954,19715203,141.6596280346401,135.67053410355118,5.989093931088917
19724962,19707384,19738633,142.8575716436783,138.64035264075437,4.21721900292394
19748461,19730883,19762132,140.87725004953845,128.14313990520225,12.7341101443362
19772021,19754443,19785692,141.09480352051872,128.68718567353298,12.407617846985744
19795527,19777949,19809198,141.10550169603545,127.53378819676703,13.571713499268412
19819061,19801483,19832732,140.63117829879062,127.63027808973814,13.000900209052475
19842642,19825064,19856313,140.40088951336216,127.54379765891537,12.857091854446793
19865908,19848330,19879579,140.54317802720217,129.10236443278984,11.440813594412333
19889307,19871729,19902978,142.64458478385836,138.22648611375774,4.418098670100619
19913616,19896038,19927287,140.76633638581188,136.06450901784652,4.701827367965365
19935807,19918229,19949478,140.95813091780482,128.2584071490295,12.699723768775328
19959388,19941810,19973059,141.0664781123176,129.65393572735704,11.412542384960574
19983159,19965581,19996830,140.46708527333658,130.03447066862407,10.432614604712512
20007048,19989470,20020719,140.24964940481922,129.36074808398084,10.888901320838386
20030697,20013119,20044368,140.09306166437517,128.89018620405554,11.202875460319632
20054212,20036634,20067883,140.20035763092127,127.27244967895552,12.92790795196575
20077420,20059842,20091091,142.29881718940527,137.97232431866115,4.326492870744119
20100882,20083304,20114553,140.5244672348771,129.40921780018854,11.115249434688565
20124545,20106967,20138216,140.48742526637852,129.12622935235365,11.361195914024876
20147988,20130410,20161659,140.48280301290114,127.97426949401063,12.508533518890516
20171581,20154003,20185252,140.19759524765269,128.51731749665117,11.680277751001512
20195051,20177473,20208722,140.12679711030978,128.74569269081275,11.381104419497035
20218428,20200850,20232099,140.2436571403877,129.09340864269387,11.150248497693838
20243042,20225464,20256713,139.66893904346756,130.08226307575225,9.586675967715308
20267403,20249825,20281074,141.65657679696199,138.09253559246258,3.5640412044994036
20292097,20274519,20305768,139.66182685020993,129.8171575694178,9.844669280792147
20316703,20299125,20330374,139.5897173445872,129.300847578696,10.288869765891206
20341361,20323783,20355032,139.56272451351538,128.50149221717695,11.061232296338432
20365943,20348365,20379614,139.57724762595163,128.4429124898842,11.13433513606742
20390580,20373002,20404251,139.62046734771891,129.55412799840684,10.066339349312074
20415199,20397621,20428870,139.82179721180083,129.7361647986618,10.085632413139024
20439879,20422301,20453550,143.86215939319118,141.47440053073947,2.3877588624517045
20464660,20447082,20478331,139.91392293779268,131.24814197354345,8.665780964249223
20489153,20471575,20502824,139.9438656908801,130.70759230541955,9.23627338546055
20513602,20496024,20527273,140.10658280688028,130.05091274091197,10.055670065968314
20537907,20520329,20551578,140.0075547320139,129.65713512966775,10.350419602346136
20563090,20545512,20576761,139.67740343954355,129.74478778293758,9.932615656605975
20587250,20569672,20600921,139.89274702113488,129.3727840098943,10.519963011240577
20611703,20594125,20625374,144.5102762627546,142.34052089382163,2.169755368932954
20635112,20617534,20648783,144.6223474095606,142.5408522858632,2.081495123697408
20659580,20642002,20673251,140.06992567888787,129.11129331375938,10.958632365128494
20683947,20666369,20697618,139.95071811990098,128.9350633400691,11.015654779831891
20708256,20690678,20721927,139.87820766017614,129.55544495336773,10.322762706808419
20732684,20715106,20746355,139.5293050445597,129.43745319925813,10.091851845301562
20757047,20739469,20770718,140.07059069794556,129.37198495573102,10.69860574221454
20780860,20763282,20794531,140.40421620390268,129.7975168101925,10.606699393710187
20805526,20787948,20819197,140.2224732490857,131.70077990866767,8.52169334041804
20829492,20811914,20843163,142.23991585107325,138.84421512421522,3.395700726858024
20853775,20836197,20867446,139.6686988496391,129.24983294754028,10.418865902098815
20878049,20860471,20891720,139.99868128910651,130.05621574885546,9.94246554025105
20902355,20884777,20916026,139.97834910860513,131.92241287934817,8.055936229256957
20926540,20908962,20940211,139.5705668561917,132.1806619155704,7.389904940621307
20950837,20933259,20964508,139.75777162191025,131.6078961463356,8.149875475574646
20975058,20957480,20988729,140.44058732024163,131.11417787390428,9.326409446337351
20999328,20981750,21012999,140.587324870498,130.49023319132877,10.097091679169239
21023625,21006047,21037296,142.96527292371852,139.94055106234913,3.024721861369386
21047851,21030273,21061522,141.28863429238032,132.40959405755052,8.879040234829802
21072282,21054704,21085953,141.38938920540593,130.57537215266228,10.814017052743651
21096357,21078779,21110028,141.59060973506496,131.3541529077267,10.236456827338259
21120691,21103113,21134362,141.75738857769826,132.18023545408562,9.577153123612646
21144884,21127306,21158555,141.819740407096,132.28921779053468,9.530522616561313
21168954,21151376,21182625,141.94803653257725,131.83172753685264,10.116308995724609
21193057,21175479,21206728,142.00650527808767,132.11376249274156,9.892742785346115
21217041,21199463,21230712,144.28734757451468,140.77449334905413,3.5128542254605577
21241551,21223973,21255222,141.50072533727675,130.5424776667724,10.958247670504335
21265731,21248153,21279402,141.26233530467456,130.12962071765833,11.132714587016238
21289483,21271905,21303154,141.0203675835496,128.80997796000452,12.210389623545097
21313086,21295508,21326757,141.0614799408005,128.84602201297162,12.21545792782888
21336832,21319254,21350503,141.3011704095932,128.41139013709693,12.889780272496267
21361192,21343614,21374863,140.92319747133428,129.0644874965361,11.858709974798188
21385383,21367805,21399054,140.7532176325348,130.6892120779283,10.064005554606524
21409496,21391918,21423167,140.78833727430373,131.15899559310984,9.629341681193893
21433607,21416029,21447278,140.83029116788427,129.1558118116965,11.67447935618776
21458053,21440475,21471724,140.82356407129464,127.97184354597483,12.851720525319806
21482625,21465047,21496296,140.90713897759267,127.99061458899774,12.916524388594922
21506729,21489151,21520400,141.09380296284465,129.50554224970847,11.58826071313618
21530419,21512841,21544090,141.5023952919272,130.16907428072778,11.333321011199416
21554549,21536971,21568220,141.6972909444795,129.40948006306516,12.287810881414345
21578774,21561196,21592445,141.35956920680948,129.38035123207268,11.979217974736798
21603117,21585539,21616788,141.63589115826224,130.1297688220266,11.506122336235649
21626962,21609384,21640633,141.78303985416636,131.38576603036682,10.397273823799537
21651075,21633497,21664746,141.63739326217006,129.3086830632557,12.328710198914365
21675273,21657695,21688944,141.5220581143767,128.12151316345097,13.400544950925735
21699427,21681849,21713098,141.6811874443445,129.11523581223454,12.565951632109943
21723533,21705955,21737204,141.9315830078754,129.5626570054342,12.368926002441185
21747658,21730080,21761329,141.8055216734468,129.2648964834797,12.540625189967102
21771777,21754199,21785448,141.66371983141568,130.913807092447,10.749912738968675
21796274,21778696,21809945,141.69450082021848,132.02673075908703,9.66777006113145
21820343,21802765,21834014,141.62532201387756,131.3436554600175,10.281666553860077
21843812,21826234,21857483,141.57532140675468,128.87665533940032,12.698666067354367
21868423,21850845,21882094,140.92771175271093,127.88927489388881,13.038436858822124
21892581,21875003,21906252,141.0258566784117,129.2292621768818,11.79659450152991
21915684,21898106,21929355,141.781264975006,130.59921004171116,11.182054933294836
21939770,21922192,21953441,141.80271403431996,131.7819080227701,10.020806011549865
21963826,21946248,21977497,141.93718292526458,131.5416002583331,10.395582666931489
21987959,21970381,22001630,141.77401239165638,131.49160349980085,10.282408891855539
22795980,22778402,22809651,138.59690159501906,136.22861375870528,2.368287836313783
22820141,22802563,22833812,141.25628838223608,135.5352811065326,5.721007275703471
22844792,22827214,22858463,141.87142944711817,132.0253298541044,9.846099593013776
22868214,22850636,22881885,142.41396954957017,132.1428940402318,10.271075509338374
22893054,22875476,22906725,143.12835645277954,137.37514562142434,5.753210831355204
22917156,22899578,22930827,143.33135522934163,138.36608010831532,4.965275121026309
22941259,22923681,22954930,141.2634630842735,129.00886873620212,12.254594348071379
22965411,22947833,22979082,141.44493006959368,128.8012777911388,12.64365227845488
22989558,22971980,23003229,141.56614895002338,128.5709529682191,12.995195981804272
23013676,22996098,23027347,141.53011087528785,128.88514391403982,12.64496696124803
23037824,23020246,23051495,141.28144245876865,128.3595162420907,12.921926216677946
23062536,23044958,23076207,140.88156586109847,129.84826899061682,11.03329687048165
23086702,23069124,23100373,144.39145045670506,141.72198907651259,2.669461380192473
23110862,23093284,23124533,141.1008654326698,131.23727819880162,9.863587233868174
23135162,23117584,23148833,140.76831027597206,130.66667587432585,10.101634401646209
23158631,23141053,23172302,140.7568086908413,130.64343331101873,10.113375379822571
23182757,23165179,23196428,140.59268101052618,130.63724771140988,9.955433299116294
23207688,23190110,23221359,140.5659771742166,130.3108799931276,10.255097181089013
23231755,23214177,23245426,140.5565955801577,129.68442629935834,10.872169280799369
23255227,23237649,23268898,143.89550555672736,141.32627558559963,2.5692299711277258
23279173,23261595,23292844,144.11309496561518,141.66447872389637,2.4486162417188098
23303364,23285786,23317035,141.37664614102943,129.2962865027717,12.080359638257733
23327472,23309894,23341143,141.12575185481785,128.38082306492106,12.74492878989679
23352360,23334782,23366031,141.06169820787616,127.7391184678691,13.322579740007058
23375607,23358029,23389278,141.88809255872323,128.90327948855392,12.98481307016931
23399504,23381926,23413175,142.03196143004106,129.4869948575803,12.544966572460766
23423554,23405976,23437225,141.789089933858,129.6122430942333,12.176846839624716
23447854,23430276,23461525,143.25446675874755,140.64955584869318,2.6049109100543717
23472747,23455169,23486418,142.2281361148353,134.06199910915473,8.166137005680582
23496873,23479295,23510544,141.5351733661026,126.93780723121044,14.59736613489217
23520399,23502821,23534070,141.73931004543655,127.48953635227743,14.249773693159128
23544572,23526994,23558243,141.95327730224693,128.27320091277304,13.680076389473896
23568750,23551172,23582421,142.1562714275797,129.26412958544088,12.892141842138813
23592609,23575031,23606280,142.48130401665452,128.54877802998624,13.932525986668281
23616680,23599102,23630351,142.51769267659327,129.0094332786174,13.508259397975877
23640821,23623243,23654492,142.42709069904544,129.33889149098763,13.088199208057802
23665137,23647559,23678808,143.8854092237456,138.74848209924713,5.13692712449847
23689192,23671614,23702863,142.2730221834108,128.06477643442184,14.208245748988958
23713813,23696235,23727484,141.94628675843825,127.32142819947482,14.624858558963425
23737882,23720304,23751553,141.89110089346178,128.5738175930317,13.317283300430091
23761314,23743736,23774985,142.03301904494228,128.1094625538567,13.923556491085577
23786149,23768571,23799820,141.53291234386052,127.76636892952695,13.766543414333569
23810239,23792661,23823910,141.40004514429228,127.61494933720968,13.785095807082598
23834400,23816822,23848071,141.6351592503066,128.9919296560345,12.6432295942721
23857786,23840208,23871457,143.22554577313332,137.9704611075023,5.255084665631017
23882632,23865054,23896303,141.73070678705588,129.0473799661328,12.683326820923071
23905834,23888256,23919505,141.97098660141214,130.451827178037,11.519159423375129
23930483,23912905,23944154,142.23751222700014,132.61178675953508,9.62572546746506
23953948,23936370,23967619,142.35597035537293,132.40802724536428,9.947943110008652
23978076,23960498,23991747,142.1434944318743,130.14365984608628,11.999834585788022
24002210,23984632,24015881,141.95406614216444,128.88765158465037,13.066414557514065
24026325,24008747,24039996,143.14972151940714,137.6047106953179,5.545010824089246
24050670,24033092,24064341,143.22064086250683,138.05110695472112,5.169533907785706
24074640,24057062,24088311,141.5045753136403,129.57892577182204,11.925649541818245
24098787,24081209,24112458,141.62867246101925,131.44152517310124,10.187147287918009
24122949,24105371,24136620,141.61909586298287,131.48954380775845,10.129552055224423
24147097,24129519,24160768,141.74732422686327,130.9648270440716,10.782497182791673
24171178,24153600,24184849,141.7837645558165,131.05862900815112,10.725135547665388
24195255,24177677,24208926,141.73028433974494,132.37042251152954,9.3598618282154
24219349,24201771,24233020,143.0527287795669,138.82835765109556,4.224371128471347
24243467,24225889,24257138,141.40607462704403,131.6510084715274,9.75506615551663
24267590,24250012,24281261,141.4619180909545,130.87390819387142,10.588009897083083
24291712,24274134,24305383,141.31464098573812,129.2930573917158,12.021583594022331
24315891,24298313,24329562,141.41645537423182,129.13244057338278,12.284014800849036
24340038,24322460,24353709,141.32725314053272,128.3371337320239,12.990119408508832
24363381,24345803,24377052,141.6806365811458,127.6658987746728,14.014737806472993
24388093,24370515,24401764,141.17888061957186,128.5325107372271,12.646369882344743
24411668,24394090,24425339,141.95256318453843,133.12463194258643,8.827931241952001
24435813,24418235,24449484,142.36375042194828,131.54055073034374,10.823199691604543
24460007,24442429,24473678,142.29667456727574,130.4049546179024,11.89171994937334
24484145,24466567,24497816,141.8789955118295,129.92133417927113,11.95766133255836
24508363,24490785,24522034,141.72554606817727,130.7678578902013,10.957688177975967
24533525,24515947,24547196,141.37841573437703,131.14232011568504,10.23609561869199
24556687,24539109,24570358,141.6875115435787,130.10057689180132,11.58693465177737
24580900,24563322,24594571,141.25762605749614,129.75239108363897,11.50523497385717
24605235,24587657,24618906,141.07948707922964,129.1662306105616,11.913256468668038
24629388,24611810,24643059,141.1746796110099,128.23282212618383,12.941857484826073
24654777,24637199,24668448,140.59738484773246,125.78885837435229,14.80852647338017
24677642,24660064,24691313,140.72807307194458,126.61080869568629,14.11726437625829
24702263,24684685,24715934,140.5777590694317,126.13568795417177,14.442071115259921
24726417,24708839,24740088,140.91943926320252,126.98729082539458,13.932148437807939
24750558,24732980,24764229,141.03608392987982,127.57491687149752,13.461167058382301
24774542,24756964,24788213,140.73457343724314,127.38208678364546,13.35248665359768
24798796,24781218,24812467,140.73827887220813,128.81031035345276,11.927968518755364
24823883,24806305,24837554,140.90498831145274,130.06583962662978,10.839148684822959
24848030,24830452,24861701,141.11069822097699,131.6702957568535,9.44040246412348
24871325,24853747,24884996,141.05101645826753,131.86032758969995,9.190688868567577
24895564,24877986,24909235,140.75934689833525,130.38071753075542,10.378629367579833
24919731,24902153,24933402,140.79522629884895,129.29676136265508,11.49846493619387
24943876,24926298,24957547,141.00472694964787,127.3527090694138,13.65201788023407
24968039,24950461,24981710,140.93169528538743,127.2189774517602,13.712717833627238
24992182,24974604,25005853,140.87238047712356,128.1815328024374,12.690847674686154
25017100,24999522,25030771,140.83046675722474,128.850960327977,11.979506429247749
25041271,25023693,25054942,141.01234875458107,128.90642655493826,12.105922199642805
25064982,25047404,25078653,141.10557642241662,127.82105895481685,13.28451746759977
25089162,25071584,25102833,141.15287978091317,127.08134387133128,14.071535909581883
25113326,25095748,25126997,141.19042317559388,127.62643356223788,13.563989613356
25137914,25120336,25151585,141.303392950535,128.3296054324366,12.97378751809839
25162061,25144483,25175732,141.51752386201667,128.8233202086994,12.69420365331726
25185650,25168072,25199321,141.4648840609541,127.69731911201349,13.767564948940603
25209802,25192224,25223473,141.20979254474437,126.11044731058165,15.099345234162726
25233965,25216387,25247636,141.1557582787174,126.32601357556095,14.82974470315645
25258230,25240652,25271901,141.44514655851833,126.37922539982586,15.065921158692476
25282374,25264796,25296045,141.65328328410948,125.7596124003794,15.893670883730081
25306542,25288964,25320213,141.60241590864229,126.54681603683935,15.05559987180294
25330768,25313190,25344439,141.45161497621902,127.4427944009946,14.00882057522442
25354953,25337375,25368624,141.521260216822,128.30130741774332,13.21995279907867
25378720,25361142,25392391,142.01465153789724,128.4036131208042,13.611038417093027
25402859,25385281,25416530,142.289333822007,128.66320523788056,13.626128584126434
25427167,25409589,25440838,142.19642730031902,128.84046537009772,13.355961930221298
25451306,25433728,25464977,142.3387721918416,128.86536856098476,13.473403630856836
25475459,25457881,25489130,142.3362661865701,128.02578546122797,14.310480725342131
25499715,25482137,25513386,142.18592903126182,127.35071378546976,14.835215245792057
25523974,25506396,25537645,142.09449658450177,127.75759037036627,14.336906214135496
25548179,25530601,25561850,141.85749647149183,128.22405227989657,13.63344419159526
25572006,25554428,25585677,142.2073652951062,129.1957674141054,13.011597881000796
25597022,25579444,25610693,142.07408881319492,130.31218465290243,11.761904160292488
25621102,25603524,25634773,142.2802732115884,130.22867275202128,12.051600459567112
25645336,25627758,25659007,142.02568715869344,128.43649782199398,13.589189336699462
25669486,25651908,25683157,142.0200254050153,129.42607161223657,12.593953792778734
25692788,25675210,25706459,142.311318093032,130.08807982209757,12.223238270934445
25717687,25700109,25731358,141.67946948540649,128.87119053703256,12.808278948373925
25741824,25724246,25755495,141.7377312261255,128.7283732423388,13.009357983786714
25766045,25748467,25779716,141.53688305830366,127.85106055247256,13.685822505831098
25789536,25771958,25803207,141.62821365470134,128.09395579144837,13.534257863252975
25813679,25796101,25827350,141.18231673512537,127.40987576277053,13.772440972354843
25838380,25820802,25852051,140.8943832213503,125.99994597640615,14.894437244944143
25862535,25844957,25876206,140.88713418647862,127.15549334733646,13.731640839142159
25886334,25868756,25900005,141.2062635774079,127.70072475310963,13.50553882429827
25910499,25892921,25924170,141.36672292028993,129.0641354824761,12.302587437813827
25934538,25916960,25948209,141.15772185372634,129.10578349928593,12.05193835444041
25958648,25941070,25972319,140.97599476586177,128.8357617095018,12.14023305635996
25982486,25964908,25996157,141.62975116072192,129.33272110669552,12.297030054026408
26006621,25989043,26020292,141.96628285270953,129.23720064885862,12.729082203850908
26030753,26013175,26044424,141.86590213988435,128.84026507718008,13.025637062704277
26054910,26037332,26068581,141.7906271950564,128.13865176893475,13.651975426121652
26079054,26061476,26092725,141.66235824880656,128.65746369509867,13.004894553707885
26103191,26085613,26116862,141.86632144836386,129.69376615787237,12.172555290491488
26127306,26109728,26140977,141.88481268096143,129.0762787426031,12.808533938358323
26151436,26133858,26165107,141.57142887325423,128.4981274079441,13.073301465310124
26175571,26157993,26189242,141.27918431117263,127.9326396797324,13.346544631440224
26200406,26182828,26214077,141.09245620339044,127.78424841709203,13.30820778629841
26224757,26207179,26238428,141.2173540761996,128.44225020404036,12.775103872159235
26249005,26231427,26262676,141.11601598848932,128.64420734963264,12.471808638856686
26272645,26255067,26286316,142.68272642402047,137.4869575244757,5.19576889954476
26296817,26279239,26310488,140.7725596375942,129.00145135841123,11.771108279182982
26321018,26303440,26334689,140.91246633224912,128.6282190664794,12.284247265769721
26345157,26327579,26358828,141.09703959428677,128.87994501467847,12.2170945796083
26369450,26351872,26383121,140.78917110166526,129.40504438574106,11.384126715924197
26393657,26376079,26407328,140.61329848015282,129.9863419940324,10.626956486120434
26417334,26399756,26431005,141.25800772892265,131.3107636923015,9.947244036621157
26441479,26423901,26455150,141.7999993451301,131.67156000201825,10.128439343111836
26465640,26448062,26479311,142.898167253663,136.51955053967836,6.378616713984627
26489832,26472254,26503503,142.91745393259117,135.57722093205962,7.340233000531555
26514055,26496477,26527726,142.40705581871282,131.15474033260185,11.252315486110973
26538224,26520646,26551895,142.4122974155114,131.59759335185865,10.814704063652755
26562384,26544806,26576055,142.5049538622452,131.6892089376256,10.815744924619594
26586532,26568954,26600203,142.42031863082352,131.65553830578008,10.764780325043432
26610711,26593133,26624382,142.10406237103876,130.56384681771578,11.54021555332298
26634898,26617320,26648569,141.9495083475229,130.01068885028127,11.938819497241639
26659084,26641506,26672755,143.66758703651175,138.90204600686837,4.765541029643373
26684028,26666450,26697699,141.68639265349702,130.40994287981323,11.276449773683794
26708247,26690669,26721918,141.37011798213695,129.50212623475818,11.867991747378767
26731531,26713953,26745202,141.69007130359273,129.51159038616632,12.178480917426413
26755732,26738154,26769403,141.20484717245571,128.80045843429193,12.404388738163789
26780545,26762967,26794216,140.93904187122524,129.73479736952297,11.204244501702277
26804748,26787170,26818419,141.32847731707147,129.63240634724772,11.69607096982375
26828934,26811356,26842605,143.67918261269492,140.58542955526966,3.0937530574252605
26852471,26834893,26866142,140.7962744517974,129.8995631118328,10.896711339964583
26876633,26859055,26890304,140.5511226879771,128.63917423711837,11.911948450858745
26900828,26883250,26914499,140.98109626045564,127.68700950331022,13.294086757145422
26925054,26907476,26938725,140.98704802860746,127.93899814785115,13.04804988075631
26949134,26931556,26962805,140.6610399573098,129.31889134624288,11.342148611066932
26973352,26955774,26987023,140.6603356908457,130.7345693192734,9.925766371572308
26997556,26979978,27011227,142.67062844662476,138.39212111896276,4.278507327661998
27021777,27004199,27035448,144.04788804383838,140.81729876431802,3.230589279520359
27045598,27028020,27059269,140.83257198522196,129.4450440433254,11.387527941896565
27069357,27051779,27083028,140.76773839495908,132.4493923050032,8.318346089955895
27094700,27077122,27108371,140.52852987733934,132.4298286963774,8.098701180961939
27119756,27102178,27133427,140.42387217068512,129.86354260704255,10.560329563642568
27144958,27127380,27158629,140.4831445791447,127.86377171411482,12.619372865029874
27170176,27152598,27183847,140.68560845375768,130.68056893899004,10.005039514767645
27195492,27177914,27209163,143.6454262673949,141.04972209686193,2.5957041705329686
27220722,27203144,27234393,140.8006930141717,127.75676127620578,13.043931737965934
27245899,27228321,27259570,141.06887427284397,128.2837665648225,12.785107708021457
27271161,27253583,27284832,141.31730971973633,128.8919429946659,12.425366725070432
27296291,27278713,27309962,141.1304821125988,128.47662834487411,12.653853767724684
27321507,27303929,27335178,140.89234453054328,128.9476162275172,11.944728303026096
27346669,27329091,27360340,141.00747955053126,128.25647850565298,12.75100104487828
27371888,27354310,27385559,144.37651575295087,141.34313389445444,3.0333818584964263
27397070,27379492,27410741,140.94092729792007,129.06122356582694,11.879703732093134
27422163,27404585,27435834,140.97897340178972,128.60014091496578,12.378832486823939
27448258,27430680,27461929,140.96778724208545,128.96309116446085,12.004696077624601
27472761,27455183,27486432,141.00625925114434,128.44679186989794,12.559467381246407
27497999,27480421,27511670,140.67941023327606,127.02140190278215,13.658008330493914
27523233,27505655,27536904,140.73128943420448,127.4962269993594,13.23506243484509
27548226,27530648,27561897,143.51894400239016,140.22108737485473,3.297856627535424
27573549,27555971,27587220,144.11123419447816,140.87516293125302,3.236071263225142
27598770,27581192,27612441,141.0226462527532,128.50024813266955,12.522398120083636
27623907,27606329,27637578,140.8352720356464,128.236382636885,12.5988893987614
27649112,27631534,27662783,141.00143058774077,127.7153407875059,13.286089800234876
27674387,27656809,27688058,141.19431690550448,128.3352241785141,12.859092726990383
27699526,27681948,27713197,141.30094508623537,129.176504288944,12.124440797291385
27724758,27707180,27738429,141.1960576180021,128.37653727506782,12.819520342934283
27749966,27732388,27763637,143.99710013350824,140.92123525831903,3.075864875189211
27775723,27758145,27789394,141.37933258482616,128.52247300637646,12.8568595784497
27800164,27782586,27813835,141.16912463049218,128.82692276036084,12.342201870131333
27825380,27807802,27839051,140.84848546483192,128.932619670424,11.915865794407921
27849935,27832357,27863606,141.18588286850465,129.38170819040505,11.8041746780996
27875097,27857519,27888768,141.41397005800312,130.51072465571116,10.903245402291958
27901057,27883479,27914728,140.95753324516534,129.8885247575883,11.069008487577037
27925550,27907972,27939221,141.4760432249634,131.10396101961973,10.372082205343673
27951278,27933700,27964949,142.9245171738266,139.83376119963108,3.0907559741955026
27977468,27959890,27991139,140.61744713411386,129.64639263901591,10.971054495097945
28003752,27986174,28017423,140.77627038361078,129.22192422653063,11.554346157080147
28029961,28012383,28043632,140.6953759972617,129.02498244471806,11.67039355254363
28056193,28038615,28069864,140.72665970132692,128.6843677758924,12.042291925434512
28082475,28064897,28096146,140.6404251277725,129.05803091273515,11.58239421503734
28108730,28091152,28122401,140.6366851766853,129.42560923967454,11.211075937010747
28135724,28118146,28149395,142.46665415044168,138.928842139801,3.5378120106406925
28162403,28144825,28176074,140.77054147484384,131.21517393322566,9.555367541618182
28189540,28171962,28203211,140.86247015676187,130.22156455276482,10.640905603997055
28215872,28198294,28229543,140.94812315664913,130.0059857856999,10.94213737094924
28242515,28224937,28256186,140.74465498012364,128.51391660546392,12.230738374659722
28269248,28251670,28282919,140.6439155539354,128.1239597790638,12.51995577487159
28296038,28278460,28309709,140.84090500976188,128.73799215334878,12.102912856413099
28322775,28305197,28336446,142.94070826781936,138.94436716256953,3.996341105249826
28349505,28331927,28363176,140.43455828761606,127.29766647518515,13.136891812430903
28376134,28358556,28389805,140.69733041716074,127.83150645015242,12.865823967008325
28402876,28385298,28416547,140.85872680244097,127.79307085700026,13.06565594544071
28429563,28411985,28443234,140.8209811020496,127.18797218765543,13.633008914394154
28456239,28438661,28469910,140.50569315904792,127.47323472759136,13.032458431456561
28482845,28465267,28496516,140.80922355516327,129.31520814095586,11.49401541420741
28509591,28492013,28523262,142.88483660654595,139.30480250902465,3.580034097521292
28536344,28518766,28550015,141.31735771928936,133.7103250144513,7.607032704838048
28563116,28545538,28576787,140.50136014534442,130.63607737915925,9.865282766185175
28589544,28571966,28603215,140.81060576063868,130.86189334813702,9.948712412501663
28616324,28598746,28629995,140.73913593679447,129.6416269593961,11.097508977398377
28643183,28625605,28656854,141.00011909164988,129.2001633737924,11.799955717857472
28669756,28652178,28683427,140.78865776633992,128.204728297454,12.583929468885913
28696479,28678901,28710150,143.7219621022719,141.08033279100607,2.641629311265831
28723239,28705661,28736910,140.3880217177752,128.15415260368397,12.23386911409122
28749943,28732365,28763614,140.02619985161968,128.810670285431,11.215529566188678
28776597,28759019,28790268,140.36511387565352,130.4623208408891,9.902793034764414
28803470,28785892,28817141,140.56594693065597,129.74035479214163,10.825592138514338
28830125,28812547,28843796,140.79539208050517,131.96264700122438,8.832745079280784
28857326,28839748,28870997,140.23982595115316,131.3347143888281,8.905111562325061
28884742,28867164,28898413,143.7870769840143,141.6388581905407,2.1482187934736032
28912875,28895297,28926546,140.52933528603697,129.5092282325357,11.020107053501278
28941066,28923488,28954737,140.54287314836836,129.0789251034224,11.463948044945965
28968726,28951148,28982397,140.57087252424714,129.66401665697822,10.906855867268916
28994813,28977235,29008484,140.79952879559696,130.16606299589745,10.633465799699508
29023097,29005519,29036768,140.76891031743747,128.8328221225741,11.936088194863373
29051180,29033602,29064851,141.5370795738427,133.53983382971572,7.997245744126985
29079719,29062141,29093390,143.18781546711088,139.56678995950304,3.6210255076078397
29108145,29090567,29121816,140.9988823648829,127.71715063026362,13.281731734619271
29136284,29118706,29149955,141.33907031681073,127.6504171399086,13.688653176902136
29163613,29146035,29177284,141.42611064322185,127.85633862003462,13.569772023187227
29191717,29174139,29205388,141.48015255469227,128.75412525939015,12.726027295302117
29219811,29202233,29233482,141.5261548311214,129.18346048512407,12.34269434599733
29247643,29230065,29261314,144.61202527104305,141.90425893642228,2.7077663346207714
29275780,29258202,29289451,141.5765113702667,128.946306366209,12.6302050040577
29303900,29286322,29317571,141.78892208884247,129.00438219774261,12.784539891099854
29332029,29314451,29345700,141.4825348453255,127.72397270433211,13.758562140993376
29360235,29342657,29373906,141.1875350340589,128.55606136505676,12.631473669002133
29388297,29370719,29401968,141.15023879466696,127.4238335743311,13.726405220335863
29416362,29398784,29430033,141.26597452842043,129.30098645629192,11.964988072128506
29444862,29427284,29458533,143.68029186590854,140.63193654231443,3.0483553235941088
29472685,29455107,29486356,140.85069041301762,127.03691537326763,13.813775039749984
29500663,29483085,29514334,141.0615908900955,127.52345008790124,13.538140802194249
29528832,29511254,29542503,141.0588205574181,127.33934070182451,13.71947985559359
29557004,29539426,29570675,140.9232868211449,126.43570000684917,14.487586814295724
29585025,29567447,29598696,141.4318061334874,129.3410968348275,12.090709298659903
29613262,29595684,29626933,145.0164376839539,142.45663002799304,2.559807655960867
29641456,29623878,29655127,141.0630347505445,129.00006157600373,12.062973174540758
29669270,29651692,29682941,141.1674487941967,128.5854340456886,12.5820147485081
29697453,29679875,29711124,141.0321024644478,128.3841448084088,12.647957656039011
29725567,29707989,29739238,140.95461074209365,128.41253569373063,12.542075048363017
29753763,29736185,29767434,140.97117235049942,128.08984019158115,12.88133215891827
29781905,29764327,29795576,140.9464763382869,129.12128111237735,11.825195225909567
29810060,29792482,29823731,143.75408005824272,140.63355606154946,3.120523996693265
29838230,29820652,29851901,141.42007495015517,131.1667481942216,10.253326755933557
29866582,29849004,29880253,141.02870341654705,131.58815469488994,9.440548721657109
30515259,30497681,30528930,139.0604780938457,136.23357869638946,2.8268993974562306
30543231,30525653,30556902,140.50151932355328,132.64345538366302,7.858063939890258
30571322,30553744,30584993,143.45522259875546,139.9150414634152,3.540181135340248
30599299,30581721,30612970,140.26027426352852,129.45537456050965,10.804899703018862
30627405,30609827,30641076,140.52694317403825,128.7630598448427,11.76388332919555
30655620,30638042,30669291,140.71443125552778,128.33344832549125,12.380982930036538
30683837,30666259,30697508,140.94987155685646,129.13559045706495,11.814281099791515
30712052,30694474,30725723,140.83780633771582,129.3552014531532,11.482604884562619
30741160,30723582,30754831,145.31120435976536,143.07655423385438,2.2346501259109743
30769360,30751782,30783031,141.03355046924503,130.2288376848176,10.804712784427437
30797586,30780008,30811257,141.1084350703707,126.9311801235991,14.177254946771583
30825147,30807569,30838818,141.21576542864082,126.53863131791447,14.677134110726357
30853334,30835756,30867005,141.46030816595774,128.62429319584632,12.836014970111421
30881475,30863897,30895146,141.6204050417945,128.66911326634064,12.951291775453853
30909570,30891992,30923241,145.05648823239954,142.3312307493929,2.725257483006658
30937864,30920286,30951535,145.25328708685154,142.24704859749033,3.006238489361209
30966237,30948659,30979908,142.06975446959905,127.28735506642694,14.782399403172107
30994525,30976947,31008196,142.03781813399013,126.70568345635903,15.332134677631103
31022877,31005299,31036548,142.25312720283137,126.84702376995604,15.406103432875327
31050942,31033364,31064613,142.20617582903944,127.2350950079683,14.97108082107114
31079229,31061651,31092900,141.81089696625705,127.49764025458714,14.313256711669908
31107501,31089923,31121172,145.536033535911,142.57727350810487,2.958760027806136
31135686,31118108,31149357,142.08135645273305,129.12905585310153,12.952300599631513
31163745,31146167,31177416,142.3746050399127,128.20968405100544,14.164920988907255
31192003,31174425,31205674,142.3302535309526,128.54601954846322,13.784233982489383
31220282,31202704,31233953,142.29385173176698,127.69009334321625,14.60375838855073
31248651,31231073,31262322,142.16110214353415,129.2331291033739,12.927973040160254
31276939,31259361,31290610,142.8939072418263,134.1470617527891,8.746845489037185
31305701,31288123,31319372,145.62483172505807,142.33669713651472,3.2881345885433575
31334887,31317309,31348558,143.0506619687404,130.15008971591453,12.900572252825867
31364162,31346584,31377833,143.0972227763996,128.8452401002524,14.251982676147207
31393507,31375929,31407178,143.81844489500187,130.88880170115928,12.929643193842594
31422623,31405045,31436294,143.90260074187725,130.5319847940334,13.370615947843845
31452006,31434428,31465677,143.59368794567726,129.97161739570515,13.622070549972108
31480553,31462975,31494224,145.30826324648342,140.73063703497064,4.577626211512779
31510399,31492821,31524070,143.23522019109976,130.58198140955227,12.653238781547486
31538958,31521380,31552629,143.13450784568823,129.048276471916,14.086231373772222
31568246,31550668,31581917,143.0891768999614,128.5846183290842,14.50455857087718
31597588,31580010,31611259,142.99573669703668,131.5698787170702,11.42585797996648
31627651,31610073,31641322,143.61057401497476,131.63917280483156,11.971401210143199
31657885,31640307,31671556,144.62460446130186,138.07792776192156,6.546676699380299
31688325,31670747,31701996,143.94291936693148,134.26633721547586,9.67658215145562
31718485,31700907,31732156,143.13153992077866,127.64102554388455,15.490514376894112
31748699,31731121,31762370,143.72138180831723,129.69061069867567,14.030771109641563
31779457,31761879,31793128,143.65785771975823,129.51616049696182,14.14169722279641
31809049,31791471,31822720,143.38294954138806,128.9998354913175,14.38311405007056
31839087,31821509,31852758,142.96700531787042,129.01277588030655,13.954229437563868
31869342,31851764,31883013,144.7692147994905,140.3246544546476,4.444560344842898
31899565,31881987,31913236,143.11650289525912,129.489462377202,13.627040518057129
31929817,31912239,31943488,142.8158856878888,129.32031544074022,13.495570247148578
31959948,31942370,31973619,142.91967003250508,129.41316311770763,13.506506914797455
31990068,31972490,32003739,142.72863723403216,129.30642911521392,13.422208118818247
32021030,32003452,32034701,142.05595628374812,128.36936085527978,13.686595428468337
32051178,32033600,32064849,143.64632276192322,138.37513611458928,5.271186647333934
32080532,32062954,32094203,142.4851640244046,127.690081697506,14.795082326898608
32110640,32093062,32124311,142.5241159177739,128.52552969897724,13.998586218796675
32140773,32123195,32154444,141.9877177817869,129.0927183652398,12.894999416547108
32170906,32153328,32184577,141.93789157577834,130.38163109550771,11.556260480270623
32200960,32183382,32214631,141.81041019685793,130.37300986900436,11.437400327853567
32231169,32213591,32244840,142.84620382079663,134.87343231763614,7.972771503160487
32261364,32243786,32275035,142.23483369357928,129.06717076919642,13.167662924382853
32291474,32273896,32305145,141.69444450109876,130.03660320354032,11.657841297558434
32321068,32303490,32334739,141.86181282743854,129.55200949602602,12.309803331412525
32351190,32333612,32364861,141.68928936655254,129.69787897598073,11.991410390571815
32381419,32363841,32395090,141.60754630149705,129.35719680991224,12.250349491584814
32411560,32393982,32425231,141.56639823094534,129.59403881485943,11.972359416085908
32442013,32424435,32455684,142.03830185489736,131.05703636635428,10.981265488543073
32472253,32454675,32485924,142.26606437041636,129.56501038096576,12.7010539894506
32502414,32484836,32516085,142.45319460563923,128.76905554168974,13.684139063949488
32532300,32514722,32545971,142.47318980109253,127.95833875100799,14.514851050084545
32562418,32544840,32576089,142.5503287122097,129.230104809113,13.320223903096718
32592666,32575088,32606337,143.2451560100151,129.9747747507647,13.2703812592504
32622799,32605221,32636470,143.11058273506166,128.43947364458018,14.67110909048148
32653191,32635613,32666862,142.82313460528138,128.5901396201877,14.232994985093683
32684070,32666492,32697741,142.77985241919498,129.23518178460213,13.544670634592848
32713191,32695613,32726862,143.1489829317104,127.97324042799495,15.175742503715455
32743227,32725649,32756898,143.0328297056146,126.8642307008323,16.16859900478231
32773378,32755800,32787049,142.83004303888202,128.16401375439415,14.666029284487877
32803475,32785897,32817146,143.34985009920797,130.46959840487986,12.88025169432811
32832912,32815334,32846583,143.42171468721102,129.58121980859386,13.840494878617164
32864697,32847119,32878368,143.21740229927875,127.28100238645735,15.9363999128214
32893118,32875540,32906789,143.28598444391284,129.20470360036748,14.081280843545358
32923274,32905696,32936945,143.1419904534328,129.5517507782954,13.590239675137411
32953594,32936016,32967265,142.65531799278892,129.49302573237168,13.162292260417246
32983681,32966103,32997352,142.4916980041088,129.9995695527554,12.492128451353409
33013656,32996078,33027327,142.84521940586023,130.67927590879876,12.165943497061477
33043765,33026187,33057436,142.3234560220918,130.49967731027843,11.823778711813361
33073965,33056387,33087636,142.26139775835313,130.47320984839277,11.788187909960357
33104022,33086444,33117693,142.46207306800548,130.1870602409056,12.275012827099886
33134700,33117122,33148371,142.03420395075963,129.35395535957284,12.680248591186796
33163812,33146234,33177483,142.19777002630937,128.88687943536138,13.310890590947992
33196206,33178628,33209877,142.08003788509254,128.61846087405536,13.461577011037178
33224806,33207228,33238477,142.19999744377367,129.60107493074406,12.598922513029606
33254519,33236941,33268190,142.1576001528598,129.1438454199686,13.013754732891186
33284665,33267087,33298336,141.9355330714035,128.10669651702517,13.828836554378341
33314810,33297232,33328481,142.11731059685695,128.4650512447922,13.65225935206476
33344747,33327169,33358418,142.6018857357327,129.33651798729778,13.265367748434926
33375074,33357496,33388745,142.5977064154361,129.05239425041347,13.545312165022636
33405325,33387747,33418996,142.48904999983648,130.10149723561904,12.387552764217446
33435186,33417608,33448857,142.52589272781304,130.6733427788646,11.85254994894845
33465269,33447691,33478940,142.33762566934723,129.99277528852335,12.344850380823885
33495382,33477804,33509053,142.60037772917556,133.14928652517938,9.451091203996185
33526293,33508715,33539964,142.343659024449,130.7899785104448,11.553680514004213
33556374,33538796,33570045,142.37003442231514,128.2456698260545,14.124364596260648
33585552,33567974,33599223,142.52600475023573,128.98773930536547,13.538265444870262
33615632,33598054,33629303,142.0337004018401,128.26817741448536,13.765522987354728
33645665,33628087,33659336,141.79224055325776,128.92901185413504,12.863228699122715
33675815,33658237,33689486,142.5281968768637,132.492133683181,10.03606319368268
33705993,33688415,33719664,144.00619919521583,139.07117463012474,4.935024565091084
33736073,33718495,33749744,142.52844507586278,128.84607767910202,13.682367396760753
33766830,33749252,33780501,142.516595030777,127.29916104512728,15.217433985649734
33796103,33778525,33809774,142.7316160532856,127.41708464682254,15.314531406463047
33826128,33808550,33839799,142.82882514632516,128.8462638173743,13.982561328950851
33855296,33837718,33868967,142.8758164420044,129.40525148069386,13.470564961310544
33885301,33867723,33898972,143.7379879112606,138.57970338275243,5.158284528508176
33917840,33900262,33931511,142.82308840184325,128.48603979382077,14.337048608022485
33946192,33928614,33959863,143.00607760918956,129.52865332160243,13.477424287587127
33975868,33958290,33989539,142.41035305425814,128.7899279214692,13.620425132788938
34006345,33988767,34020016,142.39873852853063,129.9875504238903,12.411188104640331
34036570,34018992,34050241,142.47840707949194,129.92860345137035,12.549803628121595
34065788,34048210,34079459,144.21123765050152,139.45754180749856,4.7536958430029586
34096721,34079143,34110392,142.47748474915477,130.05307175031297,12.424412998841802
34126894,34109316,34140565,142.94357746177337,132.96871517579703,9.974862285976343
34156637,34139059,34170308,142.79775024165622,132.45721714158896,10.340533100067262
34186477,34168899,34200148,143.02551610827234,130.506667516275,12.51884859199734
34216919,34199341,34230590,142.92765226889588,128.98578690690283,13.941865361993052
34246713,34229135,34260384,145.02006442607365,141.80060767887002,3.2194567472036226
34276800,34259222,34290471,143.0548719247726,130.10034831984893,12.95452360492368
34307484,34289906,34321155,142.88950362977278,131.32402887247417,11.565474757298603
34336946,34319368,34350617,142.86391547479917,131.64952343010307,11.214392044696098
34367123,34349545,34380794,143.03940347612058,130.0753910640632,12.964012412057372
34397140,34379562,34410811,142.7955401629283,128.72500797241992,14.070532190508374
34427236,34409658,34440907,145.20377887129936,142.18768102111363,3.01609785018573
34457332,34439754,34471003,143.24338958788135,129.44002354876096,13.803366039120391
34487446,34469868,34501117,143.1155690512929,128.2082697066099,14.907299344682997
34517524,34499946,34531195,143.05239925221423,129.5274355482871,13.524963703927142
34547715,34530137,34561386,143.23719946130853,129.52302563001012,13.71417383129841
34577629,34560051,34591300,143.5759407191629,130.55262897295088,13.023311746212016
34608945,34591367,34622616,145.94723618592508,142.15775368146217,3.78948250446291
34637819,34620241,34651490,142.92397828955058,130.28685228427625,12.637126005274325
34667789,34650211,34681460,143.2318976747177,128.99701819219243,14.234879482525258
34697957,34680379,34711628,143.75434377124427,128.7771181277756,14.977225643468671
34727514,34709936,34741185,143.5327794655968,129.09108665538471,14.44169281021209
34757624,34740046,34771295,143.74586711769663,129.4100053037296,14.335861813967028
34787708,34770130,34801379,146.00536536714839,142.30960274554408,3.6957626216043025
34819412,34801834,34833083,144.15292414751315,129.34688921917564,14.80603492833751
34849452,34831874,34863123,143.77866130631614,129.3330954494199,14.445565856896252
34877759,34860181,34891430,143.92119140328765,129.20245049983598,14.718740903451675
34908722,34891144,34922393,143.87772420531272,128.94125912264414,14.936465082668576
34938801,34921223,34952472,143.92822507702957,130.63319317494464,13.29503190208493
34968864,34951286,34982535,146.5977956521341,142.29636692001768,4.30142873211642
34999634,34982056,35013305,144.1212798900725,134.1170444004145,10.004235489657987
35027997,35010419,35041668,143.686231745687,129.60515348079068,14.08107826489632
35058286,35040708,35071957,143.31540609884743,129.32340172496168,13.992004373885749
35088392,35070814,35102063,143.40470428821033,129.2359022549925,14.168802033217816
35118456,35100878,35132127,143.3682731267014,129.6576100891953,13.710663037506123
35148849,35131271,35162520,143.29893964607425,130.64038380421093,12.658555841863318
35680147,35662569,35693818,141.85287801118426,137.24977512938455,4.603102881799714
35710021,35692443,35723692,143.76924698245938,132.29625709360616,11.47298988885322
35740077,35722499,35753748,143.79902251549072,132.3140111720272,11.485011343463526
35770315,35752737,35783986,144.85394189665305,139.43168857736555,5.422253319287506
35801140,35783562,35814811,143.71212840405693,130.89277280767004,12.819355596386885
35831193,35813615,35844864,143.80674995513743,129.1925619154651,14.614188039672342
35861112,35843534,35874783,143.69635388115535,128.6803068945939,15.016046986561435
35891425,35873847,35905096,143.6893998612385,129.19775018204408,14.491649679194438
35920292,35902714,35933963,143.5639379886509,128.90785029596285,14.656087692688061
35950361,35932783,35964032,146.01118502252882,142.182922572448,3.828262450080814
35980415,35962837,35994086,143.81064717736402,127.5958757035818,16.21477147378222
36010408,35992830,36024079,143.98978146152183,126.97249340485942,17.01728805666241
36041498,36023920,36055169,143.93708528250446,126.94297649974986,16.994108782754594
36071715,36054137,36085386,143.93196860402932,127.26147004951179,16.670498554517536
36100825,36083247,36114496,144.18643778710617,130.02917973936687,14.157258047739305
36131017,36113439,36144688,146.09119389907787,142.47015269203936,3.621041207038502
36161160,36143582,36174831,143.910843359832,129.65339717842693,14.257446181405072
36191338,36173760,36205009,144.01285443071174,129.23171504873486,14.781139381976885
36221652,36204074,36235323,143.71492912670934,129.6506633890522,14.064265737657138
36252343,36234765,36266014,143.43144852513876,130.74274245346777,12.688706071670993
36282400,36264822,36296071,143.6565054600262,130.05529771525053,13.601207744775678
36311375,36293797,36325046,145.0691049232187,141.42796018848426,3.6411447347344392
36341485,36323907,36355156,143.12816143653043,130.64498538291735,12.483176053613079
36371581,36354003,36385252,143.08407412936916,129.77450760532685,13.30956652404231
36401786,36384208,36415457,143.05404549372957,130.38555162672023,12.668493867009346
36431985,36414407,36445656,143.00544373674924,129.16383943248871,13.841604304260528
36462141,36444563,36475812,143.31208912707692,130.0792658382307,13.23282328884622
36492255,36474677,36505926,144.20181184302533,141.4966155225301,2.7051963204952187
36522417,36504839,36536088,143.88484632267327,134.64194785720994,9.242898465463327
36552140,36534562,36565811,143.58013005998737,130.65363289485322,12.926497165134151
36583813,36566235,36597484,143.71268893908007,129.66010922095185,14.052579718128214
36613938,36596360,36627609,143.57672065907678,129.7302532028591,13.846467456217681
36644103,36626525,36657774,143.42791367442172,129.81001687676934,13.617896797652378
36674326,36656748,36687997,143.49366527391243,131.24430641010176,12.24935886381067
36704621,36687043,36718292,144.8529904125246,139.23149909802305,5.621491314501554
36732856,36715278,36746527,143.2284003815388,129.1785966620948,14.049803719443986
36763097,36745519,36776768,143.2912587654886,128.74260413026772,14.548654635220885
36793061,36775483,36806732,143.2433833657148,129.73653813981403,13.506845225900776
36823355,36805777,36837026,143.48894546442753,129.09045517228176,14.398490292145766
36853483,36835905,36867154,143.58922792060116,129.9409112618472,13.64831665875397
36883566,36865988,36897237,144.70693445402387,138.9429068702027,5.764027583821161
36914141,36896563,36927812,143.08545686428636,129.74871154440646,13.336745319879896
36944051,36926473,36957722,143.2370996980984,129.13211050156676,14.104989196531648
36974380,36956802,36988051,143.50900903973138,129.99350100616118,13.5155080335702
37004360,36986782,37018031,143.51458929684864,128.01622546821125,15.498363828637395
37034688,37017110,37048359,143.39974838145184,127.77516935820971,15.624579023242134
37064882,37047304,37078553,144.56390091652295,138.73082472332982,5.833076193193136
37095058,37077480,37108729,143.47336986393097,127.22166170648954,16.251708157441428
37124723,37107145,37138394,143.55345684907041,128.93952713899395,14.613929710076462
37155020,37137442,37168691,143.6963054429672,130.32526791007987,13.371037532887328
37185155,37167577,37198826,143.66222229609843,129.64385107892932,14.018371217169118
37215393,37197815,37229064,143.45396748307826,128.8377375112061,14.616229971872173
37245680,37228102,37259351,143.54383371758155,129.61278504647703,13.93104867110452
37275918,37258340,37289589,144.31012406968833,138.35536982688512,5.9547542428032045
37306151,37288573,37319822,143.63384373949123,129.0213734129334,14.612470326557826
37336693,37319115,37350364,143.52292741144987,129.14114256674384,14.381784844706033
37366995,37349417,37380666,143.34324689217,127.44666950881657,15.896577383353417
37396720,37379142,37410391,143.70872699797434,128.99068639732747,14.718040600646873
37427245,37409667,37440916,143.67005020720197,126.93287728601513,16.73717292118684
37457182,37439604,37470853,144.77552987806473,140.04672239664276,4.728807481421967
37487426,37469848,37501097,143.50118362536284,127.22614116385895,16.275042461503887
37517638,37500060,37531309,143.63828504788893,128.01698236836688,15.621302679522046
37548057,37530479,37561728,143.7827565927658,127.92580669813626,15.856949894629537
37578288,37560710,37591959,144.05915784312145,128.36094944954417,15.69820839357729
37608465,37590887,37622136,143.78117705223943,129.22884773693391,14.552329315305514
37638678,37621100,37652349,144.73944165316024,138.9527762972234,5.786665355936833
37668920,37651342,37682591,143.92130214423057,130.5657297855487,13.355572358681854
37699120,37681542,37712791,144.04308635792532,129.03524119605925,15.007845161866072
37728887,37711309,37742558,143.6040982242723,128.28288694371193,15.321211280560362
37759110,37741532,37772781,143.7210321358506,128.08625206899956,15.63478006685105
37789192,37771614,37802863,143.58845868730822,130.3488369225253,13.239621764782925
37819280,37801702,37832951,144.421137244625,138.1926271776917,6.228510066933296
37849432,37831854,37863103,143.68784282169148,131.71955335429948,11.968289467391998
37879637,37862059,37893308,143.62785208145436,130.97737613043333,12.650475951021036
37910416,37892838,37924087,143.85137156872696,130.2925617424986,13.558809826228355
37940611,37923033,37954282,143.86897329658385,129.56689911733744,14.302074179246404
37970867,37953289,37984538,143.87498904768307,129.6006244046469,14.274364643036165
38000978,37983400,38014649,145.8278079632176,141.03641379607697,4.7913941671406235
38031053,38013475,38044724,143.57726121238096,129.66230790045125,13.914953311929708
38061227,38043649,38074898,143.71083148239046,129.23810195164452,14.472729530745937
38091445,38073867,38105116,143.6601683889589,129.480196776566,14.179971612392904
38121722,38104144,38135393,143.23107973153026,129.7704435888957,13.46063614263457
38152606,38135028,38166277,142.90305837411847,131.7566405558603,11.146417818258186
38181873,38164295,38195544,144.85590382380994,141.3324225100952,3.52348131371474
38211980,38194402,38225651,142.87269625343916,131.14910478236595,11.723591471073206
38241780,38224202,38255451,142.72871431428382,130.17103413961289,12.557680174670935
38272393,38254815,38286064,142.9592939021368,130.8680555088369,12.091238393299903
38301908,38284330,38315579,142.92790435466947,129.78815301063958,13.13975134402989
38332432,38314854,38346103,142.96825314706888,130.46208040794153,12.50617273912735
38362713,38345135,38376384,144.05190496819338,138.4038242212794,5.64808074691399
38393340,38375762,38407011,143.25914248595063,130.7288358865838,12.530306599366838
38422252,38404674,38435923,143.49801410968382,129.10485698056425,14.393157129119572
38452251,38434673,38465922,143.6148760903153,129.5041764287136,14.1106996616017
38482380,38464802,38496051,143.83356198323276,129.76559886933222,14.067963113900532
38512643,38495065,38526314,143.81871992690307,130.51275658451806,13.305963342385013
38542288,38524710,38555959,144.34193749940883,134.65165156047794,9.690285938930884
38572620,38555042,38586291,144.32611490138459,136.58458392723674,7.7415309741478495
38602815,38585237,38616486,143.87481799955972,129.81651898196534,14.05829901759438
38633175,38615597,38646846,144.20491799557826,129.3088758209793,14.89604217459896
38663287,38645709,38676958,143.74213572940468,128.4415317181141,15.300604011290574
38693486,38675908,38707157,143.74556984864535,129.7130429334009,14.032526915244432
38723455,38705877,38737126,143.85680123526004,129.47364216636782,14.383159068892212
38753697,38736119,38767368,144.35093607605188,136.54425800342142,7.806678072630461
38783638,38766060,38797309,144.04621282728695,135.63376928172164,8.41244354556531
38813853,38796275,38827524,143.71630484421678,128.82842320089446,14.887881643322316
38843926,38826348,38857597,144.1671146912392,129.84154437611565,14.325570315123542
38873902,38856324,38887573,144.08609292044054,128.81907035075017,15.267022569690369
38904071,38886493,38917742,143.62256312325223,128.62791115776102,14.994651965491215
38934405,38916827,38948076,144.21618821846752,129.8845885135381,14.331599704929431
38964308,38946730,38977979,144.71336319676107,138.1327076592277,6.580655537533374
38994175,38976597,39007846,143.67496402844958,129.72971213790643,13.945251890543148
39024267,39006689,39037938,144.0160236987019,130.35871225207111,13.657311446630786
39054520,39036942,39068191,143.9645304925879,129.64088309075674,14.323647401831153
39083950,39066372,39097621,143.6153229985823,128.40944750986316,15.20587548871913
39113948,39096370,39127619,143.99734090271667,129.5169694508492,14.480371451867484
39144165,39126587,39157836,144.78889637494524,137.82575994915095,6.963136425794289
39174296,39156718,39187967,143.6190247356224,130.45422736072408,13.164797374898313
39204345,39186767,39218016,143.64677335926024,129.59191527812945,14.054858081130789
39234435,39216857,39248106,143.78723227637857,130.31680219076372,13.47043008561485
39264648,39247070,39278319,143.5927368666372,130.48660189399075,13.106134972646458
39295348,39277770,39309019,143.61949239465065,130.65483138805695,12.964661006593701
39325408,39307830,39339079,143.73784199014906,131.02889151139894,12.708950478750126
39355146,39337568,39368817,144.63558103487927,138.29329983218238,6.342281202696881
39385405,39367827,39399076,143.95881567675048,130.21073093269803,13.748084744052449
39414866,39397288,39428537,143.81009601481497,129.82294424680947,13.987151768005504
39444888,39427310,39458559,143.73095444762546,129.20075302925665,14.530201418368819
39474921,39457343,39488592,143.54864091604577,131.0109800581312,12.537660857914574
39505743,39488165,39519414,143.61088960718521,131.07681960363598,12.534070003549232
39535768,39518190,39549439,144.38800388374983,138.09402327961746,6.293980604132372
39565435,39547857,39579106,143.8692129192828,132.75011843755658,11.119094481726222
39596767,39579189,39610438,143.56842544499938,132.23048108188078,11.337944363118595
39626160,39608582,39639831,143.2937431888529,131.16184532649012,12.131897862362763
39656266,39638688,39669937,143.68312900201485,131.96380114705465,11.719327854960198
39685948,39668370,39699619,144.16012805400186,132.19937487212772,11.96075318187414
39716365,39698787,39730036,144.00208605711106,133.31216304103458,10.689923016076477
39746405,39728827,39760076,144.97770232539273,137.62071875129408,7.356983574098649
39776107,39758529,39789778,144.48510121316534,132.86845374211427,11.616647471051067
39806172,39788594,39819843,144.29132507747684,131.6731833334003,12.618141744076553
39836292,39818714,39849963,144.0531228424431,130.72737733502888,13.325745507414211
39866428,39848850,39880099,143.85625930550196,129.83888392862838,14.017375376873588
39896548,39878970,39910219,143.54429221806194,130.88744282751142,12.65684939055052
39926210,39908632,39939881,144.44617169506108,137.28166157104405,7.164510124017028
39956607,39939029,39970278,143.91942666540447,128.03364385354942,15.885782811855051
39986147,39968569,39999818,143.8087539843151,129.54844120445503,14.260312779860072
40016192,39998614,40029863,144.00281399087768,129.94397355254787,14.05884043832981
40046278,40028700,40059949,144.00206393532923,131.34755037034168,12.654513564987553
40076337,40058759,40090008,143.72273832632345,130.6973256420813,13.025412684242156
40106958,40089380,40120629,143.68674983161665,131.50370639500818,12.183043436608472
40136882,40119304,40150553,144.14847263151057,137.98874943987607,6.159723191634498
40167122,40149544,40180793,143.72445830266872,132.64720341128782,11.077254891380903
40197736,40180158,40211407,143.5692343689902,130.48782238530316,13.081411983687047
40226665,40209087,40240336,143.21754839674594,130.25594642752347,12.961601969222471
40256786,40239208,40270457,143.00327105370593,129.89743553154366,13.105835522162266
40287460,40269882,40301131,143.52451919395588,131.14128327979873,12.383235914157154
40317518,40299940,40331189,144.97342412177187,140.69090291144224,4.282521210329634
40347430,40329852,40361101,143.34596171348574,130.88915919830515,12.456802515180584
40377582,40360004,40391253,143.1347598189161,130.31226857416948,12.82249124474663
40407676,40390098,40421347,142.98798386794363,130.46319832079033,12.5247855471533
40437913,40420335,40451584,143.02931704842806,130.88287872945682,12.146438318971235
40467825,40450247,40481496,142.39267840531593,130.28936478255906,12.103313622756872
40499176,40481598,40512847,144.93960983589747,141.14201666054862,3.797593175348851
40530021,40512443,40543692,142.53688376771998,131.99720066700934,10.539683100710647
40560398,40542820,40574069,142.739287772516,131.43261275936536,11.306675013150652
40591415,40573837,40605086,142.761023490535,131.5469093667226,11.214114123812408
40622657,40605079,40636328,142.95684876755715,131.17520149401864,11.78164727353851
40654628,40637050,40668299,142.8968362636468,131.01093337730953,11.885902886337277
40685693,40668115,40699364,144.9526046654739,140.8163265546456,4.1362781108283
40716737,40699159,40730408,143.1892898823437,132.2323771302872,10.956912752056496
40746435,40728857,40760106,143.17111475937986,131.66227245917878,11.508842300201081
40777561,40759983,40791232,143.50877094473861,132.5066133393427,11.002157605395922
40808702,40791124,40822373,143.73318409859013,132.49129201328947,11.241892085300663
40839795,40822217,40853466,143.57014372523378,132.19121299625496,11.378930728978816
40872265,40854687,40885936,144.28761832797105,137.65670259556435,6.630915732406692
40903486,40885908,40917157,143.61888491583886,132.0602249098458,11.558660005993062
40933138,40915560,40946809,143.14145124456925,130.83368284081342,12.30776840375583
40964246,40946668,40977917,142.9185410945589,130.99285265534476,11.925688439214127
40995150,40977572,41008821,142.9311791093593,130.66991938160132,12.261259727757988
41026190,41008612,41039861,142.77267672477467,130.5323196031367,12.24035712163797
41057235,41039657,41070906,142.771922717659,129.6668457927074,13.105076924951618
41088597,41071019,41102268,142.62286844801886,130.28666504968788,12.33620339833098
41119898,41102320,41133569,142.86492221969803,131.23132650587667,11.633595713821364
41151473,41133895,41165144,142.76937288935417,131.49162820147728,11.27774468787689
41181953,41164375,41195624,142.80136092710538,132.8401127644512,9.961248162654186
41212996,41195418,41226667,142.9916025052162,134.87332573237072,8.11827677284549
41244801,41227223,41258472,142.50077132587077,134.29897087445144,8.20180045141933
41274450,41256872,41288121,142.21865051583413,134.47308542376703,7.745565092067096
41993293,41975715,42006964,141.62092822820316,134.68656387115843,6.934364357044728
42024657,42007079,42038328,143.3816727276722,134.07019454575948,9.311478181912719
42055782,42038204,42069453,143.06527053806437,131.09024533280478,11.975025205259584
42086681,42069103,42100352,143.20367163504204,132.03985491487242,11.16381672016962
42117637,42100059,42131308,143.21339579771316,130.88510289292358,12.328292904789578
42148595,42131017,42162266,143.4654792162279,132.4158236173093,11.049655598918605
42179467,42161889,42193138,142.9970351186533,130.79617149018168,12.200863628471609
42209809,42192231,42223480,143.0454039846789,129.96091131499045,13.084492669688444
42241217,42223639,42254888,142.95304278881926,130.8888239685805,12.06421882023875
42272134,42254556,42285805,143.0768068972006,130.80904344342747,12.267763453773142
42303171,42285593,42316842,143.2895684336906,129.98084014424325,13.308728289447345
42334047,42316469,42347718,142.90533343760546,130.0582550277775,12.847078409827958
42365481,42347903,42379152,143.10370462045395,130.08581584438386,13.017888776070095
42396517,42378939,42410188,143.54126817275,131.23250320890028,12.308764963849711
42427482,42409904,42441153,143.3053741440204,131.45441761454586,11.85095652947453
42457834,42440256,42471505,143.3777395041051,130.99159429822646,12.386145205878648
42489899,42472321,42503570,143.2445492682113,130.53216036129783,12.712388906913475
42519627,42502049,42533298,143.17317211920562,131.48580813171023,11.687363987495388
42550582,42533004,42564253,142.89008054448433,130.76020338812322,12.129877156361118
42581668,42564090,42595339,143.09898645311395,131.26312447611394,11.835861977000008
42613042,42595464,42626713,142.99417237911652,131.02343507373092,11.970737305385597
42643998,42626420,42657669,143.0719205458937,129.65783909439108,13.414081451502625
42674987,42657409,42688658,143.2379599632537,129.67566598446894,13.562293978784766
42706090,42688512,42719761,143.05146483066713,131.04067461140968,12.010790219257444
42737390,42719812,42751061,142.9805155122707,131.93131891352573,11.04919659874497
42768127,42750549,42781798,143.13348072397088,132.75598221445975,10.377498509511128
42799202,42781624,42812873,142.9630936787083,130.9410127127174,12.02208096599091
42830244,42812666,42843915,142.9056906518996,131.28099424201037,11.624696409889225
42861220,42843642,42874891,142.72609800268705,130.4985714421272,12.227526560559852
42892274,42874696,42905945,142.60671367670918,130.77617798707476,11.830535689634416
42922867,42905289,42936538,142.6454268202277,130.47626892873527,12.169157891492432
42954042,42936464,42967713,142.5556725755894,130.79171301406762,11.763959561521773
42985189,42967611,42998860,142.75955635977496,131.18557843983066,11.573977919944298
43016275,42998697,43029946,142.79028748977345,129.50064456953575,13.289642920237696
43047291,43029713,43060962,142.43423623287578,129.9977610043696,12.436475228506168
43078374,43060796,43092045,142.6088125607729,130.5125031181834,12.0963094425895
43109440,43091862,43123111,143.17960669150597,135.23712244696338,7.942484244542584
43142033,43124455,43155704,142.27088508639167,129.33825951043227,12.932625575959406
43172956,43155378,43186627,142.30166138557368,129.10482242742685,13.196838958146827
43204067,43186489,43217738,142.62141362284314,130.16842455220524,12.452989070637898
43233559,43215981,43247230,142.6590795327834,129.54897903357144,13.110100499211967
43264895,43247317,43278566,142.78404266548733,131.22143450504075,11.562608160446587
43295820,43278242,43309491,143.82710099280877,137.41171476614534,6.415386226663429
43326968,43309390,43340639,143.09476147509235,131.28140292119903,11.813358553893323
43357939,43340361,43371610,142.85280155759656,130.6090855677947,12.24371598980187
43388959,43371381,43402630,142.73600679288595,129.65435984849177,13.08164694439418
43419531,43401953,43433202,142.8405530186601,130.04201829391806,12.79853472474204
43450609,43433031,43464280,142.81899369755658,130.0942594240212,12.724734273535375
43481731,43464153,43495402,144.0226373394013,138.12411737348566,5.8985199659156535
43512691,43495113,43526362,142.36672031824065,128.89368750218688,13.473032816053774
43543833,43526255,43557504,142.37727556416107,128.92011505242405,13.457160511737015
43574768,43557190,43588439,142.63360425565475,129.73291010068198,12.900694154972769
43605738,43588160,43619409,142.51995869426497,130.17967776340237,12.340280930862605
43636663,43619085,43650334,142.33912603018328,130.6321332157926,11.706992814390674
43667784,43650206,43681455,143.24653243867206,137.34927646552194,5.8972559731501235
43699306,43681728,43712977,142.21520636692202,129.8056940585045,12.409512308417504
43730308,43712730,43743979,142.04197495093337,129.41412012714983,12.627854823783537
43760667,43743089,43774338,142.0912223878748,129.70588923189794,12.385333155976866
43791717,43774139,43805388,141.87882418485918,129.72216413148357,12.156660053375617
43822768,43805190,43836439,141.87562020697948,130.27740522986073,11.598214977118744
43855992,43838414,43869663,143.03011444478733,140.32734377486565,2.7027706699216765
43887594,43870016,43901265,141.870010676597,130.95382630557364,10.916184371023348
43915696,43898118,43929367,141.68349100549224,129.63558801192355,12.047902993568698
43946668,43929090,43960339,141.6585973243367,129.30911212142837,12.34948520290834
43977591,43960013,43991262,141.51555805910692,130.02550537980045,11.490052679306473
44008608,43991030,44022279,141.39090746349464,130.3157336605404,11.075173802954254
44042417,44024839,44056088,142.919978104083,138.13527084240155,4.784707261681433
44070659,44053081,44084330,142.8409824580938,137.72431114559419,5.116671312499619
44101564,44083986,44115235,141.42453805914266,129.6136929353522,11.810845123790472
44132496,44114918,44146167,141.41584060392802,130.22037190049193,11.195468703436092
44163470,44145892,44177141,141.626142849035,128.60635791013488,13.01978493890013
44194686,44177108,44208357,141.58057185095404,130.1038741354973,11.476697715456737
44225767,44208189,44239438,141.93240882687252,129.3775433061766,12.554865520695927
44256782,44239204,44270453,143.5824419810066,139.550990940318,4.031451040688609
44287735,44270157,44301406,141.7726985800121,129.97040933131737,11.802289248694734
44318390,44300812,44332061,142.00825837906518,130.9487017739958,11.059556605069389
44349367,44331789,44363038,142.2440851197028,130.84133618868677,11.40274893101602
44380265,44362687,44393936,142.26091697965774,130.70865407341765,11.552262906240088
44411244,44393666,44424915,142.10384142989665,130.36361301314764,11.740228416749005
44442254,44424676,44455925,144.21412821357646,139.1146594402756,5.099468773300856
44473195,44455617,44486866,142.5199909019359,132.92625430833976,9.593736593596134
44504614,44487036,44518285,142.14456245308708,129.19340824214692,12.95115421094016
44535074,44517496,44548745,142.10723268895475,129.18314178962487,12.924090899329883
44566004,44548426,44579675,142.39488203661392,129.32197943057344,13.072902606040486
44597385,44579807,44611056,142.46057620019653,132.298367586156,10.162208614040537
44628353,44610775,44642024,143.73525664236314,139.26441281542242,4.4708438269407225
44659412,44641834,44673083,142.7949838958734,131.64294207054482,11.152041825328581
44689854,44672276,44703525,142.7183211854823,130.35655844636923,12.361762739113061
44720876,44703298,44734547,143.08349477506854,130.7402340659214,12.343260709147131
44751881,44734303,44765552,142.91514594341564,129.34045924292278,13.574686700492862
44782884,44765306,44796555,142.98020932697543,129.10202187298333,13.878187453992098
44813373,44795795,44827044,142.81680685570134,128.7371296531414,14.079677202559935
44844339,44826761,44858010,143.1962158618676,129.85898523954396,13.33723062232366
44875329,44857751,44889000,143.30256247315592,130.51093070594726,12.791631767208656
44906294,44888716,44919965,143.13172817843198,130.93451853157512,12.197209646856862
44937367,44919789,44951038,143.18309608513732,130.24352548100148,12.939570604135838
44968307,44950729,44981978,143.4786713420863,130.20155732121412,13.277114020872176
44999294,44981716,45012965,143.35221085924218,129.64177052182112,13.710440337421062
45030263,45012685,45043934,143.0328682211446,128.60806953208743,14.424798689057184
45061681,45044103,45075352,143.3640619968281,129.89864278467383,13.465419212154274
45092595,45075017,45106266,143.7208100110425,131.58100213297325,12.139807878069234
45123345,45105767,45137016,143.29264069507988,129.75210272157466,13.540537973505224
45154336,45136758,45168007,143.25307449165058,128.86935328228435,14.383721209366229
45185287,45167709,45198958,143.49844689193054,130.63382578767164,12.864621104258902
45216250,45198672,45229921,143.47134813969492,129.98551303943609,13.48583510025884
45247249,45229671,45260920,143.405775686743,130.9079027250563,12.49787296168671
45278097,45260519,45291768,143.6170995292309,130.73415793420642,12.882941595024477
45309538,45291960,45323209,143.06357624047786,130.90442579632344,12.15915044415442
45340521,45322943,45354192,143.43430247091155,131.87184694055549,11.562455530356061
45371430,45353852,45385101,143.3652092103711,130.72217072864152,12.643038481729576
45402343,45384765,45416014,143.23996583656478,131.3054766272648,11.934489209299983
45433273,45415695,45446944,143.559513617995,130.69193078615402,12.867582831840991
45463644,45446066,45477315,143.69539422601076,130.57777525825009,13.117618967760677
45494531,45476953,45508202,143.58672896938154,131.41289154820703,12.173837421174511
45525534,45507956,45539205,143.51108798508892,131.8527588060304,11.658329179058512
45556412,45538834,45570083,144.03353760817345,133.60186784957025,10.431669758603192
45587358,45569780,45601029,143.83135741890393,133.0425163798311,10.788841039072821
45618251,45600673,45631922,143.85682892032517,132.58170176346846,11.275127156856712
45649024,45631446,45662695,144.24935470686182,134.12028568016007,10.129069026701757
45679359,45661781,45693030,144.18720894744845,133.87093273929085,10.316276208157603
45711346,45693768,45725017,143.8792405090081,133.1600187126512,10.71922179635689
45739178,45721600,45752849,143.04937293029877,136.54240971740836,6.506963212890412
46466085,46448507,46479756,142.46775933212407,139.5859582345972,2.881801097526875
46496986,46479408,46510657,142.7361070995934,133.70341144642308,9.032695653170322
46527673,46510095,46541344,143.01758356589087,135.2996424683978,7.717941097493082
46558501,46540923,46572172,143.1283798963339,134.39750566964304,8.730874226690872
46589373,46571795,46603044,142.92120151099792,132.69768144939496,10.223520061602954
46620277,46602699,46633948,142.71688393284666,130.39234556884628,12.324538364000375
46651162,46633584,46664833,142.63394517108725,128.63801662198466,13.995928549102587
46682059,46664481,46695730,143.10883879306652,130.2436349374022,12.865203855664333
46712960,46695382,46726631,143.02303738859135,129.3709876551321,13.65204973345925
46743788,46726210,46757459,143.09199501968746,130.2368152822142,12.855179737473264
46774694,46757116,46788365,143.01409943425165,129.11748980267478,13.896609631576865
46805556,46787978,46819227,143.02208770596988,130.3422475017727,12.679840204197177
46836015,46818437,46849686,142.95618381212356,129.11284124596574,13.843342566157816
46866927,46849349,46880598,142.88719593709533,128.1667218480956,14.720474088999737
46897778,46880200,46911449,142.7240333362087,129.2421008758444,13.481932460364305
46928852,46911274,46942523,142.4451554831164,129.15478972028478,13.290365762831613
46959723,46942145,46973394,142.70948921362282,128.9639224403969,13.745566773225903
46990328,46972750,47003999,142.627740577451,127.99552883091184,14.632211746539156
47021476,47003898,47035147,142.43987105497314,130.51497441211782,11.924896642855316
47052325,47034747,47065996,142.48019792542746,130.59269790386705,11.887500021560413
47083272,47065694,47096943,142.66676358401162,129.00840544063297,13.65835814337865
47114749,47097171,47128420,142.76026527730025,129.21654668531215,13.543718591988096
47145687,47128109,47159358,142.84916097692937,128.99440581443005,13.854755162499316
47175382,47157804,47189053,142.43897005924623,131.82361736956014,10.615352689686091
47206205,47188627,47219876,142.64834717797677,130.06893031274583,12.57941686523094
47236991,47219413,47250662,142.73479567675972,129.95357577314184,12.781219903617881
47267849,47250271,47281520,142.67690703375885,128.43119389786554,14.245713135893311
47298776,47281198,47312447,142.8998274640939,129.19568121967836,13.70414624441554
47329627,47312049,47343298,142.95092572400412,131.13752736295658,11.813398361047547
47360639,47343061,47374310,142.82791917701581,132.21988902897525,10.60803014804057
47391426,47373848,47405097,142.92917736272767,132.54113935735,10.388038005377666
47422268,47404690,47435939,142.52471455488302,130.5702016901048,11.954512864778224
47453279,47435701,47466950,142.86577168579373,129.4526916725635,13.413080013230228
47483906,47466328,47497577,142.93700362612506,130.63999657634878,12.297007049776283
47515010,47497432,47528681,142.8636594540296,131.0901838862966,11.773475567733016
47545911,47528333,47559582,142.90455167035125,130.93375499835457,11.97079667199668
47576567,47558989,47590238,142.92069027069508,130.38712023276105,12.533570037934027
47607107,47589529,47620778,143.18946687361571,132.40460247013684,10.784864403478878
47638068,47620490,47651739,143.27458940810664,132.16429523390585,11.110294174200789
47668876,47651298,47682547,142.56287249328483,130.02232278913678,12.540549704148049
47699732,47682154,47713403,142.70789770904187,130.2530048845352,12.454892824506686
47730533,47712955,47744204,142.92856113226264,129.0960077993189,13.832553332943746
47761231,47743653,47774902,142.50961537982792,130.56250400321113,11.947111376616789
47792055,47774477,47805726,142.57216188822713,131.06156865747158,11.510593230755546
47822915,47805337,47836586,142.77038103653757,129.80132976180502,12.96905127473255
47853742,47836164,47867413,143.05179701396125,129.70128869505834,13.35050831890291
47884481,47866903,47898152,143.33553877362633,131.03627138143088,12.299267392195446
47915222,47897644,47928893,143.2853661045789,130.6775172853108,12.6078488192681
47946021,47928443,47959692,143.60397093409983,132.7499236220051,10.854047312094735
47976902,47959324,47990573,143.44154652097234,131.6724635585661,11.76908296240623
48007718,47990140,48021389,143.62096145661445,132.66812329647843,10.952838160136025
48038575,48020997,48052246,143.72438270584223,133.79586002899524,9.928522676846995
48066822,48049244,48080493,142.99112645072032,135.9732807501711,7.017845700549202
53222022,53204444,53235693,141.56017490433203,137.3038722532789,4.256302651053119
53252684,53235106,53266355,143.352741226647,134.9025554573222,8.450185769324804
53283295,53265717,53296966,143.07920716596692,133.22906276384435,9.850144402122567
53314100,53296522,53327771,142.99093353988798,130.88308125429964,12.107852285588336
53344913,53327335,53358584,143.01517403618337,131.5918699987044,11.423304037478971
53375714,53358136,53389385,143.0212010015439,131.40660989907278,11.61459110247111
53406508,53388930,53420179,142.97524865678085,132.25344924914612,10.721799407634734
53437332,53419754,53451003,143.05232142235565,133.43965695939477,9.612664462960879
53468115,53450537,53481786,142.89526321713586,131.01305343183597,11.882209785299892
53499078,53481500,53512749,143.26460168929842,133.56057871150568,9.704022977792732
53530019,53512441,53543690,142.9148880728295,131.79188481463615,11.123003258193364
53560676,53543098,53574347,142.8837082957875,131.8780765522069,11.005631743580608
53591635,53574057,53605306,142.85492084939784,132.12645324139874,10.728467607999107
53622586,53605008,53636257,142.82636715257073,132.2429695052042,10.583397647366525
53653575,53635997,53667246,142.8500736089652,130.9195218084017,11.930551800563507
53684410,53666832,53698081,142.82490724240398,131.62189761455954,11.203009627844438
53714965,53697387,53728636,143.14340856691058,133.7675824679188,9.37582609899178
53744968,53727390,53758639,142.71972500129462,132.45220220791143,10.267522793383193
53774980,53757402,53788651,142.6247712522408,131.75360468542527,10.871166566815532
53804888,53787310,53818559,142.81795474013302,133.0548975658018,9.763057174331209
53834857,53817279,53848528,143.05438974272877,132.8488301280053,10.205559614723484
53864826,53847248,53878497,142.60359420605718,131.98079715669405,10.622797049363129
53894718,53877140,53908389,142.21237450847727,132.69843700813908,9.513937500338187
53924157,53906579,53937828,142.0524841962943,132.89159791915597,9.160886277138331
53954035,53936457,53967706,142.49956057391114,132.644613884226,9.854946689685136
53983473,53965895,53997144,141.92508552885675,131.60784717162426,10.317238357232497
54013209,53995631,54026880,141.9496785998797,131.8410246503703,10.108653949509403
54042667,54025089,54056338,142.0837018623053,131.8858712417525,10.197830620552793
54072164,54054586,54085835,142.17570423085962,131.9540314865001,10.221672744359523
54099995,54082417,54113666,141.6391257010727,132.1340512501605,9.50507445091219
54128129,54110551,54141800,141.84759454270153,131.094839397345,10.75275514535653
54156142,54138564,54169813,141.6250902554157,130.5944025712774,11.030687684138286
54184179,54166601,54197850,141.27365170358172,129.9376879421786,11.335963761403121
54212261,54194683,54225932,141.52097400278993,130.04832451186007,11.472649490929854
54240848,54223270,54254519,141.6497372609931,130.55670357772516,11.093033683267947
54267902,54250324,54281573,141.51163415342643,129.51448430974648,11.99714984367995
54295952,54278374,54309623,141.81988927998523,129.3895743154941,12.430314964491146
54324037,54306459,54337708,142.04964209556294,127.45313076407625,14.596511331486695
54352091,54334513,54365762,142.47139018684283,130.28752365569977,12.183866531143053
54380233,54362655,54393904,142.6289234598219,131.58908628218083,11.039837177641061
54408031,54390453,54421702,142.67521747448856,130.49931146645204,12.17590600803652
54436015,54418437,54449686,142.416448584308,129.5482227531799,12.868225831128086
54463995,54446417,54477666,142.41258326761061,129.5340061860971,12.878577081513527
54491744,54474166,54505415,142.46450734301374,128.68496987851165,13.779537464502084
54519774,54502196,54533445,142.4166569655085,129.19524203228778,13.221414933220728
54547764,54530186,54561435,142.2962797526787,129.88477937666707,12.411500376011645
54574987,54557409,54588658,142.66532319320982,131.6488850638095,11.016438129400314
54602215,54584637,54615886,142.95959056489818,131.35694336038222,11.60264720451596
54628925,54611347,54642596,142.9425936620767,131.5102616024604,11.4323320596163
54657262,54639684,54670933,143.02515175816453,132.6681256677294,10.357026090435113
54683174,54665596,54696845,142.82457937392672,133.08866867158224,9.735910702344484
54710590,54693012,54724261,143.05275286949376,131.52536042010857,11.52739244938519
54737351,54719773,54751022,143.2806808468394,130.87881342505526,12.401867421784146
54764394,54746816,54778065,143.2380043080645,131.24946527083765,11.988539037226843
54791423,54773845,54805094,143.00369283093036,130.53738507228098,12.466307758649378
54818738,54801160,54832409,143.06470856535998,131.94187226922702,11.12283629613296
54845931,54828353,54859602,143.39757601153093,131.90223318212088,11.495342829410049
54872530,54854952,54886201,143.55694671828473,131.31509564006035,12.241851078224386
54899481,54881903,54913152,143.44552098751302,131.2909053429578,12.154615644555207
54926434,54908856,54940105,143.2128880089454,131.9653986879473,11.247489320998113
54953625,54936047,54967296,143.27499773873691,131.28180141712716,11.993196321609759
54980631,54963053,54994302,143.53425158530325,131.93233248530683,11.601919099996422
55007708,54990130,55021379,143.5331363258282,130.44754352865795,13.08559279717025
55034739,55017161,55048410,143.3789309382058,129.8942016572774,13.484729280928406
55061878,55044300,55075549,143.09018254326705,131.12758032613363,11.962602217133423
55088967,55071389,55102638,142.89442629283508,130.7340087016243,12.160417591210773
55116239,55098661,55129910,142.96993202385994,129.95763553104595,13.012296492813988
55143248,55125670,55156919,143.22184879478223,130.0987305936138,13.123118201168438
55170251,55152673,55183922,143.124702380394,129.57942297719742,13.545279403196588
55197221,55179643,55210892,143.08545164540558,129.31752481458173,13.767926830823853
55224347,55206769,55238018,142.89837983232306,129.51083590764316,13.387543924679903
55251416,55233838,55265087,142.9677731010997,130.81608828782117,12.151684813278536
55278190,55260612,55291861,142.95591085736933,130.6459100098962,12.310000847473134
55305213,55287635,55318884,142.79518171180658,129.5899891123134,13.205192599493188
55332216,55314638,55345887,142.8228239679814,130.90936169942603,11.913462268555378
55359318,55341740,55372989,142.87525101969015,132.0732249940491,10.802026025641055
55386595,55369017,55400266,142.79294495077687,130.97718520575458,11.81575974502229
55413625,55396047,55427296,142.98832682432507,130.66799369153264,12.320333132792427
55440365,55422787,55454036,142.95268455178075,132.2513729623037,10.701311589477058
55467536,55449958,55481207,142.9865438015416,132.5898970231554,10.396646778386184
55494635,55477057,55508306,142.7023896428696,131.32446175067852,11.377927892191082
55521757,55504179,55535428,143.32595648449677,130.67029957291095,12.655656911585822
55548704,55531126,55562375,143.46495838646823,131.28857489149334,12.176383494974885
55575738,55558160,55589409,143.34762182083966,130.75358688958806,12.5940349312516
55602728,55585150,55616399,143.52921900275305,132.75102443531222,10.778194567440835
55629023,55611445,55642694,143.51006795997606,133.5039291870367,10.006138772939352
55654642,55637064,55668313,143.2548134684693,131.87589025627406,11.378923212195247
55680411,55662833,55694082,142.96137117960308,132.2423012899132,10.719069889689877
55706407,55688829,55720078,142.8816644906727,130.81593065370464,12.065733836968064
55732143,55714565,55745814,142.99415127520487,129.93035916749128,13.063792107713596
55757851,55740273,55771522,143.39972597429215,130.71225768968856,12.687468284603597
55784605,55767027,55798276,143.0836857014904,131.2804857833419,11.803199918148493
55809371,55791793,55823042,143.24114739838592,131.1244862252749,12.116661173111027
55835069,55817491,55848740,143.18624842006898,130.72687423781358,12.459374182255402
55860697,55843119,55874368,143.37530735895254,130.30118021848182,13.074127140470722
55886052,55868474,55899723,143.6007677129413,130.87043190965778,12.73033580328351
55911912,55894334,55925583,143.5047075126135,131.52569763144575,11.979009881167741
55937207,55919629,55950878,143.3410339473205,132.36804709147654,10.97298685584397
55962364,55944786,55976035,143.4127914065302,133.0269035427867,10.385887863743505
55987500,55969922,56001171,143.7372850042969,132.69438376366583,11.042901240631068
56012583,55995005,56026254,143.84695255401365,132.17922805903265,11.667724494981002
56037894,56020316,56051565,143.6178997106344,131.50886580613232,12.10903390450207
56063005,56045427,56076676,143.2860392914917,132.94603406104432,10.340005230447389
56088309,56070731,56101980,143.0632143750321,133.40468011783412,9.65853425719797
56113511,56095933,56127182,143.39572705826183,133.1320326485291,10.263694409732722
56138664,56121086,56152335,143.136988919299,132.88643269534373,10.250556223955272
56163804,56146226,56177475,142.92261929387956,132.79948845432762,10.123130839551948
56188387,56170809,56202058,142.9032453359066,132.4460018791861,10.457243456720505
56213668,56196090,56227339,143.20845376784848,130.9365725882265,12.271881179621971
56240192,56222614,56253863,143.46989760900527,133.02027129127174,10.449626317733532
56265328,56247750,56278999,143.59039389296015,134.99699213190246,8.593401761057692
56288731,56271153,56302402,143.85110760407005,134.60815955939498,9.242948044675074
56312972,56295394,56326643,143.9889085594452,132.68469440072843,11.304214158716775
56337194,56319616,56350865,143.77629530083487,130.74753856036662,13.028756740468253
56361410,56343832,56375081,143.8973894570009,130.30536228253942,13.592027174461492
56385558,56367980,56399229,143.80318607568336,130.68173347930247,13.121452596380891
56409733,56392155,56423404,143.4255927623968,131.55637659374145,11.869216168655356
56434134,56416556,56447805,143.33991112449863,131.07663482098692,12.263276303511702
56458307,56440729,56471978,143.1403880417758,130.53733399616345,12.603054045612339
56482493,56464915,56496164,142.90486879995487,132.2876046815615,10.617264118393365
56506854,56489276,56520525,142.90013737091212,131.65911190936566,11.241025461546457
56530808,56513230,56544479,143.3540244075055,130.41783690615097,12.936187501354539
56554992,56537414,56568663,143.458951615201,130.5715682931914,12.887383322009583
56579102,56561524,56592773,143.67081355032917,130.61580573568642,13.05500781464275
56603371,56585793,56617042,143.68010874367624,130.93356010250454,12.7465486411717
56627617,56610039,56641288,143.8277413682524,131.18127189366115,12.646469474591242
56651867,56634289,56665538,143.60966936114596,131.2003931883969,12.40927617274906
56676124,56658546,56689795,143.78551058826284,130.64497272988314,13.140537858379702
56700462,56682884,56714133,143.73356171633847,129.09693052888596,14.636631187452508
56724718,56707140,56738389,143.87238793812793,127.84360234472499,16.028785593402944
56749027,56731449,56762698,144.03180979928186,128.5072246208893,15.524585178392556
56773333,56755755,56787004,144.05816472024034,129.75530235527057,14.30286236496977
56797582,56780004,56811253,144.2118374681286,129.77666114919603,14.435176318932577
56821895,56804317,56835566,144.37822674341558,131.25008665619745,13.128140087218128
56846459,56828881,56860130,144.2705142066324,131.54483930766855,12.72567489896386
56870881,56853303,56884552,144.08353550751679,131.27448300929578,12.809052498221007
56895113,56877535,56908784,144.35851201989414,130.6602559477155,13.698256072178623
56919363,56901785,56933034,144.50609910055772,130.88599026571075,13.620108834846974
56943680,56926102,56957351,144.5333815588518,131.86917011165352,12.664211447198284
56968148,56950570,56981819,144.34067830355355,132.11985658269597,12.220821720857572
56992474,56974896,57006145,144.34014260964298,131.80211753328004,12.538025076362942
57016198,56998620,57029869,145.0649277944443,132.0261165933182,13.038811201126094
57039973,57022395,57053644,145.01278392793355,130.99288120423662,14.01990272369693
57063785,57046207,57077456,144.91337238014663,131.56883050810376,13.344541872042868
57087647,57070069,57101318,144.80286513586822,130.94941349320425,13.85345164266397
57111474,57093896,57125145,144.64811465046955,130.41841050514066,14.229704145328895
57135212,57117634,57148883,144.51889487045537,128.97460823457126,15.544286635884106
57159030,57141452,57172701,144.39053076815466,128.55830022195892,15.832230546195746
57182950,57165372,57196621,144.07163948980676,129.01743128582112,15.054208203985638
57206355,57188777,57220026,144.32789720556147,130.46918944465028,13.858707760911187
57230447,57212869,57244118,143.97487419062543,129.51737824435585,14.457495946269574
57254151,57236573,57267822,144.11791564976997,128.84983043294878,15.268085216821191
57277955,57260377,57291626,143.84740422773066,130.0914432455342,13.755960982196456
57301821,57284243,57315492,143.63386583827145,130.31228443125158,13.321581407019863
57325632,57308054,57339303,143.80821210903198,129.7390695331144,14.069142575917596
57349614,57332036,57363285,143.8691567467496,131.39309119910828,12.476065547641326
57373418,57355840,57387089,143.88602980475122,132.36809740345512,11.517932401296093
57396605,57379027,57410276,144.77107067247536,132.43716258805497,12.333908084420386
57420584,57403006,57434255,144.88557061513444,131.95172706513813,12.933843549996311
57444422,57426844,57458093,144.62150699136822,132.00461281903327,12.616894172334952
57468305,57450727,57481976,144.46769090774407,132.35457728576347,12.113113621980602
57492135,57474557,57505806,144.39098495287737,131.66448635573784,12.726498597139539
57516139,57498561,57529810,144.15636136733917,132.4782062277768,11.678155139562364
57538989,57521411,57552660,144.59519308799588,134.21631498156555,10.378878106430335
57561730,57544152,57575401,144.05681376139836,134.30225647675059,9.754557284647774
57584364,57566786,57598035,144.00544509380205,133.80884121111328,10.196603882688777
57606434,57588856,57620105,144.54959101412118,133.21592804456998,11.333662969551199
57629148,57611570,57642819,144.5405925250457,132.67622483930654,11.864367685739154
57652077,57634499,57665748,144.42482385006514,132.55680368291553,11.86802016714961
57674736,57657158,57688407,144.48765809838275,132.06164733886942,12.426010759513332
57697172,57679594,57710843,144.55586234464914,131.28845063487682,13.267411709772318
57719819,57702241,57733490,144.74321717813748,130.9971284291513,13.746088748986182
57742458,57724880,57756129,144.972293885947,131.47875566903525,13.493538216911759
57765389,57747811,57779060,145.03525788276104,131.67174399846309,13.363513884297959
57788170,57770592,57801841,145.06398947774963,133.28743808619396,11.776551391555671
57810826,57793248,57824497,145.168764511501,132.77057058478388,12.398193926717113
57834093,57816515,57847764,144.6076108850259,132.07825323697506,12.529357648050848
57855632,57838054,57869303,145.320611726712,132.48917900777016,12.83143271894184
57878331,57860753,57892002,145.42426595192848,132.3389315705179,13.085334381410576
57901288,57883710,57914959,145.1374974484706,132.42911986026255,12.708377588208066
57923652,57906074,57937323,144.84677075028173,132.25246855696358,12.594302193318157
57946893,57929315,57960564,144.59035733445967,129.9226063397222,14.667750994737474
57969602,57952024,57983273,144.83293129596478,129.42048812003318,15.4124431759316
57992280,57974702,58005951,144.74376905363832,129.8897165921648,14.854052461473515
58014971,57997393,58028642,144.78278552728548,131.45530665567057,13.327478871614915
58037258,58019680,58050929,145.1100034553135,132.69601603184236,12.413987423471127
58059822,58042244,58073493,145.27482142342973,133.19821563113328,12.076605792296448
58082420,58064842,58096091,145.48858286758633,132.77790265803904,12.710680209547291
58105187,58087609,58118858,145.3743010620256,132.11466488119348,13.259636180832132
58127743,58110165,58141414,145.19005746341782,132.87135978060383,12.31869768281399
58150423,58132845,58164094,144.88599002109143,131.79293588022387,13.093054140867565
58173030,58155452,58186701,145.0201766299608,132.1266207931686,12.893555836792189
58195581,58178003,58209252,144.89798680346092,131.9852231146292,12.912763688831717
58218326,58200748,58231997,144.86632159551453,131.81348491333503,13.052836682179503
58240974,58223396,58254645,144.72572656618087,130.75511243391736,13.970614132263506
58263702,58246124,58277373,144.60521174881134,131.65742357198255,12.947788176828794
58286438,58268860,58300109,144.5718355818361,132.96608557995393,11.605750001882171
58310189,58292611,58323860,143.94059417637882,134.26873977831525,9.671854398063573
58332276,58314698,58345947,145.04475427111512,134.11941320767005,10.925341063445074
58358516,58340938,58372187,143.33610020127577,131.63993625372586,11.696163947549906
58379839,58362261,58393510,144.23238991013184,130.8481603800873,13.384229530044536
58403136,58385558,58416807,144.31173044095723,130.81155963190272,13.50017080905451
58426147,58408569,58439818,144.9093992962215,132.78528623416588,12.124113062055613
58449425,58431847,58463096,145.0659823245595,133.03523257690188,12.030749747657637
58472652,58455074,58486323,145.09678813386986,133.01618823279156,12.080599901078301
58495985,58478407,58509656,144.92171649423625,131.84510755124322,13.076608942993033
58519223,58501645,58532894,144.688748323875,131.28306259966217,13.405685724212816
58542379,58524801,58556050,144.81798519106582,130.9721639037914,13.845821287274418
58565690,58548112,58579361,144.75562008657243,129.2269642848274,15.528655801745032
58589395,58571817,58603066,144.48404085265278,128.9941548210594,15.489886031593386
58611990,58594412,58625661,145.08156759625842,129.9167924366156,15.16477515964283
58635237,58617659,58648908,145.1723022479298,130.2364257377348,14.935876510194987
58659247,58641669,58672918,144.65765310458997,130.02820074384877,14.629452360741197
58682428,58664850,58696099,144.6497519539831,129.85960524800726,14.790146705975843
58705234,58687656,58718905,144.7287797315275,130.1601388566415,14.568640874886
58728401,58710823,58742072,144.75152706223506,129.75368894390493,14.997838118330122
58752189,58734611,58765860,144.45809531177449,130.75738965651172,13.700705655262766
58774767,58757189,58788438,144.63126091636275,130.91674804079372,13.714512875569028
58798650,58781072,58812321,144.1749947422136,129.943266080407,14.231728661806613
58821318,58803740,58834989,144.74978655868784,130.22476055178697,14.525026006900873
58844519,58826941,58858190,144.8877757662077,131.07874638166848,13.80902938453923
58867575,58849997,58881246,144.92449355780812,131.8764785455767,13.048015012231417
58890703,58873125,58904374,144.90090207717148,129.92984829062783,14.97105378654365
58913931,58896353,58927602,145.00559066102488,130.00565474146484,14.999935919560045
58937076,58919498,58950747,145.04718694031422,130.77335536607248,14.27383157424174
58960288,58942710,58973959,144.90684408915632,130.0158831754044,14.890960913751911
58983563,58965985,58997234,144.97669965183687,130.07756020672642,14.89913944511045
59006736,58989158,59020407,145.42814970973814,130.30900746357108,15.119142246167058
59030063,59012485,59043734,145.61130813185025,131.4362692648483,14.175038867001945
59053218,59035640,59066889,145.84276092519812,132.85376033607153,12.98900058912659
59076291,59058713,59089962,146.25586251818964,134.42179588367455,11.834066634515096
59100945,59083367,59114616,145.94781687239578,137.3894732901963,8.558343582199484
59125766,59108188,59139437,145.7326077758401,136.31365048866647,9.41895728717364
59150639,59133061,59164310,145.59015709348307,132.8196513401184,12.77050575336466
59175440,59157862,59189111,145.25295634755847,131.92520962538381,13.327746722174652
59200210,59182632,59213881,145.12554678115214,132.14825100518948,12.97729577596266
59225299,59207721,59238970,145.01321538380776,131.03102266441252,13.982192719395243
59250260,59232682,59263931,145.08687355774046,130.7224899862199,14.364383571520563
59275171,59257593,59288842,145.23019461915067,129.37073195671013,15.859462662440535
59300062,59282484,59313733,145.1697699173538,131.14056294462154,14.029206972732254
59325074,59307496,59338745,145.11513383461417,131.99298585119737,13.122147983416795
59351002,59333424,59364673,145.41160199216995,130.3473903943197,15.06421159785026
59375762,59358184,59389433,145.47936264416285,129.70670110581585,15.772661538346995
59399678,59382100,59413349,145.65370704479673,131.77298425093213,13.880722793864607
59424135,59406557,59437806,145.7114760834293,133.5336851146384,12.177790968790902
59449226,59431648,59462897,145.3441525562371,133.36303676370562,11.981115792531483
59474069,59456491,59487740,145.4250929526958,132.69002586516754,12.73506708752825
59498888,59481310,59512559,145.7471649401315,131.559893730326,14.187271209805516
59523663,59506085,59537334,145.70058341905525,130.37279690937993,15.32778650967532
59548351,59530773,59562022,146.05265721280398,132.13117493732244,13.921482275481537
59573217,59555639,59586888,145.79681788906063,131.56378993740742,14.233027951653213
59597949,59580371,59611620,145.66037295673047,130.47967933318293,15.18069362354754
59622649,59605071,59636320,146.0921113594989,132.8268660200172,13.26524533948168
59646856,59629278,59660527,146.5323857693909,133.32497948221234,13.207406287178571
59671399,59653821,59685070,146.1710082793378,132.7466998897059,13.424308389631904
59695923,59678345,59709594,146.5936227651996,132.97911087150064,13.61451189369896
59720393,59702815,59734064,146.66213516918688,130.80811832735307,15.854016841833811
59745885,59728307,59759556,145.9266506397111,131.10044853937848,14.826202100332637
59769716,59752138,59783387,146.32752502357528,131.62981139170205,14.697713631873228
59793944,59776366,59807615,146.86703283240118,132.148777198454,14.718255633947166
59818512,59800934,59832183,147.36100521516315,132.56260003331897,14.798405181844174
59843051,59825473,59856722,147.60587998754798,133.22720713184535,14.378672855702632
59867912,59850334,59881583,147.0864250068987,132.4931968454413,14.593228161457404
59892317,59874739,59905988,147.2887130801163,133.27430769534905,14.014405384767258
59916815,59899237,59930486,147.36610197180647,133.2745823239889,14.091519647817563
59941363,59923785,59955034,147.27097013718014,132.6939543054748,14.577015831705353
59965937,59948359,59979608,147.15590297966358,133.80362504437744,13.35227793528614
59990920,59973342,60004591,146.8167605876145,134.85633442515834,11.960426162456173
60016319,59998741,60029990,146.13631837653628,132.66117821607347,13.475140160462814
60041990,60024412,60055661,146.00324276953498,131.27591434848574,14.727328421049236
60067456,60049878,60081127,145.97322934635457,130.025035304968,15.948194041386586
60092667,60075089,60106338,145.89755720660176,129.7751967132211,16.122360493380654
60117986,60100408,60131657,145.74794015069807,129.19356244648566,16.554377704212413
60143694,60126116,60157365,144.94190454520847,129.07409179813922,15.867812747069252
60169148,60151570,60182819,144.68454212081338,130.31868274732136,14.365859373492015
60194353,60176775,60208024,144.9043633376607,131.1267845365359,13.777578801124804
60220078,60202500,60233749,144.96060141724482,130.3187842014076,14.641817215837222
60245515,60227937,60259186,144.86017791139787,133.17337967812279,11.686798233275084
60270945,60253367,60284616,144.7641242307084,133.64351007898736,11.120614151721043
60296192,60278614,60309863,144.7132004554277,133.3684858014718,11.344714653955918
60321758,60304180,60335429,145.23465683393405,132.52515822412465,12.709498609809401
60347236,60329658,60360907,145.3463583730127,132.02032451561007,13.32603385740262
60372846,60355268,60386517,145.1878486225142,131.85809152248987,13.329757100024324
60398262,60380684,60411933,145.37891407555801,131.9202559766974,13.45865809886061
60423767,60406189,60437438,145.2657123322174,130.80760769827765,14.45810463393974
60449246,60431668,60462917,145.40020212936633,131.29577994578696,14.104422183579373
60474706,60457128,60488377,145.26363918964955,131.52535241082495,13.738286778824602
60500041,60482463,60513712,144.90975257762724,131.14831397306992,13.761438604557327
60525470,60507892,60539141,145.26891419301927,132.0590489517148,13.20986524130447
60551009,60533431,60564680,145.40207081170234,132.33336910168308,13.068701710019269
60576504,60558926,60590175,145.3818729644788,130.306657054144,15.075215910334776
60601967,60584389,60615638,145.58560514571684,129.57058229584047,16.015022849876374
60627438,60609860,60641109,145.8749637780453,130.8906722962328,14.984291481812505
60652877,60635299,60666548,145.97976360066306,132.47112474364104,13.50863885702202
60678371,60660793,60692042,145.68407813444264,130.69993435074653,14.984143783696112
60703774,60686196,60717445,145.56631888260307,130.88677334789506,14.679545534708012
60729223,60711645,60742894,145.4916813156573,130.76980106956898,14.721880246088318
60754702,60737124,60768373,145.4386561304908,129.51482516461053,15.923830965880285
60780540,60762962,60794211,145.29946716139077,128.93685162968157,16.362615531709196
60806100,60788522,60819771,145.54268840141992,130.39433533407595,15.148353067343976
60831542,60813964,60845213,145.81692792600234,131.23758811976575,14.57933980623659
60856974,60839396,60870645,145.6805274753602,131.79026841458472,13.890259060775492
60882163,60864585,60895834,145.43055168456007,131.97445836434355,13.456093320216524
60907595,60890017,60921266,145.3148052625652,131.10678667631154,14.208018586253644
60933118,60915540,60946789,145.39418829926677,133.2052495346668,12.188938764599982
60958612,60941034,60972283,145.27507382675842,133.19211843415835,12.08295539260007
60984087,60966509,60997758,145.32051294049216,132.2640952191512,13.056417721340978
61009583,60992005,61023254,145.60757662772116,132.7389508487469,12.868625778974263
61035134,61017556,61048805,145.8200545522319,131.7790676885475,14.040986863684395
61060667,61043089,61074338,145.89775651061336,130.23049584856847,15.667260662044896
61086197,61068619,61099868,145.80238990641735,128.40136431670493,17.401025589712418
61112171,61094593,61125842,145.43792898786714,128.93465398577808,16.503275002089055
61137194,61119616,61150865,145.66656512637024,128.28663909909642,17.379926027273825
61163107,61145529,61176778,145.93961784635377,128.61370316907235,17.325914677281418
61187620,61170042,61201291,146.02255994296289,128.3629550202322,17.659604922730693
61213085,61195507,61226756,145.97755199907073,129.60909041990692,16.368461579163807
61238835,61221257,61252506,146.2683229799826,129.82576252398718,16.44256045599542
61264361,61246783,61278032,146.14203173169648,129.2898859709622,16.852145760734288
61289848,61272270,61303519,146.0321947443095,128.95776780941839,17.074426934891108
61315332,61297754,61329003,146.3410380416526,130.84751083108083,15.493527210571784
61340836,61323258,61354507,146.593221235842,130.92379652190624,15.669424713935769
61366359,61348781,61380030,146.25424023370488,129.36833844072484,16.885901792980036
61391846,61374268,61405517,145.84764653711517,130.5237042468908,15.32394229022438
61417285,61399707,61430956,145.99336204212386,130.28767100810933,15.705691034014535
61442775,61425197,61456446,146.08378347438688,132.09898830693868,13.984795167448198
61468428,61450850,61482099,145.9804527989608,133.11455772990033,12.865895069060485
61493950,61476372,61507621,145.54027253100384,132.24637872532855,13.293893805675282
61519407,61501829,61533078,145.28855056948407,133.12115027558843,12.16740029389564
61544817,61527239,61558488,145.63655091891084,133.2888966950751,12.347654223835747
61570401,61552823,61584072,145.9258457209551,133.35864761910224,12.567198101852853
61596206,61578628,61609877,145.75369371432356,132.18709994790984,13.566593766413718
61621663,61604085,61635334,145.53211517907056,131.86951441790254,13.662600761168022
61647079,61629501,61660750,145.43593030933346,131.5242707511546,13.911659558178854
61672571,61654993,61686242,145.3390705756985,131.86782150262826,13.471249073070254
61698063,61680485,61711734,145.41463308863737,131.07409408260068,14.340539006036693
61723065,61705487,61736736,145.5313459341704,130.9242797769939,14.60706615717649
61748717,61731139,61762388,145.36771705229853,131.33656322954934,14.03115382274919
61774213,61756635,61787884,144.99677904282282,131.70055916318714,13.296219879635686
61800098,61782520,61813769,145.15485312295166,130.56855618929666,14.586296933655007
61825602,61808024,61839273,145.35544446476925,131.12937746537614,14.226066999393112
61851218,61833640,61864889,145.2266560524545,132.00370842135754,13.222947631096957
61877886,61860308,61891557,144.9245209926407,132.31892344709132,12.605597545549386
61901857,61884279,61915528,145.07409363500778,132.30448439377605,12.769609241231734
61927362,61909784,61941033,145.17825308446504,132.55310869104295,12.62514439342209
61953000,61935422,61966671,145.32499207635882,132.63414479254703,12.690847283811792
61978647,61961069,61992318,145.71696488607836,132.84288396798988,12.874080918088481
62004290,61986712,62017961,145.60000647327206,132.82602987270408,12.773976600567977
62029772,62012194,62043443,145.6375622189576,132.9257634966008,12.711798722356804
62055173,62037595,62068844,145.7801347827801,133.66909982560088,12.111034957179214
62080869,62063291,62094540,145.84232681537995,133.17153149518035,12.670795320199602
62106620,62089042,62120291,145.74550026509976,132.14973510080304,13.595765164296722
62132161,62114583,62145832,145.67102420446818,131.26957631767772,14.401447886790464
62157655,62140077,62171326,145.6889431861988,129.79123981917337,15.897703367025429
62183171,62165593,62196842,145.8520346883417,130.7251082716165,15.126926416725183
62208379,62190801,62222050,145.7806438870912,131.28886049762474,14.491783389466462
62233922,62216344,62247593,145.73326053722542,130.12073288876047,15.612527648464948
62259446,62241868,62273117,145.6843739160764,130.7671606945384,14.917213221537992
62284936,62267358,62298607,145.57298356698428,131.80648439034178,13.766499176642498
62310432,62292854,62324103,145.66566542431352,131.84383654411437,13.82182888019915
62336121,62318543,62349792,145.7897089509455,131.69091647168648,14.098792479259032
62361581,62344003,62375252,145.71251897405642,131.2135526808077,14.498966293248714
62387025,62369447,62400696,145.43014576429223,131.10891860836202,14.321227155930217
62412629,62395051,62426300,145.17783615315545,131.69517091746658,13.48266523568887
62438123,62420545,62451794,145.2750687619116,131.75311145418172,13.521957307729878
62463683,62446105,62477354,145.42317290056727,130.75797010380572,14.665202796761548
62489226,62471648,62502897,145.23769671943342,130.35929300316522,14.878403716268195
62514745,62497167,62528416,145.12605763544332,129.87236329223856,15.253694343204756
62540361,62522783,62554032,145.07594000735656,129.790768158002,15.285171849354555
62565878,62548300,62579549,145.36019068456096,131.36702921147506,13.993161473085905
62591506,62573928,62605177,145.4752445804677,132.205218631853,13.270025948614688
62617143,62599565,62630814,145.34314206150205,132.69345130721743,12.64969075428462
62642541,62624963,62656212,145.35841557880516,132.28100693130068,13.077408647504484
62668061,62650483,62681732,145.21049305210613,130.30663679475595,14.903856257350185
62693604,62676026,62707275,145.1088890746966,129.76263768708142,15.346251387615183
62719160,62701582,62732831,144.9618648450026,130.0402373222327,14.921627522769882
62744833,62727255,62758504,144.9220854603416,131.56441679398932,13.357668666352282
62770438,62752860,62784109,145.17669702628578,131.76451889052822,13.412178135757557
62795447,62777869,62809118,145.2713114244434,129.5651746743423,15.706136750101109
62820945,62803367,62834616,145.2957137342696,130.5007422103639,14.794971523905701
62846573,62828995,62860244,145.35936356387344,130.76921937125144,14.590144192622006
62872034,62854456,62885705,145.55563315479725,131.78006094904984,13.775572205747409
62897678,62880100,62911349,145.64901180721995,131.64560069748495,14.003411109734998
62923134,62905556,62936805,145.42800654201721,129.59544947904357,15.832557062973649
62948675,62931097,62962346,145.44903657919764,129.07836174716556,16.37067483203208
62974393,62956815,62988064,145.5444908228827,130.3919030993425,15.152587723540194
62999948,62982370,63013619,145.61660900635573,131.2668259282291,14.34978307812662
63025313,63007735,63038984,145.69327402466718,130.88863637038318,14.804637654283994
63050867,63033289,63064538,145.8310790825231,130.28497806074876,15.546101021774348
63076412,63058834,63090083,145.74695580910262,130.52203823305655,15.224917576046067
63102204,63084626,63115875,145.6721808437452,131.29888768110075,14.373293162644444
63127991,63110413,63141662,145.690392538992,129.56906055502918,16.12133198396282
63153131,63135553,63166802,145.6220161412438,129.02927257013351,16.592743571110276
63178644,63161066,63192315,145.60282709755018,129.8325274449186,15.770299652631564
63204182,63186604,63217853,145.35858307917735,129.45122210625013,15.907360972927222
63230223,63212645,63243894,145.3680954575247,130.65637288525681,14.711722572267888
63255739,63238161,63269410,145.60244686197393,130.01245647858636,15.589990383387573
63280773,63263195,63294444,145.87311047975956,130.76621552736245,15.106894952397113
63306340,63288762,63320011,145.85900757444958,131.28552082130565,14.573486753143925
63330733,63313155,63344404,145.67707634559002,133.05250613776923,12.624570207820796
63355795,63338217,63369466,145.35891893875592,132.26182713681186,13.09709180194406
63380443,63362865,63394114,145.60235909578765,131.90924059503635,13.693118500751297
63405197,63387619,63418868,145.40651434464428,130.4046085022364,15.001905842407865
63429877,63412299,63443548,145.31022662192674,129.4638200019661,15.846406619960646
63454623,63437045,63468294,145.17039146833747,129.57841457605193,15.591976892285544
63479294,63461716,63492965,144.93626174264097,130.1339186852404,14.802343057400577
63503752,63486174,63517423,144.84260747508193,130.39040705097418,14.452200424107758
63528550,63510972,63542221,144.78975035849348,130.8927045595647,13.897045798928787
63553237,63535659,63566908,144.82491654552413,131.9107954235739,12.914121121950245
63577802,63560224,63591473,144.72225931862343,132.50183237919123,12.220426939432201
63602490,63584912,63616161,144.80308925753508,132.8782454830843,11.924843774450778
63627309,63609731,63640980,144.77906248736963,132.43990084405948,12.339161643310149
63651961,63634383,63665632,144.5788577938529,132.03413847436752,12.544719319485381
63676657,63659079,63690328,144.50387890122306,131.44089925649237,13.062979644730689
63701366,63683788,63715037,144.4713236951079,130.1952344207098,14.276089274398117
63726073,63708495,63739744,144.6452111514322,130.31432250385242,14.33088864757977
63750719,63733141,63764390,144.51936639884372,130.18976213507165,14.329604263772069
63775409,63757831,63789080,144.47953135613437,132.97570545276938,11.503825903364998
63799698,63782120,63813369,144.40203703096049,134.8956201578642,9.506416873096299
63823348,63805770,63837019,144.7735279465722,132.25514640908537,12.518381537486817
63847012,63829434,63860683,145.01117843913835,131.97464532984483,13.036533109293515
63870629,63853051,63884300,145.2046939582596,132.37973342299063,12.824960535268985
63894131,63876553,63907802,145.405075394789,132.35773875029406,13.047336644494948
63917864,63900286,63931535,145.23369631889676,131.12029441401094,14.11340190488582
63941620,63924042,63955291,144.93732923335756,130.30172173464447,14.635607498713085
63965114,63947536,63978785,145.22583933993346,130.69672808541773,14.529111254515726
63988726,63971148,64002397,145.44161011131084,129.45231790262335,15.989292208687488
64012288,63994710,64025959,145.60965712330656,128.5234697696368,17.08618735366977
64036156,64018578,64049827,145.40834007966336,129.34385661377502,16.064483465888344
64059811,64042233,64073482,145.37105839246044,130.01452176751218,15.356536624948262
64083586,64066008,64097257,145.47080865240451,131.04093845526538,14.429870197139138
64106505,64088927,64120176,146.65191139093804,132.80174590861327,13.850165482324769
64130124,64112546,64143795,147.0628307173004,134.28974707332551,12.773083643974871
64153793,64136215,64167464,146.88148630490932,134.4449145566949,12.43657174821442
64177449,64159871,64191120,146.7978959869346,134.213445290235,12.584450696699605
64201125,64183547,64214796,146.8531369802626,133.58356113848407,13.269575841778533
64224878,64207300,64238549,146.74676588302052,132.8193450808048,13.927420802215721
64247495,64229917,64261166,147.04246163365355,132.5975679839008,14.444893649752743
64270347,64252769,64284018,146.71923362826323,131.33134373271307,15.38788989555016
64292948,64275370,64306619,146.65234084942676,130.9883962150101,15.663944634416652
64315606,64298028,64329277,146.6160342399288,130.33471835638224,16.28131588354657
64337730,64320152,64351401,146.82511812192882,129.83531430363686,16.98980381829196
64360276,64342698,64373947,146.72786777496628,130.6570957158837,16.07077205908257
64382946,64365368,64396617,146.64671123250093,131.89431253198146,14.752398700519478
64405867,64388289,64419538,146.44588567963018,131.27834621037948,15.167539469250698
64428354,64410776,64442025,146.46472929293105,131.16874043288965,15.295988860041405
64450904,64433326,64464575,146.3987187538371,131.6357234467534,14.762995307083713
64473521,64455943,64487192,146.25894474255193,132.29238932812666,13.966555414425272
64495709,64478131,64509380,146.36018437445426,132.57777433198322,13.782410042471042
64518654,64501076,64532325,146.3090534245796,130.98514555038247,15.323907874197118
64541226,64523648,64554897,146.5106326343756,130.73276412831558,15.777868506060031
64563814,64546236,64577485,146.67454614219494,132.67203768843933,14.00250845375561
64585911,64568333,64599582,146.8729761094998,133.6354555632349,13.237520546264903
64608413,64590835,64622084,146.62847206068565,133.22287864974987,13.40559341093578
64631656,64614078,64645327,146.17684681456632,132.96257200642674,13.214274808139578
64653942,64636364,64667613,146.22325044322028,132.93003721766186,13.293213225558418
64676693,64659115,64690364,146.0519877676492,132.98967558866076,13.062312178988435
64699776,64682198,64713447,146.10221751086522,131.69011596452248,14.41210154634274
64723604,64706026,64737275,145.2489288918754,132.24298711393618,13.005941777939228
64747244,64729666,64760915,145.43702483597005,133.73237239870795,11.704652437262098
64769994,64752416,64783665,146.29983574369794,133.3140899007294,12.985745842968527
64793792,64776214,64807463,146.05485058905282,132.83421850207594,13.220632086976877
64818099,64800521,64831770,145.65560616318191,133.6232330551336,12.032373108048318
64841729,64824151,64855400,145.90593800885085,133.19499611408943,12.710941894761419
64864996,64847418,64878667,145.97933827363616,132.06446195737212,13.914876316264042
64889195,64871617,64902866,145.3612353128376,131.4806566522506,13.88057866058702
64913181,64895603,64926852,145.17577602365125,131.4465075254861,13.72926849816514
64937040,64919462,64950711,145.36701705005672,131.08841696296662,14.278600087090098
64960725,64943147,64974396,145.58396777315585,130.63699349305287,14.946974280102978
64984631,64967053,64998302,145.28000600057146,130.43152503960698,14.84848096096448
65008565,64990987,65022236,144.88525517459303,131.19541888331958,13.689836291273451
65032265,65014687,65045936,145.22567456868305,131.46895163752612,13.75672293115693
65056115,65038537,65069786,145.3226739360205,130.35718156279847,14.96549237322202
65079956,65062378,65093627,145.3402688424449,130.0358173991781,15.304451443266828
65103779,65086201,65117450,145.51305300573358,130.33002329655181,15.183029709181767
65127517,65109939,65141188,145.45654694358296,130.87992881292325,14.57661813065971
65151366,65133788,65165037,145.32486496500675,131.67198824530283,13.652876719703926
65175329,65157751,65189000,145.14160662288444,133.45529781638024,11.6863088065042
65199031,65181453,65212702,145.15592173587072,133.63023434758745,11.525687388283274
65222695,65205117,65236366,145.0356879278811,132.75835450250037,12.277333425380732
65246584,65229006,65260255,145.03418942940291,131.39547168837586,13.638717741027051
65270457,65252879,65284128,145.0711403985722,130.09311913804513,14.978021260527072
65294309,65276731,65307980,145.081746799104,130.48152400177227,14.600222797331725
65318098,65300520,65331769,145.10925975569162,131.39594695606513,13.713312799626493
65341783,65324205,65355454,144.9838568551917,131.7600815309716,13.2237753242201
65365607,65348029,65379278,144.76532880865997,130.60062299302348,14.164705815636495
65389406,65371828,65403077,144.83172968063445,131.07516362167496,13.756566058959493
65413350,65395772,65427021,144.64656290144572,132.48239176112082,12.164171140324896
65438771,65421193,65452442,143.9476342908074,131.0017964946761,12.945837796131286
65462593,65445015,65476264,143.75236288760422,130.38844343932251,13.363919448281706
65484628,65467050,65498299,144.11954563626108,131.8733488146054,12.246196821655673
65508514,65490936,65522185,143.98167980833645,129.6941810277334,14.287498780603045
65532437,65514859,65546108,143.9649151631151,130.409295116594,13.555620046521113
65556323,65538745,65569994,143.65256285227485,130.4505932322042,13.201969620070656
65580784,65563206,65594455,143.58625934171198,130.14498245312316,13.441276888588817
65603931,65586353,65617602,143.702194836043,129.96976087763719,13.732433958405807
65627879,65610301,65641550,143.86072544253946,129.59956228320488,14.261163159334586
65651846,65634268,65665517,143.82942952604714,129.98957531138274,13.839854214664399
65675889,65658311,65689560,143.49789843882678,130.26452661913677,13.233371819690007
65700213,65682635,65713884,143.0145114517407,130.73453271581525,12.279978735925454
65724183,65706605,65737854,142.88968113673593,131.12908682098384,11.760594315752087
65747271,65729693,65760942,143.4642004593514,130.68980528065816,12.774395178693226
65771160,65753582,65784831,143.58299549167765,130.80407793431775,12.778917557359904
65795132,65777554,65808803,143.63481979478246,130.66624662701875,12.968573167763708
65819114,65801536,65832785,143.50480500230242,130.19619025500532,13.3086147472971
65843916,65826338,65857587,142.88567971877785,128.95322120385532,13.93245851492253
65867885,65850307,65881556,142.85990913625335,128.7519471141762,14.107962022077146
65891834,65874256,65905505,142.74262820945373,128.52190252495276,14.220725684500962
65915764,65898186,65929435,142.76964254618423,128.90101306513964,13.868629481044593
65939639,65922061,65953310,143.0332840575758,130.00253734055013,13.030746717025664
65963604,65946026,65977275,142.91556584986972,129.63232564419323,13.283240205676492
65987559,65969981,66001230,142.81245459881953,129.07143349252402,13.741021106295506
66011545,65993967,66025216,142.59541484407632,129.6343244439562,12.961090400120128
66035457,66017879,66049128,142.51412230265584,130.34230228509912,12.171820017556712
66059519,66041941,66073190,142.66020817228488,130.7354315350501,11.924776637234771
66084415,66066837,66098086,142.91563672430374,131.4211648652614,11.494471859042335
66109299,66091721,66122970,142.7692271781419,130.29927543053543,12.469951747606473
66134124,66116546,66147795,142.5391767335969,131.47528473260434,11.063892000992553
66159415,66141837,66173086,142.60536455062635,132.21881070879311,10.386553841833233
66184482,66166904,66198153,142.90995628202307,131.86852492641515,11.041431355607926
66209570,66191992,66223241,143.00361227303512,131.8928117684077,11.110800504627406
66234456,66216878,66248127,143.00400298992056,131.75871023568413,11.24529275423643
66259274,66241696,66272945,143.2063491169638,131.207392064143,11.9989570528208
66284177,66266599,66297848,143.06555077937222,131.01016656650177,12.05538421287045
66308516,66290938,66322187,143.2612614709236,131.35171243023265,11.909549040690962
66333439,66315861,66347110,143.54927655871128,131.74031764666506,11.808958912046222
66358456,66340878,66372127,143.50910667933104,132.059031926294,11.450074753037029
66383953,66366375,66397624,143.4734942983748,132.06241275039497,11.411081547979819
66408055,66390477,66421726,143.65083024366155,132.09033353946305,11.5604967041985
66432482,66414904,66446153,143.75479891541465,131.04183565272126,12.712963262693393
66458324,66440746,66471995,143.58830092281687,130.48609738388723,13.102203538929643
66483243,66465665,66496914,143.42876264642297,130.44452144887478,12.984241197548187
66507054,66489476,66520725,143.45433435547133,130.97974064905407,12.474593706417267
66532406,66514828,66546077,143.40812011355862,130.33603324645992,13.072086867098704
66557344,66539766,66571015,143.38138508325184,130.8997174786462,12.481667604605633
66582768,66565190,66596439,143.18444487650663,130.90762664756372,12.276818228942915
66607078,66589500,66620749,143.03572121805783,130.4092148499521,12.626506368105737
66632448,66614870,66646119,143.0802235869007,128.36674025912546,14.713483327775236
66656829,66639251,66670500,143.0079778802348,130.25263617109462,12.755341709140168
66681128,66663550,66694799,142.9418485593039,130.7472360962237,12.194612463080205
66706045,66688467,66719716,142.57031353553322,131.18329371247245,11.387019823060768
66731404,66713826,66745075,142.76780312850522,132.48970960512335,10.27809352338187
66756454,66738876,66770125,143.0710567172101,132.1281824163463,10.942874300863792
66781311,66763733,66794982,142.88336452606606,132.32876232309908,10.554602202966976
66806178,66788600,66819849,142.73701664842028,132.56657751791582,10.170439130504462
66831142,66813564,66844813,142.93957314865327,131.76221882662415,11.177354322029117
66856078,66838500,66869749,142.91623394446702,130.54192375913553,12.374310185331495
66881089,66863511,66894760,142.88014939153646,130.2325956607611,12.647553730775371
66906009,66888431,66919680,142.98070516272352,131.46800190605074,11.51270325667278
66930917,66913339,66944588,142.84680906382113,131.34245441955673,11.504354644264396
66955841,66938263,66969512,142.8588313542263,131.5830380778954,11.275793276330916
66980651,66963073,66994322,143.1321864003307,131.52517421251747,11.60701218781324
67005540,66987962,67019211,143.278150390156,132.1171504114572,11.160999978698783
67030015,67012437,67043686,143.0604977483277,131.91668435313184,11.14381339519585
67054895,67037317,67068566,142.98786675904927,132.09463404171947,10.893232717329795
67079807,67062229,67093478,143.35819574110099,132.5511041010893,10.807091640011691
67104706,67087128,67118377,143.6410885553647,132.37790644378867,11.263182111576015
67129711,67112133,67143382,143.57910814408723,132.41311519778384,11.16599294630339
67154598,67137020,67168269,143.4404712207118,132.54228702856568,10.898184192146118
67179523,67161945,67193194,143.4779706191605,131.9711343815346,11.50683623762589
67204385,67186807,67218056,143.3978307494593,131.49484563885386,11.902985110605442
67229201,67211623,67242872,143.5172753166665,132.33187291400048,11.185402402666028
67254136,67236558,67267807,143.23261051384097,132.60737522653528,10.625235287305685
67279014,67261436,67292685,143.2555716700052,133.42969825157593,9.825873418429268
67303940,67286362,67317611,143.67075397450333,133.68268415454537,9.988069819957957
67328912,67311334,67342583,143.99684096135044,134.707280781525,9.289560179825457
67354356,67336778,67368027,143.90625368465666,135.5959088564065,8.310344828250152
67379895,67362317,67393566,144.44921443051518,135.4338278881735,9.015386542341673
67405897,67388319,67419568,144.40085578639787,134.9359378398703,9.464917946527578
67431795,67414217,67445466,143.9991954204463,133.63980874852402,10.359386671922294
67457081,67439503,67470752,144.73345968787984,133.54076671563104,11.192692972248807
67484006,67466428,67497677,144.4683685266577,133.26018883212754,11.208179694530173
67510228,67492650,67523899,144.34375962863868,133.42310651615296,10.920653112485724
67536847,67519269,67550518,144.09575661765467,133.6444321297586,10.451324487896073
67562848,67545270,67576519,144.64971602398123,134.1035652718696,10.546150752111629
67589043,67571465,67602714,144.48802545497762,131.78915489023709,12.698870564740531
67615717,67598139,67629388,144.4594943756405,131.9841248548611,12.475369520779395
67642478,67624900,67656149,144.74698414369615,131.09884485018907,13.648139293507086
67669272,67651694,67682943,144.5048293495696,130.71818302185733,13.786646327712276
67696047,67678469,67709718,144.32695196984864,130.5934801649734,13.733471804875222
67722703,67705125,67736374,144.40687028763148,131.4452226837901,12.961647603841385
67749366,67731788,67763037,144.3303788493466,130.71427416072117,13.616104688625427
67776124,67758546,67789795,144.1909673733127,130.908385765677,13.282581607635706
67802721,67785143,67816392,144.4003374114899,130.41777322107967,13.982564190410216
67829384,67811806,67843055,144.81186191012034,131.2905902262616,13.521271683858743
67856260,67838682,67869931,144.65356784092148,130.9155457551772,13.73802208574429
67882936,67865358,67896607,144.4209085517392,131.1339969411564,13.286911610582791
67909235,67891657,67922906,145.13508962263214,132.4334536204774,12.701636002154743
67936321,67918743,67949992,144.93023734346087,131.79898245481877,13.131254888642104
67962970,67945392,67976641,144.49141559433178,131.8293635586985,12.66205203563328
67989422,67971844,68003093,144.55261148004303,131.74344627650362,12.809165203539408
68016115,67998537,68029786,144.4556997228062,131.14302588358254,13.312673839223663
68042581,68025003,68056252,144.23007688150545,131.23679974970807,12.993277131797385
68069271,68051693,68082942,144.25218140487385,131.1068292768953,13.145352127978555
68095942,68078364,68109613,144.37754926426928,132.2023340583901,12.17521520587917
68122638,68105060,68136309,144.60618100457467,131.60965298532577,12.996528019248899
68149497,68131919,68163168,144.72254487290832,131.84310077415287,12.879444098755442
68176166,68158588,68189837,144.64161444122456,132.92009123085217,11.721523210372396
68202826,68185248,68216497,144.50826573131366,133.21283601166388,11.295429719649775
68229488,68211910,68243159,144.2540954818785,132.8672993652223,11.3867961166562
68256164,68238586,68269835,144.33251903076635,132.51636031260725,11.816158718159102
68282808,68265230,68296479,144.24346611608746,131.6216098271308,12.62185628895665
68309474,68291896,68323145,144.14500950648258,129.94758891052686,14.19742059595572
68335940,68318362,68349611,144.2671140844473,129.99247778270308,14.27463630174421
68362578,68345000,68376249,144.50582096688584,130.1822740215827,14.323546945303121
68389298,68371720,68402969,144.75678177592474,131.1383733443842,13.61840843154053
68415852,68398274,68429523,144.8385007135894,131.36992634578004,13.468574367809367
68442500,68424922,68456171,144.6366986315938,131.2373812260145,13.399317405579296
68469142,68451564,68482813,144.71324922596546,132.16511402594415,12.548135200021306
68495826,68478248,68509497,144.70449167081,132.27884137223572,12.425650298574283
68523132,68505554,68536803,144.25111947720166,131.68948544748318,12.561634029718476
68549104,68531526,68562775,144.15151465320534,130.76731460311942,13.384200050085923
68575677,68558099,68589348,143.56381642049544,131.00133110124287,12.562485319252573
68602311,68584733,68615982,143.5764472171976,131.9333562549508,11.643090962246788
68629915,68612337,68643586,143.50919922203803,132.90203607837074,10.607163143667293
68657549,68639971,68671220,143.6982680926695,132.4161697978718,11.28209829479772
68685189,68667611,68698860,144.30071000112716,131.59926998520615,12.701440015921008
68712901,68695323,68726572,144.24084238312466,131.48511968315628,12.755722699968373
68740574,68722996,68754245,144.21875011931786,131.9264056367981,12.292344482519752
68768239,68750661,68781910,144.52096086854198,133.07713583259098,11.443825035950994
68795883,68778305,68809554,144.74819705635636,132.60351523145633,12.144681824900033
68823532,68805954,68837203,144.486399941671,130.20406509360484,14.28233484806617
68851188,68833610,68864859,144.55876116016836,129.9842029494711,14.574558210697262
68878923,68861345,68892594,144.4535539559801,129.5344670070518,14.91908694892831
68907627,68890049,68921298,144.07213556769062,129.34857389073238,14.72356167695824
68934733,68917155,68948404,144.60816965437627,131.16331214595004,13.444857508426225
68961789,68944211,68975460,144.65156310153583,134.16614301187275,10.48542008966308
68990418,68972840,69004089,144.65138116684884,133.4495215675886,11.201859599260246
69020037,69002459,69033708,144.71269243626102,132.9835969362851,11.729095499975926
69049337,69031759,69063008,144.4788083950659,132.62373478759056,11.855073607475333
69077474,69059896,69091145,144.72932336054117,132.40765914569613,12.321664214845043
69106687,69089109,69120358,144.9082513301192,133.0178450964185,11.890406233700702
69135889,69118311,69149560,144.70185459826993,133.2854789835493,11.416375614720636
69165426,69147848,69179097,144.7906639563093,133.18938604481946,11.60127791148983
69195537,69177959,69209208,144.7071477082144,131.65922704106612,13.047920667148276
69225975,69208397,69239646,144.83587958247492,131.47485919073904,13.361020391735877
69256201,69238623,69269872,145.03093992132509,130.9632459566633,14.0676939646618
69286538,69268960,69300209,144.98901778318222,132.2875644025485,12.701453380633723
69316707,69299129,69330378,145.4584927867177,133.39573428491803,12.062758501799664
69346964,69329386,69360635,145.41243621520226,132.75212535673853,12.660310858463731
69377220,69359642,69390891,145.54049894821483,133.78505826363227,11.755440684582567
69407377,69389799,69421048,145.47952015429118,133.76270075562988,11.7168193986613
69437655,69420077,69451326,144.99491987488074,130.95298564327211,14.041934231608622
69467999,69450421,69481670,145.03968005043936,130.9280844907103,14.111595559729068
69497976,69480398,69511647,145.42588472728528,130.02680135233615,15.399083374949129
69528206,69510628,69541877,145.4989214112823,130.9594293685843,14.539492042698015
69558471,69540893,69572142,145.2383823107155,131.50055989784084,13.737822412874664
69588564,69570986,69602235,145.12561691765535,132.701070943712,12.424545973943339
69619783,69602205,69633454,145.46801814104975,133.06668963049648,12.40132851055327
69650918,69633340,69664589,145.6095347191166,133.29061062888593,12.318924090230666
69682045,69664467,69695716,145.84709851480696,131.975721770654,13.871376744152968
69713166,69695588,69726837,145.64948342419137,130.59118351771002,15.058299906481352
69744266,69726688,69757937,146.08952443328965,131.28685170644187,14.802672726847788
69775447,69757869,69789118,146.20836422094945,130.9214693707655,15.286894850183955
69806617,69789039,69820288,146.02746667612115,131.07511746176687,14.952349214354285
69837634,69820056,69851305,146.02727567021364,131.377680900503,14.649594769710632
69868846,69851268,69882517,146.2431088937276,131.7269899801775,14.516118913550088
69900098,69882520,69913769,146.15400037392024,131.00351561918046,15.150484754739779
69930684,69913106,69944355,145.73460079259542,131.43614883492103,14.298451957674388
69961882,69944304,69975553,145.71155187929793,131.4094636164241,14.302088262873838
69993486,69975908,70007157,145.8004349091544,131.65413560249522,14.146299306659188
70024100,70006522,70037771,145.54506641706843,133.6739492723274,11.87111714474102
70055071,70037493,70068742,145.18278366577198,133.283461253807,11.899322411964988
70086144,70068566,70099815,145.13953844898882,131.7997520265664,13.339786422422407
70117205,70099627,70130876,145.20990198348073,131.69813800115907,13.511763982321668
70148166,70130588,70161837,145.27713962679053,133.21381332081683,12.063326305973703
70179017,70161439,70192688,145.24630478161058,133.98534892656323,11.260955855047342
70210148,70192570,70223819,145.0723801100048,132.57818420308476,12.494195906920027
70241326,70223748,70254997,145.43065859441626,133.0928085450848,12.33785004933145
70272330,70254752,70286001,145.21432004910523,131.9166604442471,13.297659604858126
70303271,70285693,70316942,145.02475112516206,133.2886038863138,11.736147238848247
70334442,70316864,70348113,145.1975286358866,132.86189959483548,12.335629041051135
70365587,70348009,70379258,145.56641260467845,133.51559382319616,12.050818781482292
70398181,70380603,70411852,145.62832452043887,132.80781385677753,12.820510663661338
70427575,70409997,70441246,145.57270219160048,132.48801252850416,13.084689663096327
70458756,70441178,70472427,145.7935366947212,132.74251118375298,13.05102551096823
70489745,70472167,70503416,145.61105254533595,131.70170038425135,13.909352161084598
70521388,70503810,70535059,145.5020784238354,131.74334205628023,13.758736367555173
70552480,70534902,70566151,145.2895830240983,132.04983685731582,13.239746166782481
70583001,70565423,70596672,145.39152993144305,131.47316678904087,13.918363142402171
70614015,70596437,70627686,145.2250228141949,132.07546488484314,13.149557929351744
70645146,70627568,70658817,145.32213199067988,132.66191568126013,12.660216309419752
70676618,70659040,70690289,145.11304811178093,131.4326800385862,13.680368073194728
70707622,70690044,70721293,145.12260378939243,131.78743323927063,13.335170550121802
70738375,70720797,70752046,145.16270173635522,132.0275121122162,13.13518962413903
70769458,70751880,70783129,144.88819866275765,131.556496236019,13.331702426738644
70800609,70783031,70814280,144.89867159211235,131.3397921977593,13.558879394353056
70831682,70814104,70845353,144.81740821436406,130.9311661741809,13.886242040183163
70862780,70845202,70876451,144.59129927090058,130.48953005741112,14.101769213489462
70893975,70876397,70907646,144.77409652186833,131.12565627507058,13.648440246797747
70925053,70907475,70938724,144.72179084530953,131.83071454969885,12.891076295610674
70956188,70938610,70969859,144.7072529640691,130.94619973702254,13.761053227046574
70987371,70969793,71001042,144.6697609847786,132.7443074821885,11.925453502590102
71018542,71000964,71032213,144.42915410871774,132.62091377740893,11.80824033130881
71049752,71032174,71063423,144.46003275298264,131.23674216134452,13.223290591638118
71080940,71063362,71094611,144.60634236878394,131.37676485484522,13.229577513938722
71112259,71094681,71125930,144.47825940379272,130.17421261043387,14.30404679335885
71143428,71125850,71157099,144.47677502427834,130.7433134552684,13.733461569009933
71174518,71156940,71188189,144.62307845676762,132.50031092291078,12.12276753385683
71205539,71187961,71219210,144.64087679204124,132.1909126607181,12.449964131323128
71236731,71219153,71250402,144.50373357079351,130.479028437477,14.024705133316502
71267814,71250236,71281485,144.53124829691285,130.30498759774628,14.226260699166573
71298939,71281361,71312610,144.41288599507212,129.44462477806402,14.968261217008092
71330177,71312599,71343848,144.37827756661136,129.51320292237517,14.865074644236188
71361267,71343689,71374938,144.38212588433487,130.4931974553129,13.888928429021973
71392346,71374768,71406017,144.1860210772236,130.0609139879181,14.125107089305487
71423632,71406054,71437303,144.12451134846725,130.19154040279832,13.932970945668927
71454257,71436679,71467928,144.0991502226751,130.21764847572538,13.88150174694971
71485452,71467874,71499123,144.0557324982,130.40576240434203,13.649970093857974
71516936,71499358,71530607,143.8690834750542,131.957997744874,11.91108573018019
71548149,71530571,71561820,143.66333660444465,131.8315169014969,11.83181970294774
71579368,71561790,71593039,144.01528674253424,131.91541116180792,12.09987558072632
71610472,71592894,71624143,144.1096418625416,132.4982451575089,11.61139670503269
71641670,71624092,71655341,143.8635164778451,133.11031337053626,10.753203107308849
71672877,71655299,71686548,143.95959770413884,132.28477113591708,11.67482656822176
71703793,71686215,71717464,143.75218217411043,132.424063654138,11.328118519972435
71734955,71717377,71748626,143.7804774267098,131.9849188965024,11.795558530207416
71766071,71748493,71779742,143.76318723950868,131.65236482945858,12.110822410050105
71797157,71779579,71810828,143.68533579169448,132.3546394949896,11.330696296704872
71828412,71810834,71842083,143.13699646814865,130.18601444491136,12.950982023237287
71859597,71842019,71873268,143.2823985621647,131.38851271754635,11.893885844618353
71890769,71873191,71904440,143.41560575165354,130.90764283542666,12.507962916226887
71921863,71904285,71935534,143.1639118948984,129.00157669208565,14.162335202812756
71952989,71935411,71966660,143.06560323464893,130.7259163133096,12.339686921339336
71984007,71966429,71997678,142.90901432846158,131.60526141487435,11.303752913587232
72014968,71997390,72028639,143.19002343577762,131.66099142076848,11.529032015009136
72046297,72028719,72059968,143.2047757048723,131.7280471931487,11.476728511723593
72078118,72060540,72091789,143.5088693276923,132.83963555403326,10.669233773659045
72109004,72091426,72122675,143.1548534064039,131.79677130900052,11.358082097403383
72140153,72122575,72153824,143.51273332306468,132.29665905319973,11.216074269864947
72170680,72153102,72184351,143.43432928288632,131.88334158837083,11.550987694515499
72202724,72185146,72216395,143.2750770302602,131.76933036273923,11.505746667520981
72233848,72216270,72247519,143.76881465753564,133.05037377256633,10.718440884969311
72263226,72245648,72276897,143.95450504196123,133.23259308441044,10.721911957550788
72294661,72277083,72308332,143.67710329413296,131.80281469592077,11.874288598212189
72325588,72308010,72339259,143.78175906758116,132.54156540208106,11.240193665500101
72356589,72339011,72370260,143.55243568845364,131.46862624759154,12.083809440862098
72387586,72370008,72401257,143.42098865652338,131.46632429505976,11.954664361463614
72418490,72400912,72432161,143.4579388372821,132.50928586479682,10.948652972485263
72449989,72432411,72463660,143.18947635441484,131.31510129871234,11.874375055702501
72480953,72463375,72494624,143.04065065164517,130.86865421396257,12.171996437682594
72511858,72494280,72525529,143.44775986382933,131.3123020814305,12.135457782398845
72542808,72525230,72556479,143.69479251210103,131.22854754111205,12.466244970988981
72573202,72555624,72586873,143.78525571956195,131.2690351899204,12.516220529641544
72604208,72586630,72617879,143.7734806648291,131.9121315301146,11.861349134714487
72635483,72617905,72649154,144.05325300584008,133.0744612654495,10.97879174039059
72666063,72648485,72679734,143.85390936858425,132.86988023047843,10.984029138105825
72697207,72679629,72710878,144.03246942267518,132.15828787573392,11.874181546941259
72728363,72710785,72742034,144.253890433427,130.93688178336197,13.31700865006502
72759470,72741892,72773141,144.6519110031006,131.36718265729064,13.284728345809953
72790983,72773405,72804654,144.7514446883098,131.44985548116384,13.301589207145952
72822213,72804635,72835884,144.9846832254258,133.5682417908867,11.41644143453911
72853501,72835923,72867172,145.06468699476096,132.21673212803356,12.847954866727406
72884545,72866967,72898216,145.1126671043372,132.86098083750113,12.25168626683606
72915673,72898095,72929344,145.23794665061874,133.47855262504135,11.759394025577393
72946988,72929410,72960659,145.2370601817846,133.74618487316945,11.49087530861516
72977499,72959921,72991170,145.18542853916688,133.915131240761,11.270297298405865
73008864,72991286,73022535,145.24970626928302,133.10532374243505,12.144382526847977
73040464,73022886,73054135,144.93019245439316,132.1375543840092,12.792638070383958
73071606,73054028,73085277,144.96898782982558,131.01503224385806,13.95395558596752
73102879,73085301,73116550,144.9627644423636,131.24874995495605,13.714014487407553
73133701,73116123,73147372,144.7235223775559,131.22287972721242,13.50064265034348
73164890,73147312,73178561,144.921323564902,130.98125113273016,13.940072432171831
73195976,73178398,73209647,144.8671050224915,128.8089369813851,16.0581680411064
73227141,73209563,73240812,144.77041377114645,129.06157246116481,15.708841309981636
73258250,73240672,73271921,144.9409543731925,129.91481805656665,15.026136316625866
73289843,73272265,73303514,144.98596596608513,131.14117819596038,13.844787770124753
73320948,73303370,73334619,145.00448410311026,132.91246202667043,12.092022076439832
73351769,73334191,73365440,145.04909048645837,133.49633395553226,11.552756530926104
73382291,73364713,73395962,145.12467842385087,132.60597993719563,12.51869848665524
73414101,73396523,73427772,144.9729656517682,132.0820359789444,12.890929672823802
73445277,73427699,73458948,144.79544356167486,131.5003431887536,13.295100372921269
73476433,73458855,73490104,144.83417027522484,130.8680949026435,13.966075372581344
73507588,73490010,73521259,144.97257777289124,131.99799853475366,12.97457923813758
73538715,73521137,73552386,144.9818448814755,132.06764506327232,12.914199818203173
73569761,73552183,73583432,144.76547190928866,131.58513448085807,13.18033742843059
73600461,73582883,73614132,144.6129984108915,131.11818193564102,13.494816475250474
73631887,73614309,73645558,144.71032934412727,130.58844166114224,14.121887682985033
73663026,73645448,73676697,144.84097097791943,128.69866473022034,16.142306247699082
73694194,73676616,73707865,144.9126794388216,130.92559286713438,13.987086571687229
73725233,73707655,73738904,145.07143691011828,131.5354477117762,13.535989198342094
73756280,73738702,73769951,144.85264882044163,130.956810264168,13.895838556273617
73787443,73769865,73801114,144.58802065362175,131.52251203421972,13.065508619402038
73818640,73801062,73832311,145.28519043077955,132.92180088277695,12.363389548002601
73849767,73832189,73863438,145.10415513695398,131.47539585440944,13.628759282544536
73881108,73863530,73894779,144.82412107352022,132.1383037686372,12.685817304883017
73912222,73894644,73925893,145.04389881409583,130.7907776501845,14.253121163911317
73943078,73925500,73956749,145.35010162131843,130.6256218218312,14.724479799487227
73974105,73956527,73987776,145.2793224502288,132.18105610611497,13.098266344113824
74005575,73987997,74019246,145.38992985808017,132.4967526014422,12.893177256637955
74036491,74018913,74050162,145.36114290934756,133.04701958175352,12.314123327594046
74067626,74050048,74081297,145.4176162332792,133.43658128680195,11.981034946477251
74098743,74081165,74112414,145.448727601561,132.45793271356712,12.990794887993871
74129919,74112341,74143590,145.22709651411915,131.522354309019,13.70474220510016
74161064,74143486,74174735,145.02177321269164,131.18916248542251,13.832610727269127
74192159,74174581,74205830,145.41302486148595,130.95793034442727,14.455094517058683
74223492,74205914,74237163,145.35771677830377,130.09020657272447,15.267510205579299
74254634,74237056,74268305,144.86547234123108,130.52334591592958,14.342126425301501
74285809,74268231,74299480,145.38722955529664,131.82033205700765,13.566897498288995
74316623,74299045,74330294,145.48475784862626,133.09479115276034,12.389966695865922
74347731,74330153,74361402,145.11931808450333,131.19817602427216,13.921142060231176
74378882,74361304,74392553,145.32008790040138,131.49241065225797,13.827677248143402
74410136,74392558,74423807,145.53905391005705,131.98529235171077,13.553761558346281
74441531,74423953,74455202,145.45513116885365,131.20595293408817,14.24917823476548
74472546,74454968,74486217,145.4735615038925,131.3526180113823,14.120943492510207
74503707,74486129,74517378,145.52193487760346,132.54757409920478,12.974360778398676
74534897,74517319,74548568,145.67786093009255,131.79737858152512,13.880482348567426
74565932,74548354,74579603,145.79862208316987,132.55034867982158,13.248273403348293
74597387,74579809,74611058,145.3983623998404,130.64172886461057,14.756633535229838
74628525,74610947,74642196,145.48018774665928,132.00203866409854,13.478149082560748
74659790,74642212,74673461,145.63282460238227,132.26712402191313,13.365700580469138
74690165,74672587,74703836,145.43512141719089,131.52372401060921,13.91139740658167
74721226,74703648,74734897,145.14896366981765,129.78961959444786,15.35934407536979
74754030,74736452,74767701,145.09624973275126,129.483000421191,15.613249311560253
74783517,74765939,74797188,145.0921736756686,131.92359279047884,13.168580885189755
74814581,74797003,74828252,144.73678836407282,131.11254554032564,13.624242823747181
74845248,74827670,74858919,144.93965457018246,132.04855200284493,12.891102567337526
74876397,74858819,74890068,145.13122688623218,131.91195899871147,13.219267887520715
74907936,74890358,74921607,144.94727848475495,132.44008013652677,12.507198348228172
74939161,74921583,74952832,145.07686029106353,131.92468966073938,13.15217063032415
74972596,74955018,74986267,145.12557347382656,130.29004908209285,14.835524391733713
75001837,74984259,75015508,145.00148503276196,130.76928125248426,14.2322037802777
75032675,75015097,75046346,145.02611057265278,132.25554025496515,12.770570317687628
75063854,75046276,75077525,145.02055092098254,132.69870360556556,12.321847315416989
75095279,75077701,75108950,144.78566557125848,131.46567702383297,13.31998854742551
75126416,75108838,75140087,144.84163676065043,132.27546760357728,12.566169157073148
75157172,75139594,75170843,144.8558315785797,135.14821022295376,9.707621355625946
75188579,75171001,75202250,144.56712052822226,134.84676087085842,9.720359657363844
75219750,75202172,75233421,144.73955062398156,132.47015419330307,12.269396430678484
75250665,75233087,75264336,144.9848904556738,131.53926533432102,13.445625121352776
75281813,75264235,75295484,144.95548523204116,133.1800905932519,11.775394638789265
75312791,75295213,75326462,145.37730683295297,132.7789980856129,12.59830874734007
75345776,75328198,75359447,145.60458804783838,134.46239130450277,11.142196743335603
75376724,75359146,75390395,145.0112415910351,133.28947030781347,11.721771283221614
75407489,75389911,75421160,145.21795432378178,133.418741177897,11.799213145884778
75437016,75419438,75450687,145.1510557198805,133.9852251441738,11.165830575706707
75467810,75450232,75481481,144.91874141712557,133.56518113570235,11.353560281423228
75498850,75481272,75512521,145.07166458411473,132.85787854630684,12.213786037807893
75529739,75512161,75543410,144.98088665188027,132.46485916072257,12.5160274911577
75560867,75543289,75574538,144.8790597686906,132.4106023115736,12.468457457117012
75591847,75574269,75605518,144.62870294720562,133.2986347332812,11.33006821392442
75622713,75605135,75636384,144.43678463914847,133.68209464271825,10.754689996430216
75654081,75636503,75667752,144.63138789353403,133.64543435725113,10.985953536282892
75683667,75666089,75697338,144.2408719588149,133.7653608865906,10.475511072224293
75714492,75696914,75728163,143.8911809074562,132.76277696739214,11.12840394006406
75745667,75728089,75759338,144.02449941802035,133.01976244775645,11.004736970263906
75775959,75758381,75789630,144.0542893717463,131.54356067961243,12.510728692133881
75806291,75788713,75819962,144.2253241888613,130.827354133559,13.397970055302295
75839898,75822320,75853569,144.15035373742066,130.51950744112742,13.630846296293242
75869468,75851890,75883139,143.82558970319073,131.7840512653621,12.04153843782862
75898403,75880825,75912074,144.14445321258714,133.12549680765716,11.01895640492998
75929192,75911614,75942863,144.4563551097929,133.51777203694644,10.938583072846455
75960981,75943403,75974652,144.42852068163018,133.04536183373114,11.38315884789904
75992422,75974844,76006093,144.21291316385344,132.38289425671076,11.830018907142687
76021242,76003664,76034913,144.99860255997876,134.94750984808448,10.051092711894285
76053451,76035873,76067122,144.81238873987803,132.87846395510434,11.933924784773694
76083423,76065845,76097094,144.68750085207006,131.47326651646154,13.214234335608523
76114337,76096759,76128008,144.72224244264595,131.11973123079528,13.602511211850668
76145431,76127853,76159102,144.92346497197443,131.44371335426396,13.479751617710463
76176274,76158696,76189945,144.84712824438245,133.97833372683039,10.868794517552061
76206934,76189356,76220605,144.7112376024538,135.01298291444292,9.698254688010877
76237609,76220031,76251280,144.8114931612466,135.27850506260984,9.532988098636764
76269478,76251900,76283149,144.8736016305273,134.17422335121518,10.699378279312128
76299855,76282277,76313526,144.80967151060037,131.47928868435278,13.330382826247586
76329846,76312268,76343517,144.5680824336643,132.243463732915,12.324618700749312
76360862,76343284,76374533,144.67321435004106,131.95438211218905,12.718832237852013
76392608,76375030,76406279,145.00623137019244,133.23213834490755,11.774093025284884
76423610,76406032,76437281,144.98223415960683,131.74021853547566,13.24201562413117
76454657,76437079,76468328,144.82353062515267,133.4239300641081,11.399600561044565
76485737,76468159,76499408,145.38315864379035,133.4127731690398,11.970385474750543
76516549,76498971,76530220,145.84385707042065,133.9631260120738,11.880731058346868
76547114,76529536,76560785,145.86450215125933,133.3159194103119,12.548582740947438
76577803,76560225,76591474,146.02450670870104,133.05741029318725,12.967096415513794
76608812,76591234,76622483,146.28215969741186,132.34619128482407,13.935968412587783
76639588,76622010,76653259,146.58374919385716,132.9530920384792,13.630657155377946
76669260,76651682,76682931,146.2975462508086,131.72893462820997,14.568611622598638
76700423,76682845,76714094,146.3900234681541,131.75851139275198,14.631512075402128
76732670,76715092,76746341,146.54816837967277,133.78886247744512,12.759305902227652
76763294,76745716,76776965,146.48086095116295,133.45564619989315,13.0252147512698
76792657,76775079,76806328,146.38735015596527,132.25861467568916,14.128735480276106
76823682,76806104,76837353,146.30286710496202,133.4927858500231,12.810081254938922
76855292,76837714,76868963,145.91428260366678,133.32563064698266,12.588651956684117
76885771,76868193,76899442,145.9346049716111,133.17976758857256,12.754837383038534
76916536,76898958,76930207,145.9923906525205,132.68655867891178,13.305831973608718
76947292,76929714,76960963,145.84203035637427,133.1850508570549,12.656979499319363
76980387,76962809,76994058,146.16023664178053,132.56077575127824,13.599460890502286
77008739,76991161,77022410,145.92698978182386,132.849614348315,13.077375433508877
77039723,77022145,77053394,146.06149944130524,134.05790557123223,12.003593870073018
77070548,77052970,77084219,145.92899810046848,133.9273941438973,12.001603956571188
77101237,77083659,77114908,145.70232302850482,133.94575389477635,11.756569133728476
77132166,77114588,77145837,145.69344104546843,132.15539852410882,13.538042521359614
77163134,77145556,77176805,145.4682468477281,132.5389344068117,12.92931244091639
77194142,77176564,77207813,145.307915270587,134.27978177930748,11.028133491279505
77226215,77208637,77239886,145.25890079166106,134.3250375599136,10.933863231747466
77257264,77239686,77270935,145.30423209865089,133.3135622503569,11.990669848293976
77288185,77270607,77301856,144.9388650708404,133.90089806807944,11.03796700276095
77318045,77300467,77331716,145.51743111903338,132.8445950344513,12.672836084582087
77348962,77331384,77362633,145.6829446434222,131.3682728754116,14.314671768010584
77379900,77362322,77393571,145.54484156558652,133.07837597764058,12.466465587945947
77410713,77393135,77424384,145.45495107073606,132.28816104088193,13.166790029854127
77441683,77424105,77455354,145.86686248868807,130.4863427833972,15.38051970529088
77472677,77455099,77486348,145.89340742117534,131.03832365494083,14.855083766234515
77503609,77486031,77517280,145.54228752142146,131.28819758305474,14.254089938366718
77534298,77516720,77547969,145.9461960956236,132.86826909191694,13.077927003706662
77565375,77547797,77579046,146.03954958187913,133.53202712707554,12.507522454803592
77596423,77578845,77610094,145.83157782229446,130.9211632375605,14.910414584733957
77627292,77609714,77640963,145.8386103078522,131.42833498355768,14.410275324294531
77658353,77640775,77672024,146.16757329556413,131.28725628369858,14.880317011865543
77689479,77671901,77703150,146.09844322885033,133.49432437997237,12.60411884887796
77721011,77703433,77734682,146.31027725978126,133.78196487448486,12.528312385296402
77752901,77735323,77766572,146.193840267285,132.02851800446103,14.165322262823963
77784707,77767129,77798378,146.41300902543682,131.40191378938508,15.011095236051744
77816236,77798658,77829907,146.39388394957177,131.37798741340674,15.01589653616503
77848125,77830547,77861796,146.1588929945116,131.55678684424032,14.602106150271283
77879994,77862416,77893665,146.16264653350126,132.51023133784653,13.652415195654726
77912256,77894678,77925927,146.24605894212695,132.51022706662167,13.735831875505284
77943813,77926235,77957484,146.24008815829808,132.56120108400592,13.678887074292163
77975689,77958111,77989360,146.11829342651558,133.0686175451462,13.049675881369382
78007461,77989883,78021132,146.1833068037569,133.15107084775545,13.032235956001443
78039286,78021708,78052957,146.30496577068072,133.54770040233174,12.757265368348982
78071165,78053587,78084836,145.99505232059977,134.25300379041633,11.742048530183439
78103012,78085434,78116683,145.55295727966418,132.45367631347253,13.099280966191657
78134804,78117226,78148475,145.41792516083748,130.89885080239065,14.51907435844683
78166850,78149272,78180521,145.48681811144473,132.55885368547524,12.927964425969492
78198277,78180699,78211948,145.5208054663539,131.75784789829146,13.762957568062433
78230713,78213135,78244384,145.65533578300202,130.09294857448134,15.562387208520676
78262121,78244543,78275792,145.40673332000574,130.72292366066858,14.683809659337157
78294032,78276454,78307703,145.59130204713188,131.08781183304845,14.503490214083428
78326908,78309330,78340579,145.72435080249915,130.6436531784793,15.080697624019848
78358206,78340628,78371877,145.41018792685688,131.91364239627916,13.49654553057772
78389933,78372355,78403604,145.541176114665,133.8212082509134,11.719967863751606
78421486,78403908,78435157,145.8276606621899,132.3475602151699,13.480100447020021
78453742,78436164,78467413,146.03697711206723,133.80630996599436,12.230667146072875
78485623,78468045,78499294,146.2091827890708,133.49192278315365,12.717260005917154
78517516,78499938,78531187,146.35422163208386,135.0084052469594,11.345816385124465
78549384,78531806,78563055,146.54262192800107,134.35302402612206,12.189597901879011
78581408,78563830,78595079,146.53290300583222,134.03261122382355,12.500291782008674
78613240,78595662,78626911,146.35283990650208,133.79225729531325,12.560582611188835
78645287,78627709,78658958,146.20926930731832,133.44313491708533,12.766134390232992
78677096,78659518,78690767,146.05418135341586,133.16987433280298,12.88430702061288
78708854,78691276,78722525,146.20147906673395,134.53766443697947,11.663814629754484
78740832,78723254,78754503,146.23117728267977,134.92595511971598,11.305222162963787
78772738,78755160,78786409,146.125512487038,134.570302551253,11.555209935785001
78804465,78786887,78818136,145.9043558259339,133.5300993418282,12.3742564841057
78836387,78818809,78850058,145.88851175274365,134.286928835876,11.601582916867642
78868302,78850724,78881973,145.70746826079917,135.2859064707445,10.421561790054682
78900173,78882595,78913844,145.6260287171808,135.0662258184855,10.559802898695295
78931749,78914171,78945420,145.37428285639888,133.28170694582957,12.092575910569309
78963918,78946340,78977589,145.6105746419011,134.42073963997356,11.189835001927548
78995780,78978202,79009451,145.57109902951555,133.6571168096973,11.913982219818251
79030088,79012510,79043759,145.41504530863907,130.62207329240738,14.792972016231687
79059630,79042052,79073301,145.5584497639118,131.9808844190893,13.577565344822489
79091530,79073952,79105201,145.8110553491918,131.0160118258177,14.79504352337409
79123506,79105928,79137177,145.694892420514,131.2848877534576,14.410004667056398
79155415,79137837,79169086,145.7997591945034,132.93611401100722,12.863645183496175
79188299,79170721,79201970,146.02942797346944,132.67584009116928,13.353587882300161
79219200,79201622,79232871,146.17542587506836,131.44919436414284,14.726231510925516
79251238,79233660,79264909,146.2207732828571,132.55768933811427,13.663083944742823
79282999,79265421,79296670,146.79991620996566,133.0307191230822,13.769197086883452
79314821,79297243,79328492,147.06242297437112,134.2857549580528,12.776668016318325
79346722,79329144,79360393,146.9358665085255,133.5054114699818,13.430455038543698
79378789,79361211,79392460,146.93534798121877,134.22639515515604,12.708952826062728
79411261,79393683,79424932,146.97974029509302,132.62241161583506,14.35732867925796
79442487,79424909,79456158,146.993762869689,133.06478503534674,13.928977834342248
79474334,79456756,79488005,146.9689340309115,133.36045165413887,13.608482376772628
79506215,79488637,79519886,147.10172551272302,134.32241987923916,12.779305633483858
79538180,79520602,79551851,146.98993029225136,132.72151862003872,14.268411672212636
79570215,79552637,79583886,146.61924262714007,131.15967771542898,15.459564911711084
79602293,79584715,79615964,146.3936981174393,130.89286685554538,15.500831261893921
79634245,79616667,79647916,146.57053765018136,131.39110844177483,15.179429208406532
79666226,79648648,79679897,146.53597362813392,133.4457797516439,13.09019387649002
79698376,79680798,79712047,146.34389154342057,131.4527252467563,14.891166296664267
79730365,79712787,79744036,146.55932327002085,129.99409501993722,16.565228250083635
79762316,79744738,79775987,146.63976258631976,130.8641025236837,15.775660062636064
79794293,79776715,79807964,146.4879172439846,130.47845937641108,16.00945786757353
79826344,79808766,79840015,146.44275093918287,131.23140034425037,15.211350594932497
79858353,79840775,79872024,146.65652397139564,132.93476513317972,13.72175883821592
79890328,79872750,79903999,146.92515845467207,132.75154073719287,14.173617717479203
79921971,79904393,79935642,146.6654453212579,132.42924448959243,14.236200831665457
79954629,79937051,79968300,146.4915286590389,132.32204296003115,14.169485699007737
79986593,79969015,80000264,146.5747856398502,131.1817491014737,15.393036538376492
80018523,80000945,80032194,146.47048210230116,133.5015352510815,12.96894685121967
80049752,80032174,80063423,146.35352382762918,132.36848483948538,13.985038988143799
80081762,80064184,80095433,146.5248984752836,131.67061841466972,14.854280060613888
80113578,80096000,80127249,146.21516957126408,133.07222098612726,13.142948585136821
80145510,80127932,80159181,146.20094469555752,131.4645734838566,14.736371211700913
80177415,80159837,80191086,146.42998734170197,130.49108139720644,15.93890594449553
80209347,80191769,80223018,146.3396233992328,129.72138573730737,16.618237661925434
80241389,80223811,80255060,146.38970436754386,132.306936247481,14.082768120062866
80273315,80255737,80286986,146.58188911925754,132.11264587914192,14.469243240115617
80305253,80287675,80318924,146.49702789867146,132.17857661963302,14.318451279038442
80337253,80319675,80350924,146.33643964842673,132.0649689229429,14.271470725483823
80369189,80351611,80382860,146.22582070608698,131.9296564697007,14.29616423638629
80401108,80383530,80414779,146.17103529310012,132.113679534714,14.057355758386109
80432573,80414995,80446244,146.01755322149893,132.02594913905367,13.991604082445264
80464478,80446900,80478149,146.06314163242263,130.12405578773084,15.939085844691789
80496407,80478829,80510078,146.20001675324684,130.28715717159938,15.912859581647467
80530210,80512632,80543881,146.33192849314878,132.81783496437183,13.514093528776954
80560594,80543016,80574265,146.20447870436524,133.63586950293046,12.568609201434782
80592004,80574426,80605675,146.28711292126357,133.7994716543518,12.487641266911766
80624287,80606709,80637958,146.1452735065079,133.79647430107804,12.348799205429856
80656148,80638570,80669819,145.96543285480462,133.62657323084687,12.338859623957745
80688085,80670507,80701756,146.20590715097939,132.87384107571563,13.332066075263754
80720079,80702501,80733750,146.16096456177843,134.0325385745427,12.128425987235715
80752014,80734436,80765685,145.65888602779415,132.0414140282154,13.617471999578754
80783942,80766364,80797613,145.68419344899698,131.29192075619076,14.392272692806216
80815530,80797952,80829201,145.70512348536943,130.968715542941,14.736407942428428
80847517,80829939,80861188,145.7288849954814,133.7258149384517,12.003070057029703
80880183,80862605,80893854,145.62880806716177,130.37337813601138,15.255429931150388
80912182,80894604,80925853,145.7006968019724,130.8466723919649,14.854024410007526
80944153,80926575,80957824,145.41062430041433,130.1455774882535,15.265046812160818
80975954,80958376,80989625,145.43053052847068,131.83548163221448,13.595048896256202
81007788,80990210,81021459,145.5537770191071,130.98054007655145,14.573236942555639
81039678,81022100,81053349,145.60459494415807,134.73852975962612,10.866065184531948
81071153,81053575,81084824,145.8464001356098,132.98536193422865,12.861038201381149
81103218,81085640,81116889,145.74089219490688,131.81258602952212,13.928306165384754
81135225,81117647,81148896,145.55017241479922,131.3531692354199,14.197003179379323
81167562,81149984,81181233,145.75890427433671,132.25470508734603,13.50419918699069
81199557,81181979,81213228,145.9225610712826,136.03667052094272,9.885890550339866
81231119,81213541,81244790,145.86021489896754,132.9050651822102,12.955149716757347
81264019,81246441,81277690,145.87067744160035,132.93093368875927,12.939743752841082
81295811,81278233,81309482,146.20865322675579,133.01817938126828,13.190473845487503
81327632,81310054,81341303,146.1430354938684,132.66042727794695,13.48260821592146
81359555,81341977,81373226,146.0511926326302,132.24861554188212,13.802577090748088
81391418,81373840,81405089,146.13244862969302,136.7780791322528,9.354369497440217
81423327,81405749,81436998,146.22436378341195,133.85535309037672,12.369010693035221
81455676,81438098,81469347,146.25252579197695,133.4820930396653,12.770432752311649
81486032,81468454,81499703,145.9768645630704,130.72652490373912,15.250339659331274
81517641,81500063,81531312,145.9310861376283,131.06707751790782,14.864008619720494
81549543,81531965,81563214,145.9746452959705,132.132519551331,13.842125744639503
81581912,81564334,81595583,146.2132480250512,136.85606223151137,9.357185793539827
81613799,81596221,81627470,145.9547763331558,133.61092861787347,12.343847715282322
81645649,81628071,81659320,145.79489499453857,133.6470589264839,12.147836068054659
81677533,81659955,81691204,145.43048180151428,132.81875560065498,12.611726200859295
81709322,81691744,81722993,145.21745892892724,134.2692854721235,10.948173456803744
81741255,81723677,81754926,145.0894022930914,132.3468473720268,12.742554921064624
81773146,81755568,81786817,145.08966204481848,137.33133151389748,7.7583305309210004
81805054,81787476,81818725,144.10575090052112,131.84905823973534,12.256692660785774
81836746,81819168,81850417,144.52597732973427,133.72679171430488,10.799185615429394
81868552,81850974,81882223,144.58077542400648,133.8169071714378,10.76386825256867
81900571,81882993,81914242,144.09102558458994,133.1087179025805,10.982307682009434
81932964,81915386,81946635,144.32402866009986,132.42413929190735,11.899889368192504
81964243,81946665,81977914,145.1208992604006,136.8996899107164,8.221209349684187
81996628,81979050,82010299,144.4962316393858,131.94806484700499,12.548166792380812
82027624,82010046,82041295,144.675037990603,132.64490615132138,12.030131839281609
82059494,82041916,82073165,144.78054800168007,131.92151676007606,12.859031241604015
82091340,82073762,82105011,144.8368230713659,131.1376581701475,13.69916490121841
82123257,82105679,82136928,144.88044013553449,132.00157089115322,12.878869244381264
82155140,82137562,82168811,145.46988514489607,136.32771119340708,9.142173951488985
82188022,82170444,82201693,144.97531147015818,132.71537761467346,12.259933855484718
82218872,82201294,82232543,145.16255319574088,132.45728396110198,12.705269234638905
82250749,82233171,82264420,145.20467082187818,129.82210826558122,15.38256255629696
82282633,82265055,82296304,145.22112204723024,131.4264626689416,13.794659378288628
82315392,82297814,82329063,145.70695664212255,134.05527849347487,11.651678148647676
82347183,82329605,82360854,145.9097097363862,134.5947419924676,11.3149677439186
82379049,82361471,82392720,145.57312964917955,130.04940692407078,15.523722725108769
82410926,82393348,82424597,146.01780938525053,131.32556001780668,14.69224936744385
82442332,82424754,82456003,146.4859352337539,131.49074477656285,14.995190457191057
82474104,82456526,82487775,146.59074427679445,132.3478171301064,14.24292714668806
82506089,82488511,82519760,146.41792243781504,133.00891208327596,13.409010354539078
82537952,82520374,82551623,146.93842930420632,137.03441037931265,9.904018924893677
82569816,82552238,82583487,146.97835298491063,132.37004007237468,14.60831291253595
82602474,82584896,82616145,147.00557788017048,132.60470580491656,14.400872075253915
82632942,82615364,82646613,147.1110391761372,132.26506675908163,14.845972417055577
82665805,82648227,82679476,147.3234740823576,132.54264765925652,14.780826423101075
82696875,82679297,82710546,147.60200321467846,132.57465968313272,15.027343531545739
82729865,82712287,82743536,147.6429773251727,132.98732937542957,14.655647949743127
82761806,82744228,82775477,147.9234258252257,137.7993615999852,10.124064225240517
82792278,82774700,82805949,147.29269599782307,134.17324383519463,13.119452162628448
82824127,82806549,82837798,147.45943884228834,132.80634614176566,14.653092700522677
82857136,82839558,82870807,147.58552473338904,133.48466473097068,14.100860002418358
82887392,82869814,82901063,147.11598579523815,133.42308469759982,13.692901097638327
82919325,82901747,82932996,147.27008885033325,132.50585673088065,14.7642321194526
82952012,82934434,82965683,147.5948375149059,136.00016041845794,11.594677096447953
82983409,82965831,82997080,147.49822544470734,131.80840468818582,15.689820756521527
83015817,82998239,83029488,147.05442686042298,132.1679203428996,14.886506517523372
83047062,83029484,83060733,147.38753867119036,131.7384792005273,15.649059470663047
83078791,83061213,83092462,147.0894171933576,134.0275330733969,13.061884119960695
83111520,83093942,83125191,147.03150296576857,137.23738014491732,9.794122820851243
83143140,83125562,83156811,147.15169898608332,134.1204031921094,13.031295793973925
83175058,83157480,83188729,147.28457624360647,132.093853963827,15.190722279779465
83206702,83189124,83220373,147.20274561289318,133.1191954580969,14.083550154796285
83238316,83220738,83251987,146.89141495575402,134.24216182363338,12.649253132120634
83269403,83251825,83283074,147.2583884150198,133.32004559842645,13.938342816593348
83301021,83283443,83314692,147.32753636536063,138.25485297848462,9.072683386876008
83333313,83315735,83346984,147.23214080759163,133.62123972107244,13.610901086519192
83365715,83348137,83379386,147.09074143420258,132.79156897058144,14.299172463621147
83397110,83379532,83410781,147.3921665423528,133.05898219748596,14.33318434486685
83428860,83411282,83442531,147.433057154657,133.57298606145935,13.86007109319766
83460792,83443214,83474463,147.72400454990117,136.31652962858183,11.407474921319334
83492422,83474844,83506093,147.54384497995233,136.4242584732106,11.119586506741712
83524360,83506782,83538031,147.75249988026007,133.29236546187408,14.46013441838599
83556038,83538460,83569709,147.41152310473223,134.22103283255103,13.190490272181194
83587680,83570102,83601351,147.40954985624205,133.97064367353917,13.43890618270288
83620778,83603200,83634449,147.76864605341825,133.18267894734475,14.585967106073497
83651761,83634183,83665432,147.60967138860255,134.30799885306567,13.30167253553688
83683095,83665517,83696766,148.0285970174834,137.73917650024248,10.289420517240927
83715019,83697441,83728690,148.0668739038362,133.9193769281381,14.147496975698118
83746595,83729017,83760266,147.69241787829105,135.29740683241303,12.395011045878022
83778393,83760815,83792064,147.78799379835175,133.0638034498385,14.724190348513247
83810514,83792936,83824185,147.53749934249132,133.54288735912684,13.994611983364479
83842441,83824863,83856112,147.63676693997616,135.78380327262516,11.852963667350991
83874045,83856467,83887716,147.56830122882326,137.44518871664135,10.123112512181905
83907077,83889499,83920748,147.49273544419873,134.8904767088463,12.602258735352422
83938777,83921199,83952448,147.19635349734847,134.45160175899898,12.744751738349493
83970781,83953203,83984452,147.50431853712269,134.52060791853452,12.983710618588162
84001739,83984161,84015410,147.42995513709593,134.27168313827764,13.158271998818293
84032806,84015228,84046477,147.08241142163342,137.23918019890812,9.843231222725308
84064814,84047236,84078485,147.11551126178205,135.90665182233346,11.208859439448588
84096455,84078877,84110126,147.11564211845123,134.70966550959116,12.405976608860072
84128355,84110777,84142026,147.51474170726672,133.32069317344948,14.194048533817238
84159930,84142352,84173601,147.44279052906674,134.73743725295233,12.705353276114408
84193365,84175787,84207036,147.29971848313951,132.25486509477798,15.044853388361531
84223779,84206201,84237450,147.3699149224799,131.59052867485096,15.779386247628935
84255563,84237985,84269234,147.74599990662108,136.5111816086656,11.234818297955485
84287302,84269724,84300973,147.27172816645776,130.99303703376484,16.278691132692927
84319119,84301541,84332790,147.36242110704,132.00294045803676,15.359480649003245
84351298,84333720,84364969,147.67846606196125,131.85447312132393,15.82399294063731
84382981,84365403,84396652,147.43565239090336,131.0749280152245,16.36072437567887
84414100,84396522,84427771,147.23021179694823,132.53778774507325,14.69242405187498
84446245,84428667,84459916,147.78614916971736,137.0128044929268,10.773344676790572
84476891,84459313,84490562,147.42842374326787,132.45463861769684,14.973785125571027
84508649,84491071,84522320,147.536901395717,132.00804789466582,15.528853501051174
84540353,84522775,84554024,147.5076873737086,130.7767085367581,16.7309788369505
84572050,84554472,84585721,147.46895009398267,131.03392362220762,16.435026471775046
84603912,84586334,84617583,147.744698791992,132.4835521948265,15.261146597165492
84635707,84618129,84649378,148.1692643998571,137.11047406581832,11.058790334038775
84667688,84650110,84681359,147.65026246623995,132.41204208840736,15.23822037783259
84699301,84681723,84712972,147.72027860479068,132.35491996026536,15.365358644525315
84731089,84713511,84744760,147.69963208336844,132.0337008130614,15.665931270307055
84762873,84745295,84776544,147.6609442480613,133.05180556425705,14.609138683804247
84794008,84776430,84807679,147.850350294382,133.5528685332486,14.297481761133383
84825682,84808104,84839353,147.77545674259935,137.6065712771645,10.16888546543484
84857353,84839775,84871024,147.35786669161402,133.23879407048804,14.11907262112598
84889056,84871478,84902727,147.22738228036545,132.65580450917528,14.571577771190164
84921421,84903843,84935092,147.26288452242838,132.55390789086323,14.70897663156515
84953059,84935481,84966730,147.06711991945187,133.9143822166579,13.152737702793956
84984792,84967214,84998463,147.46153766870611,136.9218822151039,10.539655453602222
85016377,84998799,85030048,147.3671513441231,133.6605951927514,13.7065561513717
85047140,85029562,85060811,147.27516974945024,133.13052853286825,14.144641216581988
85078839,85061261,85092510,147.22799997103462,133.4523091530498,13.77569081798481
85110338,85092760,85124009,147.57392904923745,134.13333736460936,13.440591684628089
85141967,85124389,85155638,147.58877454959168,132.34625474937127,15.242519800220407
85173583,85156005,85187254,147.52153008769363,135.6130003329459,11.908529754747747
85205153,85187575,85218824,147.48044610922793,135.6702689020188,11.810177207209136
85236591,85219013,85250262,148.02811582617284,135.56164767678035,12.466468149392483
85268874,85251296,85282545,147.62127905056116,133.0425318451941,14.578747205367051
85300024,85282446,85313695,147.6576104227138,133.88518893859316,13.772421484120628
85330927,85313349,85344598,147.82673608585375,133.61958274954992,14.207153336303833
85362523,85344945,85376194,147.78085405454416,137.2484382469571,10.532415807587057
85394031,85376453,85407702,147.54979723965252,134.05849497050332,13.491302269149202
85424917,85407339,85438588,147.25705897011468,134.63433193750913,12.622727032605553
85455503,85437925,85469174,147.54492136301553,133.9902457812526,13.554675581762922
85487606,85470028,85501277,147.78158297516174,133.02104371004805,14.760539265113692
85516565,85498987,85530236,147.73970709236522,132.44676172834085,15.292945364024376
85546959,85529381,85560630,147.082463944279,136.22300608937752,10.859457854901478
85578751,85561173,85592422,147.47393125942406,132.95124453536917,14.522686724054893
85607870,85590292,85621541,147.69265660249968,130.15428099583943,17.538375606660253
85638398,85620820,85652069,147.86121886357105,131.1558367984534,16.705382065117647
85669023,85651445,85682694,148.16018007873024,131.7434487107731,16.41673136795714
85700365,85682787,85714036,147.8821780796885,131.60537307266037,16.276805007028116
85730927,85713349,85744598,148.47170627929805,137.6464037963761,10.825302482921956
85760736,85743158,85774407,148.37710799671714,134.59416534245565,13.78294265426149
85791158,85773580,85804829,148.1186306675897,133.6935350475968,14.425095619992902
85822049,85804471,85835720,148.1115655187666,134.41009459167032,13.701470927096295
85852707,85835129,85866378,148.10251919806845,134.47592693610156,13.626592261966891
85882579,85865001,85896250,147.89499515246678,133.53515824747674,14.359836904990033
85913019,85895441,85926690,148.07888882354914,138.10651104020275,9.972377783346388
85943399,85925821,85957070,147.8137819821145,132.8223636415094,14.991418340605094
85973705,85956127,85987376,147.49438396025087,131.3850790534526,16.109304906798258
86004033,85986455,86017704,147.82160663307442,133.6392372593406,14.18236937373382
86034275,86016697,86047946,147.91918818752552,133.43608554543775,14.483102642087772
86064608,86047030,86078279,147.83040688652812,134.26438987861445,13.566017007913672
86095240,86077662,86108911,147.7869643658906,133.81120475755375,13.975759608336858
86125488,86107910,86139159,148.00358901911676,138.00630732267626,9.997281696440496
86155752,86138174,86169423,147.90980042859962,133.14335986312582,14.7664405654738
86185893,86168315,86199564,147.8234805458362,133.12311400967795,14.700366536158242
86216253,86198675,86229924,147.66037363651515,131.2328479533935,16.427525683121644
86246502,86228924,86260173,147.3997479715378,130.97092098609843,16.428826985439372
86277134,86259556,86290805,147.55217206114014,132.59057498133012,14.96159707981002
86307485,86289907,86321156,147.25056374830223,139.089009125243,8.161554623059232
86337547,86319969,86351218,147.51481667635358,133.82546255127488,13.689354125078694
86367545,86349967,86381216,147.15120849099915,132.91735381087975,14.233854680119407
86397621,86380043,86411292,146.79582139360204,133.22203859688227,13.573782796719769
86428007,86410429,86441678,146.8487561276055,132.7353191493176,14.113436978287893
86458340,86440762,86472011,146.99543132096258,130.46703872386936,16.528392597093216
86488647,86471069,86502318,147.97693684111957,140.85484843457837,7.122088406541195
86518836,86501258,86532507,147.37322439540526,131.95153286582791,15.421691529577345
86549069,86531491,86562740,147.39869494303952,131.86939268834195,15.52930225469757
86579247,86561669,86592918,147.5081148877786,132.1558267392554,15.3522881485232
86609358,86591780,86623029,147.57156171535462,131.9600934773165,15.611468238038128
86639513,86621935,86653184,147.72550969881448,133.95703738679953,13.76847231201495
86669669,86652091,86683340,147.78908873102586,133.85370556886204,13.935383162163816
86699769,86682191,86713440,148.01744666104486,138.19669171331702,9.820754947727835
86729569,86711991,86743240,147.60668492207412,134.58111760897006,13.025567313104062
86759603,86742025,86773274,147.7386483573336,132.9727974353493,14.76585092198431
86789856,86772278,86803527,147.45827769782235,131.86310355082557,15.595174146996783
86821473,86803895,86835144,147.6993354582468,132.34462406343818,15.354711394808618
86850682,86833104,86864353,147.67774031444185,131.1869568371297,16.490783477312135
86881042,86863464,86894713,147.84454157118267,138.66427792273828,9.180263648444395
86911719,86894141,86925390,147.19615740264516,135.07744357112787,12.118713831517283
86942231,86924653,86955902,147.73513458494807,135.68152262850174,12.053611956446332
86972450,86954872,86986121,147.45229170991888,134.37240048146157,13.079891228457313
87002553,86984975,87016224,147.38721824997535,133.19271914611807,14.194499103857282
87031980,87014402,87045651,147.0641834436236,132.7770820183387,14.287101425284902
87062954,87045376,87076625,147.61633174096585,137.57208710531313,10.044244635652717
87092505,87074927,87106176,146.96190643098842,132.18649885718344,14.775407573804983
87122665,87105087,87136336,147.11183206559238,132.84288128783288,14.2689507777595
87154247,87136669,87167918,146.99105813148833,134.3399739310792,12.651084200409144
87182971,87165393,87196642,146.93592008765458,135.42631312873462,11.50960695891996
87213241,87195663,87226912,146.83368819386195,135.43747647702705,11.396211716834898
87244242,87226664,87257913,147.06667951022627,138.59601991914067,8.470659591085592
87276097,87258519,87289768,146.86311542409283,133.57806173200092,13.285053692091907
87307703,87290125,87321374,146.7980114412783,132.99504525710424,13.802966184174068
87339411,87321833,87353082,146.9633236044713,133.46103716558707,13.502286438884227
87371043,87353465,87384714,146.7285224738465,132.86681930462396,13.861703169222551
87402210,87384632,87415881,147.06958473161703,133.12725085226572,13.94233387935131
87433946,87416368,87447617,147.20540362385142,138.04159787632412,9.163805747527306
87466829,87449251,87480500,147.01937909213078,135.09783010645694,11.921548985673837
87498229,87480651,87511900,147.20649941040918,135.12608293248513,12.080416477924047
87528846,87511268,87542517,147.26043450644622,135.25913650605392,12.001298000392296
87560501,87542923,87574172,147.1558503928809,134.66419871996095,12.491651672919943
87592512,87574934,87606183,147.16287966779245,133.1064174149877,14.05646225280475
87625305,87607727,87638976,148.11184759688098,141.9828082238463,6.129039373034686
87657558,87639980,87671229,147.4540505745029,132.87298567749633,14.58106489700657
87690273,87672695,87703944,147.09230801472663,132.70486271646575,14.387445298260872
87722442,87704864,87736113,147.22434091107877,132.58794715844883,14.636393752629942
87755120,87737542,87768791,147.20022561207048,135.14480110757577,12.05542450449471
87787818,87770240,87801489,148.49619250375343,142.65585237693804,5.840340126815391
87820649,87803071,87834320,147.21684007226082,134.08266258416296,13.134177488097862
87853390,87835812,87867061,147.14529116451013,133.9870067885089,13.158284376001234
87886799,87869221,87900470,147.00823400277625,132.2323977100888,14.775836292687444
87920403,87902825,87934074,146.91288446080094,132.09568873491224,14.817195725888695
87953861,87936283,87967532,146.7279417900987,131.07819470769587,15.649747082402826
87987383,87969805,88001054,148.13888873628892,142.88424170939248,5.254647026896436
88021013,88003435,88034684,146.83925663922662,135.74195622195364,11.097300417272976
88054466,88036888,88068137,146.38929947326994,134.59072167810072,11.798577795169223
88088277,88070699,88101948,146.31472587461008,134.96205412362175,11.352671750988321
88121844,88104266,88135515,146.2412701927374,134.63181296367122,11.60945722906618
88155678,88138100,88169349,146.03467716411777,134.55119012256407,11.483487041553701
88188252,88170674,88201923,146.33770200934796,137.6696312025692,8.668070806778758
88221500,88203922,88235171,146.40984381479237,134.61037783526916,11.799465979523205
88255731,88238153,88269402,146.46375921108324,133.87318496634762,12.59057424473562
88289974,88272396,88303645,146.2594177434077,133.2319136190125,13.027504124395222
88324138,88306560,88337809,146.15524391007204,133.2122467240702,12.942997186001833
88358394,88340816,88372065,146.86779540760904,137.84454469184524,9.023250715763794
88393686,88376108,88407357,146.06282819115572,133.64470400468196,12.418124186473761
88426898,88409320,88440569,146.22864160823752,134.24710590989613,11.98153569834139
88462971,88445393,88476642,146.17516450851255,134.14004886960348,12.035115638909076
88495919,88478341,88509590,145.9869634202861,133.245354631056,12.7416087892301
88531712,88514134,88545383,146.49063481555748,135.24598128760957,11.244653527947918
88566353,88548775,88580024,146.23681511211646,134.80222216153518,11.434592950581276
88600903,88583325,88614574,146.4598889575618,134.48619638224437,11.973692575317415
88636046,88618468,88649717,146.25205542050648,133.21262395233055,13.039431468175934
88671046,88653468,88684717,146.56203075610517,133.79507670920088,12.766954046904289
88706104,88688526,88719775,146.38870092570255,132.9919567579503,13.396744167752246
88741142,88723564,88754813,146.53225131844573,133.38700661891227,13.145244699533464
88776494,88758916,88790165,146.72646929873392,134.2547164697304,12.47175282900352
88811579,88794001,88825250,146.67843889312627,134.1391045967797,12.539334296346567
88845865,88828287,88859536,146.94962844704233,135.15590953623246,11.793718910809872
88880930,88863352,88894601,147.08059865201085,135.91550283084146,11.165095821169388
88916403,88898825,88930074,147.08362261747416,135.91139473727065,11.172227880203508
88952728,88935150,88966399,147.0795294621227,134.72540458811463,12.354124874008079
88988765,88971187,89002436,146.89260586409583,133.24885030224743,13.643755561848394
89024290,89006712,89037961,146.716913553813,132.81837965710506,13.898533896707931
89060717,89043139,89074388,146.94299042074437,133.7319769831407,13.211013437603668
89096970,89079392,89110641,147.01885042216097,133.96229425451764,13.056556167643322
89133759,89116181,89147430,147.0150484296315,135.36579509920702,11.649253330424472
89170000,89152422,89183671,147.2165697404061,135.46804504829436,11.748524692111744
89206449,89188871,89220120,147.33632395855858,135.01475064197993,12.32157331657865
89242793,89225215,89256464,147.47243196010317,134.4302513507215,13.04218060938166
89279039,89261461,89292710,147.84504664111995,135.36513380903784,12.479912832082107
89315313,89297735,89328984,147.97103203139065,135.66145999201126,12.30957203937939
89351710,89334132,89365381,147.681083761923,134.06766712814152,13.613416633781469
89388239,89370661,89401910,147.90696106612924,135.21640375554946,12.690557310579777
89424513,89406935,89438184,147.9642527731266,133.9828702314892,13.981382541637402
89460567,89442989,89474238,148.06719826251071,133.5828935045832,14.484304757927504
89497337,89479759,89511008,147.94335260504448,133.7529820419361,14.190370563108388
89533277,89515699,89546948,148.25910386200974,133.98318715648915,14.275916705520586
89569749,89552171,89583420,148.34677496417405,133.5007899946463,14.845984969527734
89606039,89588461,89619710,148.2806168168715,134.31327491336646,13.96734190350503
89642973,89625395,89656644,148.35373223837405,133.11477123261676,15.23896100575729
89679265,89661687,89692936,148.57646470837136,132.56783699665934,16.008627711712023
89715536,89697958,89729207,148.53871804608204,134.52660694303435,14.012111103047687
89751927,89734349,89765598,148.5807806599767,132.8271936913777,15.753586968599024
89787549,89769971,89801220,148.79214299687567,133.73230001518726,15.059842981688405
89823875,89806297,89837546,148.75150052356568,132.45323052768703,16.298269995878655
89860818,89843240,89874489,148.8502358602327,134.1308629442346,14.719372915998093
89896603,89879025,89910274,148.75666422158616,132.89564630677873,15.861017914807434
89934151,89916573,89947822,148.75971544022218,133.62046701697068,15.139248423251502
89970622,89953044,89984293,148.6126772627591,132.97263258618798,15.640044676571108
90005678,89988100,90019349,148.6232777304743,132.2150228876024,16.408254842871912
90041821,90024243,90055492,148.34277225017513,134.19678394842023,14.145988301754898
90077862,90060284,90091533,148.39123112075993,133.33529455099583,15.0559365697641
90114690,90097112,90128361,148.47685704419024,134.98655004087166,13.490307003318577
90152194,90134616,90165865,148.28551264799427,135.31087322138862,12.974639426605648
90189019,90171441,90202690,148.15257132079876,135.50019272883924,12.652378591959518
90225543,90207965,90239214,147.96461234870242,134.26971563014496,13.694896718557459
90262441,90244863,90276112,147.81045101147734,134.40283250552233,13.407618505955014
90298802,90281224,90312473,147.8410421462051,132.2482639300239,15.592778216181188
90335153,90317575,90348824,147.63396014273238,133.53537298042343,14.098587162308945
90371786,90354208,90385457,147.96550887316116,133.72035486972186,14.245154003439296
90408224,90390646,90421895,147.9972144814078,134.39960913375484,13.597605347652973
90444692,90427114,90458363,147.85262475654244,134.67896536790496,13.173659388637475
90480763,90463185,90494434,148.05840336708133,135.18036443578953,12.878038931291798
90517591,90500013,90531262,148.15200971574222,136.3950253023817,11.756984413360527
90554150,90536572,90567821,147.85378766872756,135.54721358117285,12.306574087554708
90590466,90572888,90604137,147.8533515791341,135.72735945697212,12.125992122161989
90626990,90609412,90640661,147.6426017640132,135.62381782788512,12.018783936128074
90663207,90645629,90676878,147.5603577843225,132.62874450026962,14.931613284052872
90699725,90682147,90713396,147.6577728624508,133.3339743058716,14.323798556579192
90736002,90718424,90749673,147.35892053620296,132.5730639004479,14.785856635755067
90772353,90754775,90786024,147.45116806356233,133.06420954237475,14.38695852118758
90808717,90791139,90822388,147.4965444862336,135.7704201559867,11.726124330246904
90845108,90827530,90858779,147.1791604379966,134.10494790014144,13.074212537855146
90881585,90864007,90895256,147.10103324293638,134.540292636585,12.560740606351374
90917859,90900281,90931530,147.27085119534357,133.8182787224161,13.452572472927471
90954387,90936809,90968058,147.39436287539579,135.01416692982875,12.380195945567039
90990934,90973356,91004605,147.42512707145852,134.94216848844115,12.482958583017364
91027492,91009914,91041163,147.18425278249916,133.77182075375288,13.41243202874628
91064245,91046667,91077916,147.39261831081782,133.5283834926234,13.864234818194433
91100198,91082620,91113869,147.50096361961343,135.61291194777465,11.888051671838781
91136979,91119401,91150650,147.5938959863152,134.6430308171799,12.950865169135312
91174286,91156708,91187957,147.82459036149373,137.06632572294782,10.75826463854591
91209885,91192307,91223556,147.77737032368478,135.57401369875242,12.203356624932354
91245502,91227924,91259173,147.99493762186268,134.7758985225366,13.219039099326068
91281884,91264306,91295555,147.9613607796365,134.59966103698258,13.361699742653911
91320008,91302430,91333679,148.24905141650868,134.99347063121783,13.255580785290846
91354778,91337200,91368449,149.3812461293458,141.8315899666655,7.549656162680321
91392152,91374574,91405823,148.38939960100268,133.904750131159,14.484649469843674
91428616,91411038,91442287,148.46901231997828,134.33428337296147,14.13472894701681
91464819,91447241,91478490,148.59561243270895,133.09261387926065,15.502998553448293
91501770,91484192,91515441,148.57563334100024,134.45871585565524,14.116917485344999
91536970,91519392,91550641,148.4599373386091,132.92644413117844,15.533493207430666
91574268,91556690,91587939,149.05905851305914,141.6416278834377,7.417430629621435
91608277,91590699,91621948,148.1928698478236,136.06734888925845,12.125520958565147
91644465,91626887,91658136,148.10250822663565,136.0004478028772,12.102060423758445
91682899,91665321,91696570,148.0394105225526,134.8786628210429,13.160747701509706
91717021,91699443,91730692,148.15940662308094,136.30500376324966,11.854402859831282
91753348,91735770,91767019,148.3910980955322,139.4081581739566,8.982939921575593
91789541,91771963,91803212,148.1684441061396,135.6395414400532,12.528902666086395
91825781,91808203,91839452,148.11449429224615,135.33286806254802,12.781626229698134
91862426,91844848,91876097,148.23290441649044,134.27062620156278,13.962278214927665
91898551,91880973,91912222,148.23581005007074,134.54027236025522,13.695537689815524
91934740,91917162,91948411,147.71441399054822,136.6594443152677,11.054969675280518
91970779,91953201,91984450,147.90971549670277,132.89967531870377,15.010040177999002
92006941,91989363,92020612,147.97595788616297,133.95251341529325,14.02344447086972
92042526,92024948,92056197,147.50382099479842,133.6631949992239,13.840625995574527
92080339,92062761,92094010,147.73977350293816,133.77768006710048,13.962093435837687
92115546,92097968,92129217,147.8442416304901,134.54274026216976,13.301501368320345
92152545,92134967,92166216,147.98436603940874,139.30558676438136,8.678779275027381
92186994,92169416,92200665,147.91107417266065,135.5635080653958,12.34756610726484
92222933,92205355,92236604,147.73039099801068,134.7466935284849,12.983697469525765
92258848,92241270,92272519,147.71344484637788,134.43268595912306,13.28075888725482
92295312,92277734,92308983,147.52165172587638,134.81002329426698,12.711628431609398
92331209,92313631,92344880,147.41890295394145,137.36922706947536,10.049675884466097
92367200,92349622,92380871,147.50046148467538,132.96344759041546,14.537013894259928
92403164,92385586,92416835,147.20712659992134,132.46851591924604,14.738610680675293
92439804,92422226,92453475,147.2922933224523,133.0016571605022,14.290636161950118
92475758,92458180,92489429,147.22455093244014,132.83832018381392,14.386230748626218
92511811,92494233,92525482,147.19374175163557,136.5086674738215,10.685074277814067
92547174,92529596,92560845,147.2178592758219,134.87945592188024,12.338403353941658
92583189,92565611,92596860,147.12856568120958,135.4905869087383,11.637978772471286
92620869,92603291,92634540,147.31094919301933,134.27627930827666,13.03466988474267
92655102,92637524,92668773,147.26765604319456,137.09794509499073,10.169710948203829
92690560,92672982,92704231,148.20479652635666,142.82407593118972,5.380720595166935
92727659,92710081,92741330,147.3862882353605,132.89931862012872,14.486969615231772
92763217,92745639,92776888,147.57416141976324,132.40718806481317,15.166973354950073
92798748,92781170,92812419,147.80215573309232,132.02808325166242,15.774072481429897
92834794,92817216,92848465,147.7958340869402,131.34940002044902,16.44643406649118
92870733,92853155,92884404,147.92443974190152,133.33419481875868,14.590244923142848
92906993,92889415,92920664,149.36136728430236,143.33628653462875,6.025080749673606
92943964,92926386,92957635,148.16024650880428,133.8887633717786,14.271483137025683
92980009,92962431,92993680,148.14106556624762,134.20224273528424,13.938822830963375
93016092,92998514,93029763,148.234344682692,134.83681219559148,13.397532487100534
93052352,93034774,93066023,148.36612424112397,134.96804578933364,13.398078451790326
93088481,93070903,93102152,148.72429679410024,138.07059880061513,10.65369799348511
93124577,93106999,93138248,148.64950050150657,137.34852114298187,11.3009793585247
93161304,93143726,93174975,148.2950943598159,135.73429542647068,12.560798933345211
93197258,93179680,93210929,148.1550927189291,135.57969090730137,12.575401811627728
93234067,93216489,93247738,148.0064610736597,136.81255820876575,11.193902864893943
93270255,93252677,93283926,147.72091479890005,135.25479436727187,12.466120431628184
93305384,93287806,93319055,147.84185638301852,137.8465993113431,9.995257071675411
93341584,93324006,93355255,147.483529581343,134.26562702123937,13.217902560103624
93364499,93346921,93378170,147.53286360731263,142.51793389782486,5.014929709487774
