global_sample,global_start,global_end,orig_rms_db,filt_rms_db,rms_diff_db
8254876,8237298,8268547,127.2406048419599,121.55236930641252,5.688235535547378
8284138,8266560,8297809,129.66292362877093,125.85403526057014,3.8088883682007832
8314061,8296483,8327732,128.31137385332096,121.87903123010909,6.432342623211866
8345324,8327746,8358995,124.3274876261749,122.63502477113872,1.692462855036183
8374962,8357384,8388633,128.0527488187545,118.88782373435497,9.164925084399542
8403881,8386303,8417552,128.61060104636817,119.5143840368808,9.096217009487376
8434719,8417141,8448390,129.7152416751982,124.3226011139525,5.392640561245699
8465065,8447487,8478736,129.1911102745518,124.11031485739564,5.080795417156153
8497871,8480293,8511542,128.01677844079703,115.65117764139606,12.365600799400966
8528382,8510804,8542053,129.4008756393079,123.2334471079348,6.167428531373119
8553091,8535513,8566762,131.35229900811873,128.3282005537118,3.024098454406925
8580954,8563376,8594625,130.51596104119528,125.49388130096874,5.022079740226545
8608767,8591189,8622438,129.27534089925314,121.65278116673639,7.6225597325167485
8637095,8619517,8650766,129.54297127668116,123.1503351491192,6.392636127561957
8665372,8647794,8679043,130.76602904346663,127.59669130264433,3.1693377408223
8693739,8676161,8707410,128.6448992219934,119.96522847460261,8.679670747390787
8721576,8703998,8735247,128.01494475644463,117.31169626741934,10.703248489025299
8749950,8732372,8763621,128.23776097589567,117.65951656395566,10.578244411940005
8779398,8761820,8793069,130.54554628506156,126.86938339271008,3.676162892351485
8807649,8790071,8821320,135.10849716152518,134.05013619457355,1.058360966951625
8834126,8816548,8847797,131.94752700898925,129.67166660264184,2.2758604063474195
8861755,8844177,8875426,127.96339832116792,119.68544526310987,8.277953058058046
8889930,8872352,8903601,130.78625525660203,127.517460666516,3.2687945900860313
8917920,8900342,8931591,129.89510874496597,125.2752907068986,4.619818038067365
8945904,8928326,8959575,127.1828249403581,118.28095305183489,8.901871888523218
8973614,8956036,8987285,127.86180143135839,120.50953367835687,7.352267753001513
9001498,8983920,9015169,132.7126503036775,131.30198216264228,1.4106681410352166
9030575,9012997,9044246,127.51916909975958,119.52039231175661,7.998776788002971
9058574,9040996,9072245,128.2360309452224,124.97294637994682,3.263084565275591
9084202,9066624,9097873,128.797701282454,122.36281824414269,6.4348830383113125
9110887,9093309,9124558,127.67864920493409,119.82432062684863,7.8543285780854575
9137921,9120343,9151592,129.81803548352178,124.08372246269985,5.734313020821929
9164256,9146678,9177927,129.42978706980628,124.18972798354771,5.240059086258569
9190829,9173251,9204500,133.73802973179136,132.71670972408225,1.0213200077091074
9217192,9199614,9230863,128.3007007384267,120.44776007933578,7.852940659090933
9243145,9225567,9256816,130.20271503688542,127.54403590818711,2.65867912869831
9270299,9252721,9283970,129.40074929138976,125.0745840015489,4.3261652898408585
9297080,9279502,9310751,128.29416744508396,120.25600377163255,8.038163673451407
9323824,9306246,9337495,128.06884171177765,121.94495898632296,6.123882725454692
9349542,9331964,9363213,129.8470355988931,125.6886519386351,4.158383660257982
9376655,9359077,9390326,133.38487456374875,132.00453508065297,1.3803394830957814
9403180,9385602,9416851,127.87090931592813,120.91104165968989,6.959867656238245
9430734,9413156,9444405,129.26759820699004,125.12314473501223,4.144453471977812
9456999,9439421,9470670,127.69783832703828,119.11949254405673,8.578345782981557
9482054,9464476,9495725,127.70720752495512,117.99816257497503,9.709044949980097
9510812,9493234,9524483,127.88620520331531,118.25431990967773,9.63188529363758
9535711,9518133,9549382,128.3681189266923,123.03235465076519,5.3357642759271044
9561083,9543505,9574754,133.7665536695039,132.72854974561997,1.0380039238839345
9584420,9566842,9598091,129.08630017636472,122.258147458829,6.8281527175357155
9609297,9591719,9622968,129.80411564815998,123.39315565400852,6.410959994151455
9634072,9616494,9647743,135.04835967706796,133.46208942279776,1.5862702542702038
9659735,9642157,9673406,130.42585947364122,128.33603768558763,2.089821788053598
9684956,9667378,9698627,127.17453757755706,120.76479874604927,6.409738831507795
9710505,9692927,9724176,127.16692712887775,119.53052318818236,7.636403940695388
9735165,9717587,9748836,132.7621899885216,131.9865587006028,0.7756312879187988
9759902,9742324,9773573,129.10554191902384,126.19112711154025,2.914414807483581
9785795,9768217,9799466,128.11297715349542,122.57497009285032,5.5380070606451
9811077,9793499,9824748,128.0954156269368,121.31775610489984,6.77765952203697
9836615,9819037,9850286,127.40524136891156,118.96032519086563,8.44491617804593
9862095,9844517,9875766,127.424421096579,118.86642289204119,8.55799820453781
9886900,9869322,9900571,128.75225876497763,123.11955098325497,5.632707781722658
9911570,9893992,9925241,130.57541844413973,126.92828269134952,3.6471357527902057
9936751,9919173,9950422,130.29243764361394,127.24832905249174,3.044108591122196
9962133,9944555,9975804,133.13258632924493,131.70150702360266,1.431079305642271
9987389,9969811,10001060,128.22362436824332,121.30746227482297,6.916162093420354
10012432,9994854,10026103,128.74791665921288,119.95267887378382,8.795237785429052
10037726,10020148,10051397,128.46210751487692,121.87984051098218,6.582267003894742
10062217,10044639,10075888,132.31316997816467,129.60311620625328,2.71005377191139
10089031,10071453,10102702,130.19979646944816,127.58310030255797,2.6166961668901934
10113276,10095698,10126947,129.85448746244853,125.74799698272747,4.10649047972106
10140494,10122916,10154165,134.1449297792226,133.30374648233817,0.8411832968844237
10164309,10146731,10177980,135.3291654458067,135.00170846478284,0.32745698102385745
10189832,10172254,10203503,135.0758369532335,135.0535760628323,0.022260890401213373
10214794,10197216,10228465,133.68234497891106,132.3080577457458,1.374287233165262
10240577,10222999,10254248,130.86631374677285,127.84791895954832,3.0183947872245227
10266860,10249282,10280531,131.29447451782258,128.81354160503554,2.48093291278704
10292513,10274935,10306184,128.77990138747805,124.5073220977209,4.272579289757147
10317488,10299910,10331159,127.63655028888437,121.19296840662287,6.443581882261498
10342841,10325263,10356512,133.69968203175122,132.5953026318411,1.1043793999101297
10368394,10350816,10382065,131.15903466485054,127.94052254589766,3.218512118952873
10394060,10376482,10407731,129.47235158741958,125.73711273912332,3.7352388482962624
10419903,10402325,10433574,128.48121225459283,120.62755367189092,7.853658582701911
10445795,10428217,10459466,128.4274362581242,120.26433797525327,8.163098282870934
10471448,10453870,10485119,128.9078688250679,122.81706829754452,6.090800527523385
10495975,10478397,10509646,128.79968922200615,121.20067649400396,7.599012728002194
10521880,10504302,10535551,133.72684791118496,131.82511517497244,1.901732736212523
10547274,10529696,10560945,132.25628056759516,130.38399510815174,1.8722854594434182
10572741,10555163,10586412,128.8686897398402,119.93468273667528,8.934007003164908
10599147,10581569,10612818,128.2446649657226,118.78257335998086,9.462091605741733
10622041,10604463,10635712,130.33482037982762,121.41610239459645,8.918717985231169
10646938,10629360,10660609,129.73065652060143,119.74106434147387,9.989592179127555
10671431,10653853,10685102,129.00714275850981,118.97589092713106,10.031251831378754
10697203,10679625,10710874,131.4359932541006,128.51511568000447,2.9208775740961244
10721980,10704402,10735651,135.77955223806754,134.89570352737655,0.8838487106909838
10745157,10727579,10758828,130.39613177539374,121.67527847155563,8.720853303838112
10770834,10753256,10784505,128.89757660506217,120.80147159785021,8.09610500721196
10795546,10777968,10809217,128.62690013912004,121.00909512388651,7.617805015233529
10820365,10802787,10834036,128.36346731331952,119.14292203043173,9.220545282887784
10844992,10827414,10858663,128.07490568439223,119.38469913020538,8.690206554186858
10868369,10850791,10882040,131.93991196615337,128.54470244943155,3.3952095167218204
10892883,10875305,10906554,131.97709041194864,128.067997871177,3.9090925407716384
10919620,10902042,10933291,133.3653924170021,131.65392466025736,1.711467756744753
10945177,10927599,10958848,127.12768268709426,120.45678272197978,6.6708999651144865
10967297,10949719,10980968,128.8783682431494,122.83542504656722,6.042943196582172
11763605,11746027,11777276,131.2373162693363,130.25519653478145,0.9821197345548569
11789064,11771486,11802735,129.8727639872143,127.82092910610407,2.0518348811102385
11813534,11795956,11827205,128.32668125839507,123.31505918457572,5.011622073819353
11837807,11820229,11851478,131.28349507032647,128.8261536263465,2.4573414439799706
11860818,11843240,11874489,135.84659804391825,135.08856192285538,0.7580361210628723
11888736,11871158,11902407,128.5583010700888,123.41859909493921,5.139701975149578
11911187,11893609,11924858,126.8255048976223,120.05422705767181,6.771277839950486
11935204,11917626,11948875,128.6311236856078,123.69624335246358,4.934880333144221
11959331,11941753,11973002,131.92697113549735,129.60091520341388,2.3260559320834773
11983450,11965872,11997121,131.10990574257903,129.1919324602786,1.9179732823004372
12008244,11990666,12021915,127.659745333859,123.29674421512166,4.36300111873733
12032123,12014545,12045794,127.40121716645186,121.73493390943185,5.666283257020012
12057334,12039756,12071005,136.31836272198447,135.7357655372246,0.5825971847598623
12081565,12063987,12095236,128.52041386911512,124.78606070902788,3.734353160087238
12103208,12085630,12116879,130.09565171636083,126.47362771676569,3.622023999595143
12128093,12110515,12141764,127.63721467255804,123.66436984988928,3.972844822668762
12152240,12134662,12165911,126.45624614816613,120.74468125156955,5.711564896596585
12176493,12158915,12190164,127.8515970887533,122.43331430889032,5.418282779862977
12200231,12182653,12213902,128.766230443644,123.44325207929691,5.32297836434708
12224246,12206668,12237917,128.36080016889306,122.02992136220055,6.33087880669251
12247810,12230232,12261481,131.6520732797321,129.7063918599366,1.9456814197955055
12272234,12254656,12285905,129.55186549694832,126.35194617330606,3.1999193236422627
12296451,12278873,12310122,128.8351545092332,120.84354899703291,7.9916055122002945
12321535,12303957,12335206,128.71585020563876,123.86131261942764,4.854537586211123
12346412,12328834,12360083,127.49829652680953,119.76829643124772,7.730000095561806
12370383,12352805,12384054,127.42253761653703,118.573212203798,8.849325412739034
12394445,12376867,12408116,127.30982730359361,119.35582773897127,7.953999564622336
12418682,12401104,12432353,127.950627840361,122.32763439036525,5.622993449995747
12442659,12425081,12456330,128.80523298135233,123.69786167653652,5.107371304815814
12466816,12449238,12480487,128.64792469906862,124.85539526270787,3.792529436360752
12490938,12473360,12504609,126.8980311462196,119.87536926433233,7.0226618818872595
12513785,12496207,12527456,127.92810340484641,119.18981339603087,8.73829000881554
12537782,12520204,12551453,128.42586784052736,118.2515793232983,10.174288517229058
12562473,12544895,12576144,129.23513064801236,124.60086433504473,4.634266312967625
12585231,12567653,12598902,130.9507352517359,126.85669577978274,4.0940394719531525
12611189,12593611,12624860,129.3383855579399,126.40722690087185,2.931158657068039
12635078,12617500,12648749,127.77616270892152,122.16476514644398,5.611397562477535
12657129,12639551,12670800,129.20423455387498,121.31534750927315,7.88888704460183
12682763,12665185,12696434,129.24197066292018,124.70686886221466,4.535101800705519
12706984,12689406,12720655,128.83490839834525,124.97093013793874,3.863978260406512
12730929,12713351,12744600,128.3115071596386,123.27305813429481,5.038449025343795
12754101,12736523,12767772,128.00149315696643,119.89278167678751,8.108711480178926
12778128,12760550,12791799,127.56304451476998,118.20657298241315,9.356471532356835
12800892,12783314,12814563,129.91380115838152,124.15565486638378,5.758146291997733
12824887,12807309,12838558,131.77027337541784,128.68611196157138,3.0841614138464593
12850517,12832939,12864188,129.93271225548747,127.12883003829378,2.8038822171936886
12874451,12856873,12888122,142.9805289455678,142.8944121375774,0.08611680799040755
12898344,12880766,12912015,131.80516902925223,130.5643278573336,1.2408411719186176
12921949,12904371,12935620,130.56436458276767,128.29431030106102,2.270054281706649
12945847,12928269,12959518,132.98908433922963,131.58422274636212,1.404861592867519
12969849,12952271,12983520,131.30581406425426,129.75866421438158,1.5471498498726817
12993577,12975999,13007248,128.58278725473812,125.68850842695886,2.89427882777926
13017408,12999830,13031079,127.708493070212,122.41519741346394,5.293295656748057
13039447,13021869,13053118,131.81701792416138,128.7205080172213,3.0965099069400708
13063128,13045550,13076799,132.62644545786375,130.1105482796412,2.515897178222559
13086790,13069212,13100461,129.93901378216134,124.0173635409001,5.921650241261233
13111574,13093996,13125245,128.6624887892875,120.64193857755652,8.020550211730978
13135137,13117559,13148808,129.26622713779952,124.72195420160378,4.544272936195739
13159106,13141528,13172777,128.82322952994863,123.38866314669671,5.434566383251919
13182714,13165136,13196385,129.12892140700035,122.31540956623361,6.813511840766736
13205409,13187831,13219080,130.78398266529462,126.95748928749623,3.8264933777983856
13985861,13968283,13999532,128.54756642913546,125.91477987018325,2.632786558952205
14010249,13992671,14023920,128.48849192018224,121.22693531624827,7.261556603933968
14032678,14015100,14046349,129.21361962335374,121.11813451496917,8.095485108384565
14056349,14038771,14070020,131.38879883114714,127.25823729928409,4.1305615318630515
14079400,14061822,14093071,135.3932484336737,134.24936449890694,1.1438839347667624
14102654,14085076,14116325,134.4043716663626,132.9947459663052,1.4096257000574042
14125867,14108289,14139538,130.76932808699357,124.97108896571847,5.7982391212751025
14149079,14131501,14162750,130.41585939440364,122.3927212782817,8.023138116121942
14171956,14154378,14185627,131.68376933285492,126.9303042638663,4.753465068988618
14197119,14179541,14210790,130.71469662276564,125.88073869144867,4.833957931316974
14219468,14201890,14233139,130.63815830107725,126.35599143483151,4.2821668662457455
14242703,14225125,14256374,129.62132198435486,123.67114465417507,5.950177330179798
14266032,14248454,14279703,129.13401795168383,120.59495820781437,8.539059743869458
14289300,14271722,14302971,133.60829939489196,131.61660151442584,1.9916978804661198
14312425,14294847,14326096,131.01266909789504,126.58729944202948,4.425369655865566
14335522,14317944,14349193,132.4456548191185,130.16067527394623,2.2849795451722628
14357572,14339994,14371243,129.30352730745346,123.19344844628043,6.110078861173037
14381026,14363448,14394697,128.15524459014702,120.75939440921718,7.395850180929841
14406267,14388689,14419938,127.99218476348564,121.31133759251983,6.680847170965805
14430554,14412976,14444225,127.77409773861632,123.30627200323971,4.467825735376607
14450746,14433168,14464417,130.03376760841408,125.61064300278986,4.423124605624224
14473888,14456310,14487559,130.49489870436622,126.78580553447733,3.709093169888888
14497200,14479622,14510871,134.51794931809454,133.3666781068187,1.1512712112758265
14520556,14502978,14534227,129.43040427371184,124.41213312407294,5.018271149638906
14543621,14526043,14557292,130.16124661462766,127.02182058167071,3.1394260329569477
14566483,14548905,14580154,132.57998329009902,130.88594187942334,1.6940414106756805
14588796,14571218,14602467,130.6580456176322,124.851005241749,5.8070403758832185
14611054,14593476,14624725,130.22976429172422,121.39774652605367,8.832017765670557
14633575,14615997,14647246,130.1869645229316,119.70679230097473,10.480172221956863
14655739,14638161,14669410,131.2865144053038,125.13364837937532,6.152866025928475
14677170,14659592,14690841,137.62445738779243,136.8151990895275,0.8092582982649219
14698975,14681397,14712646,131.14982449438534,123.3489099776145,7.800914516770845
14721317,14703739,14734988,131.06948671708324,120.7338305766333,10.335656140449942
14743727,14726149,14757398,131.34288923406237,122.94373915309154,8.399150080970827
14767381,14749803,14781052,131.06345676005608,123.652810546754,7.410646213302087
14790180,14772602,14803851,130.58218204070778,120.23142117534015,10.350760865367633
14813645,14796067,14827316,130.8266146290085,119.432573761164,11.39404086784451
14837100,14819522,14850771,131.4610384917993,125.33649810526926,6.124540386530029
14864520,14846942,14878191,137.57556990366072,136.85746121405037,0.7181086896103466
14884200,14866622,14897871,132.09307829147022,126.68882546062223,5.4042528308479945
14907981,14890403,14921652,130.72328898523506,119.81537604496488,10.90791294027018
14931535,14913957,14945206,130.8602977331771,119.85057826433288,11.009719468844224
14955440,14937862,14969111,130.95904881574754,120.12078624788971,10.838262567857825
14978314,14960736,14991985,130.74853504867943,123.0149245689608,7.733610479718635
15002148,14984570,15015819,131.93587804576123,127.81316357382855,4.122714471932682
15025376,15007798,15039047,131.07374558289092,125.384504929128,5.689240653762923
15048715,15031137,15062386,134.4742604827415,132.79462168454455,1.6796387981969474
15072152,15054574,15085823,133.2944580436521,130.1068303456746,3.18762769797749
15095911,15078333,15109582,131.8908068202529,124.33291190934823,7.557894910904665
15119219,15101641,15132890,132.01772626917324,124.65688859681285,7.36083767236039
15141807,15124229,15155478,131.15823815668742,123.53207198576274,7.626166170924677
15164899,15147321,15178570,132.5154416177554,128.51441497706148,4.0010266406939365
15187858,15170280,15201529,131.9572775797979,125.32483777878006,6.6324398010178385
15213065,15195487,15226736,131.89745324117797,126.75857301790991,5.13888022326806
15237577,15219999,15251248,137.91101389241913,137.12379344514784,0.7872204472712951
15259534,15241956,15273205,138.87827485398967,137.9316157955088,0.9466590584808614
15281953,15264375,15295624,133.75912368254453,129.39034149055405,4.368782191990476
15304885,15287307,15318556,132.58712319602094,124.59931139235852,7.987811803662424
15329550,15311972,15343221,132.05270639460448,123.75035585806228,8.302350536542207
15352718,15335140,15366389,132.46506532950752,126.13552132241199,6.329544007095535
15375667,15358089,15389338,132.63394107222223,126.02315317544759,6.610787896774639
15398664,15381086,15412335,131.70631136518705,124.20997900617321,7.496332359013834
15421523,15403945,15435194,137.47823466278604,136.22722795182645,1.2510067109595866
15443974,15426396,15457645,137.14666736120907,135.88438867368566,1.2622786875234056
15466896,15449318,15480567,130.6751929557181,121.83035489667708,8.844838059041024
15490301,15472723,15503972,130.79675516813188,122.39205411019555,8.404701057936336
15513598,15496020,15527269,131.26431731267564,125.12736412500941,6.136953187666236
15537035,15519457,15550706,131.80066141084546,126.69597719613745,5.104684214708016
15560508,15542930,15574179,131.31115835614673,122.65350191309162,8.657656443055117
15583757,15566179,15597428,131.17808188811276,122.41652721706444,8.761554671048316
15607139,15589561,15620810,131.43414481475926,124.25658086419945,7.177563950559815
15630546,15612968,15644217,134.37835990559176,131.59452191736963,2.783837988222132
15653817,15636239,15667488,131.85468425957305,123.9667841190459,7.887900140527151
15676998,15659420,15690669,131.66987066018032,125.17962485180246,6.490245808377864
15700424,15682846,15714095,131.44781905843536,124.41405472990205,7.033764328533309
15723505,15705927,15737176,131.26578625409445,121.77911786474566,9.486668389348793
15746867,15729289,15760538,130.92168843600814,122.3950931215573,8.526595314450844
15770449,15752871,15784120,131.39451731578274,124.08767874729408,7.306838568488658
15793762,15776184,15807433,131.77772756280555,127.17247023172754,4.605257331078008
15817026,15799448,15830697,134.5887695690388,133.37609612546794,1.21267344357085
15840323,15822745,15853994,132.0820103820556,128.03300941790812,4.0490009641474956
15863695,15846117,15877366,131.4049840492586,125.23220716660013,6.172776882658454
15887442,15869864,15901113,135.29490571366458,133.03397675166738,2.2609289619971946
15910133,15892555,15923804,135.0681305546118,132.5820766601554,2.486053894456404
15933989,15916411,15947660,130.68964867453164,122.87326730006605,7.816381374465593
15958138,15940560,15971809,130.0092394978949,120.03331364413177,9.97592585376313
15980371,15962793,15994042,137.4624106446887,136.19066193187194,1.271748712816759
16003666,15986088,16017337,137.67036830418786,136.37666487062558,1.2937034335622855
16026260,16008682,16039931,131.58051178095727,125.60150016242011,5.979011618537157
16051039,16033461,16064710,130.6209466835552,122.42083514805144,8.200111535503751
16074213,16056635,16087884,130.67454431810822,120.70623673751227,9.968307580595948
16096334,16078756,16110005,130.65068603131817,120.39583522531149,10.254850806006687
16119266,16101688,16132937,130.09882930565016,119.93497352082501,10.163855784825145
16142338,16124760,16156009,130.60823788673426,123.95000820113843,6.658229685595828
16166083,16148505,16179754,137.0313743770404,135.93292707038003,1.0984473066603755
16189061,16171483,16202732,136.51302019222345,135.04577903187152,1.4672411603519322
16212359,16194781,16226030,132.26459369007506,129.57897443699358,2.6856192530814837
16236745,16219167,16250416,129.8848019725776,121.97460831941333,7.910193653164271
16258807,16241229,16272478,130.49573252060532,124.15686697930839,6.338865541296926
16282021,16264443,16295692,130.8885446409803,125.88053052269456,5.008014118285757
16305341,16287763,16319012,130.74177659825418,124.47995583873623,6.261820759517946
16328537,16310959,16342208,130.20916246658575,121.76043920384744,8.448723262738312
16351952,16334374,16365623,137.1130670905095,136.2265816433194,0.8864854471900969
16375766,16358188,16389437,129.65491828073277,126.15112629038775,3.5037919903450216
16399585,16382007,16413256,130.36178984608517,123.55041773666616,6.811372109419011
16423514,16405936,16437185,131.27858209605097,125.99205907509065,5.286523020960317
16447736,16430158,16461407,130.3379229227598,122.39072098227626,7.947201940483524
16472670,16455092,16486341,128.80471661559284,118.93800321614839,9.86671339944445
16495157,16477579,16508828,129.698108080948,120.16549369357872,9.532614387369279
16519223,16501645,16532894,129.9355152359135,122.578771477247,7.3567437586664965
16542749,16525171,16556420,133.7811416715822,132.29677068434154,1.484370987240652
16566675,16549097,16580346,133.29089651783138,131.9506838434316,1.340212674399794
16590673,16573095,16604344,129.26372641325057,122.64293590903782,6.620790504212749
16614656,16597078,16628327,129.10856796643432,122.05597375958115,7.052594206853172
16638120,16620542,16651791,128.9322074242753,120.3664536387022,8.565753785573108
16661176,16643598,16674847,129.03731345515627,119.07096343266971,9.966350022486552
16686930,16669352,16700601,131.34629444493584,129.1361164770618,2.2101779678740456
16709463,16691885,16723134,132.63280367908797,130.19272858147974,2.4400750976082293
16733703,16716125,16747374,130.01155170703407,124.00064160081827,6.010910106215803
16757592,16740014,16771263,134.27645711846515,132.93364982506154,1.3428072934036095
16781678,16764100,16795349,129.78129419647382,122.54702368198112,7.234270514492707
16805530,16787952,16819201,131.35992183977766,128.2554412487895,3.104480590988146
16828586,16811008,16842257,130.40543556710927,124.93058743384019,5.474848133269077
16852511,16834933,16866182,129.21162463337336,120.22163056788548,8.989994065487878
16876433,16858855,16890104,129.06250959660645,118.91230346574125,10.1502061308652
16900035,16882457,16913706,129.5807678051056,122.03593941591393,7.544828389191679
16924296,16906718,16937967,131.0005038477463,130.00057558914756,0.999928258598743
16949539,16931961,16963210,136.3881279994365,135.6866624878383,0.7014655115982009
16971992,16954414,16985663,128.84030829274676,125.9297376129065,2.910570679840262
16995980,16978402,17009651,128.98774159179715,120.34423227642527,8.643509315371873
17019957,17002379,17033628,131.12399632951804,126.93357764933594,4.190418680182091
17043891,17026313,17057562,130.43773895941337,124.43127181814383,6.006467141269539
17068070,17050492,17081741,129.9296802474868,121.23915403114381,8.690526216342988
17091555,17073977,17105226,130.0899458072559,120.75629779110328,9.333648016152623
17114762,17097184,17128433,130.38547952413853,123.45335735308979,6.932122171048746
17138619,17121041,17152290,134.14768321445985,132.68527640184433,1.4624068126155123
17162196,17144618,17175867,129.70185371398355,120.16675620446163,9.535097509521918
17185924,17168346,17199595,129.9024240767625,119.82503973070206,10.077384346060427
17209409,17191831,17223080,130.02076428496855,119.06320700289179,10.957557282076763
17233457,17215879,17247128,129.88668783153895,118.65257223494892,11.23411559659003
17257329,17239751,17271000,130.41674900118545,123.3424675862235,7.074281414961945
17281219,17263641,17294890,130.79312000960215,124.7417916866981,6.051328322904055
17304609,17287031,17318280,137.6447624032382,136.50220645521796,1.142555948020231
17328657,17311079,17342328,131.29229616947137,125.79034741362898,5.501948755842392
17352622,17335044,17366293,129.92067881833154,121.05778580358516,8.862893014746376
17376397,17358819,17390068,130.19867024381122,122.38938953457051,7.80928070924071
17399552,17381974,17413223,130.49491050798852,123.39444425796115,7.100466250027367
17423667,17406089,17437338,130.3905828925335,120.22603001408959,10.164552878443914
17448361,17430783,17462032,129.27054382063986,119.73880073419173,9.531743086448131
17470510,17452932,17484181,130.52608932993988,119.67879256502798,10.847296764911903
17493337,17475759,17507008,134.36860716909112,132.3407303930193,2.027876776071821
17516962,17499384,17530633,131.76418934099857,127.97384088407163,3.7903484569269352
17540379,17522801,17554050,131.02587371687338,123.74416336085238,7.281710356020994
17563988,17546410,17577659,130.79069989195008,122.07193133287952,8.718768559070568
17588167,17570589,17601838,130.13665644311433,118.67542210050331,11.461234342611021
17611769,17594191,17625440,130.0236051096928,122.56242452521366,7.461180584479138
17635258,17617680,17648929,130.2790522079135,123.40608093457857,6.87297127333494
17658376,17640798,17672047,129.81676719539314,120.88268668016062,8.934080515232523
17681961,17664383,17695632,134.3467240999289,132.70673421334686,1.6399898865820433
17705536,17687958,17719207,129.90550819007845,122.88635959750687,7.019148592571582
17729141,17711563,17742812,129.53616632883606,121.26162131436132,8.27454501447474
17752129,17734551,17765800,129.18798872767633,120.29445765607868,8.89353107159765
17775391,17757813,17789062,129.74060294077805,124.23952522559686,5.501077715181182
17798929,17781351,17812600,129.48266540024048,123.85587082261081,5.626794577629667
17822200,17804622,17835871,129.10029859963,119.1792267685909,9.921071831039114
17845993,17828415,17859664,129.5054831769193,127.81345918844451,1.6920239884748014
17869501,17851923,17883172,136.79021917578905,135.86865098903817,0.9215681867508749
17893053,17875475,17906724,128.61239198196014,125.0935794536058,3.5188125283543457
17916469,17898891,17930140,129.3427673670215,121.50168490041091,7.841082466610601
17939802,17922224,17953473,130.02804892844122,123.46401124481056,6.564037683630659
17962955,17945377,17976626,129.1059300316926,119.9702918041102,9.13563822758239
17986383,17968805,18000054,129.45171926425752,120.7138533980612,8.737865866196316
18011040,17993462,18024711,130.14845935850417,123.42567746290524,6.722781895598928
18033573,18015995,18047244,129.59877715901817,121.80321337816325,7.79556378085492
18056892,18039314,18070563,134.45366570124966,133.08338072373678,1.3702849775128811
18080059,18062481,18093730,130.22914406110652,125.79711010787679,4.432033953229734
18103743,18086165,18117414,129.0561697394306,120.17647279481879,8.879696944611808
18126909,18109331,18140580,129.97023572763504,124.48953943572303,5.480696291912011
18150101,18132523,18163772,129.45950596687834,123.66382132328081,5.795684643597525
18173406,18155828,18187077,128.57543706271943,121.55084487169628,7.024592191023146
18196306,18178728,18209977,128.37105779798048,120.31510644031061,8.05595135766987
18219754,18202176,18233425,128.56600244830645,119.07270960931297,9.493292838993483
18242412,18224834,18256083,133.83660679941104,132.3495819653835,1.487024834027551
18265650,18248072,18279321,132.75853579370403,130.67813077749997,2.080405016204054
18288816,18271238,18302487,129.98332813915312,124.97027702332622,5.013051115826897
18312012,18294434,18325683,128.66330256812654,122.24802756374879,6.415275004377747
18335407,18317829,18349078,128.04337989051302,119.48106905273684,8.562310837776181
18358475,18340897,18372146,128.23558984487283,119.67021960147719,8.565370243395648
18381375,18363797,18395046,129.27185287126574,122.44444892704647,6.82740394421927
18404733,18387155,18418404,131.6434747832301,128.90557189128094,2.7379028919491475
18427834,18410256,18441505,134.6646413764915,133.54467321586552,1.119968160625973
18451007,18433429,18464678,128.37453963141058,120.2870827362265,8.08745689518409
18474470,18456892,18488141,129.28557346907476,122.25462805986778,7.0309454092069785
18498172,18480594,18511843,129.67915895259887,124.32398375760145,5.355175194997415
18520846,18503268,18534517,129.13363897470992,122.49860730484593,6.6350316698639915
18544096,18526518,18557767,129.7791887677796,123.95721506368125,5.821973704098355
19318359,19300781,19332030,126.64762764255521,123.29981823369495,3.3478094088602575
19341876,19324298,19355547,128.3273907849681,122.45953894289048,5.867851842077613
19365380,19347802,19379051,133.6795025039305,132.26951142672362,1.4099910772068824
19388822,19371244,19402493,130.67714925034156,126.64228240773116,4.034866842610398
19412157,19394579,19425828,128.38291907701634,121.48863669841589,6.894282378600451
19435490,19417912,19449161,128.159980276219,121.21809902194356,6.94188125427543
19459001,19441423,19472672,129.43540173789498,125.06560851087472,4.369793227020253
19482421,19464843,19496092,127.93979932721643,119.72796712710762,8.211832200108816
19505870,19488292,19519541,127.65318344221592,117.92430487889982,9.728878563316101
19529301,19511723,19542972,137.11798094048183,136.37432021357662,0.7436607269052047
19552826,19535248,19566497,137.14976829771004,136.31286234603004,0.836905951679995
19576439,19558861,19590110,127.72619006023889,119.87408415251252,7.852105907726369
19600001,19582423,19613672,128.22337232135152,120.12827254022991,8.095099781121604
19623396,19605818,19637067,129.80826945099605,124.3952975634288,5.412971887567252
19646846,19629268,19660517,129.08152989661863,122.12656723877589,6.954962657842742
19670221,19652643,19683892,128.42529445508217,120.20371739781555,8.221577057266614
19693722,19676144,19707393,128.80247220860645,119.77268467566057,9.029787532945875
19717213,19699635,19730884,137.6350157529596,136.69588004055615,0.9391357124034414
19740484,19722906,19754155,137.77138135027093,136.73907939934517,1.0323019509257563
19763447,19745869,19777118,130.4987358979702,127.20263829120192,3.296097606768271
19786837,19769259,19800508,129.1782938527287,121.37649934158947,7.801794511139235
19810199,19792621,19823870,129.1461477429438,121.96745673018661,7.178691012757199
19833830,19816252,19847501,130.02747560060212,124.18418365067552,5.843291949926595
19857026,19839448,19870697,132.39569117646653,130.40062573617018,1.9950654402963437
19880542,19862964,19894213,131.40019940853873,128.48715740768392,2.9130420008548015
19904041,19886463,19917712,135.2326804970001,134.14468682220786,1.0879936747922443
19927508,19909930,19941179,134.9918725914005,133.8618112375808,1.1300613538196842
19950973,19933395,19964644,130.77790213460747,126.4149014689555,4.363000665651967
19976060,19958482,19989731,131.28962086182588,128.30309375787903,2.9865271039468553
19999383,19981805,20013054,129.83459095673626,124.36156049117771,5.473030465558551
20021091,20003513,20034762,129.5821987032146,120.96286362445196,8.619335078762646
20044121,20026543,20057792,129.3631705344052,120.5928051316913,8.770365402713907
20067561,20049983,20081232,129.4407609429331,122.43406814744071,7.006692795492398
20091252,20073674,20104923,134.48715806402663,132.94272569637482,1.5444323676518081
20114711,20097133,20128382,129.23577587058742,120.27223621323925,8.963539657348164
20138250,20120672,20151921,129.46909504601496,120.05469094794046,9.414404098074499
20161790,20144212,20175461,130.9687743610947,126.99142642061835,3.977347940476335
20184915,20167337,20198586,131.99981922984628,129.61283831512947,2.3869809147168155
20207721,20190143,20221392,129.63905713978465,123.45134047413333,6.1877166656513225
20230425,20212847,20244096,129.62844594378507,123.23490592859858,6.393540015186488
20253052,20235474,20266723,132.1357629485155,129.45253175006988,2.683231198445611
20275683,20258105,20289354,134.6253397441834,133.08255446249916,1.542785281684246
20298586,20281008,20312257,129.79810866269284,123.01874569845606,6.779362964236782
20321432,20303854,20335103,130.46170972040403,125.20176294326178,5.259946777142247
20344164,20326586,20357835,130.90057519382825,125.29402152580487,5.6065536680233805
20366714,20349136,20380385,129.7459795901958,121.06403361565793,8.681945974537854
20389246,20371668,20402917,130.3956513731619,123.81046961633535,6.585181756826557
20412343,20394765,20426014,131.35156764551232,126.74608188582235,4.605485759689969
20435482,20417904,20449153,131.0997210042922,127.0491895216131,4.050531482679105
20458746,20441168,20472417,135.94624520180216,135.05302872364726,0.8932164781548977
20481871,20464293,20495542,132.82034643833828,129.95442699530005,2.865919443038223
20504991,20487413,20518662,131.4882939584391,126.89292365053724,4.5953703079018595
20528278,20510700,20541949,132.95025772749906,129.76154734620914,3.1887103812899227
20551314,20533736,20564985,131.58487622648013,127.3257860219754,4.25909020450473
20574556,20556978,20588227,129.4257662366643,122.29817612824787,7.127590108416413
20597833,20580255,20611504,129.5019451044779,122.68505855932003,6.816886545157871
20621244,20603666,20634915,130.7914646618979,124.60714716902297,6.184317492874925
20644419,20626841,20658090,133.42022528763468,130.96266551552193,2.457559772112745
20667551,20649973,20681222,133.85707579832524,131.82070263844278,2.0363731598824586
20690897,20673319,20704568,129.9184032193778,123.55137710715226,6.367026112225545
20713993,20696415,20727664,129.70446850472342,122.5498844755405,7.154584029182928
20736830,20719252,20750501,130.4027705555982,123.02813239374004,7.374638161858172
20760301,20742723,20773972,131.6300155683641,127.23892247302669,4.391093095337396
20783527,20765949,20797198,130.73786128301774,123.54794752439183,7.189913758625906
20806838,20789260,20820509,129.75105203367087,120.94855861937458,8.802493414296293
20829971,20812393,20843642,130.0699179648174,124.6000727453976,5.4698452194197955
20854352,20836774,20868023,130.3960289545509,126.2152930587963,4.180735895754594
20876503,20858925,20890174,133.74338712958857,131.7351453538427,2.0082417757458586
20899497,20881919,20913168,130.4009278096257,123.87046018516082,6.530467624464876
20922723,20905145,20936394,132.44798803512793,129.80888469432455,2.6391033408033877
20947688,20930110,20961359,130.78611013071904,125.56025833623274,5.225851794486303
20968569,20950991,20982240,130.06782745787464,122.90466063375916,7.1631668241154784
20991935,20974357,21005606,129.56139915030047,120.78632759983992,8.775071550460552
21014986,20997408,21028657,130.8910836379925,125.40748380682427,5.48359983116822
21038356,21020778,21052027,132.50930312009498,129.57369910444905,2.9356040156459358
21061645,21044067,21075316,137.36969441326633,136.69328907080413,0.6764053424622034
21084788,21067210,21098459,130.8341419300728,127.03527964987599,3.798862280196815
21107324,21089746,21120995,130.35866897381607,124.7580810884401,5.6005878853759725
21131225,21113647,21144896,131.0895795853254,125.47847183485955,5.611107750465848
21154909,21137331,21168580,132.36570873136932,130.09521347970113,2.270495251668194
21179532,21161954,21193203,130.2065472986961,125.95318150683542,4.253365791860688
21203272,21185694,21216943,129.79718091662872,119.97731234967092,9.819868566957794
21226773,21209195,21240444,130.01770217434125,121.75961191619068,8.258090258150574
21250881,21233303,21264552,136.81398942442843,135.79962447618686,1.014364948241564
21274835,21257257,21288506,130.63398010165105,123.76188717950612,6.87209292214493
21298765,21281187,21312436,130.36302106276926,122.57919457527372,7.783826487495546
21322780,21305202,21336451,130.54606921689145,123.01098362877914,7.5350855881123096
21346132,21328554,21359803,130.40095376948315,123.41924868878999,6.98170508069316
22132069,22114491,22145740,127.57671817942294,123.56668714941543,4.010031030007511
22156001,22138423,22169672,130.761290846264,124.61451930445494,6.146771541809045
22179996,22162418,22193667,131.82786541134243,125.52770290730669,6.30016250403574
22203806,22186228,22217477,131.3720968246554,122.03619475144599,9.335902073209397
22227747,22210169,22241418,131.46785953624732,121.19506086790432,10.272798668343
22251569,22233991,22265240,131.94494224707415,123.60747945109085,8.3374627959833
22275231,22257653,22288902,131.80625285875746,122.8384064382509,8.967846420506561
22299230,22281652,22312901,131.60831437948968,122.0450770958349,9.563237283654786
22322744,22305166,22336415,131.9876770859784,124.62739697385187,7.360280112126517
22346728,22329150,22360399,132.7767387259914,127.53451237386201,5.242226352129393
22371121,22353543,22384792,132.01350471965483,122.47865297783119,9.534851741823644
22395097,22377519,22408768,131.7963808503817,121.9315292779091,9.864851572472588
22418586,22401008,22432257,131.95256196146656,123.54423120036088,8.408330761105674
22441815,22424237,22455486,132.19149633880699,123.6426775054093,8.54881883339769
22465129,22447551,22478800,132.47015296736717,122.93929122357468,9.530861743792485
22488476,22470898,22502147,132.66496137149173,122.86540053570081,9.799560835790913
22511647,22494069,22525318,132.66955410745467,122.94578405694841,9.72377005050626
22534994,22517416,22548665,132.31899468800452,121.81528677601625,10.503707911988272
22558292,22540714,22571963,132.1474671520094,121.62944562395886,10.51802152805054
22581720,22564142,22595391,132.11794495352143,120.08677419222542,12.03117076129601
22604959,22587381,22618630,132.11875028728127,122.03744166470446,10.081308622576813
22628904,22611326,22642575,133.2642332426912,128.24937946948586,5.0148537732053455
22652286,22634708,22665957,132.31543291180841,124.59553151604312,7.719901395765291
22676451,22658873,22690122,131.33967349483495,119.20429842294158,12.135375071893378
22698287,22680709,22711958,131.6641961527015,121.06824337581918,10.595952776882314
22721685,22704107,22735356,132.0055507021556,122.62348160904273,9.382069093112875
22744999,22727421,22758670,131.96337983260662,119.33869834617461,12.62468148643201
22768308,22750730,22781979,131.6390327520281,120.75040101758555,10.888631734442555
22791747,22774169,22805418,131.59356484621236,123.10502301252092,8.488541833691443
22814529,22796951,22828200,132.09634848598998,123.04116327303251,9.055185212957468
22837448,22819870,22851119,132.21290647298193,121.12806425743679,11.084842215545137
22860722,22843144,22874393,132.22717888302395,122.24103477660081,9.98614410642314
22883752,22866174,22897423,132.24932013142498,123.51984072928869,8.729479402136292
22908234,22890656,22921905,132.044197280286,122.38922351700847,9.654973763277525
22932590,22915012,22946261,131.97710619324914,121.15630585523654,10.820800338012603
22955852,22938274,22969523,132.0705631947141,120.83907044672645,11.231492747987659
22979866,22962288,22993537,132.32790262108696,122.2337547928951,10.094147828191865
23003898,22986320,23017569,132.66137310830158,122.22649108001613,10.434882028285443
23028817,23011239,23042488,132.4334539294714,119.84414782836677,12.589306101104626
23051959,23034381,23065630,132.23120821165935,122.09221280626495,10.138995405394397
23075812,23058234,23089483,132.57410310135026,125.41064710558746,7.163455995762803
23100089,23082511,23113760,132.09397837931465,121.74904297544843,10.344935403866216
23124069,23106491,23137740,132.24782522099645,120.42568942354956,11.82213579744689
23147909,23130331,23161580,133.40183335730848,126.65274992310943,6.749083434199051
23171666,23154088,23185337,134.14645073413934,129.85709229592987,4.289358438209462
23195443,23177865,23209114,132.39197390820004,123.17185755886287,9.220116349337175
23219227,23201649,23232898,132.11772713138478,122.1491544568188,9.968572674565976
23244432,23226854,23258103,131.462691548257,124.02110924123384,7.441582307023154
23268274,23250696,23281945,133.22931955621382,129.3805820765899,3.848737479623935
23292093,23274515,23305764,132.55802700344313,128.56443031729114,3.9935966861519887
23315010,23297432,23328681,132.51906364169153,124.71667633351572,7.80238730817581
23337867,23320289,23351538,132.9198641311439,124.87079144289966,8.049072688244237
23361599,23344021,23375270,134.20112740249633,129.49217830461362,4.708949097882709
23385571,23367993,23399242,135.6250080742948,131.89057160359823,3.734436470696579
23409377,23391799,23423048,133.7678693700861,126.49443439840616,7.273434971679933
23433342,23415764,23447013,132.31692956698936,121.98029762573434,10.336631941255021
23457082,23439504,23470753,132.2300169671292,122.01460760051795,10.21540936661124
23480847,23463269,23494518,132.95776613446077,126.61700934277638,6.3407567916843846
23504859,23487281,23518530,133.0115338994564,125.99051555103128,7.021018348425116
23528816,23511238,23542487,132.52760497996036,123.7284475512326,8.799157428727753
23552710,23535132,23566381,132.18267506342588,122.66836748449907,9.514307578926804
23576936,23559358,23590607,134.62887366094495,131.54101510524802,3.0878585556969256
23600909,23583331,23614580,132.7220222187914,123.91349898307517,8.808523235716237
23624450,23606872,23638121,132.63215425365777,119.67555063453014,12.956603619127634
23648339,23630761,23662010,133.06396517058053,122.81158038108947,10.25238478949106
23672233,23654655,23685904,133.09438902998988,125.71964535127734,7.374743678712548
23696060,23678482,23709731,132.26102704539468,121.55020347309522,10.71082357229946
23719904,23702326,23733575,132.5406129037534,120.67638685324272,11.864226050510695
23743829,23726251,23757500,132.85829289990022,122.1247018519746,10.733591047925614
23768397,23750819,23782068,133.30949407697534,125.46326903931026,7.846225037665079
23791816,23774238,23805487,135.05390571671228,131.56424361072513,3.4896621059871507
23815595,23798017,23829266,133.19680168498567,121.95419827660581,11.242603408379864
23839381,23821803,23853052,134.4123105384406,126.89519500621763,7.517115532222974
23863076,23845498,23876747,134.27798406360657,126.0645169736135,8.213467089993074
23886949,23869371,23900620,133.22663643798728,121.81517530835757,11.411461129629714
23910759,23893181,23924430,133.11705402592864,122.5885803676048,10.528473658323833
23934457,23916879,23948128,133.1183497497121,123.42215431394206,9.69619543577005
23958775,23941197,23972446,133.45509830289726,125.31724367578849,8.137854627108766
23982023,23964445,23995694,136.93715110036203,134.9999705051566,1.937180595205433
24006503,23988925,24020174,132.65602359532988,120.84164463629426,11.814378959035622
24030396,24012818,24044067,133.252374079368,124.7216436336169,8.53073044575109
24054276,24036698,24067947,133.24998611045547,124.95074008083783,8.299246029617635
24078047,24060469,24091718,132.82979598764598,122.09212886389771,10.737667123748267
24101936,24084358,24115607,132.71611429356443,122.17878228398945,10.537332009574982
24125833,24108255,24139504,133.00355394068205,125.24202765869359,7.761526281988466
24149503,24131925,24163174,138.7414485742725,136.90103833261404,1.8404102416584749
24172717,24155139,24186388,137.5100334887586,134.8218782462136,2.688155242545008
24196901,24179323,24210572,133.29975898424385,123.4262894450303,9.873469539213545
24220668,24203090,24234339,134.3034384067914,128.56268609790186,5.74075230888954
24243508,24225930,24257179,133.82870024441655,126.79558321991274,7.0331170245038095
24267112,24249534,24280783,133.0935484262225,123.18530476170878,9.90824366451372
24292249,24274671,24305920,132.83213938084185,122.32727948841057,10.504859892431284
24316246,24298668,24329917,133.00570854667552,126.41948314205807,6.586225404617451
24338262,24320684,24351933,138.286790979077,136.91204419865383,1.3747467804231803
24361936,24344358,24375607,133.31092324475333,124.8904193572842,8.420503887469124
24385715,24368137,24399386,133.0130831016837,124.04086748340666,8.972215618277033
24409324,24391746,24422995,132.93522833401053,124.678980640005,8.256247694005538
24433027,24415449,24446698,132.75996988743842,123.82368378547702,8.9362861019614
24456856,24439278,24470527,133.57600067885738,127.18117587133257,6.394824807524813
24480652,24463074,24494323,133.8220785827554,127.76934657672757,6.0527320060278385
24504276,24486698,24517947,133.11258821141797,125.78527647911537,7.327311732302604
24528062,24510484,24541733,138.3529382824358,137.2036062026279,1.1493320798078912
24551548,24533970,24565219,132.3248054527978,122.21165591420004,10.113149538597753
24575317,24557739,24588988,132.4779912990926,121.79668653961812,10.681304759474472
24599065,24581487,24612736,133.4787016356434,126.1822670823658,7.2964345532776065
24622839,24605261,24636510,134.73547381481728,131.38729097932674,3.3481828354905474
24646637,24629059,24660308,133.60643381725845,129.67253668661277,3.9338971306456756
24670449,24652871,24684120,132.84686892865525,124.53374613293849,8.313122795716765
24694607,24677029,24708278,138.436477422156,137.13879982237427,1.2976775997817356
24718417,24700839,24732088,138.9798320378107,137.77318075034412,1.2066512874665705
24742170,24724592,24755841,133.50662015612508,127.43637092794296,6.070249228182121
24765608,24748030,24779279,132.59026592326538,123.43929371471276,9.150972208552616
24788962,24771384,24802633,132.7040247975156,122.14785418071,10.556170616805588
24812413,24794835,24826084,133.10018802758603,122.72840158454434,10.371786443041685
24836100,24818522,24849771,133.83284783370047,126.88365531274115,6.949192520959315
24859788,24842210,24873459,134.16903589371015,126.99362082947675,7.175415064233391
24884637,24867059,24898308,138.75976207666073,136.89150355350722,1.8682585231535143
24907671,24890093,24921342,137.8742043876177,135.84426383318822,2.029940554429487
24931234,24913656,24944905,133.18815966934935,123.08489663473912,10.103263034610222
24955218,24937640,24968889,133.37969562082247,123.85670688052971,9.52298874029276
24978256,24960678,24991927,133.86648947371293,127.52075787634752,6.345731597365415
25001814,24984236,25015485,133.95068176476926,128.15937365061797,5.791308114151292
25025288,25007710,25038959,133.18128949558906,125.22631155619698,7.95497793939208
25048879,25031301,25062550,133.0434000342076,120.91942007257555,12.123979961632045
25072499,25054921,25086170,134.054110973524,128.1831074793314,5.871003494192593
25096182,25078604,25109853,135.84607019913068,133.11617291169784,2.729897287432834
25119022,25101444,25132693,132.7241195450168,122.57082665962488,10.15329288539192
25142682,25125104,25156353,132.42378858107574,122.17322749748695,10.250561083588792
25166229,25148651,25179900,132.57475158625485,125.37319671013961,7.201554876115239
25190679,25173101,25204350,132.20733985033462,123.07599978811217,9.13134006222245
25214192,25196614,25227863,131.98182143224176,120.23265750403873,11.749163928203032
25237729,25220151,25251400,131.7523489137867,120.2400971439238,11.5122517698629
25261185,25243607,25274856,135.60155335308275,133.25838461523603,2.3431687378467245
25284783,25267205,25298454,132.3431313098172,126.0105601145784,6.332571195238813
25308387,25290809,25322058,131.57912005637604,121.371473814429,10.207646241947046
25331947,25314369,25345618,131.91987710970824,124.44258086341117,7.4772962462970725
25354827,25337249,25368498,132.55206834462194,125.80796858919499,6.744099755426959
25378739,25361161,25392410,132.58680327141215,123.22555685562479,9.361246415787363
25401740,25384162,25415411,132.80212989122532,125.51168180274698,7.2904480884783425
25425110,25407532,25438781,133.98257067512995,130.35378515777973,3.6287855173502237
25448067,25430489,25461738,135.92565497747154,134.35168216497308,1.5739728124984538
25471440,25453862,25485111,132.56132424054144,125.04571006648422,7.5156141740572195
25494957,25477379,25508628,132.44654268538798,124.48339579350504,7.963146891882943
25518472,25500894,25532143,145.1246589589029,144.4654886204511,0.6591703384517871
25541934,25524356,25555605,145.2966759247031,144.86560248255418,0.4310734421489144
25565443,25547865,25579114,131.84458617988287,129.39101622782175,2.453569952061116
25589555,25571977,25603226,131.772225312665,123.04901706689627,8.723208245768731
25612843,25595265,25626514,136.3139850477307,133.23139729548808,3.082587752242631
25636033,25618455,25649704,138.32349670785533,136.65901454435124,1.6644821635040898
25659245,25641667,25672916,132.4350562554351,123.83605658501354,8.598999670421549
25682402,25664824,25696073,133.14059645079146,125.13713602461921,8.003460426172254
25705767,25688189,25719438,132.93888324918342,123.50628021791779,9.432603031265629
25729013,25711435,25742684,132.3617051244704,121.11586742174038,11.245837702730029
25752200,25734622,25765871,133.00755396235212,125.55311330018631,7.454440662165808
25775336,25757758,25789007,134.94262034081805,131.46495877530003,3.4776615655180194
25797943,25780365,25811614,133.80071137377107,129.5975528432944,4.2031585304766566
25821210,25803632,25834881,137.03058456394447,135.66817561357374,1.3624089503707353
25844977,25827399,25858648,133.4716908682044,129.01946583996613,4.452225028238274
25868240,25850662,25881911,135.07369552519575,134.36549337353037,0.7082021516653754
25890523,25872945,25904194,140.82339127039623,140.3945499948179,0.4288412755783213
25913785,25896207,25927456,132.48153976730913,129.87206045614192,2.609479311167206
25937001,25919423,25950672,131.80444919569985,123.29918143724059,8.505267758459254
25960878,25943300,25974549,133.84442879316487,129.801745528163,4.04268326500187
25983558,25965980,25997229,136.18227580896186,134.9877764958374,1.194499313124453
26006767,25989189,26020438,134.59519040404808,132.9818838094631,1.6133065945849694
26030028,26012450,26043699,134.76472638377314,132.56099610066317,2.2037302831099623
26053275,26035697,26066946,131.6581587891994,124.23346956017191,7.424689229027493
26076514,26058936,26090185,132.25323804012896,125.38483285018856,6.868405189940404
26099741,26082163,26113412,133.20722844183268,129.00795506615455,4.199273375678132
26122934,26105356,26136605,132.05425592227743,126.13871059352029,5.915545328757148
26146024,26128446,26159695,131.46583615847211,121.55415911571929,9.911677042752828
26169984,26152406,26183655,131.15543627557082,121.66396682838689,9.491469447183931
26193038,26175460,26206709,135.22709797153516,133.0883779280378,2.138720043497358
26215534,26197956,26229205,132.27914146436294,126.31601505363125,5.9631264107316895
26238694,26221116,26252365,132.39044568999395,126.26821704416231,6.12222864583164
26261978,26244400,26275649,133.7948668745092,130.3180511370269,3.4768157374822977
26285239,26267661,26298910,132.21104662000903,126.49201026393473,5.719036356074298
26308499,26290921,26322170,131.18881945491324,121.75062531263197,9.438194142281276
26331629,26314051,26345300,132.77247575478393,127.36543234733779,5.407043407446139
26354792,26337214,26368463,132.99132686791413,126.98294286682504,6.008384001089084
26378078,26360500,26391749,135.3387763789663,133.64525629286652,1.6935200860997668
26401171,26383593,26414842,133.85443081942404,131.06789780402394,2.786533015400096
26424447,26406869,26438118,131.6290005507165,124.61506508581003,7.013935464906481
26447598,26430020,26461269,132.30982861893733,124.30955061369696,8.000278005240375
26470778,26453200,26484449,132.78624133152317,125.72251026200476,7.063731069518411
26494044,26476466,26507715,134.5841718399591,131.44983770008602,3.13433413987309
26517234,26499656,26530905,132.1039060190922,122.74489716212621,9.359008856965986
26540988,26523410,26554659,132.44358916820977,124.03223784475176,8.411351323458007
26563972,26546394,26577643,137.57457651212687,136.1577588937983,1.4168176183285652
26586973,26569395,26600644,133.19127328831203,125.31516775104122,7.876105537270817
26610051,26592473,26623722,133.8962302690853,128.84957907014262,5.046651198942669
26633091,26615513,26646762,133.59062657461493,127.59728087153925,5.993345703075676
26656183,26638605,26669854,132.77777781584197,121.78355074414803,10.994227071693942
26680315,26662737,26693986,132.3127831705056,121.09130133956364,11.221481830941968
26702459,26684881,26716130,132.4719481526552,122.2470746535424,10.224873499112789
26726943,26709365,26740614,131.99312879194198,120.72972758122772,11.263401210714264
26750486,26732908,26764157,135.3746156667797,133.04335126783195,2.331264398947752
26773981,26756403,26787652,132.8489110929533,127.69355508645236,5.155356006500938
26798309,26780731,26811980,132.3329031730643,123.37708523275086,8.955817940313437
26821737,26804159,26835408,132.0680971973937,121.23977394168021,10.8283232557135
26844195,26826617,26857866,132.097651602508,122.34328772248121,9.754363880026787
26867750,26850172,26881421,132.70529106682366,126.53192349966577,6.1733675671578965
26891268,26873690,26904939,133.45084175088414,129.25761926354556,4.1932224873385735
26914814,26897236,26928485,131.83443993933162,121.00833768903541,10.826102250296202
26938400,26920822,26952071,135.25601058626535,132.76118110222453,2.494829484040821
26961942,26944364,26975613,132.18275194283396,124.78810779039911,7.39464415243485
26986086,26968508,26999757,131.85937068256328,124.78085816365001,7.078512518913271
27008805,26991227,27022476,131.3994986614604,120.58764549311766,10.811853168342736
27032907,27015329,27046578,131.5847010447455,122.70582177185092,8.878879272894565
27056489,27038911,27070160,131.93855236380134,124.03240267650146,7.906149687299873
27079475,27061897,27093146,131.89696449483475,124.28555870503985,7.611405789794901
27103641,27086063,27117312,134.57606357066447,132.08974834102014,2.486315229644333
27127286,27109708,27140957,134.93664501010986,132.72994851132606,2.206696498783799
27151155,27133577,27164826,131.55867426121833,125.09977379741329,6.458900463805037
27172625,27155047,27186296,134.4021058990665,130.34098429027074,4.061121608795759
27196087,27178509,27209758,133.42108282474564,128.93653065180666,4.484552172938976
27220386,27202808,27234057,131.08216889231323,122.15503862757726,8.927130264735979
27243834,27226256,27257505,131.35931076920457,122.59780751653398,8.761503252670593
27266621,27249043,27280292,132.36278488878645,126.65866272650311,5.7041221622833405
27290157,27272579,27303828,137.58827650076432,135.95590431198968,1.6323721887746387
27314185,27296607,27327856,135.45221323544962,133.03060853313622,2.4216047023134024
27338806,27321228,27352477,130.6765651173822,123.35320240884636,7.3233627085358535
27363323,27345745,27376994,130.44423984959894,121.9801389169103,8.464100932688638
27387927,27370349,27401598,137.71065655399795,136.93145042301188,0.7792061309860685
27412537,27394959,27426208,131.43084725118544,125.66301220862843,5.76783504255701
27436461,27418883,27450132,131.18016452983912,122.23848324334543,8.94168128649369
27460969,27443391,27474640,131.453548668461,123.90618131804631,7.547367350414689
27485610,27468032,27499281,136.9137154033258,135.89254388412405,1.0211715192017436
27510227,27492649,27523898,131.29135351304225,123.90100850829681,7.390345004745441
27535706,27518128,27549377,131.18120205789515,124.36227687868481,6.818925179210339
27560394,27542816,27574065,131.20473902896484,123.07444015145859,8.130298877506249
27584714,27567136,27598385,131.71396301850285,121.93036849724862,9.78359452125423
27609155,27591577,27622826,132.0898604741407,123.3560902640656,8.733770210075093
27633455,27615877,27647126,131.8536151373987,122.27372283466363,9.579892302735061
27657952,27640374,27671623,137.90071680696514,136.56467822186835,1.3360385850967873
27681687,27664109,27695358,132.7248030310427,126.82068154216694,5.904121488875774
27706786,27689208,27720457,132.95944928503832,129.86225900889133,3.097190276146989
27731072,27713494,27744743,137.36787448175085,136.42838471537652,0.9394897663743222
27755527,27737949,27769198,131.28425049802388,121.98690586281968,9.297344635204198
27779894,27762316,27793565,132.51825418429368,127.28283376982746,5.235420414466219
27804123,27786545,27817794,135.99320581751218,134.21525230123487,1.7779535162773072
27828623,27811045,27842294,130.97662377927588,122.45229939650744,8.524324382768441
27852903,27835325,27866574,135.17292541075327,132.97557382619,2.197351584563279
27877108,27859530,27890779,132.12446277436396,127.48612109495332,4.638341679410644
27901266,27883688,27914937,131.78338250750306,125.16534442994634,6.618038077556719
27924792,27907214,27938463,131.8304214144413,124.53028052187774,7.300140892563562
27949074,27931496,27962745,131.87534797657983,124.10029262681863,7.775055349761203
27973346,27955768,27987017,131.45538304468997,122.25601047528762,9.199372569402342
27997578,27980000,28011249,131.5266869429537,122.7266380651642,8.800048877789493
28021827,28004249,28035498,131.61352085287297,125.19157613342989,6.421944719443076
28046064,28028486,28059735,132.17585324771255,126.33993463838628,5.835918609326271
28070291,28052713,28083962,136.02361034216867,134.0330099868961,1.9906003552725622
28095188,28077610,28108859,131.8297011080868,121.87436757956047,9.955333528526324
28119486,28101908,28133157,131.94945154942147,121.99895879809132,9.950492751330145
28144730,28127152,28158401,131.56494538485782,125.4889755233033,6.075969861554526
28167123,28149545,28180794,132.63833263774137,125.78035747012451,6.857975167616857
28191198,28173620,28204869,132.811634768275,122.51946891184937,10.29216585642564
28215372,28197794,28229043,133.24504282863347,123.89422207242569,9.350820756207781
28240269,28222691,28253940,136.009646651689,133.5145259788785,2.4951206728104864
28264338,28246760,28278009,136.05335761051566,133.59948324959805,2.4538743609176095
28287788,28270210,28301459,133.28151834238759,123.77953997462893,9.501978367758653
28311878,28294300,28325549,133.29838466749848,123.38429894368491,9.914085723813571
28336252,28318674,28349923,133.2238688889104,124.168649738517,9.055219150393398
28360438,28342860,28374109,132.81930575044723,123.36769176250473,9.451613987942494
28385901,28368323,28399572,131.7741007037728,122.66246464112791,9.111636062644891
28408916,28391338,28422587,132.42321287788343,121.02498797625273,11.398224901630698
28433080,28415502,28446751,132.9007624884975,126.51935005780848,6.381412430689011
28457273,28439695,28470944,133.47001053223096,129.1995674415678,4.27044309066315
28481537,28463959,28495208,132.11918320260088,123.85060985795688,8.268573344643997
28505644,28488066,28519315,131.9590996382311,123.08871497084189,8.870384667389203
28529756,28512178,28543427,131.95586517237993,124.23472585218624,7.721139320193686
28553162,28535584,28566833,132.69043739872237,125.85148983058622,6.838947568136149
28577288,28559710,28590959,132.85529393485513,123.58493503341543,9.270358901439693
28601387,28583809,28615058,133.15137588284566,124.5591732477186,8.592202635127052
28625542,28607964,28639213,133.8662094499594,128.91039369999936,4.955815749960038
28649669,28632091,28663340,132.80265246363547,124.70130088215231,8.101351581483158
28673886,28656308,28687557,133.11484392224511,125.1775315470025,7.9373123752426125
28698038,28680460,28711709,134.9304492842579,129.3373936426768,5.593055641581088
28722273,28704695,28735944,135.01917509886889,130.61412399256858,4.405051106300306
28746318,28728740,28759989,132.88896650949272,123.75395891260504,9.135007596887675
28770503,28752925,28784174,133.07439772415992,124.58720625908134,8.487191465078581
28794652,28777074,28808323,133.99386873551802,129.0138367362039,4.9800319993141215
28818762,28801184,28832433,133.5188593089223,127.7360301113808,5.7828291975414885
28842884,28825306,28856555,132.913622526628,122.0692408494984,10.84438167712959
28866995,28849417,28880666,133.061018370665,124.06105260346746,8.999965767197551
28891094,28873516,28904765,134.55469791991698,130.43930220473567,4.115395715181307
28915243,28897665,28928914,134.90640569056373,131.58920794572214,3.317197744841593
28939162,28921584,28952833,132.82776409395586,124.76870410374124,8.059059990214621
28963268,28945690,28976939,132.59324001115652,121.2167079189004,11.376532092256127
28987483,28969905,29001154,132.8512049851675,123.13962810767741,9.711576877490089
29011671,28994093,29025342,133.51337660674287,127.66989921725357,5.843477389489294
29035610,29018032,29049281,133.73213490414534,127.53023444484471,6.2019004593006315
29059665,29042087,29073336,133.0960260531681,125.20027950988882,7.895746543279273
29083870,29066292,29097541,132.75522958957174,124.8543575965216,7.900871993050146
29892708,29875130,29906379,129.9107907294464,129.1262929398928,0.7844977895535976
29916953,29899375,29930624,132.50859368831155,127.75533289646951,4.753260791842038
29941022,29923444,29954693,135.2966455361458,131.3551522703109,3.9414932658349073
29964937,29947359,29978608,133.51071489014143,124.00959856886585,9.501116321275575
29989740,29972162,30003411,133.47180995293965,125.65790700464547,7.813902948294185
30013847,29996269,30027518,133.19852977478246,125.19330549088188,8.005224283900574
30038165,30020587,30051836,132.21227450439238,122.05665882060906,10.155615683783324
30060536,30042958,30074207,133.48212607948088,122.196022387102,11.286103692378873
30084679,30067101,30098350,133.52038059015968,121.82401286768858,11.696367722471095
30108721,30091143,30122392,138.51782485472046,137.52606576240592,0.9917590923145383
30132879,30115301,30146550,138.5563739749315,137.60255921408603,0.9538147608454608
30158905,30141327,30172576,131.97390405759407,122.41732150322073,9.556582554373335
30182103,30164525,30195774,133.08799160440378,123.57082856365557,9.517163040748216
30206250,30188672,30219921,133.20483478559785,123.63376517164575,9.571069613952105
30229636,30212058,30243307,133.37704879475592,123.46313844374656,9.913910351009363
30253825,30236247,30267496,133.24940113178027,122.77701538737583,10.472385744404448
30278289,30260711,30291960,134.16187774323606,127.30388930131892,6.8579884419171435
30302385,30284807,30316056,138.72614047168406,137.23039198197324,1.4957484897108202
30326452,30308874,30340123,133.18460564742327,123.75437773507932,9.430227912343952
30350654,30333076,30364325,133.33290643337585,120.93763684983205,12.395269583543808
30374731,30357153,30388402,134.05606174901155,125.16293087504742,8.893130873964125
30398924,30381346,30412595,135.09023504458108,129.3798093174485,5.710425727132588
30423042,30405464,30436713,134.32043317122054,126.22740362076942,8.09302955045112
30447076,30429498,30460747,133.9514415502724,123.94181517484179,10.0096263754306
30470662,30453084,30484333,134.06165623369807,121.05369516458018,13.007961069117897
30494767,30477189,30508438,138.50889975073113,136.46649940399007,2.0424003467410614
30518896,30501318,30532567,134.78359204036659,124.78812769245765,9.995464347908936
30542987,30525409,30556658,135.33397481459244,128.01552422626878,7.318450588323657
30567283,30549705,30580954,134.1611630221856,123.12009230374086,11.041070718444743
30591323,30573745,30604994,133.9621449200045,121.48444250746698,12.477702412537525
30616110,30598532,30629781,134.38839039561475,123.82749494978661,10.560895445828137
30640287,30622709,30653958,134.74839553964318,126.53388392105101,8.21451161859217
30664386,30646808,30678057,134.3442377862587,123.63681790172717,10.707419884531532
30688518,30670940,30702189,136.47953224031306,132.71010832937648,3.769423910936581
30712057,30694479,30725728,136.70036917360957,133.11590906289754,3.5844601107120297
30736560,30718982,30750231,134.50696804218526,122.58242189526547,11.924546146919795
30760760,30743182,30774431,134.73237538184338,125.71323995268926,9.019135429154119
30784823,30767245,30798494,134.43178814593756,123.77234391250569,10.65944423343187
30810439,30792861,30824110,133.50688190570543,121.71763973554232,11.789242170163106
30833989,30816411,30847660,134.6307977516179,127.33781992336013,7.292977828257776
30858094,30840516,30871765,134.80222229182468,128.34852156693677,6.453700724887909
30882176,30864598,30895847,136.46109426163213,132.50089170023855,3.9602025613935723
30906264,30888686,30919935,134.90196685252852,129.66226827483626,5.239698577692252
30930505,30912927,30944176,134.13469658844645,128.07000202773492,6.06469456071153
30954550,30936972,30968221,134.22201228952144,126.29708576376564,7.924926525755808
30978645,30961067,30992316,133.43019094163353,121.56587622289196,11.864314718741568
31002715,30985137,31016386,133.12338483241118,122.51419964880554,10.609185183605632
31026808,31009230,31040479,133.96713370771246,125.69224310946754,8.274890598244923
31049082,31031504,31062753,134.39338693767374,123.82653063874506,10.566856298928684
31073210,31055632,31086881,136.22991683026615,131.7197810386599,4.5101357916062454
31097349,31079771,31111020,134.847921058894,126.15507730891528,8.69284374997872
31121530,31103952,31135201,134.70792421623082,126.42042164936078,8.287502566870046
31145669,31128091,31159340,133.90661943761023,122.43934636761824,11.46727306999199
31169767,31152189,31183438,133.6007627828612,123.35710515776586,10.243657625095352
31193985,31176407,31207656,134.07374793261823,125.54316368998516,8.530584242633068
31218070,31200492,31231741,134.09976751235095,126.18069987983657,7.919067632514384
31242220,31224642,31255891,134.93794287328248,130.99522717775858,3.9427156955239013
31266381,31248803,31280052,135.5557325553511,132.26084611469904,3.2948864406520784
31290458,31272880,31304129,133.6634011369981,124.36940039032945,9.294000746668644
31314550,31296972,31328221,133.80523066783462,126.64202331946626,7.16320734836836
31338666,31321088,31352337,133.01721426857767,124.09394380646452,8.923270462113152
31362799,31345221,31376470,133.15922141959354,124.39955733175552,8.759664087838019
31386842,31369264,31400513,136.03123768095156,132.21569132925626,3.8155463516953034
31411084,31393506,31424755,133.8337328234792,126.29469322959011,7.5390395938891
31435230,31417652,31448901,133.1512073777268,122.09238905918752,11.058818318539267
31459354,31441776,31473025,133.74122564040886,125.91924355763531,7.821982082773545
31483510,31465932,31497181,133.34051301117026,123.45148314563647,9.889029865533786
31507579,31490001,31521250,134.10496255643483,128.18155274824068,5.923409808194151
31531800,31514222,31545471,137.107930150878,135.05468429303255,2.0532458578454396
31556068,31538490,31569739,133.44919821640704,123.77960145761905,9.66959675878799
31580127,31562549,31593798,133.42644574144552,123.05682150405306,10.369624237392458
31604340,31586762,31618011,142.44117320763303,141.48029186409005,0.9608813435429795
31628584,31611006,31642255,141.05389262550378,139.6621209638362,1.3917716616675762
31652749,31635171,31666420,133.90122827431313,127.39622259226515,6.50500568204798
31677617,31660039,31691288,134.11255528196003,127.3572807868357,6.7552744951243255
31701766,31684188,31715437,133.87090796258337,126.23207309522414,7.638834867359236
31725926,31708348,31739597,133.43070645466855,122.5713312599697,10.859375194698856
31750050,31732472,31763721,133.46572585457795,123.76786536829569,9.697860486282266
31774176,31756598,31787847,133.3391581930933,124.71706097783829,8.622097215255025
31798318,31780740,31811989,132.9442572602672,123.72094819650415,9.22330906376304
31822478,31804900,31836149,132.52450969521055,121.69073740911067,10.833772286099887
31846708,31829130,31860379,132.76623394694502,120.85138069786412,11.914853249080906
31871529,31853951,31885200,132.092976659946,120.31923922197771,11.773737437968293
31894663,31877085,31908334,132.9892415395841,122.07202303237861,10.91721850720549
31920008,31902430,31933679,134.5258894708664,130.71006322460727,3.815826246259121
31944256,31926678,31957927,134.55797303804448,130.81499851089177,3.742974527152711
31966640,31949062,31980311,133.9143965044498,127.79503621523843,6.119360289211372
31990849,31973271,32004520,134.10314422506448,126.21466682266714,7.888477402397342
32016427,31998849,32030098,147.57568370358194,147.14440569763246,0.43127800594947985
32039162,32021584,32052833,143.4534557917237,142.22800936640272,1.225446425320996
32063703,32046125,32077374,134.33795545071354,127.57800589502331,6.759949555690227
32087845,32070267,32101516,133.41321123575764,121.50233718164189,11.910874054115752
32113332,32095754,32127003,132.73422701452216,122.69781200842276,10.036415006099404
32137394,32119816,32151065,134.96173922902253,131.8332243387725,3.128514890250017
32160716,32143138,32174387,136.22053782376096,132.73729936126085,3.483238462500111
32184493,32166915,32198164,133.9482260435376,121.51062589909655,12.437600144441049
32208655,32191077,32222326,133.8146972708277,118.64884767617582,15.165849594651888
32233390,32215812,32247061,134.0698034028096,124.3956963901289,9.674107012680707
32257543,32239965,32271214,134.843478821715,128.26573722104004,6.577741600674955
32281705,32264127,32295376,134.12630294605518,125.40615782492799,8.720145121127189
32304733,32287155,32318404,133.94257239619915,120.51147148988846,13.43110090631069
32329787,32312209,32343458,133.79882994786752,122.19551892620557,11.603311021661952
32353503,32335925,32367174,133.86629185098002,125.17857352263007,8.687718328349945
32377659,32360081,32391330,134.2121629820249,126.16967689900943,8.042486083015461
32402187,32384609,32415858,133.42579434565022,121.49644452546751,11.929349820182708
32426412,32408834,32440083,133.40167659841788,121.0821145310397,12.319562067378186
32450602,32433024,32464273,133.51043516641542,120.73474193552983,12.775693230885594
32475598,32458020,32489269,132.68648301379142,119.70546805482606,12.98101495896536
32499740,32482162,32513411,133.44525195681905,123.45473024170188,9.990521715117168
32523963,32506385,32537634,133.8354359077924,127.0707631555988,6.764672752193604
32548088,32530510,32561759,133.53072731203414,123.27509197827649,10.255635333757652
32572134,32554556,32585805,133.6595734271463,120.52268478664048,13.13688864050583
32596609,32579031,32610280,134.05651837604768,126.96945956059398,7.087058815453702
32620565,32602987,32634236,134.27781362801596,128.6567067793604,5.6211068486555575
32643439,32625861,32657110,133.76079327606945,122.78706521456567,10.973728061503778
32667653,32650075,32681324,133.88637742985594,121.61481913003263,12.271558299823312
32691836,32674258,32705507,134.29020541390165,122.83112926661954,11.459076147282104
32716015,32698437,32729686,134.36749939859288,121.7390597211089,12.628439677483982
32740519,32722941,32754190,134.10554141826222,120.52632857180646,13.57921284645576
32764666,32747088,32778337,134.11257199961386,121.50301198343377,12.609560016180097
32789552,32771974,32803223,134.25275261883633,126.62788233570515,7.624870283131173
32812572,32794994,32826243,134.09211745848364,124.39485106504749,9.697266393436152
32837380,32819802,32851051,133.6549422739063,121.5101630988683,12.144779175037996
32860400,32842822,32874071,133.8388549668116,123.09089237313599,10.74796259367561
32884562,32866984,32898233,134.27934723430437,127.0492436283959,7.230103605908468
32908704,32891126,32922375,134.1770269009524,127.72570358399507,6.451323316957328
32932832,32915254,32946503,133.41175017824642,123.74795800097557,9.66379217727085
32956985,32939407,32970656,133.1069833986615,123.61628694101071,9.490696457650785
32981173,32963595,32994844,132.95731282177076,121.62539772373721,11.331915098033548
33005325,32987747,33018996,133.23629327428216,121.07900372908497,12.157289545197187
33029532,33011954,33043203,133.85089601773913,126.67659075322454,7.174305264514587
33053570,33035992,33067241,133.57937640532694,126.33702508300652,7.242351322320417
33077714,33060136,33091385,133.25718516638437,122.31964621713519,10.937538949249188
33101858,33084280,33115529,133.0547402798341,120.76156435104713,12.29317592878698
33125984,33108406,33139655,133.55504831386418,124.48179741968386,9.073250894180319
33150138,33132560,33163809,133.5474996234401,124.62383548106799,8.923664142372118
33174281,33156703,33187952,134.17836866363115,128.91742256035093,5.260946103280219
33198490,33180912,33212161,134.03369233269675,125.71160442488656,8.322087907810186
33222599,33205021,33236270,133.80578829931562,122.24666190321705,11.559126396098577
33246646,33229068,33260317,133.5590752764506,123.00912632066382,10.549948955786789
33270783,33253205,33284454,134.30195091000834,128.75638539283773,5.5455655171706155
33294970,33277392,33308641,134.45321739691727,129.35789138708216,5.095326009835105
33319124,33301546,33332795,134.8874481573345,131.02220660392416,3.8652415534103284
33343270,33325692,33356941,132.972537851156,123.09474611252764,9.87779173862836
33367498,33349920,33381169,133.76091030175098,128.14186496073458,5.6190453410164025
33391670,33374092,33405341,132.7804335353826,122.77261207958021,10.007821455802386
33415865,33398287,33429536,132.89361726587845,120.51521482301109,12.378402442867355
33440074,33422496,33453745,133.72420973990157,126.66828252705187,7.055927212849696
33464288,33446710,33477959,133.44966345564484,125.30147089439575,8.14819256124909
33489234,33471656,33502905,132.6636633082233,122.06284137828108,10.600821929942228
33513290,33495712,33526961,134.14235090724466,129.64589257366464,4.496458333580023
33537609,33520031,33551280,133.38029498335547,124.4177136160168,8.962581367338672
33561776,33544198,33575447,133.32826619752117,122.45480722478283,10.873458972738348
33585970,33568392,33599641,133.05708427921076,121.37615668031955,11.680927598891202
33610386,33592808,33624057,132.95816472328275,121.51808544127194,11.440079282010814
33634470,33616892,33648141,133.0702156273293,121.61170947893359,11.458506148395713
33658633,33641055,33672304,134.3367186081352,129.49248737277378,4.844231235361406
33683309,33665731,33696980,135.76912998362982,133.75279547113578,2.0163345124940406
33707570,33689992,33721241,134.0287004941327,130.56774512256646,3.4609553715662287
33731241,33713663,33744912,132.93461077787424,120.89922990665971,12.035380871214528
33755512,33737934,33769183,133.57598927062787,124.76214645007502,8.81384282055285
33779012,33761434,33792683,134.04068795605116,125.64363166817026,8.3970562878809
33803140,33785562,33816811,133.66188069821789,122.55329662776879,11.108584070449098
33827868,33810290,33841539,133.1822288415479,121.72728121800922,11.454947623538672
33852070,33834492,33865741,139.17761666601908,136.49287394358146,2.684742722437619
33876035,33858457,33889706,139.19785932229314,136.52382376668078,2.674035555612363
33900232,33882654,33913903,135.21786080671188,128.57792116646945,6.6399396402424316
33924020,33906442,33937691,134.81962531180108,127.53134988233373,7.2882754294673475
33948906,33931328,33962577,133.17662622252686,121.15185222148895,12.024774001037912
33972783,33955205,33986454,133.3931566804124,121.83835496395376,11.554801716458641
33996989,33979411,34010660,133.85287019466801,123.31458831770985,10.538281876958166
34020265,34002687,34033936,133.81903535601748,123.49448396660648,10.324551389410999
34045999,34028421,34059670,137.9788602796481,137.10659597154967,0.8722643080984369
34070220,34052642,34083891,134.60066116790108,129.8308737275961,4.769787440304981
34092780,34075202,34106451,133.6255175184366,123.65813972908666,9.96737778934994
34116844,34099266,34130515,133.52799865956356,121.95442885364487,11.573569805918694
34140979,34123401,34154650,133.429920152667,124.987528468926,8.442391683740993
34165171,34147593,34178842,133.3074219534766,128.41128775806902,4.896134195407569
34189838,34172260,34203509,133.601097842378,127.9400947420751,5.661003100302906
34214922,34197344,34228593,138.6098519284537,136.59786263246934,2.011989295984364
34240188,34222610,34253859,138.61402164597928,136.48291041702146,2.1311112289578205
34265406,34247828,34279077,133.39118614626187,122.0425716704991,11.348614475762773
34292382,34274804,34306053,133.00289768194145,125.35492194678346,7.647975735157985
34316676,34299098,34330347,133.67278300618892,125.09352003822741,8.579262967961512
34341860,34324282,34355531,133.63563090968321,122.24603306922413,11.38959784045909
34367124,34349546,34380795,133.66102292195225,122.84403753452439,10.816985387427863
34392341,34374763,34406012,136.69152279124881,133.8271745496413,2.8643482416075017
34417559,34399981,34431230,138.9653456973047,137.2574028422356,1.7079428550691205
34443443,34425865,34457114,133.33851155406805,125.15311065527881,8.18540089878924
34468756,34451178,34482427,133.45921512105738,124.8508456315092,8.608369489548181
34493952,34476374,34507623,133.04048616653705,121.06770268409618,11.972783482440875
34518214,34500636,34531885,133.13349448142662,120.90519237782125,12.228302103605373
34543564,34525986,34557235,133.48231868806175,125.37356625188998,8.10875243617177
34568332,34550754,34582003,134.83868975994835,129.63909103044296,5.1995987295053965
34593571,34575993,34607242,138.17574534606322,136.90311947852882,1.2726258675344013
34618802,34601224,34632473,133.8818525167283,127.4210525426661,6.4607999740621835
34643989,34626411,34657660,132.93734576537932,124.90831670460075,8.02902906077857
34669217,34651639,34682888,134.15341168183224,129.73520451782525,4.418207164006986
34693979,34676401,34707650,135.18382754522082,130.82995213740605,4.353875407814769
34719573,34701995,34733244,133.042283596077,121.52014743514155,11.522136160935446
34744853,34727275,34758524,132.83798031544757,119.49143490850207,13.346545406945495
34770042,34752464,34783713,133.60997158297639,127.02161206811687,6.588359514859519
34795173,34777595,34808844,138.12893503456547,136.75977322159827,1.3691618129672065
34819785,34802207,34833456,133.97055735534437,125.95307971336909,8.017477641975276
34845611,34828033,34859282,134.88690359844446,129.79881995011883,5.088083648325636
34870122,34852544,34883793,133.68774924424196,121.6860377335041,12.001711510737863
34895926,34878348,34909597,133.44397408797744,120.64069883569479,12.803275252282646
34920586,34903008,34934257,134.43566697073652,127.82552167746323,6.610145293273291
34945829,34928251,34959500,134.91931191528482,129.39836862597042,5.520943289314403
34970997,34953419,34984668,134.3089231081508,128.6811621883206,5.6277609198301946
34996337,34978759,35010008,135.94982358094717,133.11521693158832,2.8346066493588467
35021512,35003934,35035183,133.35343270062884,124.12264892146985,9.230783779158998
35047245,35029667,35060916,132.797178126207,123.5762906567689,9.220887469438097
35073369,35055791,35087040,132.43326392588025,123.19127184110425,9.241992084776001
35099650,35082072,35113321,133.16597072644979,125.26281397026948,7.903156756180309
35125863,35108285,35139534,132.38601429746944,121.69210830736318,10.69390599010626
35152095,35134517,35165766,132.8347565397078,125.99763154132884,6.837124998378954
35178376,35160798,35192047,134.47917252862672,131.258451588077,3.220720940549711
35204628,35187050,35218299,131.96008672845082,124.14367401979901,7.816412708651811
35231978,35214400,35245649,131.65496655466904,122.12713577105626,9.527830783612785
35258738,35241160,35272409,131.31265912586449,122.1306795759154,9.18197954994909
35285401,35267823,35299072,131.1177315000653,122.21399081143812,8.903740688627181
35312202,35294624,35325873,132.4282439842365,125.85978748953652,6.568456494699987
35338947,35321369,35352618,135.52547296669954,133.60181302239644,1.9236599443030968
35365678,35348100,35379349,133.8017884661407,129.81979804214876,3.981990423991931
35392387,35374809,35406058,132.4957569818892,125.12175532663483,7.374001655254375
35419126,35401548,35432797,132.29899592492788,126.68639761986259,5.612598305065291
35446016,35428438,35459687,131.63276565953873,123.35221393518276,8.280551724355973
35472646,35455068,35486317,132.39315796759797,125.7606943362056,6.632463631392369
35499463,35481885,35513134,134.8574992756685,131.53796399440157,3.3195352812669228
35524632,35507054,35538303,132.32763376826455,122.08344923814923,10.24418453011532
35551531,35533953,35565202,134.8908318154272,131.7054166182523,3.1854151971749047
35578077,35560499,35591748,134.8909624428772,132.15208999097746,2.738872451899738
35605049,35587471,35618720,135.28603785238735,132.8990542017396,2.3869836506477498
35631724,35614146,35645395,132.01482732210917,122.73788164250183,9.276945679607337
35659263,35641685,35672934,131.32439254745069,123.64723155154178,7.677160995908906
35685898,35668320,35699569,132.7897029776392,128.44667944713183,4.343023530507367
35712601,35695023,35726272,131.72630193808556,123.9926556891117,7.733646248973855
35738930,35721352,35752601,138.23306702122704,137.0533858066766,1.1796812145504418
35765612,35748034,35779283,133.22729911754539,127.18573925202566,6.04155986551973
35793463,35775885,35807134,132.15748812636082,121.12642962132561,11.031058505035205
35820218,35802640,35833889,132.01995955062327,120.11365850890337,11.9063010417199
35846922,35829344,35860593,131.90612329779125,123.404132111326,8.501991186465247
35872427,35854849,35886098,132.88743350255913,125.40153895929515,7.485894543263981
35899223,35881645,35912894,134.13274484088444,129.98517341461277,4.147571426271668
35926377,35908799,35940048,138.08206876665372,136.80565216016043,1.2764166064932851
35953571,35935993,35967242,132.00081958793032,124.19002076453553,7.810798823394791
35980862,35963284,35994533,133.09599654460544,128.20330377220347,4.892692772401972
36008506,35990928,36022177,132.33806891554804,126.42206842407367,5.916000491474364
36035929,36018351,36049600,132.19646074166772,121.97740835453092,10.219052387136799
36063583,36046005,36077254,132.45608385745723,124.07968855632302,8.37639530113421
36091320,36073742,36104991,137.05811978096625,135.5043624421709,1.55375733879535
36118954,36101376,36132625,134.17716352068044,130.92298547076592,3.2541780499145148
36147036,36129458,36160707,132.97928867114732,123.48189792852259,9.49739074262473
36175090,36157512,36188761,134.09624593174416,129.88030730153926,4.215938630204903
36203325,36185747,36216996,133.00693788249308,127.33441435112938,5.672523531363694
36231372,36213794,36245043,131.89366051981293,119.71000392596628,12.18365659384665
36259466,36241888,36273137,132.17817835119794,122.72227124227851,9.455907108919433
36287189,36269611,36300860,138.60861348711134,137.7003934385882,0.908220048523134
36315290,36297712,36328961,132.3615101434693,123.34260138871285,9.018908754756453
36343423,36325845,36357094,132.3991790208597,123.88952775594676,8.509651264912932
36371644,36354066,36385315,132.12776332520326,122.53862595189563,9.589137373307636
36399838,36382260,36413509,132.351735626284,121.91753372083689,10.434201905447125
36427870,36410292,36441541,132.96342611761526,126.45663373735198,6.506792380263278
36457244,36439666,36470915,135.1637867872481,132.7702265637423,2.3935602235058013
36484156,36466578,36497827,134.99476410114863,133.02649781583335,1.9682662853152806
36512222,36494644,36525893,131.97842870265058,120.0964930130695,11.88193568958107
36540315,36522737,36553986,132.73140660409163,125.80880764515554,6.922598958936092
36568442,36550864,36582113,132.25555558254828,125.31755815338089,6.937997429167396
36596515,36578937,36610186,131.67305113122345,119.83272789208796,11.840323239135486
36624051,36606473,36637722,132.17062254477239,121.81536702016679,10.355255524605596
36652127,36634549,36665798,138.47707328079306,137.42393261705615,1.0531406637369116
36680574,36662996,36694245,132.14907772838563,121.05992268687736,11.089155041508278
36708729,36691151,36722400,132.48269177515522,123.27614848362771,9.20654329152751
36736828,36719250,36750499,133.47944234514446,128.04645921303418,5.43298313211028
36765780,36748202,36779451,132.11989840751323,121.56461144445502,10.555286963058208
36793799,36776221,36807470,132.4859752876299,123.1394942869983,9.346481000631613
36821905,36804327,36835576,134.55461212866683,130.28221997485053,4.272392153816298
36850758,36833180,36864429,135.48742992942886,133.02211416047115,2.4653157689577085
36878238,36860660,36891909,131.76412798811333,120.24167867720399,11.522449310909337
36906392,36888814,36920063,133.21031840440966,127.76591037573641,5.4444080286732515
36934568,36916990,36948239,133.06751276411114,127.1977380146228,5.869774749488343
36962743,36945165,36976414,131.49068771350056,122.46836952039574,9.022318193104823
37610407,37592829,37624078,133.87928151591555,133.06033999298867,0.8189415229268775
37640024,37622446,37653695,131.55787841180182,124.58103017328571,6.976848238516112
37666534,37648956,37680205,131.9876334073718,124.56239324010878,7.425240167263013
37694526,37676948,37708197,132.62708025771312,126.31580671276636,6.311273544946758
37722637,37705059,37736308,131.89888039657907,121.49587717169558,10.403003224883491
37750855,37733277,37764526,132.08480898026932,123.02200134298815,9.062807637281168
37779075,37761497,37792746,137.97926664067924,137.11959910204888,0.8596675386303616
37807287,37789709,37820958,132.46970448642864,122.12040901383361,10.349295472595031
37835583,37818005,37849254,131.96416595973463,119.91882182429329,12.04534413544134
37863833,37846255,37877504,131.74959547756376,119.89902511299081,11.850570364572945
37892406,37874828,37906077,133.23995041624647,126.9399501495611,6.300000266685373
37921293,37903715,37934964,133.47676531420433,128.18631798420347,5.290447330000859
37949090,37931512,37962761,137.67462866511732,137.06544776505734,0.6091809000599824
37977706,37960128,37991377,133.70166923535868,129.82617291083056,3.8754963245281147
38005516,37987938,38019187,135.13297329203706,131.5665853887982,3.5663879032388763
38033808,38016230,38047479,133.24336136077272,125.79479089323769,7.448570467535035
38062269,38044691,38075940,132.16408030094144,119.94169334032554,12.222386960615893
38090361,38072783,38104032,132.3912415125345,119.79351393523214,12.59772757730235
38119007,38101429,38132678,133.5607184077116,125.76113237876456,7.799586028947033
38147365,38129787,38161036,138.39913095802163,137.44207046702633,0.9570604909953033
38175752,38158174,38189423,133.876724520864,130.8278616188546,3.048862902009404
38203357,38185779,38217028,134.7874844414493,130.8294120044819,3.9580724369673987
38231362,38213784,38245033,133.68218585331928,128.9260141327132,4.7561717206060905
38260276,38242698,38273947,134.90076864865463,131.059910246045,3.8408584026096264
38288540,38270962,38302211,135.23374663015449,132.92738044913054,2.3063661810239466
38316715,38299137,38330386,138.67865214324195,137.57817706247545,1.1004750807665005
38344997,38327419,38358668,138.1229368909479,136.77695387419635,1.3459830167515463
38372157,38354579,38385828,134.5970579356166,131.16452649972342,3.432531435893168
38400996,38383418,38414667,133.17658329402948,125.6200853947462,7.556497899283286
38430178,38412600,38443849,132.97833761791603,122.42621907517207,10.552118542743955
38460498,38442920,38474169,132.34213665218908,122.06560441163263,10.276532240556449
38489767,38472189,38503438,134.35244984348225,129.60394957366378,4.748500269818464
38517768,38500190,38531439,136.249692605557,133.47136133674348,2.7783312688135027
38547132,38529554,38560803,133.31580152455675,120.65332310584296,12.662478418713789
38576354,38558776,38590025,133.24503447516713,120.42000758017123,12.8250268949959
38605618,38588040,38619289,133.59226839704513,124.56713971793147,9.025128679113664
38636500,38618922,38650171,133.00555297894593,126.9503245474973,6.055228431448626
38665787,38648209,38679458,132.57882205637824,123.88298083896011,8.695841217418135
38695151,38677573,38708822,134.72587388928005,130.970927619826,3.7549462694540523
38724851,38707273,38738522,135.25397753753776,133.37195120479527,1.8820263327424982
38753931,38736353,38767602,132.807560668321,126.6791728905173,6.1283877778037095
38784061,38766483,38797732,132.4429741803465,121.79229415813096,10.650680022215553
38815259,38797681,38828930,132.10594023784358,122.8728296075738,9.233110630269778
38844615,38827037,38858286,132.46603966872556,123.0788919579247,9.38714771080086
38874534,38856956,38888205,132.22972560296165,124.38228974668442,7.8474358562772295
38905274,38887696,38918945,134.72164869603878,132.27830891879407,2.4433397772447165
38935972,38918394,38949643,131.4581899134279,121.12886127665212,10.329328636775784
38965172,38947594,38978843,131.69226157328387,123.13623744936507,8.556024123918803
38996359,38978781,39010030,132.59119627187883,126.44919596445838,6.142000307420446
39026031,39008453,39039702,131.94148202315404,124.9651003815113,6.976381641642732
39055777,39038199,39069448,132.0264612955125,121.70803685476847,10.318424440744025
39085897,39068319,39099568,133.95223673367872,130.33541684445868,3.6168198892200394
39116016,39098438,39129687,137.398253696291,135.69211451422464,1.7061391820663516
39146170,39128592,39159841,132.1748956670983,127.46932481447317,4.705570852625129
39176369,39158791,39190040,131.99740821804204,123.21196087695111,8.78544734109093
39207400,39189822,39221071,132.956150934599,126.04018783717093,6.915963097428076
39236594,39219016,39250265,133.0279202111323,128.86454414475241,4.163376066379897
39266092,39248514,39279763,133.1159447721713,129.38573182130517,3.7302129508661324
39296141,39278563,39309812,131.69894943428483,123.15619532039767,8.542754113887156
39326882,39309304,39340553,131.99878481272287,122.61988553890824,9.378899273814639
39356987,39339409,39370658,133.05324961707663,127.12467937691933,5.928570240157299
39387195,39369617,39400866,132.13254458898166,125.52762979651406,6.604914792467596
39417394,39399816,39431065,131.6265236116867,122.17107128132697,9.455452330359734
39447508,39429930,39461179,132.0353322565115,122.74117589880001,9.2941563577115
39477747,39460169,39491418,131.79373528261777,124.80070379227982,6.993031490337955
39508185,39490607,39521856,134.29077567053722,132.2836506549137,2.007125015623501
39537852,39520274,39551523,131.42970976841175,121.70767456013829,9.722035208273468
39568006,39550428,39581677,131.77192399302774,121.20957140852612,10.562352584501625
39598736,39581158,39612407,132.8401011068567,127.34607935176938,5.494021755087331
39629006,39611428,39642677,132.75934919599626,127.199432429054,5.5599167669422656
39659410,39641832,39673081,132.27311130247531,122.58087935910814,9.692231943367176
39689753,39672175,39703424,132.79862325863948,122.84240931555642,9.956213943083057
39719991,39702413,39733662,138.7279217969965,137.74075761427753,0.9871641827189706
39749139,39731561,39762810,138.52266268899936,137.76386309265484,0.7587995963445167
39779654,39762076,39793325,136.78931962860193,134.96578438539973,1.8235352432022012
39809725,39792147,39823396,132.95773330151866,124.8851221739941,8.072611127524553
39839765,39822187,39853436,135.77274967266328,133.32512280977988,2.4476268628833964
39869908,39852330,39883579,133.48470352950525,129.2420294845469,4.242674044958363
39899902,39882324,39913573,134.0651428503291,130.687736626733,3.377406223596097
39928804,39911226,39942475,133.01737055028684,133.8963196459914,-0.87894909570457
39958842,39941264,39972513,148.53976844748604,148.55424671229832,-0.01447826481228276
39989166,39971588,40002837,138.00570666978464,136.4123710197574,1.5933356500272566
40019324,40001746,40032995,133.77679596076842,128.60115766727077,5.175638293497656
40050213,40032635,40063884,135.0947786455556,132.5155935145995,2.5791851309561196
40080104,40062526,40093775,146.98030812366076,146.6711182947812,0.3091898288795676
40110361,40092783,40124032,135.5856269130431,133.45316889350545,2.132458019537637
40140476,40122898,40154147,131.64833795351194,121.67344457856512,9.974893374946816
40170192,40152614,40183863,133.45855398234997,127.85356253299085,5.604991449359119
40200329,40182751,40214000,134.38229307932545,130.7609768832785,3.621316196046962
40230433,40212855,40244104,132.25283770040653,125.75674134095249,6.496096359454043
40260441,40242863,40274112,131.63696665507254,124.3966238501732,7.240342804899342
40290481,40272903,40304152,131.84268342499476,122.11437943663711,9.728303988357652
40321000,40303422,40334671,132.30353665432946,124.02481230801308,8.27872434631638
40350381,40332803,40364052,133.40491115140088,127.83737788505223,5.567533266348647
40380894,40363316,40394565,131.71287868325956,121.67746433931278,10.035414343946783
40410950,40393372,40424621,131.8924320908842,120.90862370517658,10.983808385707619
40441111,40423533,40454782,133.41366811267366,128.32168553448088,5.091982578192784
40471312,40453734,40484983,133.5855886169254,127.72219778550476,5.863390831420645
40501279,40483701,40514950,132.6979610632426,122.13367217757899,10.5642888856636
40530928,40513350,40544599,133.1457389999077,126.5064542931293,6.639284706778412
40561409,40543831,40575080,134.16430941492857,130.20948121503355,3.9548281998950188
40591596,40574018,40605267,132.31360678558,122.52219220024784,9.791414585332149
40620615,40603037,40634286,132.78425301018723,122.42684017330356,10.357412836883668
40650688,40633110,40664359,133.83788576569978,128.62382836361806,5.214057402081721
40680829,40663251,40694500,132.66858023103512,123.65596098291051,9.012619248124608
40711540,40693962,40725211,132.60519337856223,125.0052548578178,7.5999385207444305
40741576,40723998,40755247,135.23090775231756,132.21727808648293,3.013629665834628
40771736,40754158,40785407,132.74913065228938,123.60871971163819,9.140410940651194
40801639,40784061,40815310,132.60099214177455,120.14612291604595,12.4548692257286
40831701,40814123,40845372,133.20288617223534,122.30966015073923,10.893226021496105
40861691,40844113,40875362,133.57321746527938,124.72103825739242,8.852179207886962
40891738,40874160,40905409,133.65117491241463,123.75494566952932,9.896229242885312
40921765,40904187,40935436,135.35384776136212,131.73368256627282,3.6201651950892995
40951732,40934154,40965403,133.40306108745085,121.34873928841708,12.054321799033772
40982219,40964641,40995890,133.34740252361567,123.35482299112721,9.992579532488463
41012944,40995366,41026615,135.63604246335984,130.1963570697234,5.439685393636438
41043142,41025564,41056813,133.97523473248935,126.55122984329398,7.424004889195373
41073059,41055481,41086730,132.7751782741354,120.88417686650683,11.891001407628579
41103130,41085552,41116801,135.76664507351285,133.20720773854035,2.5594373349725004
41133354,41115776,41147025,134.29067710628863,130.1193617880178,4.171315318270814
41163453,41145875,41177124,132.79533813291118,124.81276953373015,7.982568599181036
41193609,41176031,41207280,132.6557506090586,122.38097606967933,10.274774539379266
41223494,41205916,41237165,133.85897443143423,129.07924900970443,4.7797254217298075
41252198,41234620,41265869,136.0046241901016,133.40638885982094,2.5982353302806587
41282270,41264692,41295941,138.410309011132,137.23684519745416,1.1734638136778415
41313253,41295675,41326924,133.0397160713539,122.60650465419653,10.433211417157366
41343366,41325788,41357037,134.53159766906703,130.22410214646104,4.30749552260599
41373458,41355880,41387129,134.35339132505854,128.0035242723657,6.349867052692844
41402477,41384899,41416148,133.21143157813754,122.64409699033337,10.567334587804169
41433367,41415789,41447038,132.8661262169668,121.66449494245865,11.201631274508145
41463473,41445895,41477144,138.55531467175084,137.25859483027006,1.2967198414807797
41492751,41475173,41506422,133.18162559688506,124.49314679225276,8.688478804632297
41524296,41506718,41537967,133.5727609083587,126.25936958505054,7.313391323308167
41554043,41536465,41567714,132.37583998937833,121.21664409098288,11.159195898395453
41583037,41565459,41596708,132.37441202452118,121.58444122858182,10.789970795939354
41613844,41596266,41627515,133.12772366640215,122.98706179830306,10.140661868099087
41643237,41625659,41656908,139.9768592727272,139.05679979702523,0.9200594757019758
41673964,41656386,41687635,132.92208786575975,124.63805720431952,8.284030661440227
41704288,41686710,41717959,133.11461822517253,121.49955358075017,11.615064644422361
41733336,41715758,41747007,133.88397144151813,128.065272238392,5.81869920312613
41764847,41747269,41778518,133.53809626224427,124.42269581604376,9.11540044620051
41794836,41777258,41808507,133.1567003276121,121.84743073282922,11.309269594782876
41824211,41806633,41837882,138.77406773452063,137.83562402102308,0.9384437134975485
41854324,41836746,41867995,133.58545045425532,123.74969459610247,9.83575585815285
41884409,41866831,41898080,134.3244498414373,129.6022238281518,4.722226013285507
41914466,41896888,41928137,134.023751457359,123.55591842444949,10.46783303290951
41944499,41926921,41958170,133.8239288637722,121.30505986256331,12.518869001208898
41974547,41956969,41988218,134.088620611239,124.41945690045443,9.669163710784574
42004521,41986943,42018192,138.73314331847047,137.43599766387354,1.2971456545969318
42034511,42016933,42048182,134.33835536340663,125.18960800513058,9.148747358276054
42064561,42046983,42078232,133.8559026672193,124.53697258562917,9.318930081590139
42094577,42076999,42108248,133.83473342817044,123.64506005404135,10.189673374129086
42124692,42107114,42138363,133.88375660295867,122.4476889587481,11.436067644210567
42154727,42137149,42168398,134.60346526686925,129.5061236902097,5.097341576659545
42185403,42167825,42199074,133.81776810989646,123.47391985861931,10.343848251277151
42214897,42197319,42228568,136.60819949168715,134.2654769218604,2.3427225698267478
42245008,42227430,42258679,133.6100369219107,126.86007092876403,6.749965993146674
42776283,42758705,42789954,133.7608639286322,130.9392044999459,2.821659428686303
42806079,42788501,42819750,135.92757331627922,131.54158498498757,4.3859883312916566
42836325,42818747,42849996,134.75935685757182,126.59873722582927,8.160619631742549
42866541,42848963,42880212,137.72792097081202,134.0917097326798,3.6362112381322333
42896194,42878616,42909865,134.73201180321246,128.71034828348243,6.021663519730026
42926248,42908670,42939919,134.35574748461806,121.44576694983628,12.90998053478178
42955879,42938301,42969550,134.52310992424125,123.39413578825469,11.128974135986567
42986056,42968478,42999727,138.73541661212582,137.05192096284497,1.683495649280843
43015872,42998294,43029543,135.2315169850584,129.0062357114971,6.225281273561279
43046031,43028453,43059702,135.08101650795498,127.23617919775145,7.8448373102035305
43076099,43058521,43089770,134.62354300639043,122.48652501658611,12.13701798980432
43106170,43088592,43119841,136.671528570878,131.43232990113592,5.2391986697420805
43136288,43118710,43149959,136.21223122981806,131.6666773256656,4.545553904152456
43166479,43148901,43180150,139.34297933779453,137.22651246044342,2.1164668773511153
43196949,43179371,43210620,135.31822521863492,123.96174939082735,11.356475827807571
43227036,43209458,43240707,136.42046724627977,130.79870593926037,5.621761307019398
43257101,43239523,43270772,136.19187226595403,131.08903671764065,5.102835548313379
43286973,43269395,43300644,135.16700286023706,121.623769780218,13.543233080019064
43317008,43299430,43330679,135.54830533453713,127.59561846588822,7.952686868648911
43347488,43329910,43361159,139.12005950668984,137.66583722992908,1.4542222767607598
43377546,43359968,43391217,134.77221892747644,122.92853476758573,11.843684159890714
43407720,43390142,43421391,134.90297422810985,123.21289448786489,11.690079740244968
43437831,43420253,43451502,134.77405147332522,123.4716757463751,11.302375726950117
43468006,43450428,43481677,134.79099731647833,123.01093947689152,11.780057839586803
43498210,43480632,43511881,134.5381744682769,124.95103948291396,9.587134985362951
43528423,43510845,43542094,138.06523648383433,136.80818944900147,1.2570470348328513
43558570,43540992,43572241,135.17548282718332,125.03798633053476,10.137496496648552
43588681,43571103,43602352,136.25016203615553,132.33806670532692,3.912095330828606
43618747,43601169,43632418,135.35169766169875,128.1335356813614,7.2181619803373565
43648779,43631201,43662450,135.13568054712573,122.39819999724033,12.737480549885404
43679245,43661667,43692916,135.41670775338926,124.65462109407429,10.762086659314974
43709073,43691495,43722744,135.44383796331144,128.13165854949457,7.312179413816864
43739237,43721659,43752908,136.65699077539702,133.12597502542448,3.531015749972539
43769246,43751668,43782917,134.636398200315,121.51528784408006,13.121110356234936
43799447,43781869,43813118,136.2416158752399,129.60995655985354,6.631659315386344
43829292,43811714,43842963,135.00760479786052,128.4650714668575,6.542533331003028
43859629,43842051,43873300,134.47037431824307,121.59504071948322,12.875333598759852
43889673,43872095,43903344,134.96245690789516,123.26376865373989,11.698688254155272
43919894,43902316,43933565,137.1028626768767,133.00876094517284,4.094101731703859
43950107,43932529,43963778,135.22076073021455,127.30537867934372,7.915382050870832
43979822,43962244,43993493,134.4934320325445,122.09051337588085,12.402918656663644
44010292,43992714,44023963,134.6108776952372,125.42144288752306,9.18943480771415
44040199,44022621,44053870,135.34822485983454,127.84285580163511,7.505369058199435
44070353,44052775,44084024,134.800984510377,126.88841218383318,7.91257232654381
44100598,44083020,44114269,136.1125589664385,131.60474741389098,4.507811552547537
44130743,44113165,44144414,134.89967305442792,127.31232399348742,7.587349060940497
44161028,44143450,44174699,134.89597267320337,126.91024807242236,7.985724600781012
44191199,44173621,44204870,134.37889699920228,121.21803224066214,13.160864758540143
44221704,44204126,44235375,134.57540348551976,124.27687215532758,10.298531330192176
44251546,44233968,44265217,134.81261811552176,124.0206291099652,10.791989005556559
44281683,44264105,44295354,134.97497976017388,124.20421926133452,10.770760498839365
44311925,44294347,44325596,136.52499655705918,132.4052516550422,4.119744902016976
44342125,44324547,44355796,134.49217015928994,120.05714453479942,14.435025624490521
44372654,44355076,44386325,134.58862314333683,121.6305278481529,12.958095295183938
44402792,44385214,44416463,134.82781012464335,123.41567601301244,11.412134111630905
44433701,44416123,44447372,134.603656698927,122.30502441035733,12.298632288569678
44463924,44446346,44477595,134.327964066865,123.2077051851379,11.12025888172711
44494313,44476735,44507984,137.6034762875676,134.7797712504901,2.823705037077474
44524367,44506789,44538038,134.537974785079,123.01418990254484,11.523784882534159
44553851,44536273,44567522,134.88584297579524,125.91677469556302,8.969068280232221
44583673,44566095,44597344,134.42914508746173,123.06156050716771,11.367584580294022
44613977,44596399,44627648,134.4280775472507,122.48827447552449,11.939803071726203
44644298,44626720,44657969,134.5736649216251,125.45658189426388,9.117083027361218
44674448,44656870,44688119,136.40147060008286,132.77015135342478,3.63131924665808
44704539,44686961,44718210,134.21387165337234,123.84930824975683,10.364563403615506
44734827,44717249,44748498,134.17048772674337,121.26939149332077,12.901096233422606
44765062,44747484,44778733,134.95853493882205,127.40857121699536,7.5499637218267
44794695,44777117,44808366,135.21199715305212,129.06479421055974,6.147202942492385
44824863,44807285,44838534,134.02166247988862,122.46509998929825,11.556562490590366
44855079,44837501,44868750,135.39504147821188,131.23675381903237,4.158287659179507
44885159,44867581,44898830,133.88743725250546,125.19098880920744,8.696448443298024
44915254,44897676,44928925,136.39011127564092,133.37127035952048,3.018840916120439
44945585,44928007,44959256,135.01872026671552,130.21400048685916,4.804719779856356
44975790,44958212,44989461,133.41576605836042,122.59628865650083,10.819477401859587
45006456,44988878,45020127,133.94188479996504,123.93724490704551,10.004639892919528
45036281,45018703,45049952,138.3188019045303,136.62381544130875,1.6949864632215395
45065998,45048420,45079669,143.6895824245747,143.0030838776456,0.6864985469291014
45097323,45079745,45110994,133.181278385212,122.96598658256127,10.21529180265074
45126345,45108767,45140016,133.25752190828553,123.73693221961457,9.520589688670952
45156436,45138858,45170107,142.03525219994268,140.94792961136164,1.0873225885810314
45186904,45169326,45200575,134.30253201417176,130.13827974220231,4.1642522719694455
45217088,45199510,45230759,138.4287582882769,136.8402623890258,1.588495899251086
45247576,45229998,45261247,132.76192654305038,123.00721208463298,9.754714458417396
45277544,45259966,45291215,134.06417772800495,129.81051757680987,4.253660151195078
45308430,45290852,45322101,134.49884156331117,130.64603628314438,3.852805280166791
45338605,45321027,45352276,134.44383914736656,129.14704685036787,5.296792296998689
45369293,45351715,45382964,139.0255421627132,138.28077706714313,0.7447650955700738
45397784,45380206,45411455,141.39878237352744,139.60472759204885,1.794054781478593
45428387,45410809,45442058,133.69856280514279,125.81154904454854,7.887013760594243
45458773,45441195,45472444,134.52569850680464,128.0814624059787,6.444236100825947
45489494,45471916,45503165,139.473464613398,138.52875234462263,0.944712268775362
45518033,45500455,45531704,133.68856330192813,124.32929681729735,9.35926648463078
45548032,45530454,45561703,133.885016772269,123.55135442024127,10.333662352027744
45579925,45562347,45593596,136.46965501914815,133.7499346364382,2.719720382709937
45608205,45590627,45621876,134.33008356202876,128.94375103545102,5.386332526577746
45638431,45620853,45652102,133.99004025413916,127.58047139485836,6.409568859280796
45668395,45650817,45682066,133.71782904482453,123.12565231510587,10.592176729718659
45698567,45680989,45712238,134.38348087564066,128.10627892565367,6.277201949986988
45728658,45711080,45742329,135.2596827490324,130.39254023300578,4.867142516026632
45758769,45741191,45772440,133.99034723446036,126.365629726101,7.624717508359353
45788962,45771384,45802633,135.43080782396456,131.65174826130158,3.7790595626629795
45819289,45801711,45832960,134.90315313474542,130.96879270303748,3.934360431707944
45849086,45831508,45862757,133.69715060955158,125.94924438323989,7.747906226311699
45879022,45861444,45892693,133.42955118204972,122.65686122440967,10.772689957640054
45909991,45892413,45923662,133.36457233529597,123.73630194236719,9.628270392928783
45940245,45922667,45953916,133.6225370517227,124.78721158200287,8.835325469719834
45970231,45952653,45983902,133.10105897988902,121.02601844612737,12.075040533761651
45999644,45982066,46013315,135.4861618694358,132.5225767443822,2.9635851250535836
46029531,46011953,46043202,133.51756995940468,121.17845679468869,12.339113164715997
46059506,46041928,46073177,134.29611392127038,127.21741711582418,7.078696805446199
46089568,46071990,46103239,133.83447039056261,125.83398966601841,8.000480724544204
46119666,46102088,46133337,133.24228089834796,122.09301898476852,11.149261913579437
46149805,46132227,46163476,133.53801494621334,124.16464759899111,9.373367347222228
46179829,46162251,46193500,135.81385121877932,132.88968242435976,2.9241687944195576
46209903,46192325,46223574,133.87578213906568,126.2709815973275,7.604800541738172
46240126,46222548,46253797,133.40044581844901,124.1621394728267,9.23830634562232
46270530,46252952,46284201,133.156394462878,121.40089057160833,11.755503891269683
46300049,46282471,46313720,132.92361457688395,122.5103104730526,10.41330410383135
46330124,46312546,46343795,134.42040300878287,128.73727145565968,5.683131553123189
46360953,46343375,46374624,135.40604617956103,132.2684314875413,3.1376146920197243
46390655,46373077,46404326,134.16821602342014,129.27715196833535,4.891064055084797
46420864,46403286,46434535,133.19909459589516,123.69738233808411,9.50171225781105
46450999,46433421,46464670,133.6822716420006,126.04812673273992,7.6341449092606695
46482344,46464766,46496015,133.68909234123467,124.11236000354131,9.576732337693358
46511665,46494087,46525336,133.27552768970173,123.21373342795818,10.061794261743557
46541200,46523622,46554871,132.84823282118748,121.36240966802404,11.485823153163437
46571235,46553657,46584906,135.21913455342877,132.1905803630269,3.028554190401877
46601386,46583808,46615057,133.01679637924724,124.36959637411613,8.647200005131111
46631495,46613917,46645166,132.6837947672359,123.80419329340882,8.87960147382708
46661771,46644193,46675442,132.972277548397,123.21219124608739,9.760086302309603
46691927,46674349,46705598,132.905894987567,122.17876459257361,10.727130394993381
46721357,46703779,46735028,132.50809839950816,122.45786044657592,10.050237952932235
46751386,46733808,46765057,134.58510008111955,130.20654303593767,4.3785570451818785
46781896,46764318,46795567,134.3336597114734,128.39893965717977,5.934720054293621
46811820,46794242,46825491,133.6196571571994,124.54233814815483,9.077319009044587
46841858,46824280,46855529,133.32969757876978,122.12972214580404,11.199975432965743
46872050,46854472,46885721,133.57028124576863,122.61670445888312,10.953576786885506
46901942,46884364,46915613,134.22852213637262,127.39872245330943,6.829799683063186
46933055,46915477,46946726,136.68449549119453,134.43658511156988,2.247910379624642
46961930,46944352,46975601,135.0014783238911,131.66822119807046,3.333257125820637
46992124,46974546,47005795,133.11625998618925,122.62186687292,10.494393113269254
47022541,47004963,47036212,133.82147448636576,125.34972618186694,8.471748304498817
47052535,47034957,47066206,133.97408146661945,127.69326873937555,6.280812727243898
47083196,47065618,47096867,133.4460885018608,124.10756218090397,9.33852632095683
47112421,47094843,47126092,133.52674799391156,124.46059757475518,9.066150419156372
47142500,47124922,47156171,139.47363798643596,137.44319766812856,2.0304403183073987
47172648,47155070,47186319,137.77882607948322,135.28274003701216,2.496086042471063
47202600,47185022,47216271,133.73968507481325,125.43279983880522,8.306885236008029
47232610,47215032,47246281,133.3371453449883,124.53957754994116,8.797567795047144
47262933,47245355,47276604,133.80430645277332,125.48768620485802,8.316620247915296
47292891,47275313,47306562,134.15818022033255,127.42837506290837,6.729805157424181
47323075,47305497,47336746,132.93252039491452,125.25082331308087,7.681697081833647
47353125,47335547,47366796,137.50187834631882,136.06019074167097,1.4416876046478535
47383187,47365609,47396858,133.2525219591938,123.84649094068536,9.406031018508457
47413247,47395669,47426918,133.2162989599763,125.67677875560284,7.539520204373474
47443233,47425655,47456904,132.60246943644955,123.3905062325581,9.211963203891457
47473223,47455645,47486894,132.8652139690951,124.83233038928327,8.032883579811823
47503666,47486088,47517337,132.86174177133267,124.5443960307788,8.317345740553876
47533516,47515938,47547187,137.71379937841348,136.30054564265262,1.4132537357608612
47563428,47545850,47577099,133.16957623534898,127.45331072460922,5.71626551073976
47594654,47577076,47608325,133.46314493566467,126.26576254080578,7.1973823948588915
47625586,47608008,47639257,133.8541707103956,128.94518130672202,4.908989403673587
47657281,47639703,47670952,134.82230491567714,132.07744815813248,2.744856757544653
47688391,47670813,47702062,134.2684347265473,129.76740072266216,4.501034003885138
47718730,47701152,47732401,138.73735289140527,137.19187533367904,1.5454775577262296
47749673,47732095,47763344,137.50485828571155,134.86847460514977,2.636383680561778
47781087,47763509,47794758,133.66502374649716,123.68059986905094,9.984423877446218
47812135,47794557,47825806,133.85994755624125,125.19453710536511,8.665410450876138
47842686,47825108,47856357,134.90934829289452,130.48671265061753,4.422635642276987
47873905,47856327,47887576,133.58443220016457,122.8912090220124,10.693223178152166
47905431,47887853,47919102,135.80682779761352,131.736726379452,4.070101418161528
47936245,47918667,47949916,133.78119054719045,124.49958956693985,9.281600980250602
47967491,47949913,47981162,133.72388682104224,123.88817600661318,9.835710814429063
47998790,47981212,48012461,133.720197783011,123.77886203646284,9.941335746548162
48029206,48011628,48042877,133.5842749884639,125.67480975972522,7.909465228738682
48060494,48042916,48074165,132.96219603180103,121.29824321224572,11.663952819555305
48091481,48073903,48105152,132.98336607837103,124.14399742702714,8.83936865134389
48122448,48104870,48136119,133.15027128953645,126.60275982450982,6.547511465026631
48153493,48135915,48167164,133.08789549067973,123.42359204955017,9.664303441129562
48185330,48167752,48199001,134.564781423264,131.16624164612884,3.39853977713517
48215541,48197963,48229212,133.36606880599234,126.48405177901518,6.8820170269771666
48248046,48230468,48261717,132.85761007570312,123.18011282443975,9.677497251263375
48276948,48259370,48290619,132.9284990656908,123.32642558167996,9.602073484010845
48308594,48291016,48322265,133.78090436839364,126.15437208967867,7.626532278714961
48339835,48322257,48353506,133.74663626424197,126.95817536015406,6.788460904087913
48370794,48353216,48384465,133.1909002971026,126.6645935385965,6.526306758506081
49089959,49072381,49103630,132.50374204452666,127.70474693078512,4.79899511374154
49120708,49103130,49134379,133.66980393300136,126.24270451338893,7.427099419612432
49151814,49134236,49165485,134.1847246624636,127.9752333823683,6.209491280095293
49182999,49165421,49196670,138.79894320463092,136.9354536248869,1.8634895797440265
49213876,49196298,49227547,133.78707957568304,124.9779647324195,8.809114843263544
49244816,49227238,49258487,134.3932826335044,125.42227182601042,8.971010807493997
49275688,49258110,49289359,146.54134731239313,146.1469658887558,0.3943814236373271
49306322,49288744,49319993,134.22299551512654,127.0215226980266,7.2014728170999405
49337459,49319881,49351130,133.977159947141,122.16611799536074,11.811041951780254
49368374,49350796,49382045,133.88767276462588,124.19406571537405,9.693607049251824
49399702,49382124,49413373,135.85670259113084,132.1941424928478,3.662560098283052
49430096,49412518,49443767,134.0297596356281,127.01986934173915,7.009890293888944
49461429,49443851,49475100,134.18766853026565,124.6609744161849,9.526694114080755
49492528,49474950,49506199,136.28432530706684,132.91155972518285,3.372765581883982
49523483,49505905,49537154,135.5302837996051,131.93399789613366,3.5962859034714256
49554525,49536947,49568196,134.64338435818223,129.28722764725595,5.356156710926285
49585110,49567532,49598781,134.4602580008047,129.75517819852453,4.705079802280181
49615949,49598371,49629620,134.01450544621727,128.40672196809246,5.607783478124816
49647169,49629591,49660840,132.6953952022103,122.50300916221123,10.192386039999079
49678347,49660769,49692018,132.950255022601,123.07499608340333,9.875258939197664
49709000,49691422,49722671,133.2406977303093,125.36577726706811,7.874920463241196
49739960,49722382,49753631,133.23948014892426,126.37477107231923,6.864709076605024
49771221,49753643,49784892,132.7603054331517,124.08501861677549,8.675286816376214
49802598,49785020,49816269,133.1860117685857,125.89877423704495,7.287237531540754
49833705,49816127,49847376,134.5829639605039,130.2072063721042,4.3757575883996935
49864747,49847169,49878418,133.6981510379061,126.080197208668,7.61795382923809
49895816,49878238,49909487,133.06035438029912,122.80410011585346,10.256254264445658
49926941,49909363,49940612,133.6806053317291,127.0239235124248,6.6566818193043105
49958109,49940531,49971780,136.51394647538257,134.06282049413417,2.4511259812483956
49988886,49971308,50002557,132.89971878606622,123.05254605567904,9.847172730387172
50020121,50002543,50033792,132.88902187260254,121.3753331056451,11.513688766957443
50050005,50032427,50063676,136.3310167763078,133.22388417250568,3.107132603802114
50081161,50063583,50094832,140.13879485713406,139.3617795119885,0.7770153451455712
50112158,50094580,50125829,133.44683381356782,124.37531716820722,9.071516645360603
50143161,50125583,50156832,134.74804878074832,129.41113154580452,5.336917234943797
50174242,50156664,50187913,133.71339532683442,126.23497477148327,7.47842055535115
50205314,50187736,50218985,133.62536626107638,126.4253742636653,7.199991997411075
50236447,50218869,50250118,132.96186798483336,124.36229879696472,8.599569187868639
50267443,50249865,50281114,133.3309987963616,122.59346779313601,10.737531003225584
50298452,50280874,50312123,133.83157023727026,123.7797152021281,10.051855035142154
50329514,50311936,50343185,135.68208255576724,131.70822317718785,3.973859378579391
50360451,50342873,50374122,133.5495699453185,124.67971354139505,8.86985640392345
50391290,50373712,50404961,133.49710204368148,124.72080687759289,8.776295166088588
50422443,50404865,50436114,133.96758367354596,125.36243416887316,8.605149504672795
50453416,50435838,50467087,134.21037288874868,127.89614168211848,6.314231206630197
50484434,50466856,50498105,133.52183448523886,124.32166788360175,9.200166601637108
50515411,50497833,50529082,135.52597196366818,132.6677701781815,2.8582017854866706
50546489,50528911,50560160,136.21733816420948,132.28855590510886,3.9287822591006147
50577516,50559938,50591187,135.02437428937645,130.91907786596136,4.105296423415098
50609124,50591546,50622795,133.14964802602054,123.75433742520806,9.39531060081248
50640273,50622695,50653944,133.19081008852527,122.17043352566341,11.020376562861856
50671007,50653429,50684678,133.49579859171567,123.66797586877013,9.827822722945541
50702170,50684592,50715841,135.3916177200454,131.70062842379284,3.6909892962525532
50732987,50715409,50746658,134.94696797492406,130.7068514172906,4.240116557633456
50763550,50745972,50777221,132.9096314281478,120.91507741852448,11.994554009623329
50794568,50776990,50808239,133.20601281540723,122.02607563318233,11.179937182224904
50825648,50808070,50839319,134.50988865268656,128.99383246652943,5.51605618615713
50856641,50839063,50870312,133.28424900274283,125.59307173078642,7.6911772719564055
50887755,50870177,50901426,136.815296750859,134.48429648407267,2.331000266786333
50918980,50901402,50932651,134.50533799098747,129.63534420706014,4.8699937839273275
50949549,50931971,50963220,135.05083286647803,131.61624931047183,3.434583556006203
50981525,50963947,50995196,132.83930679119402,123.61723345123951,9.222073339954505
51011929,50994351,51025600,132.8660465773094,122.24971782707733,10.616328750232057
51042907,51025329,51056578,138.93914441915007,137.5468496797568,1.3922947393932645
51073837,51056259,51087508,139.75395984017732,138.59696512022867,1.1569947199486421
51104851,51087273,51118522,135.43456172269867,132.8369278133586,2.597633909340061
51135446,51117868,51149117,133.4040033761627,126.30876386263819,7.095239513524518
51166607,51149029,51180278,133.33931508686527,124.43252878683573,8.906786300029538
51197438,51179860,51211109,132.58309080578454,122.68359946057905,9.89949134520549
51228375,51210797,51242046,133.95436364034364,128.00078174186436,5.953581898479285
51259334,51241756,51273005,133.01438047201617,121.67606073569019,11.338319736325985
51290359,51272781,51304030,136.1081778132752,133.23291132166975,2.8752664916054584
51321708,51304130,51335379,134.37097751836916,128.69577552811265,5.675201990256511
51352626,51335048,51366297,133.4302772573704,125.01590110567507,8.414376151695322
51383575,51365997,51397246,132.7057608386962,122.41464252249037,10.291118316205825
51414273,51396695,51427944,133.26435915453501,125.00584814929915,8.25851100523586
51445332,51427754,51459003,134.05170237919498,128.14698414622495,5.904718232970026
51476245,51458667,51489916,135.48426410178234,132.08307875141566,3.4011853503666885
51507298,51489720,51520969,133.81821951021695,128.15414763568037,5.664071874536575
51538214,51520636,51551885,133.07453602089674,123.92632704481565,9.148208976081094
51569086,51551508,51582757,133.1905958898251,123.04764958642835,10.14294630339674
51600338,51582760,51614009,133.9666633192498,128.2437633067619,5.722900012487884
51631304,51613726,51644975,134.82934534444436,130.39511829221308,4.434227052231279
51662233,51644655,51675904,134.9174058392926,130.6629669776937,4.254438861598885
51693098,51675520,51706769,135.08012669098397,131.11848402777542,3.9616426632085506
51724066,51706488,51737737,136.21630410004764,133.70527960187533,2.511024498172304
51755125,51737547,51768796,133.58676083263543,123.80634338820278,9.780417444432658
51786185,51768607,51799856,133.823494681397,123.805796584933,10.017698096463988
51817385,51799807,51831056,136.01848697521805,131.48470091979726,4.533786055420791
51848323,51830745,51861994,134.9462487614294,129.66504598114255,5.281202780286833
51879326,51861748,51892997,133.91347160691825,123.74311057385125,10.170361033066996
51909712,51892134,51923383,136.86785263647377,133.67782900283262,3.1900236336411467
51941227,51923649,51954898,136.5832117578487,133.8017655693538,2.781446188494897
51971768,51954190,51985439,133.47074330912253,123.24356456568992,10.227178743432603
52002721,51985143,52016392,136.2205733554963,132.34309847259118,3.877474882905119
52033799,52016221,52047470,136.89596553576663,134.2898735922105,2.606091943556123
52064832,52047254,52078503,132.92281384016542,122.11445067333499,10.808363166830432
52095811,52078233,52109482,132.99267773873214,123.77793815721984,9.214739581512305
52126871,52109293,52140542,133.79809231911523,127.92777804900655,5.870314270108679
52157832,52140254,52171503,132.89161843492144,124.32349992013144,8.568118514790001
52188565,52170987,52202236,132.96196359846581,121.98115862147588,10.98080497698993
52219866,52202288,52233537,132.90290245991713,122.34586031169633,10.557042148220802
52250474,52232896,52264145,132.96871812045606,121.20524909591546,11.763469024540598
52281253,52263675,52294924,133.31240962790847,123.07293380580154,10.239475822106925
52312399,52294821,52326070,133.49577653606278,123.74788526596639,9.747891270096389
52343492,52325914,52357163,133.5977978563945,126.34728033362879,7.250517522765705
52374431,52356853,52388102,132.9781790946921,119.74706921797775,13.231109876714356
52405566,52387988,52419237,134.86397302566192,130.70694869175713,4.157024333904786
52436561,52418983,52450232,134.71355168304441,130.53592409718527,4.177627585859142
52467474,52449896,52481145,133.1881812097372,122.75729063184983,10.430890577887368
52498577,52480999,52512248,133.3887992878144,124.8982109187117,8.49058836910271
52529020,52511442,52542691,135.42994069515885,131.68251908878597,3.747421606372882
52559893,52542315,52573564,134.64947122583905,129.82835255212575,4.8211186737133005
52590771,52573193,52604442,133.71299389196426,122.55632618593465,11.156667706029609
52621773,52604195,52635444,133.36962538979978,123.30518771438571,10.06443767541407
52652730,52635152,52666401,134.54624281174694,128.3810873708527,6.165155440894239
52682860,52665282,52696531,133.64344027494582,124.7135112944356,8.929928980510212
52713753,52696175,52727424,133.37098510784878,122.89506565944798,10.475919448400802
52745350,52727772,52759021,133.8542317730724,124.05768951906387,9.796542254008529
52775561,52757983,52789232,134.00726039061638,125.00342476862394,9.003835621992437
52808801,52791223,52822472,133.94586414203138,126.7835346182565,7.162329523774886
52834539,52816961,52848210,133.3560812087821,126.62175916710112,6.734322041680969
53562045,53544467,53575716,132.7877020041978,129.78197647544476,3.0057255287530324
53593241,53575663,53606912,133.60362066610256,127.19330206615379,6.410318599948766
53623925,53606347,53637596,134.18541355630384,127.64111095515672,6.544302601147123
53654747,53637169,53668418,134.13736262493512,125.97764902882331,8.159713596111814
53685050,53667472,53698721,134.27599304082577,126.54147681441526,7.734516226410506
53716526,53698948,53730197,133.75246813772205,124.88550491662284,8.866963221099212
53747409,53729831,53761080,133.5352980157264,123.13385383217913,10.40144418354727
53778306,53760728,53791977,133.05707748048516,121.5181652212057,11.538912259279456
53808551,53790973,53822222,133.06676244298376,120.67685026719707,12.38991217578669
53839736,53822158,53853407,133.4299560366546,123.81347285413774,9.616483182516859
53870650,53853072,53884321,133.33523021641628,121.88985196929102,11.445378247125262
53901504,53883926,53915175,133.14189945298563,121.41602060663261,11.725878846353012
53931975,53914397,53945646,132.91768626859835,121.10942738339392,11.808258885204424
53962887,53945309,53976558,133.20317705534728,123.06085429327874,10.142322762068545
53993666,53976088,54007337,133.21594082367267,121.94402188899682,11.271918934675853
54024451,54006873,54038122,133.29328201435976,123.04813280933251,10.245149205027246
54055321,54037743,54068992,133.2021613049661,124.99536113944627,8.206800165519823
54086286,54068708,54099957,132.96543479318183,122.40428054228488,10.561154250896948
54117326,54099748,54130997,133.30720706724566,124.22374570431855,9.08346136292711
54148264,54130686,54161935,134.59114068880422,130.46703599204724,4.124104696756973
54179118,54161540,54192789,133.29229372631804,125.84058847665553,7.45170524966251
54210211,54192633,54223882,133.41874465206303,122.82297981024298,10.595764841820042
54245692,54228114,54259363,150.26711581392252,149.87087640250587,0.3962394114166443
54271903,54254325,54285574,138.3003360731762,136.982918337834,1.3174177353421896
54302529,54284951,54316200,135.876868087216,132.30011452155654,3.576753565659459
54333408,54315830,54347079,134.0167430838473,126.73303122799332,7.28371185585398
54364274,54346696,54377945,143.15641721108116,142.32397149915957,0.8324457119215936
54395303,54377725,54408974,147.98577024555502,147.74298334332562,0.24278690222939758
54426149,54408571,54439820,133.85898241002974,127.45627860010833,6.402703809921405
54456702,54439124,54470373,136.18830859786098,133.95674237697574,2.2315662208852416
54487579,54470001,54501250,134.65679138175418,131.18499660403683,3.4717947777173492
54518695,54501117,54532366,133.16778556831113,125.6788059706018,7.488979597709331
54549516,54531938,54563187,133.65565946813533,126.03260856743098,7.623050900704342
54580234,54562656,54593905,136.37820507819848,133.6654230298305,2.712782048367984
54611065,54593487,54624736,133.67396142847636,126.78866804552008,6.885293382956277
54641859,54624281,54655530,133.27385632958632,124.91530424016383,8.358552089422489
54672718,54655140,54686389,133.13677783804934,123.42245875558056,9.714319082468776
54703164,54685586,54716835,133.375473075654,122.84256579347979,10.532907282174222
54733951,54716373,54747622,135.76116078387548,131.90670311214936,3.8544576717261236
54764768,54747190,54778439,133.57647857274284,122.5579735987711,11.018504973971744
54795625,54778047,54809296,134.00280210074615,124.29407723357563,9.708724867170517
54826509,54808931,54840180,134.00899899641064,124.14232413586097,9.866674860549665
54857831,54840253,54871502,134.0053816629307,123.06637042066052,10.939011242270169
54888657,54871079,54902328,133.7975666633646,124.13622734957625,9.661339313788346
54919075,54901497,54932746,133.75152708982117,122.73369681415373,11.017830275667436
54949990,54932412,54963661,133.65112954330084,121.45100968537479,12.200119857926055
54980992,54963414,54994663,133.93092571850718,122.34764482076824,11.583280897738945
55011830,54994252,55025501,133.9600886379318,122.76648326022891,11.19360537770288
55042543,55024965,55056214,134.28198074414357,125.94616194849235,8.335818795651221
55073517,55055939,55087188,134.00317746795628,126.99658019918196,7.006597268774314
55104346,55086768,55118017,133.81160727411662,124.30550903053688,9.506098243579743
55134796,55117218,55148467,134.0157221009079,126.14441783429467,7.871304266613237
55162969,55145391,55176640,134.6383608653083,131.35441251820987,3.2839483470984305
60317601,60300023,60331272,131.40304341913173,127.78442541071756,3.618618008414174
60348481,60330903,60362152,133.36214398528784,125.01985693072834,8.342287054559506
60379631,60362053,60393302,133.03427232021426,123.27184669005634,9.76242563015792
60410061,60392483,60423732,133.4498015424097,125.23203824071265,8.217763301697033
60440791,60423213,60454462,133.552175384093,126.6871279734018,6.865047410691204
60472329,60454751,60486000,133.2946739707489,124.44919163881289,8.845482331936012
60502468,60484890,60516139,133.38487446097992,124.88000604138864,8.504868419591276
60533563,60515985,60547234,134.49921506696896,128.8509926052748,5.648222461694161
60564444,60546866,60578115,134.09508087555247,127.22444792199376,6.870632953558712
60595321,60577743,60608992,133.41981714574584,122.56971319454394,10.850103951201902
60626159,60608581,60639830,133.47746445933123,123.3122179809678,10.165246478363429
60657090,60639512,60670761,134.20215843636407,128.12492471789108,6.077233718472996
60687976,60670398,60701647,134.07020086361234,129.17428856634157,4.895912297270769
60718927,60701349,60732598,132.81072760313907,123.68906273532295,9.121664867816122
60749907,60732329,60763578,133.48079890359816,123.4926872827865,9.988111620811651
60780448,60762870,60794119,134.7430408093042,129.80226758421733,4.940773225086872
60810927,60793349,60824598,135.97442041159294,133.18414949997208,2.7902709116208655
60840937,60823359,60854608,134.2414117627344,129.80446086852842,4.436950894205978
60870847,60853269,60884518,133.23614524328815,125.81488210278474,7.421263140503413
60900748,60883170,60914419,133.40893809741516,127.878058836438,5.530879260977159
60930637,60913059,60944308,133.24062387183378,126.18670618479663,7.053917687037142
60960886,60943308,60974557,134.36024004655326,128.89077128516985,5.4694687613834105
60990774,60973196,61004445,132.98634946483958,127.21955500873295,5.766794456106624
61020126,61002548,61033797,132.40319624199458,124.12067711547613,8.282519126518451
61050089,61032511,61063760,133.23978025307218,125.7177046516804,7.5220756013917764
61079612,61062034,61093283,135.96261353083494,133.14998996176763,2.8126235690673127
61109176,61091598,61122847,132.9110356932301,125.59552850347934,7.315507189750761
61138707,61121129,61152378,133.39989851052542,125.30381152442516,8.09608698610026
61168210,61150632,61181881,135.46696516076094,132.81593437038623,2.651030790374705
61196426,61178848,61210097,136.0822657572313,132.44422296760675,3.6380427896245635
61224585,61207007,61238256,132.87181003447697,123.64996311792561,9.221846916551357
61252580,61235002,61266251,132.57725742183862,121.62670003851204,10.950557383326583
61280603,61263025,61294274,134.5438426838138,129.34349043341246,5.200352250401352
61307918,61290340,61321589,135.46079993919744,132.17190895103798,3.2888909881594657
61336044,61318466,61349715,132.911089555762,126.54608514546916,6.3650044102928405
61363957,61346379,61377628,132.48071183318388,123.77619087498714,8.704520958196738
61392084,61374506,61405755,133.43427975870736,126.90378683772391,6.530492920983448
61420077,61402499,61433748,133.15915306352676,123.87256286251804,9.286590201008721
61448133,61430555,61461804,133.12757854977232,124.88037463903783,8.247203910734498
61476096,61458518,61489767,133.42293954988952,125.96899392303875,7.453945626850768
61504160,61486582,61517831,133.2293932501673,123.18814132692,10.041251923247302
61531682,61514104,61545353,136.13688003076766,131.94369265430115,4.193187376466511
61559671,61542093,61573342,135.34789322193058,131.2894472927368,4.058445929193766
61587979,61570401,61601650,133.0511619242129,123.4473938538258,9.60376807038709
61615829,61598251,61629500,133.04156163267746,123.5056808045357,9.535880828141757
61643905,61626327,61657576,134.9876904841302,130.5675547300121,4.420135754118121
61670936,61653358,61684607,134.22199134871158,128.23948858676178,5.982502761949803
61698077,61680499,61711748,133.24029717338652,123.37147782463589,9.868819348750634
61724977,61707399,61738648,133.58305340969443,126.04450863536366,7.538544774330774
61752039,61734461,61765710,133.10086888098164,125.64972313197137,7.451145749010266
61779325,61761747,61792996,133.3962736442762,129.0890348382008,4.3072388060753894
61806461,61788883,61820132,133.3902910390994,127.65929553801382,5.730995501085573
61833328,61815750,61846999,132.9065496695126,124.11091083992828,8.79563882958432
61860361,61842783,61874032,133.34000091909533,125.2080177564425,8.13198316265283
61887748,61870170,61901419,134.19473003626646,129.58819426863275,4.606535767633716
61914878,61897300,61928549,133.4063242363709,126.83249148010817,6.573832756262718
61942076,61924498,61955747,133.61059708858784,123.62034718198528,9.990249906602557
61968866,61951288,61982537,136.31138393185336,133.4714470907933,2.8399368410600516
61996301,61978723,62009972,136.64615041964873,134.08646392271186,2.5596864969368767
62023350,62005772,62037021,133.24702554646586,124.43657059097958,8.810454955486279
62050345,62032767,62064016,133.38867637481704,123.38685990939162,10.00181646542542
62077447,62059869,62091118,133.55284582026394,123.48870666625376,10.064139154010178
62103953,62086375,62117624,133.87998864993773,123.33304808645264,10.546940563485094
62130970,62113392,62144641,133.86765377581006,126.18414305579975,7.683510720010304
62158025,62140447,62171696,134.6861999355357,130.5138591470649,4.1723407884708195
62185121,62167543,62198792,133.1832875508743,124.95075759715672,8.232529953717574
62212685,62195107,62226356,133.00223922300313,123.11357554910785,9.88866367389528
62239311,62221733,62252982,133.22712400149732,123.48016119354712,9.746962807950197
62266802,62249224,62280473,133.24630776761953,126.01803231438433,7.228275453235199
62293472,62275894,62307143,134.05469680619444,129.04420000950947,5.010496796684976
62320026,62302448,62333697,132.75637063758677,124.38523071069915,8.371139926887622
62347003,62329425,62360674,132.86071784909072,123.24150457072352,9.619213278367198
62374159,62356581,62387830,133.37425043616267,125.60944656638077,7.7648038697819
62401260,62383682,62414931,134.18331117681245,128.98633446698202,5.196976709830437
62428266,62410688,62441937,133.57718513120344,126.9147203966507,6.662464734552742
62455363,62437785,62469034,133.1162870372383,123.32522920245819,9.791057834780105
62482541,62464963,62496212,133.2086737698778,124.2106192497265,8.9980545201513
62509384,62491806,62523055,133.68422951954867,127.69181116068994,5.992418358858728
62536329,62518751,62550000,135.5062208579929,132.22453767818197,3.2816831798109263
62563675,62546097,62577346,133.1245543032122,123.41363017061866,9.710924132593533
62590770,62573192,62604441,133.34426967367875,123.7842779859851,9.559991687693653
62617817,62600239,62631488,133.70558659135298,126.11167044968612,7.593916141666867
62644764,62627186,62658435,134.48753263640276,128.450952082197,6.036580554205756
62671880,62654302,62685551,133.77032679081546,123.53573007177546,10.234596719039999
62698783,62681205,62712454,133.8433612998237,125.69313151187409,8.150229787949613
62725458,62707880,62739129,134.27682898913883,127.77899417119139,6.497834817947449
62751064,62733486,62764735,135.01578973646855,130.48552551333768,4.530264223130871
62776826,62759248,62790497,132.9816431232527,125.85579784177396,7.125845281478732
62802633,62785055,62816304,133.51575354378593,123.10321078360744,10.412542760178496
62828298,62810720,62841969,133.70969774747675,124.9905077764272,8.719189971049559
62854189,62836611,62867860,134.22405693269107,127.28537959809745,6.938677334593621
62879741,62862163,62893412,134.24704514543382,126.89415383844593,7.352891306987885
62905425,62887847,62919096,133.97160167503287,124.44745247894238,9.524149196090491
62931125,62913547,62944796,136.09718627986464,131.30913699964296,4.788049280221685
62956656,62939078,62970327,143.37787977925043,142.87457989350366,0.5032998857467703
62982306,62964728,62995977,136.39343735372827,133.17830640927045,3.215130944457826
63007875,62990297,63021546,143.18824778392076,142.47753149064462,0.7107162932761355
63033439,63015861,63047110,140.14968302539143,140.3241038348317,-0.17442080944027794
63058610,63041032,63072281,151.00649499328355,150.5262980042874,0.48019698899614127
63083837,63066259,63097508,147.4704087207952,146.72212125932842,0.7482874614667878
63109389,63091811,63123060,134.09714000307918,130.10119502691856,3.995944976160615
63134322,63116744,63147993,133.64316082670283,125.25961373788112,8.3835470888217
63159526,63141948,63173197,136.53192705727267,133.182229371381,3.3496976858916696
63184745,63167167,63198416,135.53688923644106,131.47561574468997,4.061273491751081
63209552,63191974,63223223,134.01150089417027,125.43134118412014,8.580159710050125
63235013,63217435,63248684,133.85343337584888,124.07220537243298,9.781228003415904
63259189,63241611,63272860,134.03008340112902,124.75386235537039,9.276221045758632
63284442,63266864,63298113,133.60740519983727,122.72093779863843,10.886467401198843
63309718,63292140,63323389,134.45151801902952,126.74218295380491,7.709335065224607
63335912,63318334,63349583,134.35371595678836,125.85131221085246,8.502403745935908
63361130,63343552,63374801,134.01519397750874,125.60942552053677,8.40576845697197
63384626,63367048,63398297,134.6102597372428,128.47000066734984,6.140259069892977
63408948,63391370,63422619,134.17420069301818,128.69563678871666,5.478563904301524
63433346,63415768,63447017,133.6153568309557,124.01998980836892,9.595367022586785
63457930,63440352,63471601,133.90830585229014,125.09768918199505,8.81061667029509
63481532,63463954,63495203,135.83305472336514,132.15611960276354,3.6769351206015983
63505878,63488300,63519549,134.26130954385425,129.35864717029207,4.90266237356218
63530277,63512699,63543948,133.7662830787445,126.49104001757948,7.275243061165014
63554444,63536866,63568115,133.37356515912322,125.80025735052111,7.5733078086021095
63578549,63560971,63592220,148.91565454050212,148.51514234602723,0.40051219447488506
63603098,63585520,63616769,138.30461715196023,137.43221130774745,0.8724058442127784
63627244,63609666,63640915,134.96618293026486,130.7429340941115,4.223248836153374
63651137,63633559,63664808,133.5870541733849,124.6914441366318,8.895610036753098
63675432,63657854,63689103,143.8783945914491,142.87138171627726,1.0070128751718528
63699803,63682225,63713474,139.51071649468722,137.401776151667,2.1089403430202083
63723587,63706009,63737258,133.86259376067608,125.05945387145499,8.803139889221086
63748001,63730423,63761672,133.4172673559729,122.91672863094777,10.500538725025137
63772259,63754681,63785930,133.65171573386706,124.87420713737082,8.777508596496247
63796519,63778941,63810190,134.05788867483827,125.51662790982272,8.54126076501555
63820773,63803195,63834444,133.94969653312347,121.8993215008146,12.050375032308878
63845084,63827506,63858755,134.03159451371835,121.27714213781263,12.754452375905714
63869398,63851820,63883069,134.3662180610299,122.2695734915839,12.096644569446013
63893838,63876260,63907509,134.40853807306277,121.6629678668254,12.745570206237375
63918138,63900560,63931809,134.52058498698247,122.3029397409511,12.217645246031367
63942509,63924931,63956180,134.67238279964155,124.46458003008694,10.207802769554618
63967025,63949447,63980696,135.33639714520328,128.62574651560638,6.710650629596898
63990677,63973099,64004348,135.64429331705358,128.1715574881601,7.472735828893491
64015010,63997432,64028681,135.4327423657026,124.27017128902158,11.162571076681033
64039325,64021747,64052996,135.55443754571084,124.33636639175326,11.218071153957581
64063878,64046300,64077549,135.0502665552837,125.36632671480925,9.683939840474466
64088208,64070630,64101879,135.6691500221624,129.4447530265493,6.224396995613091
64111929,64094351,64125600,135.24068973088686,127.27697027871284,7.963719452174018
64135692,64118114,64149363,135.10421823871135,125.45345892538789,9.650759313323462
64159501,64141923,64173172,135.94719539330885,128.33522816617173,7.611967227137114
64183282,64165704,64196953,141.9139606864169,140.41388394839896,1.5000767380179525
64206673,64189095,64220344,139.27605454407137,136.65784204580174,2.618212498269628
64230854,64213276,64244525,134.39043520518587,125.04975513120098,9.340680073984885
64254662,64237084,64268333,134.40316286952353,123.81320729444525,10.589955575078278
64278479,64260901,64292150,134.34757458751557,122.8183379742892,11.529236613226374
64302287,64284709,64315958,134.55683349780526,124.8108966497499,9.74593684805535
64326085,64308507,64339756,135.3572055043206,126.78321752963448,8.57398797468612
64349896,64332318,64363567,135.4198938353885,127.43360054166608,7.986293293722426
64373699,64356121,64387370,134.42289143866194,125.83678033414522,8.586111104516718
64397557,64379979,64411228,133.43322664009654,123.74458077308523,9.688645867011303
64421358,64403780,64435029,133.58371539055025,123.03849614019349,10.545219250356766
64445239,64427661,64458910,134.6452313673966,127.27013292816643,7.375098439230172
64469136,64451558,64482807,135.3743912014868,129.93461724391707,5.439773957569713
64493130,64475552,64506801,134.37821941644071,128.28568491896604,6.092534497474674
64516742,64499164,64530413,133.79506063872807,126.1259143767326,7.669146261995479
64540570,64522992,64554241,133.7349335736971,125.8302871728722,7.904646400824902
64564161,64546583,64577832,144.80910119680982,144.04574274637397,0.7633584504358453
64587985,64570407,64601656,145.537033573237,144.88409921880253,0.6529343544344783
64611802,64594224,64625473,134.54778053429698,128.71445973959163,5.833320794705344
64634648,64617070,64648319,133.74258150726845,126.00411503958752,7.7384664676809365
64657376,64639798,64671047,135.53453451277102,131.6581564064739,3.8763781062971248
64680007,64662429,64693678,135.96243038410893,132.21892460554903,3.743505778559893
64702774,64685196,64716445,134.52102027569043,127.91527353457639,6.6057467411140465
64725483,64707905,64739154,134.141732514582,125.43468815469929,8.707044359882715
64748216,64730638,64761887,134.37171345227088,127.08353754145618,7.288175910814701
64770883,64753305,64784554,135.10900012677,130.7430071370448,4.365992989725214
64793514,64775936,64807185,134.64148693960107,127.92387649030002,6.7176104493010484
64815600,64798022,64829271,134.4213809443264,123.67376110060698,10.747619843719406
64838879,64821301,64852550,134.27505329260126,125.56895704795576,8.706096244645494
64861534,64843956,64875205,136.03837211343506,131.67552948502015,4.36284262841491
64884316,64866738,64897987,135.73552610550684,130.34917007943827,5.386356026068569
64907052,64889474,64920723,134.65672151726997,126.14130373653148,8.515417780738488
64929697,64912119,64943368,134.23878216547425,124.07855043710623,10.160231728368018
64951840,64934262,64965511,134.6072295722865,127.26555746494105,7.34167210734546
64974545,64956967,64988216,135.3144209842846,128.7201265542148,6.5942944300697945
64997414,64979836,65011085,134.934867744217,127.62557668736815,7.309291056848849
65019507,65001929,65033178,134.71132430717293,127.57996319469326,7.1313611124796665
65042248,65024670,65055919,134.22246963502974,124.45210385871043,9.77036577631931
65065213,65047635,65078884,134.20293521671954,123.23249847762054,10.970436739099
65089918,65072340,65103589,134.50914934299067,125.87417855528489,8.634970787705782
65111822,65094244,65125493,137.33381802803197,134.40477735262556,2.929040675406412
65133042,65115464,65146713,138.0488816481286,135.77227737589374,2.276604272234863
65155882,65138304,65169553,135.0354564619436,128.58714689674787,6.4483095651957285
65178548,65160970,65192219,134.91717433617413,127.33718987084916,7.579984465324969
65201227,65183649,65214898,135.39981317461064,127.63633323210641,7.763479942504233
65223796,65206218,65237467,135.74046795380943,130.54179342490698,5.198674528902444
65246746,65229168,65260417,134.69416049963866,127.40293150931225,7.2912289903264025
65268814,65251236,65282485,134.82557036233095,125.81498459523382,9.010585767097126
65291436,65273858,65305107,134.71782368140794,124.92424977530027,9.793573906107667
65314184,65296606,65327855,134.59701518712734,125.53971273564942,9.057302451477923
65337203,65319625,65350874,134.61007369519382,124.25585425631957,10.354219438874253
65359563,65341985,65373234,136.16611860018332,131.28663721015172,4.8794813900316
65382842,65365264,65396513,138.3089721492417,136.0980380567035,2.2109340925381957
65405439,65387861,65419110,134.9773430345471,127.55532386256289,7.4220191719842035
65428694,65411116,65442365,134.855573782562,125.84757679230518,9.007996990256828
65452102,65434524,65465773,135.28196005717808,128.88652000708495,6.3954400500931285
65475466,65457888,65489137,136.5064931769858,132.46984546398104,4.036647713004754
65498769,65481191,65512440,135.45019417700567,129.42949069538525,6.020703481620416
65522122,65504544,65535793,134.90361422870512,125.52227585503985,9.381338373665272
65545400,65527822,65559071,135.7290202490048,129.63180535139404,6.097214897610769
65568630,65551052,65582301,136.51599300843455,131.25317565714934,5.262817351285207
65592133,65574555,65605804,135.85727142097983,128.91719696584246,6.940074455137363
65615469,65597891,65629140,135.24881393306333,125.67943826208216,9.569375670981174
65638720,65621142,65652391,135.14502588617216,127.22580216106267,7.9192237251094895
65662033,65644455,65675704,134.81561956971018,122.90085866584516,11.914760903865016
65685324,65667746,65698995,135.17457781899492,124.1627284918654,11.011849327129525
65708829,65691251,65722500,135.2346548126099,125.28645964956745,9.948195163042456
65731593,65714015,65745264,134.97278622836137,123.912316025381,11.060470202980369
65755092,65737514,65768763,134.96622667973614,124.00106553591488,10.965161143821263
65779389,65761811,65793060,135.03120914038195,122.17375798192077,12.857451158461174
65801184,65783606,65814855,135.86081454322914,124.66078655636964,11.200027986859496
65824747,65807169,65838418,135.83065462717326,125.52608997441703,10.304564652756227
65847635,65830057,65861306,135.76520752746774,124.47670419269838,11.28850333476936
65870909,65853331,65884580,136.00504796471054,126.47037670517803,9.534671259532516
65894180,65876602,65907851,136.5836488722487,128.99305262546653,7.590596246782155
65917380,65899802,65931051,136.16779908055608,127.75417916063994,8.413619919916144
65940580,65923002,65954251,135.470234028297,123.30990684883594,12.160327179461063
65963637,65946059,65977308,135.36720778974507,125.90998394363547,9.4572238461096
65986758,65969180,66000429,135.20772497700503,124.05616743710408,11.15155753990095
66009984,65992406,66023655,135.53611532040915,123.85690992773205,11.679205392677105
66033040,66015462,66046711,136.08129633168664,125.86313079484148,10.218165536845163
66056336,66038758,66070007,136.10578908535268,126.6452704502835,9.460518635069178
66079609,66062031,66093280,136.15062584429404,127.11257523841938,9.038050605874659
66102697,66085119,66116368,135.98977504676398,122.96956529688583,13.020209749878148
66126021,66108443,66139692,136.23902245324211,124.01205293794804,12.226969515294073
66149093,66131515,66162764,137.06066378051923,129.5284377283297,7.532226052189543
66172166,66154588,66185837,137.22089555721968,129.98454906075852,7.236346496461152
66196906,66179328,66210577,136.4311182177637,128.40773158349552,8.023386634268178
66221806,66204228,66235477,136.37582608812727,128.3210662131837,8.054759874943556
66246684,66229106,66260355,136.65703437793715,129.80542320208934,6.8516111758478075
66271589,66254011,66285260,135.99618135866262,125.31015815023213,10.686023208430498
66296530,66278952,66310201,135.32660842240315,123.42934226457373,11.89726615782942
66321451,66303873,66335122,135.4182033478346,126.19338089490249,9.224822452932116
66346499,66328921,66360170,136.80117458877558,131.82670722353345,4.974467365242134
66371223,66353645,66384894,135.90582054352745,127.17657473006432,8.729245813463137
66396025,66378447,66409696,135.68641864720956,123.70986973725586,11.976548909953706
66421053,66403475,66434724,135.35352046046157,126.85423540243404,8.499285058027525
66445967,66428389,66459638,135.7141256877372,123.8721724202328,11.841953267504408
66470724,66453146,66484395,135.98741347827388,121.49492650606194,14.492486972211935
66495645,66478067,66509316,136.3247168765508,125.0883849045475,11.236331972003313
66520389,66502811,66534060,136.35517608739147,126.06752581252411,10.28765027486736
66545192,66527614,66558863,136.2408173745387,125.05064943139706,11.190167943141631
66570034,66552456,66583705,136.21339325112717,124.73221643670477,11.481176814422398
66594857,66577279,66608528,136.42424092150085,127.49558559054682,8.92865533095403
66619632,66602054,66633303,136.17969606306514,124.83915898497641,11.34053707808873
66644321,66626743,66657992,136.12374518126057,125.60120966213668,10.522535519123892
66669104,66651526,66682775,135.94405102345308,125.4899319773358,10.454119046117285
66693834,66676256,66707505,135.71244811736017,123.33159837758694,12.380849739773225
66718521,66700943,66732192,136.1025085155045,124.76467094971527,11.33783756578923
66743296,66725718,66756967,136.05313788340348,125.2530593634265,10.800078519976978
66767548,66749970,66781219,137.08183438979194,130.40938910000773,6.672445289784207
66792448,66774870,66806119,136.1105152882624,125.03156179248506,11.078953495777341
66817015,66799437,66830686,136.3809221337925,124.76101350869946,11.619908625093032
66841170,66823592,66854841,136.7342182077016,126.0616844685412,10.672533739160386
66865854,66848276,66879525,136.55084583931676,126.04880453428025,10.502041305036514
66890358,66872780,66904029,136.53869379509763,127.10471867981022,9.43397511528741
66914924,66897346,66928595,136.8145288253752,128.19418781864985,8.62034100672534
66939465,66921887,66953136,136.75698517396364,124.35029338012498,12.406691793838661
66963980,66946402,66977651,136.95819756072547,125.31457196320562,11.643625597519843
66988465,66970887,67002136,137.23768544088435,127.3874205077918,9.850264933092546
67012972,66995394,67026643,138.34575437254674,133.11877768870494,5.226976683841798
67037525,67019947,67051196,136.6540886651551,125.91438256728027,10.739706097874816
67062099,67044521,67075770,136.41465843783632,124.85993036622759,11.554728071608736
67087170,67069592,67100841,136.47769973748328,126.51859368610822,9.959106051375059
67112478,67094900,67126149,136.60283456352715,128.20469281564604,8.398141747881112
67137873,67120295,67151544,136.13777911319855,129.9938410052546,6.143938107943939
67163342,67145764,67177013,136.91278174153393,131.93880892024953,4.973972821284406
67188830,67171252,67202501,135.77196656575177,125.39744231139218,10.374524254359585
67214230,67196652,67227901,135.72169877685522,123.18276371516734,12.53893506168788
67239739,67222161,67253410,135.7430993024234,122.44344714622244,13.299652156200949
67265189,67247611,67278860,136.2024679526138,125.7329980044739,10.469469948139903
67290512,67272934,67304183,136.39217593124016,126.59293787657592,9.799238054664244
67316035,67298457,67329706,135.9371137013716,123.82823192925643,12.108881772115168
67341472,67323894,67355143,135.71895064887747,123.99412097228046,11.724829676597011
67366989,67349411,67380660,135.99465354491406,126.06180205734952,9.932851487564534
67392445,67374867,67406116,136.21681111396188,125.51947055461567,10.697340559346216
67418022,67400444,67431693,136.36758724978424,124.35587052034538,12.01171672943886
67443491,67425913,67457162,137.30666928592203,127.96696545076895,9.339703835153074
67469012,67451434,67482683,137.95242045686427,131.33425592577055,6.618164531093726
67494510,67476932,67508181,136.8525947398104,125.3906146840514,11.461980055759
67520002,67502424,67533673,136.93822488232803,123.21979252737266,13.718432354955368
67545675,67528097,67559346,146.06112580575396,145.1820662538754,0.8790595518785551
67571037,67553459,67584708,141.04093326571996,139.43323616188593,1.6076971038340275
67596367,67578789,67610038,137.0970656517124,127.59840976121001,9.498655890502391
67622698,67605120,67636369,137.29547688438797,126.91482498223402,10.380651902153943
67646878,67629300,67660549,140.1061319508116,139.18463070567572,0.9215012451358859
67667373,67649795,67681044,154.98324850506626,155.15578985718332,-0.17254135211706512
67698203,67680625,67711874,138.61037679226914,135.0664140151957,3.543962777073432
67723670,67706092,67737341,137.72827597598132,128.53239908947316,9.19587688650816
67748746,67731168,67762417,138.2170959376808,130.67357417481279,7.543521762868011
67774249,67756671,67787920,138.76974550125257,133.2654172080045,5.504328293248079
67800286,67782708,67813957,136.85575123422058,128.7191714713396,8.136579762880984
67825733,67808155,67839404,136.04093284930653,125.80553047770863,10.2354023715979
67851292,67833714,67864963,136.07123064230848,122.8205906250071,13.250640017301379
67876681,67859103,67890352,136.5676823151497,125.48777469881804,11.079907616331667
67902150,67884572,67915821,136.76401180038616,128.1816176727479,8.582394127638253
67927585,67910007,67941256,136.8599869446244,129.16089171563027,7.699095228994139
67952911,67935333,67966582,136.4521919978731,125.84656707507375,10.605624922799336
67978327,67960749,67991998,136.6010468449139,123.30536998366364,13.295676861250257
68003757,67986179,68017428,136.876669455886,125.12381896640909,11.752850489476913
68029463,68011885,68043134,136.58240366198353,126.17437867406761,10.408024987915923
68055043,68037465,68068714,136.1111589607768,124.92912866812622,11.18203029265058
68080433,68062855,68094104,136.4895344619946,124.91433530260107,11.57519915939352
68105923,68088345,68119594,136.31511795199103,122.41867870315227,13.89643924883876
68131465,68113887,68145136,136.15986578810535,123.25232266575121,12.907543122354141
68156825,68139247,68170496,137.17860620537883,129.99588332560174,7.182722879777089
68182433,68164855,68196104,137.11981673544392,130.2290786420601,6.890738093383817
68207621,68190043,68221292,136.25719230515077,123.39791384120039,12.859278463950375
68233528,68215950,68247199,135.98342505015174,120.39410921696154,15.589315833190199
68259004,68241426,68272675,136.45023218575182,123.68796068846243,12.76227149728939
68284514,68266936,68298185,136.96733381503196,128.0625301970426,8.904803617989359
68309582,68292004,68323253,136.65178308153213,126.52181954219472,10.12996353933741
68335176,68317598,68348847,136.63033378818628,123.32002667588155,13.310307112304727
68360706,68343128,68374377,136.74267341320405,124.55597663282447,12.186696780379577
68386279,68368701,68399950,136.5653683578012,125.87134141793926,10.694026939861928
68412049,68394471,68425720,136.42255908340593,123.90683930362819,12.51571977977774
68437551,68419973,68451222,136.81739668733283,126.3345707460327,10.482825941300135
68462510,68444932,68476181,137.31441952626133,129.79335719074368,7.521062335517655
68488008,68470430,68501679,136.27054430692098,124.64968323702485,11.620861069896137
68513620,68496042,68527291,136.18276361335768,124.06315768956765,12.119605923790033
68539199,68521621,68552870,136.76856746374852,131.21058224911852,5.557985214630008
68564776,68547198,68578447,136.67510540165492,130.6319808010758,6.0431246005791195
68590106,68572528,68603777,136.02011855907938,125.53392980817313,10.486188750906251
68615566,68597988,68629237,135.72868590485555,123.7866117190026,11.94207418585296
68641053,68623475,68654724,136.3337359711681,125.42816943380879,10.905566537359306
68666560,68648982,68680231,137.22829283565542,129.80840925860537,7.419883577050058
68692272,68674694,68705943,138.91584860074246,135.8423439295106,3.073504671231859
68717728,68700150,68731399,136.72477907867983,127.65896682107326,9.065812257606567
68743140,68725562,68756811,136.43633708745938,125.74441701955462,10.69192006790476
68768716,68751138,68782387,136.47811574005848,129.27640674790294,7.201708992155545
68794111,68776533,68807782,136.83934746457828,129.90434709429113,6.935000370287156
68819603,68802025,68833274,136.70160485971132,127.13878478041795,9.562820079293374
68845332,68827754,68859003,136.30441171166538,126.0302458791597,10.274165832505687
68870829,68853251,68884500,135.85239184545975,123.6771777519479,12.175214093511855
68895955,68878377,68909626,136.13428004039403,124.10812794117041,12.026152099223623
68921375,68903797,68935046,136.77652552254122,127.90383885759366,8.872686664947565
68947066,68929488,68960737,136.63140206444422,128.95746261256085,7.673939451883371
68972568,68954990,68986239,136.05770433039558,125.9035147848702,10.154189545525384
68998023,68980445,69011694,135.60181886704666,125.29722633830434,10.304592528742319
69023695,69006117,69037366,136.07861230388613,127.26863024053202,8.809982063354113
69049140,69031562,69062811,139.68658452155768,136.65570245580147,3.0308820657562023
69074708,69057130,69088379,136.74160538411007,130.33376313277543,6.4078422513346425
69100656,69083078,69114327,135.945928254779,125.62407588017236,10.32185237460665
69125827,69108249,69139498,135.97624945502267,124.99177363989065,10.984475815132015
69150759,69133181,69164430,136.5182112141852,125.9779323276662,10.54027888651899
69176532,69158954,69190203,136.4306572437099,127.21016786780802,9.220489375901877
69202199,69184621,69215870,136.43634683630617,127.5994323667983,8.836914469507875
69227739,69210161,69241410,136.05528989961604,124.88250991556572,11.172779984050322
69253223,69235645,69266894,136.01263934948506,121.62911454000539,14.383524809479667
69278735,69261157,69292406,136.10023210780636,122.46278838192771,13.637443725878654
69304354,69286776,69318025,135.915520422822,126.71590872619353,9.199611696628466
69329897,69312319,69343568,136.34763388563852,127.51687373228926,8.83076015334926
69355594,69338016,69369265,136.3164441625268,124.6556916111601,11.660752551366713
69381081,69363503,69394752,136.53593934322456,127.26640923816484,9.269530105059715
69406678,69389100,69420349,136.3124508933813,127.98724896308633,8.32520193029498
69432100,69414522,69445771,136.20284541356472,126.00915890280214,10.193686510762575
69457839,69440261,69471510,136.34262719385757,124.71279007096823,11.629837122889342
69483363,69465785,69497034,136.29498219131318,122.67495261355151,13.62002957776167
69508980,69491402,69522651,135.91006071321584,122.51496261378712,13.395098099428722
69534558,69516980,69548229,136.0462764517821,124.11741499130116,11.928861460480931
69560123,69542545,69573794,136.35746245457318,125.69195356105536,10.665508893517824
69585667,69568089,69599338,135.9803510739751,124.50523883964804,11.475112234327057
69611189,69593611,69624860,135.78338560327057,124.04920515311481,11.734180450155762
69636705,69619127,69650376,135.54792885959864,121.986664078983,13.561264780615645
69662214,69644636,69675885,135.9539705590386,122.79859749898124,13.155373060057357
69687754,69670176,69701425,137.33902753518564,130.62602146350463,6.713006071681008
69713216,69695638,69726887,139.3442917936078,137.31703123872288,2.0272605548849185
69739274,69721696,69752945,137.08379493871305,132.44582392897624,4.637971009736816
69764886,69747308,69778557,135.81264353981067,126.02621217995056,9.786431359860103
69789571,69771993,69803242,142.00550455782093,140.45770094506548,1.5478036127554446
69815133,69797555,69828804,139.05853074795235,136.79184439685886,2.266686351093483
69840614,69823036,69854285,135.65955651988182,125.55807386605926,10.101482653822558
69866133,69848555,69879804,135.49862999547264,125.10524179947437,10.39338819599827
69891776,69874198,69905447,135.63656124271336,128.60688638029424,7.029674862419114
69917280,69899702,69930951,135.381446672614,126.74904645036604,8.632400222247966
69942747,69925169,69956418,135.6859885772822,126.60077036552592,9.08521821175627
69968371,69950793,69982042,136.52099530946057,130.6203003787678,5.900694930692765
69993930,69976352,70007601,135.49593406495896,126.98358367430637,8.512350390652585
70019464,70001886,70033135,135.4983475059585,126.18561791838101,9.31272958757748
70045105,70027527,70058776,138.17621412822766,135.88031015230592,2.295903975921732
70066222,70048644,70079893,149.85248280249075,149.33910917712802,0.5133736253627319
70096510,70078932,70110181,135.49924701071768,129.76473336308123,5.734513647636447
70121749,70104171,70135420,134.5998623160046,126.01782355383678,8.582038762167812
70147102,70129524,70160773,136.141328297426,130.5884803404359,5.552847956990121
70172654,70155076,70186325,136.47526401949872,131.21593128342064,5.259332736078079
70198262,70180684,70211933,134.86871532030685,126.1357105503403,8.733004769966541
70223830,70206252,70237501,134.74498194795797,124.70378502003256,10.041196927925412
70249109,70231531,70262780,135.6190857913196,128.15109564676524,7.4679901445543635
70274716,70257138,70288387,135.55702188686527,128.40443515343716,7.152586733428109
70300263,70282685,70313934,135.13969896695534,124.16968794433734,10.970011022617996
70325966,70308388,70339637,135.03178417009536,124.23350882201007,10.798275348085298
70351399,70333821,70365070,134.9328710478664,124.47393423955376,10.458936808312643
70376937,70359359,70390608,134.48073096977166,123.54918101753385,10.931549952237802
70402592,70385014,70416263,135.33815728222658,128.57046720590475,6.767690076321827
70427170,70409592,70440841,136.44124534143816,131.05437886420995,5.38686647722821
70451852,70434274,70465523,135.03940697483537,127.23727749915835,7.80212947567702
70476890,70459312,70490561,134.65912085577398,124.76696508278997,9.892155772984012
70501551,70483973,70515222,134.6513028804125,124.83757480866905,9.81372807174344
70525830,70508252,70539501,135.79383852176844,129.97166690653444,5.822171615233998
70550490,70532912,70564161,134.89752545424838,126.57716262131429,8.320362832934094
70575556,70557978,70589227,134.40831513901333,123.27566921095976,11.132645928053563
70600200,70582622,70613871,134.48469554991416,122.54699986720291,11.93769568271125
70624819,70607241,70638490,135.15986537284965,127.73127860269186,7.428586770157793
70649516,70631938,70663187,135.52804870401314,127.75784191566409,7.770206788349057
70673398,70655820,70687069,135.2475406151124,124.31664351843483,10.930897096677569
70698867,70681289,70712538,134.6191574857181,124.65029760912049,9.968859876597605
70722972,70705394,70736643,134.79006340349764,124.577421160065,10.21264224343264
70748215,70730637,70761886,134.40613558844643,123.2839338427986,11.122201745647828
70772499,70754921,70786170,134.68306332317857,126.7167414540991,7.966321869079479
70797205,70779627,70810876,135.45227436717428,129.53873086320127,5.913543503973017
70821837,70804259,70835508,134.3647858796241,124.98477523995062,9.380010639673472
70846571,70828993,70860242,134.34974731940125,125.00002378913132,9.349723530269927
70871257,70853679,70884928,138.48776063932934,136.51976220283913,1.9679984364902054
70895083,70877505,70908754,138.28965522787942,136.0925196286048,2.197135599274617
70918732,70901154,70932403,135.0495682727246,127.83735182327649,7.212216449448107
70942768,70925190,70956439,135.16434376990912,123.75009819731603,11.414245572593089
70966382,70948804,70980053,136.44882754081476,128.92799672895933,7.520830811855433
70989607,70972029,71003278,147.75707550780191,147.0675799603527,0.6894955474492122
71013317,70995739,71026988,147.69919244671817,146.9635912873502,0.7356011593679739
71036982,71019404,71050653,135.85702467346496,125.25041892512243,10.606605748342531
71060673,71043095,71074344,135.99305823668305,123.67095506542134,12.322103171261716
71084285,71066707,71097956,136.1820712732698,124.10239715765434,12.079674115615461
71107850,71090272,71121521,136.43428130897138,124.53725166946992,11.897029639501454
71131521,71113943,71145192,136.54414963581962,126.06581903644272,10.478330599376903
71155641,71138063,71169312,137.27633277106978,130.47212552543357,6.804207245636206
71179318,71161740,71192989,137.31783135866885,129.86545749413,7.452373864538856
71202939,71185361,71216610,136.51889182687202,124.43008434137069,12.088807485501334
71226465,71208887,71240136,136.85255120403423,128.18682217149984,8.665729032534387
71250221,71232643,71263892,137.45877936064392,131.24622929791533,6.212550062728582
71273876,71256298,71287547,136.85657007269984,130.00701152958516,6.849558543114682
71297467,71279889,71311138,136.1679012199962,127.84563962410311,8.322261595893082
71321226,71303648,71334897,136.8700460109344,130.78770584802479,6.082340162909617
71343942,71326364,71357613,145.16301820630167,144.1488798884181,1.014138317883578
71366483,71348905,71380154,145.14925858925793,144.22861031151595,0.9206482777419751
71388992,71371414,71402663,136.52146599498337,133.15470903422428,3.3667569607590906
71411172,71393594,71424843,135.4200019384042,124.03866756475351,11.381334373650688
71433779,71416201,71447450,135.72763091232395,126.77717833644353,8.95045257588042
71456332,71438754,71470003,135.54215362587288,126.56995365714943,8.972199968723459
71478920,71461342,71492591,135.2441146434381,124.94422023859431,10.299894404843798
71501541,71483963,71515212,135.60266509588945,126.12172596240471,9.480939133484739
71524120,71506542,71537791,136.60287640509617,131.28755845911823,5.315317945977938
71547186,71529608,71560857,135.5358432775842,128.8823093956928,6.653533881891406
71569034,71551456,71582705,134.95866206448238,123.78117778599923,11.17748427848315
71591874,71574296,71605545,135.18209629486148,123.07706392682832,12.105032368033164
71614503,71596925,71628174,135.68775835759527,127.30410028014204,8.383658077453234
71636904,71619326,71650575,135.94623274787565,128.8984705474842,7.047762200391446
71659500,71641922,71673171,135.48165826464023,127.30510188362233,8.176556381017903
71681990,71664412,71695661,135.12934540797443,126.9715362709209,8.157809137053533
71704867,71687289,71718538,134.8901228118118,126.59273342523962,8.297389386572192
71727322,71709744,71740993,135.0298246380606,127.84897190602187,7.18085273203873
71750009,71732431,71763680,135.39797813607902,128.8462994084391,6.55167872763991
71772754,71755176,71786425,134.93505987968086,125.78778457008448,9.147275309596381
71795833,71778255,71809504,135.00367808390473,125.12429625904596,9.879381824858768
71819768,71802190,71833439,135.19477989898272,126.67922329705343,8.51555660192929
71842907,71825329,71856578,135.10164728972086,126.53977742804014,8.56186986168072
71866512,71848934,71880183,134.92353185997422,124.69291870227325,10.230613157700972
71890244,71872666,71903915,135.1664250312338,125.26482427224522,9.901600758988593
71914162,71896584,71927833,135.5257994013973,128.07147685079107,7.454322550606236
71938173,71920595,71951844,134.92563899775004,125.59343282371161,9.332206174038433
71961448,71943870,71975119,134.83363539625233,125.21762621715673,9.616009179095599
71985350,71967772,71999021,134.75543555372718,123.7603746611166,10.995060892610582
72009336,71991758,72023007,135.18987966506896,126.66719884076448,8.522680824304473
72033285,72015707,72046956,136.64108142255967,131.66896469687757,4.972116725682099
72056981,72039403,72070652,137.20232827287273,133.19852083809485,4.003807434777883
72081164,72063586,72094835,134.4485695721446,124.0373028544348,10.411266717709807
72105095,72087517,72118766,134.3320692799624,124.06488094935744,10.267188330604966
72128803,72111225,72142474,134.84816375424134,127.80925867772817,7.038905076513174
72152584,72135006,72166255,135.5574914183653,128.69081188744698,6.866679530918304
72176502,72158924,72190173,135.65231934530627,129.67084632229606,5.98147302301021
72200334,72182756,72214005,134.17502143339595,123.61225414001096,10.562767293384994
72223759,72206181,72237430,133.939997924826,123.3757368390653,10.564261085760705
72247604,72230026,72261275,134.17940668729995,124.86007191284587,9.319334774454077
72271571,72253993,72285242,137.997976917956,134.05528411200493,3.942692805951083
72295276,72277698,72308947,138.46653745371754,135.04814096585096,3.4183964878665734
72319326,72301748,72332997,134.19033086220546,125.59732725777073,8.593003604434728
72343016,72325438,72356687,133.9926239064713,124.22422141602654,9.768402490444757
72366879,72349301,72380550,135.83541169880533,130.19534790797692,5.640063790828407
72390735,72373157,72404406,137.40913987831843,133.5136538393234,3.895486038995017
72414536,72396958,72428207,136.20654146370714,132.4480198513901,3.758521612317054
72438313,72420735,72451984,134.09652805731213,125.4721789796565,8.624349077655623
72462135,72444557,72475806,133.6880843810898,122.33032608044473,11.35775830064506
72485934,72468356,72499605,134.2600555451451,125.68426362969619,8.575791915448903
72509879,72492301,72523550,141.4109049363694,140.3721846512005,1.0387202851688926
72533481,72515903,72547152,141.36486223369772,140.3631012796767,1.001760954021023
72557287,72539709,72570958,133.85963246360598,127.10224386754507,6.757388596060906
72580981,72563403,72594652,133.5243345157803,125.82314922159283,7.701185294187482
72604671,72587093,72618342,133.7558219875403,125.45582954681055,8.299992440729739
72628599,72611021,72642270,134.233228427344,126.95030101816795,7.28292740917604
72652407,72634829,72666078,134.38575344785298,127.05816361837319,7.327589829479791
72676393,72658815,72690064,133.9499218702564,124.34264473542402,9.607277134832373
72700367,72682789,72714038,134.07142907119575,123.51953258685535,10.551896484340404
72724308,72706730,72737979,134.12656569055366,123.31842531341708,10.808140377136581
72748272,72730694,72761943,134.27577213724723,125.11583956967242,9.159932567574813
72772145,72754567,72785816,134.7475114204291,126.53810437641887,8.209407044010234
72796083,72778505,72809754,134.97516689689948,129.1516631026268,5.823503794272682
72820053,72802475,72833724,134.59641936030334,126.30724083567812,8.289178524625228
72843814,72826236,72857485,133.98590044587434,121.64421978046391,12.341680665410422
72867760,72850182,72881431,134.30108308525942,123.9628893582676,10.338193726991818
72891827,72874249,72905498,134.9597544077684,130.2313432255002,4.728411182268189
72915910,72898332,72929581,134.76637240743625,127.28252271090078,7.483849696535472
72939883,72922305,72953554,134.31120961048373,124.01688516262978,10.294324447853953
72963851,72946273,72977522,133.93349026959467,123.77985261109126,10.153637658503413
72987898,72970320,73001569,135.2054496490961,130.8943440843981,4.311105564697982
73011832,72994254,73025503,134.4194605877002,127.0799394458541,7.339521141846106
73035809,73018231,73049480,133.88823202759244,123.270135680814,10.618096346778444
73059773,73042195,73073444,134.22334653718426,126.0819584818596,8.141388055324654
73083727,73066149,73097398,135.4824629291017,129.70751900860282,5.774943920498885
73107623,73090045,73121294,134.0848029899328,125.62828232850443,8.456520661428371
73131537,73113959,73145208,133.857389490979,125.55879350073113,8.298595990247861
73155680,73138102,73169351,136.97977360542984,134.80151229636311,2.178261309066727
73180576,73162998,73194247,135.272122768666,131.47666978391325,3.7954529847527567
73205466,73187888,73219137,133.1351365074597,124.24805662863177,8.887079878827919
73230200,73212622,73243871,132.73836208529076,124.81211443743916,7.926247647851596
73255579,73238001,73269250,132.7325639299861,126.82135523565404,5.9112086943320605
73280729,73263151,73294400,133.1241431418058,125.81024026835004,7.31390287345576
73305254,73287676,73318925,134.11616914545965,124.24980082526804,9.866368320191611
73330224,73312646,73343895,134.18179558953946,124.58181981483256,9.599975774706905
73355034,73337456,73368705,134.33880638342484,126.03037540497579,8.308430978449053
73379850,73362272,73393521,134.40172647879484,124.65808534432783,9.743641134467012
73404661,73387083,73418332,134.6634956398339,126.28905887365207,8.374436766181844
73429316,73411738,73442987,135.76791484833845,130.08361994509409,5.684294903244364
73454134,73436556,73467805,136.71197511334083,132.52230439784566,4.1896707154951685
73479169,73461591,73492840,134.84792138186808,125.25475585296734,9.593165528900741
73504021,73486443,73517692,134.5248424263829,123.7904494573846,10.734392968998293
73528830,73511252,73542501,134.55032745358008,125.00618728255586,9.544140171024225
73553700,73536122,73567371,134.3590303633937,126.30151434426713,8.05751601912658
73578523,73560945,73592194,134.23060923121423,125.09394994660455,9.136659284609678
73603390,73585812,73617061,134.03724929820012,122.10062020302666,11.936629095173458
73628178,73610600,73641849,133.9032426487961,121.21469211387034,12.688550534925753
73653002,73635424,73666673,133.67040384357028,123.05538831534001,10.615015528230273
73677983,73660405,73691654,133.22468579054598,123.56412771069408,9.660558079851896
73702836,73685258,73716507,133.41643996252967,124.21813553982147,9.19830442270819
73727800,73710222,73741471,133.30816908525367,123.1797332288613,10.128435856392372
73752668,73735090,73766339,133.15819959378845,120.90854469851293,12.249654895275526
73777583,73760005,73791254,132.8340969717606,122.26356539455358,10.57053157720702
73802297,73784719,73815968,133.09711785291918,123.24238747440602,9.854730378513167
73827251,73809673,73840922,132.92013819733126,124.38782738322907,8.532310814102189
73852203,73834625,73865874,133.2864400714724,125.78970431406836,7.496735757404053
73877174,73859596,73890845,133.31613907826454,126.91070517257081,6.405433905693727
73901947,73884369,73915618,132.91425043152788,124.79537490066876,8.118875530859114
73926900,73909322,73940571,132.50467743465964,122.70373217750155,9.80094525715809
73951913,73934335,73965584,132.8606014662736,123.8523125184669,9.008288947806705
73976832,73959254,73990503,133.34485911356217,126.53341573868465,6.811443374877513
74001763,73984185,74015434,133.0496303447664,125.73981939014539,7.309810954621014
74026667,74009089,74040338,132.97468414305482,123.51553662454066,9.459147518514158
74051500,74033922,74065171,132.94341975870805,123.75039430746598,9.193025451242065
74076396,74058818,74090067,133.12547792997776,124.90013472467206,8.225343205305705
74101278,74083700,74114949,133.54794670860667,124.97384606452057,8.574100644086101
74126175,74108597,74139846,133.45734041585476,123.85350270097919,9.603837714875567
74151141,74133563,74164812,132.99663868627783,122.86514342564872,10.131495260629109
74176052,74158474,74189723,132.99042354447042,123.30941724191824,9.681006302552177
74200950,74183372,74214621,133.59854990954636,125.52471843697076,8.073831472575606
74225788,74208210,74239459,134.6667062751486,128.1837198290509,6.482986446097726
74250669,74233091,74264340,134.444009130251,126.16666902014819,8.277340110102813
74275589,74258011,74289260,134.33022912321064,124.08348825789929,10.246740865311352
74300451,74282873,74314122,134.76436493241152,125.72264434603224,9.041720586379284
74325377,74307799,74339048,135.82894727407634,131.93292529376694,3.896021980309399
74349624,74332046,74363295,135.6302727954774,130.54659921254975,5.083673582927645
74374494,74356916,74388165,135.33802454821645,126.81467185412353,8.523352694092921
74399413,74381835,74413084,135.01010655879378,125.55503843496547,9.455068123828312
74424643,74407065,74438314,135.49246586813854,129.79744970940473,5.695016158733807
74450287,74432709,74463958,135.83972532812228,130.07110224693878,5.768623081183506
74475739,74458161,74489410,135.5569374522064,129.23895291318027,6.317984539026128
74501553,74483975,74515224,135.29843060975278,127.85399806763675,7.444432542116033
74527260,74509682,74540931,134.97268761770454,126.22251558274966,8.750172034954872
74553526,74535948,74567197,135.40009281594058,129.0225657241701,6.3775270917704745
74579694,74562116,74593365,135.74422980141566,128.07071693282452,7.673512868591132
74606380,74588802,74620051,135.49760167879876,125.74008221540238,9.757519463396378
74632713,74615135,74646384,135.45537645975406,125.61759429560803,9.837782164146034
74658690,74641112,74672361,135.92511983932445,125.28986555698941,10.63525428233504
74685399,74667821,74699070,136.00349525541156,125.9079410251011,10.09555423031047
74714049,74696471,74727720,134.5496276570891,124.91897857391814,9.630649083170965
74738744,74721166,74752415,135.49300007590094,123.37566425848797,12.117335817412965
74765056,74747478,74778727,135.79362316428052,123.48101947525849,12.312603689022026
74791749,74774171,74805420,135.9938839337152,123.9684323846479,12.025451549067313
74818666,74801088,74832337,136.2257590637822,126.6712163691517,9.554542694630499
74845521,74827943,74859192,136.22793627305705,126.51082992214961,9.717106350907443
74872188,74854610,74885859,135.91621106188552,124.6946203890491,11.221590672836413
74898962,74881384,74912633,136.0823607167682,124.86325290049137,11.219107816276818
74925733,74908155,74939404,135.9194264021981,126.22977554030285,9.689650861895245
74951932,74934354,74965603,136.17403837730419,128.77852379364566,7.3955145836585245
74978517,74960939,74992188,135.21344274773293,124.2471325861864,10.96631016154653
75005218,74987640,75018889,135.29071766731656,123.18371619701426,12.107001470302293
75032459,75014881,75046130,136.37686957330615,129.50967181625896,6.867197757047194
75059112,75041534,75072783,135.79493058201982,129.44725011868556,6.347680463334257
75085217,75067639,75098888,135.23885441569522,127.62054745017295,7.618306965522265
75111920,75094342,75125591,134.54362558478152,126.88555967829048,7.658065906491046
75138733,75121155,75152404,134.4400927465577,124.28978165680687,10.15031108975083
75165506,75147928,75179177,135.2928299128507,126.80068580793741,8.49214410491328
75192287,75174709,75205958,142.68967516761236,140.9225163753924,1.7671587922199592
75218981,75201403,75232652,136.50786165442923,131.91544256528093,4.592419089148308
75245859,75228281,75259530,134.3978851319429,122.39424089559756,12.003644236345338
75272623,75255045,75286294,134.94632099538518,127.06131028605509,7.885010709330089
75298808,75281230,75312479,135.40454296465884,130.3201236540198,5.084419310639049
75325950,75308372,75339621,134.12567776304846,125.49872509181428,8.626952671234179
75352630,75335052,75366301,133.49629476605648,124.10196735568303,9.39432741037345
75379268,75361690,75392939,133.6271180614214,124.25508176150772,9.372036299913688
75405936,75388358,75419607,133.65518748098373,123.28357992457958,10.371607556404143
75432182,75414604,75445853,134.35378657949454,125.6252451985176,8.728541380976935
75458828,75441250,75472499,136.83243563297506,133.4711746483008,3.36126098467426
75485561,75467983,75499232,135.5295142021144,131.95063162804414,3.5788825740702634
75512179,75494601,75525850,135.5278722779878,130.93443539484636,4.593436883141436
75538824,75521246,75552495,135.88309740362,134.38408678546622,1.4990106181537897
75565471,75547893,75579142,138.76144200594416,137.3472324277805,1.41420957816365
75592089,75574511,75605760,135.12715501028703,129.31703410219106,5.810120908095968
75618725,75601147,75632396,134.44700345422933,126.86863788238361,7.578365571845723
75645354,75627776,75659025,135.7591903346284,132.58373422315077,3.1754561114776436
75671655,75654077,75685326,135.63121367375817,130.59033797232496,5.040875701433208
75699040,75681462,75712711,134.61064306200564,126.5031995130156,8.107443548990034
75726166,75708588,75739837,134.41745563244334,125.33887033023629,9.078585302207046
75753871,75736293,75767542,136.35718622157947,131.53867939436577,4.818506827213696
75782443,75764865,75796114,134.50715874736005,127.88337187360472,6.623786873755336
75809086,75791508,75822757,134.04930739835186,124.49025686657333,9.559050531778524
75836832,75819254,75850503,134.4973775080563,126.59788960069801,7.899487907358292
75866054,75848476,75879725,133.89114150253434,127.35687335952876,6.534268143005576
75893824,75876246,75907495,133.4982557286386,123.89070903346806,9.607546695170555
75921490,75903912,75935161,134.40245716037788,126.77604802796814,7.626409132409734
75947723,75930145,75961394,135.01851601289366,128.8658104883143,6.152705524579346
75975082,75957504,75988753,134.38992471053294,122.89730162268049,11.49262308785245
76005145,75987567,76018816,134.08773111151956,122.96810232759198,11.119628783927581
76030359,76012781,76044030,135.11714131366816,124.77151140026082,10.345629913407336
76058028,76040450,76071699,135.25087618335633,127.30545824163883,7.945417941717494
76086661,76069083,76100332,134.75235985619761,125.78944720462161,8.962912651576005
76115959,76098381,76129630,134.8521065913727,127.92057954848988,6.931527042882806
76144874,76127296,76158545,135.1454712721723,128.16505150167734,6.9804197704949615
76174164,76156586,76187835,134.4248356187192,126.35565686479256,8.069178753926622
76203460,76185882,76217131,134.62518359491122,126.765403410405,7.859780184506221
76232662,76215084,76246333,134.95833228131116,128.5124917917705,6.445840489540672
76261863,76244285,76275534,134.09334548193786,126.40318325333602,7.690162228601835
76291970,76274392,76305641,134.37621127302714,126.00463092946727,8.37158034355987
76322233,76304655,76335904,134.5738208789267,127.135631514437,7.438189364489716
76352468,76334890,76366139,134.1906139961836,124.6755266171435,9.515087379040096
76383003,76365425,76396674,133.74678283356678,123.62688680039491,10.11989603317187
76412800,76395222,76426471,134.91281912498226,129.9956767823078,4.9171423426744525
76443512,76425934,76457183,134.60414150564893,128.34431814150636,6.259823364142562
76473486,76455908,76487157,133.81148795327402,124.56665798061407,9.244829972659957
76503644,76486066,76517315,134.1010505845779,124.86462065257709,9.236429932000817
76533920,76516342,76547591,134.32413469872924,125.75809785878567,8.566036839943564
76564374,76546796,76578045,134.98448788111813,128.03319811937413,6.951289761743993
76594333,76576755,76608004,135.0590229579994,130.34869424214654,4.710328715852853
76624857,76607279,76638528,133.95739278584105,123.31552911521776,10.641863670623295
76654910,76637332,76668581,136.3447960837556,133.957467707643,2.387328376112606
76685010,76667432,76698681,140.1220242629068,138.84077270506867,1.281251557838118
76717472,76699894,76731143,134.92524654933695,126.6800514590661,8.24519509027084
76748999,76731421,76762670,134.54943695283717,126.23732299761949,8.312113955217683
76778188,76760610,76791859,135.1501357618869,129.02655407745178,6.123581684435123
76809309,76791731,76822980,135.41912573725511,128.99125992628916,6.4278658109659546
76840418,76822840,76854089,134.7426903764722,125.08073100419207,9.661959372280137
76871612,76854034,76885283,134.51532640094896,125.22966559314698,9.285660807801989
76902781,76885203,76916452,134.91599126175532,126.85701986208164,8.05897139967368
76934050,76916472,76947721,134.8371977632472,125.47545792471517,9.361739838532017
76965274,76947696,76978945,136.9089440390742,133.46604388686572,3.4429001522084945
76996354,76978776,77010025,137.80415444115175,134.94657556301019,2.8575788781415667
77027403,77009825,77041074,135.24513943997786,128.47757648085616,6.767562959121705
77058600,77041022,77072271,135.62561800730055,131.8603469576272,3.765271049673345
77089648,77072070,77103319,137.25426038146836,134.13681999449972,3.1174403869686387
77120551,77102973,77134222,134.3834275322666,127.08278992718223,7.3006376050843755
77151515,77133937,77165186,134.59874366510195,126.15174417070172,8.446999494400231
77182478,77164900,77196149,136.0250428359853,132.0050966376148,4.019946198370491
77213553,77195975,77227224,135.25092517938361,129.6329531871243,5.617971992259328
77244330,77226752,77258001,134.33238051422538,124.21057503528593,10.12180547893945
77275265,77257687,77288936,134.37249391389034,126.9442987072682,7.428195206622135
77306395,77288817,77320066,135.0983986810448,128.38189776622647,6.71650091481834
77337485,77319907,77351156,134.9605098407972,125.3044223406382,9.65608750015899
77368490,77350912,77382161,134.85191950176693,123.16227619684612,11.689643304920807
77399427,77381849,77413098,134.95033100789843,126.36298981572368,8.587341192174748
77432224,77414646,77445895,136.076568581877,130.0780843573813,5.998484224495712
77463385,77445807,77477056,135.555639858286,125.58408920089052,9.971550657395497
77493071,77475493,77506742,135.24044640938033,123.946923421848,11.293522987532327
77524117,77506539,77537788,135.4679686484214,126.85445341664428,8.613515231777114
77555192,77537614,77568863,135.6592247624041,125.61437815745599,10.04484660494812
77586093,77568515,77599764,135.067562706093,124.15886686565847,10.908695840434547
77617103,77599525,77630774,134.8331866388911,123.44197125750172,11.391215381389387
77649173,77631595,77662844,135.31512348835827,126.53229634501243,8.782827143345841
77680265,77662687,77693936,135.3375864065971,128.41028208432513,6.927304322271965
77711373,77693795,77725044,135.00586657810058,124.83950551149469,10.166361066605887
77741398,77723820,77755069,135.88368947309587,127.624940965986,8.258748507109871
77772773,77755195,77786444,139.43123487310652,137.49962527701317,1.9316095960933524
77803777,77786199,77817448,137.12461905732067,134.02951549430608,3.0951035630145896
77834724,77817146,77848395,135.32781487188103,127.47800920354153,7.849805668339499
77865899,77848321,77879570,142.32938776210827,141.59552025273177,0.7338675093764948
77897053,77879475,77910724,136.15701026477072,132.83454650756647,3.322463757204247
77928130,77910552,77941801,134.40918273698628,125.19026514783071,9.218917589155566
77959234,77941656,77972905,135.18191788113927,128.73793907916186,6.4439788019774085
77990038,77972460,78003709,134.65291307026808,125.69673938780747,8.956173682460616
78021119,78003541,78034790,134.36652038001603,123.9075676320418,10.458952747974223
78052347,78034769,78066018,135.0095251588617,129.4117756642583,5.597749494603391
78083533,78065955,78097204,134.04825875825426,125.23301376603757,8.815244992216691
78114525,78096947,78128196,134.32273318943228,126.43030639016509,7.892426799267199
78145914,78128336,78159585,134.59889267652832,128.35064870884682,6.248243967681503
78177016,78159438,78190687,133.47317876378742,124.55238394084415,8.920794822943265
78208343,78190765,78222014,133.85382199659946,125.12936570897617,8.724456287623298
78239592,78222014,78253263,133.6961952159883,124.14222146842448,9.553973747563816
78270678,78253100,78284349,133.6645387992269,126.62555782712097,7.038980972105932
78301706,78284128,78315377,136.96566837248548,134.66897530502763,2.296693067457852
78332898,78315320,78346569,133.27763289232013,126.09749599252115,7.180136899798981
78363977,78346399,78377648,132.7526606731861,123.30008472175638,9.452575951429736
78394811,78377233,78408482,133.42400551149947,126.8083379544238,6.615667557075668
78425982,78408404,78439653,134.88895545218978,130.87341406304157,4.015541389148211
78457414,78439836,78471085,134.14126271061392,129.4115269513809,4.729735759233023
78488566,78470988,78502237,134.21572763886235,130.14751506674017,4.068212572122178
78519515,78501937,78533186,133.6841860707523,129.3139559014276,4.370230169324714
78550701,78533123,78564372,136.91788205812867,134.87825816068354,2.039623897445125
78581839,78564261,78595510,133.828346329844,127.45742297586528,6.370923353978725
78613161,78595583,78626832,132.9870086544874,123.9708617807693,9.0161468737181
78644219,78626641,78657890,134.12201141952858,128.3134635833839,5.808547836144669
78675442,78657864,78689113,133.63322627709766,126.09503490088466,7.538191376213007
78706638,78689060,78720309,133.3645249527258,123.34637226714678,10.018152685579011
78737833,78720255,78751504,133.19673536568115,123.27879784105835,9.9179375246228
78768763,78751185,78782434,133.56385663939855,124.49490848006378,9.068948159334767
78799951,78782373,78813622,133.86698048178638,124.4806339176656,9.386346564120785
78831022,78813444,78844693,133.60111855275042,122.86960311304895,10.731515439701468
78862229,78844651,78875900,132.8208748160284,122.12516119165984,10.695713624368565
78893403,78875825,78907074,133.26673396142206,123.1716999882159,10.095033973206156
78924578,78907000,78938249,133.2427843302637,123.06867945604719,10.17410487421651
78955664,78938086,78969335,133.39444345936894,125.07623620083302,8.31820725853592
78986835,78969257,79000506,133.311195513086,123.75521614669799,9.555979366388016
79017649,79000071,79031320,133.4522535493372,121.37569627001784,12.07655727931936
79048772,79031194,79062443,133.44073105527468,123.58648444695065,9.854246608324033
79079786,79062208,79093457,133.66135692397492,125.17134416512053,8.490012758854391
79111006,79093428,79124677,133.68645262951588,124.77763795208405,8.908814677431835
79142817,79125239,79156488,133.7176254794462,125.46176824498235,8.25585723446386
79173487,79155909,79187158,133.74617092769384,123.0792466770005,10.666924250693341
79204496,79186918,79218167,134.1177080483723,125.56528850854048,8.552419539831817
79235805,79218227,79249476,134.03095764334262,123.99247631834078,10.03848132500184
79266829,79249251,79280500,133.8762895027634,123.58610515861551,10.290184344147889
79297783,79280205,79311454,133.99002927912994,125.31273257125021,8.677296707879734
79328888,79311310,79342559,134.87779281994247,126.3788965894795,8.498896230462975
79359942,79342364,79373613,134.69009852085514,127.41082670339723,7.279271817457911
79390826,79373248,79404497,136.02253909751244,131.48046527266158,4.54207382485086
79421740,79404162,79435411,134.4083044871787,127.57293502892435,6.835369458254348
79453021,79435443,79466692,136.15454082391832,132.95366524133786,3.2008755825804656
79483751,79466173,79497422,133.82740785895078,126.8035024932951,7.023905365655679
79514731,79497153,79528402,133.36661663671887,124.64922786081641,8.717388775902464
79545183,79527605,79558854,135.03184040480568,130.22015353730754,4.811686867498139
79576154,79558576,79589825,132.88692550832334,127.80179686859898,5.08512863972436
79607142,79589564,79620813,132.8859071559139,124.29163027086634,8.594276885047577
79638088,79620510,79651759,134.04295318502452,126.31192725934903,7.731025925675482
79670871,79653293,79684542,134.95961707632912,130.42696820429487,4.532648872034258
79699982,79682404,79713653,133.78745322887414,127.13769113320365,6.649762095670496
79731508,79713930,79745179,135.7139447821549,129.59730800405902,6.116636778095881
79762312,79744734,79775983,134.58685714046305,129.4086837647675,5.178173375695565
79793367,79775789,79807038,134.00714671641063,124.65458774049665,9.352558975913979
79824440,79806862,79838111,134.1535157954564,125.12834508201466,9.025170713441739
79855632,79838054,79869303,134.46948778018825,124.3682362014271,10.10125157876115
79886764,79869186,79900435,134.80140183635595,126.41808233315489,8.383319503201065
79917915,79900337,79931586,135.02224611838164,127.21666198043849,7.805584137943157
79949202,79931624,79962873,134.2902427671304,123.92876704357437,10.361475723556026
79980406,79962828,79994077,134.57652339310047,125.03762820480915,9.53889518829132
80011534,79993956,80025205,134.99632397679684,126.79123181469244,8.205092162104407
80042854,80025276,80056525,134.48075146757472,128.76480218718868,5.715949280386042
80073564,80055986,80087235,133.50976507503586,126.28613359794258,7.223631477093278
80104846,80087268,80118517,133.72253684129865,124.74457614296978,8.977960698328872
80137021,80119443,80150692,134.4398051433075,125.92244751291283,8.51735763039467
80168156,80150578,80181827,137.15023438919593,133.6597566447247,3.490477744471235
80200059,80182481,80213730,133.6569149062636,123.07358227831446,10.583332627949147
80231196,80213618,80244867,133.72076355348008,123.38386872207784,10.336894831402248
80260950,80243372,80274621,133.945169839274,123.04845432160776,10.896715517666237
80292025,80274447,80305696,133.96780415106724,123.3635636707537,10.604240480313535
80323483,80305905,80337154,134.69180825745485,128.50284913707813,6.1889591203767225
80354310,80336732,80367981,134.12714287681726,125.19089760019797,8.936245276619289
80385693,80368115,80399364,134.21599935503923,125.24309108625116,8.972908268788075
80416788,80399210,80430459,134.3878535021296,125.90490473840175,8.482948763727833
80447820,80430242,80461491,134.5460077077194,130.55953623774204,3.9864714699773742
80479092,80461514,80492763,134.27801321046505,125.37977363895351,8.898239571511539
80509869,80492291,80523540,134.1664052811902,124.12063654336501,10.045768737825199
80541120,80523542,80554791,134.3420010587492,124.5359763588242,9.80602469992499
80572287,80554709,80585958,134.82405043943677,130.5913353726559,4.232715066780884
80603521,80585943,80617192,134.13023045172412,126.45126651783897,7.678963933885143
80634556,80616978,80648227,133.89225907150384,123.1484394678588,10.74381960364505
80665608,80648030,80679279,133.92169465575935,123.95326832969386,9.968426326065497
80696688,80679110,80710359,135.5467137833761,132.2522815731866,3.2944322101895125
80727652,80710074,80741323,134.23332129462102,127.27776665442208,6.95555464019894
80758874,80741296,80772545,134.33753952796806,123.68160087388151,10.655938654086555
80790037,80772459,80803708,134.79287072670192,127.52059795163468,7.272272775067236
80821016,80803438,80834687,134.54068801584958,127.06074397937762,7.479944036471963
80852242,80834664,80865913,134.03068618761046,123.05595922922018,10.974726958390278
80884740,80867162,80898411,133.93495228935438,123.15288029559025,10.782071993764134
80916044,80898466,80929715,134.2544703678958,123.9704355802413,10.284034787654505
80945630,80928052,80959301,134.48436365535767,124.65738212283775,9.826981532519923
80977260,80959682,80990931,134.7033087141409,125.43537992315103,9.267928790989856
81008446,80990868,81022117,134.79822021997293,126.60124520406487,8.196975015908066
81039605,81022027,81053276,134.63309636156293,123.15333961397856,11.479756747584375
81070741,81053163,81084412,134.72976909519642,123.70392789552727,11.025841199669145
81101184,81083606,81114855,134.83992125075736,127.56865992340208,7.271261327355276
81131784,81114206,81145455,134.52023474050685,123.48280839835233,11.037426342154518
81163008,81145430,81176679,134.38618828208882,124.40619979688583,9.979988485202995
81194129,81176551,81207800,135.61338935118312,129.99540799434212,5.617981356841
81226565,81208987,81240236,135.07278856767104,126.95204295057354,8.120745617097498
81257705,81240127,81271376,134.61624974785147,122.4528197734978,12.163429974353676
81287880,81270302,81301551,134.52874780083326,124.27661046433384,10.252137336499416
81319033,81301455,81332704,135.00578826143564,124.94392929276329,10.061858968672354
81351575,81333997,81365246,134.8860925663625,124.34210640796644,10.543986158396052
81381358,81363780,81395029,134.91686819790198,123.3989674318854,11.51790076601658
81412942,81395364,81426613,134.74890898706428,123.74360459594116,11.005304391123119
81443695,81426117,81457366,134.62243877209832,125.14362170520357,9.478817066894749
81474925,81457347,81488596,134.83977594802212,125.48129092019175,9.358485027830369
81506083,81488505,81519754,134.76915887765887,123.83326954963736,10.935889328021503
81537279,81519701,81550950,134.80777356493593,123.32095291127324,11.48682065366269
81568406,81550828,81582077,134.8736532408777,124.15095634847535,10.722696892402354
81600179,81582601,81613850,134.95144807541712,123.7440934074217,11.207354667995418
81631362,81613784,81645033,134.90228152276262,123.77882386831516,11.123457654447463
81661589,81644011,81675260,134.8262611318446,125.15253196605357,9.67372916579103
81692804,81675226,81706475,134.4757726006988,124.41701424225941,10.058758358439391
81724839,81707261,81738510,134.5376230691142,123.27415138446078,11.263471684653425
81755090,81737512,81768761,134.72546400089647,124.5726671922381,10.152796808658366
81786142,81768564,81799813,134.44920919823613,122.39651688713067,12.05269231110546
81817722,81800144,81831393,134.16193720140274,124.1143748762873,10.047562325115436
81848846,81831268,81862517,134.84807564473186,130.0493489920585,4.798726652673366
81880189,81862611,81893860,134.2760699186945,125.6617142883752,8.61435563031931
81912022,81894444,81925693,133.99032015859373,126.51822377465066,7.472096383943068
81943080,81925502,81956751,135.49595766643426,129.69300484651777,5.802952819916499
81973538,81955960,81987209,134.1571918876541,124.74490432645257,9.412287561201538
82004592,81987014,82018263,134.05582282773477,123.39357926933576,10.662243558399012
82035482,82017904,82049153,134.1895712953772,126.55324468322215,7.636326612155045
82066603,82049025,82080274,134.18417911728608,125.4650743935956,8.719104723690478
82098058,82080480,82111729,134.02434078528313,123.72553726142185,10.298803523861281
82129312,82111734,82142983,133.701882356341,125.24543368156635,8.456448674774649
82160499,82142921,82174170,133.73346978267242,124.87183116434183,8.861638618330588
82191225,82173647,82204896,133.94832427301606,123.92018728107902,10.028136991937032
82224395,82206817,82238066,134.43930538765352,125.92419153282785,8.515113854825671
82253224,82235646,82266895,134.3154798882819,125.15684922536212,9.15863066291979
82284315,82266737,82297986,134.41320273397758,124.56351481112858,9.849687922849
82315344,82297766,82329015,134.50198717596518,127.09589859932818,7.4060885766370035
82346509,82328931,82360180,134.32737593050047,126.56012495052126,7.7672509799792095
82377202,82359624,82390873,134.13443178310078,123.63929523444709,10.49513654865369
82408355,82390777,82422026,134.34167586038515,125.13853617184611,9.20313968853904
82439343,82421765,82453014,134.15256190977402,124.55219247409708,9.600369435676939
82470286,82452708,82483957,133.74004832742662,125.91812279765645,7.821925529770169
82501421,82483843,82515092,133.90429403491257,125.52531188172082,8.378982153191743
82532423,82514845,82546094,133.28094692022427,124.5198950338995,8.761051886324765
82563056,82545478,82576727,132.92826377394175,123.31247265013616,9.615791123805593
82594083,82576505,82607754,133.09745010490178,124.72755444057698,8.369895664324801
82625335,82607757,82639006,133.24282166495354,125.1815136728342,8.061307992119339
82656173,82638595,82669844,132.74468705113668,123.299628752345,9.445058298791679
82686885,82669307,82700556,132.18573722956197,123.43672876940273,8.749008460159232
82717834,82700256,82731505,131.9906986933835,125.45047762760254,6.540221065780969
82748491,82730913,82762162,132.75996998561504,125.6087035076568,7.151266477958245
82779231,82761653,82792902,132.41314577456927,125.32685166082906,7.086294113740209
82810056,82792478,82823727,132.3821154322321,124.20549701723257,8.176618414999524
82840805,82823227,82854476,132.81360715212972,126.26176932850805,6.551837823621668
82871610,82854032,82885281,133.638238088453,127.83053764109823,5.807700447354762
82902372,82884794,82916043,132.820911400921,124.93344933669677,7.887462064224238
82933670,82916092,82947341,132.8755479118158,123.36553601689752,9.510011894918279
82964405,82946827,82978076,133.42778612204697,123.78060031182274,9.64718581022423
82995827,82978249,83009498,134.3282992517492,126.39698780720438,7.931311444544818
83025845,83008267,83039516,134.3671337764302,127.63040693735876,6.736726839071437
83056979,83039401,83070650,133.88044364285338,123.16270881111068,10.717734831742703
83086896,83069318,83100567,134.25839582932838,125.52892047591277,8.729475353415609
83117228,83099650,83130899,134.74960442045872,128.2920706505057,6.457533769953017
83148853,83131275,83162524,134.05005894408708,123.75122486108302,10.298834083004067
83179760,83162182,83193431,133.701660935353,122.2436702049753,11.457990730377702
83210518,83192940,83224189,133.79987351172053,122.17564828481032,11.624225226910212
83241350,83223772,83255021,134.73129999082613,126.09968828802769,8.631611702798438
83272186,83254608,83285857,134.69371534049606,127.8432127947519,6.850502545744149
83305564,83287986,83319235,134.02843301814667,126.7534691288732,7.274963889273465
83333886,83316308,83347557,133.8361030458705,125.82239657559727,8.01370647027322
83364726,83347148,83378397,134.00880847359576,125.18288307183857,8.825925401757189
83395501,83377923,83409172,133.98603983999632,124.19984413409999,9.786195705896333
83428787,83411209,83442458,133.92924741857735,122.32307034991999,11.60617706865736
83458092,83440514,83471763,133.499062445046,123.06528639729478,10.433776047751223
83488606,83471028,83502277,134.05320593685437,124.13178310139436,9.921422835460007
83520211,83502633,83533882,134.1138969299291,125.51893457097952,8.594962358949573
83551174,83533596,83564845,133.72601286845938,125.60608967788069,8.119923190578689
83580477,83562899,83594148,134.6490174343528,125.94979888533351,8.699218549019292
83611569,83593991,83625240,134.5828957109099,126.44161678285488,8.141278928055016
83642143,83624565,83655814,134.2025901677371,125.92263337942316,8.279956788313939
83672810,83655232,83686481,134.0238137946334,127.26674771950734,6.757066075126076
83705699,83688121,83719370,134.37260752317638,126.59165616396784,7.780951359208544
83734837,83717259,83748508,134.45013529091688,127.56050354372931,6.889631747187565
83765057,83747479,83778728,133.6282487427792,125.40942981070584,8.218818932073347
83795849,83778271,83809520,133.6448350593591,125.72847181107916,7.91636324827995
83827037,83809459,83840708,134.84647398576388,128.59888283675434,6.247591149009537
83857586,83840008,83871257,134.43914525453602,127.08812297565603,7.351022278879981
83888807,83871229,83902478,134.06266773085338,125.35594690242526,8.706720828428118
83919824,83902246,83933495,134.42171490632975,127.8420352287609,6.579679677568848
83950958,83933380,83964629,134.1096454616496,125.62491870941918,8.484726752230415
83981816,83964238,83995487,133.77597768036998,125.57980229964207,8.196175380727908
84012390,83994812,84026061,134.645336680909,126.72227743403299,7.923059246876008
84044574,84026996,84058245,133.63185195317845,124.03647196047585,9.595379992702604
84075598,84058020,84089269,133.93304588671262,125.36486924794374,8.568176638768875
84105641,84088063,84119312,134.46231654038576,127.11411815655035,7.34819838383541
84135308,84117730,84148979,133.99011915490019,125.69241478075931,8.297704374140878
84166124,84148546,84179795,133.8963258182751,124.57357278093433,9.322753037340775
84196900,84179322,84210571,133.67419644830227,125.70432244464173,7.969874003660536
84227839,84210261,84241510,133.8529862668787,127.36265411240686,6.490332154471844
84259191,84241613,84272862,133.83643406291114,123.59856301028883,10.23787105262231
84290195,84272617,84303866,134.57659421388402,126.75149417582932,7.8251000380547
84321459,84303881,84335130,134.44722905145335,128.2285861887145,6.218642862738847
84352242,84334664,84365913,134.0648656937807,126.22581281086944,7.839052882911247
84383426,84365848,84397097,133.49142728894563,123.89994651202906,9.591480776916569
84414027,84396449,84427698,133.71187352123098,123.77433956484816,9.937533956382822
84445109,84427531,84458780,134.52534580669501,125.08732573191986,9.438020074775153
84475866,84458288,84489537,135.01177923148055,130.33346845996894,4.678310771511605
84507159,84489581,84520830,134.29428064114717,126.23104483074164,8.06323581040553
84537820,84520242,84551491,134.58660255455183,123.18037183785277,11.406230716699056
84568816,84551238,84582487,135.76496822323932,129.85700965717055,5.907958566068771
84599560,84581982,84613231,134.16694522942197,126.58225771407405,7.584687515347923
84630532,84612954,84644203,133.90470669747663,123.880983754982,10.02372294249463
84661523,84643945,84675194,134.22689126013935,124.72010384646653,9.506787413672825
84692742,84675164,84706413,134.5995048073725,124.94106991130705,9.658434896065458
84723514,84705936,84737185,135.07926695147057,129.68034611959112,5.398920831879451
84754488,84736910,84768159,134.55096274994273,126.76537315129636,7.785589598646368
84785526,84767948,84799197,134.72183997083795,126.86154696676992,7.860293004068026
84817041,84799463,84830712,134.85244011807455,125.26491385103603,9.587526267038527
84849012,84831434,84862683,135.51262445381687,128.4413449926852,7.071279461131667
84880723,84863145,84894394,135.27641884173119,128.01915448351,7.257264358221192
84912646,84895068,84926317,134.62175839825574,124.03817889038974,10.583579507865991
84944544,84926966,84958215,134.9518865052205,125.41220823655851,9.539678268661987
84976405,84958827,84990076,137.29587267514736,133.60379659606684,3.692076079080522
85008198,84990620,85021869,134.6820345708391,124.98019473931706,9.70183983152205
85040148,85022570,85053819,134.80377817422348,125.12176922190474,9.68200895231874
85072032,85054454,85085703,136.1517691049736,132.8924028413412,3.259366263632387
85103893,85086315,85117564,134.38845131709732,123.75196859558133,10.63648272151599
85135417,85117839,85149088,134.6524385825797,125.82759959366587,8.824838988913825
85168590,85151012,85182261,134.95252926424794,129.9032191291198,5.049310135128138
85199156,85181578,85212827,134.2583765772005,124.80527574466386,9.453100832536634
85230938,85213360,85244609,134.02651414509077,124.52169849291552,9.504815652175253
85262889,85245311,85276560,134.72978315266315,128.03301508771614,6.696768064947008
85294733,85277155,85308404,137.30839218823843,134.0888656765403,3.2195265116981204
85326677,85309099,85340348,135.94061217225885,132.81820505953863,3.122407112720225
85358475,85340897,85372146,134.83624598653967,127.16760550985713,7.6686404766825405
85390395,85372817,85404066,139.62841567338245,137.89875616379453,1.7296595095879184
85422337,85404759,85436008,135.9638169765281,131.01028023017426,4.953536746353848
85454267,85436689,85467938,134.27332680759358,124.93941137966304,9.333915427930535
85485985,85468407,85499656,134.73990422297499,127.17996281846101,7.559941404513978
85517939,85500361,85531610,136.31429496576106,133.39372579408686,2.9205691716742024
85549807,85532229,85563478,135.3412105151256,128.3068840170353,7.034326498090309
85581680,85564102,85595351,134.6706985157749,125.06558092870412,9.605117587070765
85613854,85596276,85627525,135.44056621447257,129.4446223367804,5.995943877692156
85645524,85627946,85659195,135.41376525063384,130.59311602685233,4.8206492237815155
85677565,85659987,85691236,134.6251241824749,124.21185535322886,10.41326882924605
85709659,85692081,85723330,134.34769493852434,123.39879632185435,10.948898616669993
85741152,85723574,85754823,134.23761132970486,124.20424827377266,10.033363055932199
85773060,85755482,85786731,134.17320559500627,124.28231015621003,9.890895438796235
85804997,85787419,85818668,134.65633671365705,127.07489238961739,7.581444324039666
85836886,85819308,85850557,134.44657833128645,127.35598104648902,7.0905972847974255
85869175,85851597,85882846,134.4515435628716,126.26061962854732,8.190923934324275
85900985,85883407,85914656,134.50166053983804,125.6379588668777,8.863701672960346
85932905,85915327,85946576,134.72939763339002,127.6582011053763,7.071196528013715
85964750,85947172,85978421,134.71186733476625,126.23062482601003,8.481242508756225
85996534,85978956,86010205,134.321552862058,124.61345114080262,9.708101721255389
86028498,86010920,86042169,134.62702113880485,123.44668399766434,11.180337141140512
86060443,86042865,86074114,135.0782703898372,126.49524668894728,8.583023700889925
86092306,86074728,86105977,134.93828190722152,125.36180433508977,9.57647757213175
86124194,86106616,86137865,134.3465942453277,123.59321968791706,10.753374557410652
86155787,86138209,86169458,134.7782488177727,124.27629823502102,10.501950582751675
86187779,86170201,86201450,134.80829773657834,124.06093730864023,10.747360427938105
86219758,86202180,86233429,134.6400742641329,121.9706754058634,12.669398858269489
86252876,86235298,86266547,134.83727607252516,123.00379884298755,11.833477229537607
86282851,86265273,86296522,134.983214530919,122.82118439860298,12.162030132316033
86315711,86298133,86329382,135.2076992525396,125.0251655990933,10.182533653446313
86347089,86329511,86360760,135.02173608447953,125.1876990344927,9.834037049986833
86379052,86361474,86392723,135.26954229913375,126.76668007472492,8.50286222440883
86411340,86393762,86425011,135.40815220912467,125.38353182369792,10.024620385426743
86443236,86425658,86456907,135.13554222202032,123.83020941148395,11.30533281053637
86475214,86457636,86488885,135.91384197870406,128.55265975397964,7.361182224724416
86506625,86489047,86520296,135.18108775801753,124.87106379709921,10.310023960918315
86538520,86520942,86552191,135.09084610835797,123.31204917233688,11.778796936021081
86570373,86552795,86584044,135.22055602478628,124.9245686684062,10.295987356380081
86602335,86584757,86616006,135.22226092278243,125.38069200727273,9.841568915509697
86634290,86616712,86647961,135.5763459768714,127.20528604839441,8.371059928476996
86666178,86648600,86679849,135.05389616686978,124.68401068277224,10.369885484097537
86698160,86680582,86711831,134.80990886558584,123.30326351849054,11.5066453470953
86730175,86712597,86743846,135.28837068074762,123.60203273396542,11.686337946782203
86762166,86744588,86775837,136.1774563752314,130.7745064985121,5.402949876719305
86793940,86776362,86807611,135.10215234238206,124.60531507726989,10.496837265112163
86826096,86808518,86839767,135.33246516986543,123.19637155209912,12.136093617766306
86858047,86840469,86871718,135.17570326957028,122.47756668541798,12.698136584152294
86890024,86872446,86903695,135.09946299322883,125.32447180897614,9.774991184252684
86922065,86904487,86935736,136.08664540423888,128.11681607572615,7.969829328512731
86954072,86936494,86967743,135.13007611107065,122.92036880064019,12.20970731043046
86986046,86968468,86999717,135.36451532090294,124.774928707731,10.589586613171946
87018433,87000855,87032104,135.59250444306812,128.3076738042815,7.284830638786616
87050340,87032762,87064011,134.94320310253465,123.16334485369902,11.779858248835637
87082299,87064721,87095970,134.82081217032612,126.36459370687794,8.456218463448181
87114203,87096625,87127874,134.37439424627232,126.84720237340412,7.527191872868201
87146211,87128633,87159882,134.16542833888707,124.7535041648092,9.411924174077868
87177353,87159775,87191024,135.15234212978666,128.3215850217116,6.830757108075062
87209170,87191592,87222841,134.00261788095568,125.53608930279333,8.466528578162354
87241097,87223519,87254768,133.7631116009585,122.94046655416443,10.822645046794065
87273003,87255425,87286674,134.70679974497693,128.3361099415923,6.370689803384636
87305492,87287914,87319163,133.6650378085431,121.7949259930971,11.870111815446009
87336819,87319241,87350490,133.5402211814507,122.54549661001641,10.99472457143429
87369293,87351715,87382964,134.13067382109855,124.34161363798154,9.789060183117016
87401584,87384006,87415255,134.12391197380813,125.18685057513964,8.93706139866849
87434010,87416432,87447681,134.39075129583844,125.92312652645298,8.467624769385466
87465527,87447949,87479198,134.17181763107092,125.74002834708516,8.431789283985765
87497527,87479949,87511198,133.96607503715984,124.09333834125658,9.872736695903257
87530538,87512960,87544209,134.03073641509476,125.5649857193232,8.465750695771561
87561287,87543709,87574958,134.9284952081693,128.09793433232167,6.830560875847624
87593216,87575638,87606887,134.80828160546042,127.8308400476759,6.977441557784516
87624698,87607120,87638369,134.09063719958718,123.6152086866904,10.475428512896784
87656549,87638971,87670220,135.13805224073,129.27888859360752,5.859163647122472
87688413,87670835,87702084,134.52169521096607,127.20311859584893,7.318576615117138
87720340,87702762,87734011,134.19718157408428,123.76104264390393,10.436138930180348
87752199,87734621,87765870,134.26230067952122,124.27919672561734,9.983103953903878
87783644,87766066,87797315,134.6990476828694,126.50495190577801,8.194095777091391
87815559,87797981,87829230,134.3646614979838,123.79253091247543,10.572130585508376
87847508,87829930,87861179,137.12064324702004,134.84961087307914,2.2710323739408977
87879512,87861934,87893183,134.75431420552997,127.05511072250358,7.6992034830263805
87911496,87893918,87925167,134.17562067152824,124.49314701906816,9.682473652460075
87943554,87925976,87957225,134.15118849891877,124.6671094785896,9.484079020329176
87975509,87957931,87989180,134.42833558063884,127.01243412662132,7.415901454017529
88007188,87989610,88020859,133.81407729159122,122.4007557301003,11.413321561490918
88039154,88021576,88052825,137.4519668983402,136.15085991799157,1.301106980348635
88071111,88053533,88084782,135.13380366832203,129.3573985927316,5.776405075590418
88103012,88085434,88116683,134.2492114108726,124.58200909681594,9.667202314056652
88134899,88117321,88148570,134.28727873267485,123.91786101201559,10.369417720659257
88166636,88149058,88180307,134.34793069119252,125.01761664074367,9.330314050448848
88198688,88181110,88212359,134.94002956471306,129.02525559550375,5.914773969209307
88230632,88213054,88244303,137.46420978089824,135.48991227363766,1.9742975072605873
88262652,88245074,88276323,133.73679455289414,123.90039705161654,9.836397501277602
88295182,88277604,88308853,133.96701749449343,123.536338502742,10.430678991751435
88327222,88309644,88340893,134.14235780112628,126.65058756188921,7.49177023923707
88359204,88341626,88372875,134.85556872279153,127.3447688716563,7.510799851135232
88391062,88373484,88404733,138.30857473457453,136.71779849241312,1.590776242161411
88423057,88405479,88436728,135.66090226372825,130.86215842144162,4.798743842286626
88455080,88437502,88468751,134.6228990024448,128.89864723068686,5.724251771757935
88487043,88469465,88500714,134.3610804200819,125.65753487829872,8.703545541783171
88518855,88501277,88532526,134.7421701275203,126.35698609297575,8.385184034544551
88549622,88532044,88563293,136.6873651730068,133.21453608166203,3.472829091344778
88581529,88563951,88595200,138.8404290032839,137.86720710356354,0.9732218997203574
88613445,88595867,88627116,134.15065188007927,125.85072873882518,8.299923141254084
88645976,88628398,88659647,134.26648748585728,129.81039340425286,4.456094081604419
88677864,88660286,88691535,133.87263887998952,124.61451250850567,9.258126371483854
88709759,88692181,88723430,134.0020980380676,124.45533645844273,9.54676157962487
88741618,88724040,88755289,134.42901043232575,125.85042817000198,8.578582262323778
88773025,88755447,88786696,138.97127225203013,138.10062674153937,0.8706455104907604
88804955,88787377,88818626,134.2394688216952,124.43510272474069,9.80436609695451
88836732,88819154,88850403,134.52439231804294,129.3444742238377,5.179918094205249
88868550,88850972,88882221,137.36913491396245,134.48341461701338,2.8857202969490743
88901097,88883519,88914768,134.0349110040705,123.1201875310903,10.9147234729802
88932327,88914749,88945998,134.2246874010161,125.36138669532079,8.863300705695309
88964047,88946469,88977718,140.07874587741173,138.6111210443894,1.4676248330223416
88995997,88978419,89009668,137.02916249137243,133.96857062534144,3.0605918660309896
89027854,89010276,89041525,134.49349069161644,124.50847492814624,9.985015763470201
89059725,89042147,89073396,134.34430104466065,123.75795119936045,10.586349845300205
89091659,89074081,89105330,135.20301856087957,127.62223803548983,7.580780525389741
89123437,89105859,89137108,136.67022000144644,134.20848634221284,2.4617336592336017
89155311,89137733,89168982,138.48694196660287,137.33902721176153,1.147914754841338
89187966,89170388,89201637,134.8796830693993,125.49272075932102,9.386962310078289
89219891,89202313,89233562,136.67787660537527,133.22380874228065,3.4540678630946218
89251784,89234206,89265455,134.6805896041728,124.88576395323395,9.794825650938861
89283269,89265691,89296940,134.7018034148375,125.58768889866502,9.114114516172492
89315145,89297567,89328816,135.58134359208003,130.19432902507242,5.387014567007611
89347112,89329534,89360783,139.0480377778939,137.27548213497013,1.772555642923777
89378990,89361412,89392661,134.96671695994047,123.02980578111202,11.936911178828453
89410829,89393251,89424500,135.59453794783727,124.42554785786201,11.168990089975253
89442615,89425037,89456286,135.70878638779158,127.26722786426805,8.441558523523526
89474557,89456979,89488228,135.3050769058249,125.04798615975885,10.257090746066055
89506426,89488848,89520097,135.73375182275214,124.75417199556281,10.979579827189326
89538323,89520745,89551994,135.71469342647444,125.25568181896269,10.459011607511755
89570829,89553251,89584500,139.42727091234994,137.66142103599222,1.76584987635772
89602750,89585172,89616421,135.66227349931316,126.0484277644872,9.613845734825958
89634307,89616729,89647978,137.34414816410808,131.64751586704054,5.696632297067538
89666172,89648594,89679843,135.9200243953564,127.10917771246227,8.810846682894123
89697983,89680405,89711654,135.94811364890268,124.22048328145408,11.727630367448597
89729477,89711899,89743148,137.98397620132295,132.98136773589482,5.002608465428125
89761321,89743743,89774992,140.21251308793913,138.8804421639168,1.3320709240223323
89793210,89775632,89806881,136.12051094973302,123.82503488610658,12.295476063626438
89825052,89807474,89838723,136.36912094222032,124.80180313701104,11.567317805209285
89856918,89839340,89870589,138.85165119434527,135.34176975294227,3.509881441402996
89888539,89870961,89902210,136.71074075604622,128.02211900402216,8.688621752024062
89921157,89903579,89934828,136.63080606795432,124.44321024284153,12.187595825112794
89951762,89934184,89965433,140.67464971489738,138.3004786075244,2.374171107372973
89984551,89966973,89998222,137.80356188143563,132.31475533384054,5.48880654759509
90015876,89998298,90029547,136.38048750506513,124.39957405374743,11.980913451317704
90047874,90030296,90061545,137.08223803361392,127.03226657770315,10.049971455910764
90079770,90062192,90093441,138.29042858054348,132.39008687642237,5.900341704121104
90111521,90093943,90125192,138.78811663805894,135.12328782024855,3.6648288178103883
90143411,90125833,90157082,138.72851494986574,134.62814617592758,4.100368773938158
90174955,90157377,90188626,137.1697596871675,130.1991269052081,6.970632781959409
90206947,90189369,90220618,138.10300572971545,132.96673064521156,5.136275084503893
90238826,90221248,90252497,136.47974278415757,126.9228784748041,9.556864309353472
90270456,90252878,90284127,136.26698894426855,125.22814826090097,11.038840683367582
90302414,90284836,90316085,140.6984324791512,138.42067426843252,2.277758210718673
90333860,90316282,90347531,137.4694669401384,131.0232576578854,6.446209282252994
90365846,90348268,90379517,136.5763736703401,126.85064022586548,9.725733444474628
90397538,90379960,90411209,136.82423178329822,127.29922556462854,9.525006218669674
90429491,90411913,90443162,137.3567547597081,129.99604048567284,7.360714274035274
90461520,90443942,90475191,136.28529745504886,126.34303904095786,9.942258414091
90493393,90475815,90507064,139.75052856700427,137.904214795424,1.8463137715802702
90524844,90507266,90538515,136.31089870441232,126.06708712218257,10.243811582229753
90556854,90539276,90570525,136.79118773430034,128.1789167951318,8.612270939168525
90588397,90570819,90602068,136.28200173979454,126.35806920983106,9.92393252996348
90620619,90603041,90634290,136.43964914463626,125.54406204497973,10.895587099656538
90652085,90634507,90665756,136.16888994202787,125.24428897543743,10.924600966590447
90683732,90666154,90697403,139.27525429942727,137.32038967182302,1.9548646276042518
90715972,90698394,90729643,136.6211703594696,127.59873752411511,9.022432835354493
90747727,90730149,90761398,136.2903255813701,125.8702624581703,10.420063123199796
90779264,90761686,90792935,136.40464143646048,126.13891623719185,10.26572519926863
90811194,90793616,90824865,136.3777622714156,126.59126743465345,9.78649483676216
90842762,90825184,90856433,136.2420213519141,127.20349486229524,9.03852648961886
90874727,90857149,90888398,139.23928919029296,137.49689060867343,1.7423985816195398
90906572,90888994,90920243,135.83372545385157,124.53712845908237,11.296596994769203
90938503,90920925,90952174,136.20499585512025,128.8461639497678,7.358831905352446
90970102,90952524,90983773,136.09166757728852,127.05901892520957,9.032648652078947
91002127,90984549,91015798,135.8845784690849,125.667086080802,10.217492388282892
91033256,91015678,91046927,136.18782671140548,128.34602471204644,7.841801999359035
91065261,91047683,91078932,139.9810764968222,137.7687493241179,2.212327172704306
91096942,91079364,91110613,136.4253288178517,128.23882933815796,8.186499479693737
91128799,91111221,91142470,136.33986299762097,127.60207153112165,8.737791466499317
91160986,91143408,91174657,137.08801238478551,129.14948365569035,7.938528729095168
91192738,91175160,91206409,139.19776438315102,136.75838562931807,2.4393787538329548
91224727,91207149,91238398,137.03156699906657,130.24585175731343,6.785715241753138
91256191,91238613,91269862,141.9912471328796,139.97172998178482,2.0195171510947887
91288029,91270451,91301700,141.42246540590293,139.04015296040956,2.382312445493369
91319916,91302338,91333587,137.00055815772103,130.8522982335751,6.148259924145918
91352358,91334780,91366029,136.03894368324106,125.59965163757172,10.439292045669333
91383338,91365760,91397009,136.47977704951157,126.18501205856941,10.294764990942156
91415053,91397475,91428724,137.7460378537815,132.49558531664593,5.250452537135573
91446943,91429365,91460614,139.65377960097445,137.01034565335436,2.643433947620082
91478619,91461041,91492290,136.32309740757898,123.74566837347766,12.577429034101328
91510255,91492677,91523926,136.4714489952333,123.85239735785107,12.619051637382213
91541874,91524296,91555545,136.9236297919198,128.7349114391826,8.188718352737197
91573638,91556060,91587309,137.83354903929748,132.78665023953968,5.046898799757798
91605399,91587821,91619070,136.3173780527162,122.76334341766633,13.554034635049874
91637107,91619529,91650778,139.14686084229234,136.05211532710226,3.094745515190084
91668812,91651234,91682483,137.0009664933709,129.83396175593558,7.16700473743532
91701899,91684321,91715570,136.62946264353133,125.92552871139492,10.703933932136408
91732456,91714878,91746127,137.81696866263698,133.98041257455762,3.8365560880793623
91764351,91746773,91778022,136.19939993825673,126.04715493074266,10.152245007514068
91795954,91778376,91809625,136.32833007823785,126.1446347388846,10.18369533935325
91827441,91809863,91841112,140.917244793969,139.09960037862834,1.8176444153406521
91859063,91841485,91872734,136.46931434506038,126.5546064593565,9.914707885703876
91890764,91873186,91904435,136.4509664814793,126.54693346014959,9.90403302132971
91922513,91904935,91936184,136.75489759121433,126.63426733391225,10.120630257302082
91954187,91936609,91967858,136.40320470601984,127.70184847699292,8.701356229026914
91985887,91968309,91999558,136.76186993354295,128.84819264798975,7.913677285553206
92017581,92000003,92031252,139.79860948514605,137.82200254669303,1.976606938453017
92049126,92031548,92062797,136.3165000188175,125.39240135481981,10.924098663997682
92080850,92063272,92094521,136.73620588948089,127.13785597171241,9.598349917768473
92112434,92094856,92126105,137.09049441265725,129.24664526440367,7.843849148253582
92144149,92126571,92157820,136.45773197847748,125.52173271910704,10.935999259370448
92175853,92158275,92189524,136.41599240605183,126.08279816022657,10.333194245825254
92207383,92189805,92221054,140.27546847749184,137.63049918071954,2.6449692967723024
92238816,92221238,92252487,136.41655523606562,126.55300968119334,9.863545554872275
92270960,92253382,92284631,137.05548890592203,131.6415019318058,5.413986974116227
92302516,92284938,92316187,136.0427212087999,126.67277431033011,9.369946898469777
92333260,92315682,92346931,137.29048725229993,130.23554181558035,7.054945436719578
92364051,92346473,92377722,145.80405195689258,143.88141909255165,1.922632864340926
92395522,92377944,92409193,140.37600549023483,138.6176319934121,1.7583734968227418
92430225,92412647,92443896,136.5680574396926,125.23572205921154,11.33233538048107
92459275,92441697,92472946,137.42697753842285,130.40890322659456,7.018074311828286
92490583,92473005,92504254,136.51018711262338,129.38920919302416,7.120977919599227
92521918,92504340,92535589,136.51915428114972,129.04010254513616,7.4790517360135595
92552438,92534860,92566109,137.8557608032836,132.48277999484395,5.3729808084396495
92583043,92565465,92596714,139.79167600925618,136.9797958899952,2.811880119260991
92613500,92595922,92627171,136.65927350634396,129.46365195945125,7.19562154689271
92643408,92625830,92657079,136.28810713354912,129.8199090384868,6.46819809506232
92674692,92657114,92688363,137.29039110556894,130.9139298216766,6.376461283892354
92705316,92687738,92718987,143.72009874198608,142.1856402726185,1.5344584693675642
92734289,92716711,92747960,137.58621243084082,134.418663012085,3.1675494187558115
92764916,92747338,92778587,140.00494435237692,137.2694959980203,2.7354483543566346
92795453,92777875,92809124,137.0532148007037,127.86471358038298,9.188501220320717
92826021,92808443,92839692,138.73888138988448,135.5760739121452,3.1628074777392783
92856628,92839050,92870299,136.27604288338398,126.21506531986319,10.060977563520794
92887046,92869468,92900717,136.38682638046288,125.0440377258286,11.342788654634276
92918556,92900978,92932227,137.4671216493939,130.9456765866058,6.5214450627881035
92949063,92931485,92962734,140.58045680755663,138.71296774512467,1.8674890624319573
92979432,92961854,92993103,136.30390029331755,127.43793925054364,8.865961042773918
93009875,92992297,93023546,136.68016619146587,127.96720681868172,8.712959372784155
93039294,93021716,93052965,136.0344850627982,125.70434521003016,10.330139852768056
93070044,93052466,93083715,135.95456193414097,128.75429525125315,7.200266682887815
93100467,93082889,93114138,136.26869913276036,131.2000337796942,5.068665353066166
93130645,93113067,93144316,139.85964508520723,137.8986335787912,1.9610115064160425
93161061,93143483,93174732,136.31157926590615,129.0763956257747,7.235183640131453
93191309,93173731,93204980,136.42156778421804,128.158567575567,8.26300020865105
93221568,93203990,93235239,136.05822463358894,127.1438211172528,8.914403516336137
93252017,93234439,93265688,136.22072985029814,126.37602490913706,9.844704941161083
93282050,93264472,93295721,136.04021553986965,125.53003036960226,10.510185170267391
93312335,93294757,93326006,138.41487818466027,135.2028626800402,3.2120155046200694
93342955,93325377,93356626,138.20929223896874,135.85693363234637,2.3523586066223743
93373014,93355436,93386685,135.79158095955802,124.60697519444075,11.184605765117269
93403551,93385973,93417222,135.83808435277487,126.23091955013979,9.607164802635083
93432659,93415081,93446330,136.07436715714417,126.38136032695843,9.693006830185737
93463577,93445999,93477248,135.6088953014416,126.05764049411376,9.551254807327851
93493796,93476218,93507467,140.23425183907167,138.29865038188555,1.9356014571861238
93524266,93506688,93537937,138.84729077719572,137.15367244288078,1.693618334314948
93554687,93537109,93568358,135.33736205824133,124.57508137683716,10.762280681404164
93585003,93567425,93598674,135.35843719463554,124.06704961379762,11.29138758083792
93615194,93597616,93628865,135.4381896061297,123.73098341882125,11.707206187308444
93644941,93627363,93658612,135.9276868277853,126.1671014934921,9.760585334293197
93675417,93657839,93689088,135.81354011915894,124.68398511534446,11.129555003814488
93705612,93688034,93719283,138.97062065622902,137.70185577360752,1.2687648826214968
93735773,93718195,93749444,135.81389222395612,127.19702234206443,8.616869881891688
93765934,93748356,93779605,136.01925293993298,127.98002083295819,8.039232106974794
93796122,93778544,93809793,135.8936771075646,126.10464051440694,9.789036593157661
93826443,93808865,93840114,136.9115009944699,128.93212840402117,7.979372590448719
93856480,93838902,93870151,136.5792666906533,129.95755276550415,6.621713925149152
93886726,93869148,93900397,139.92391129713536,137.11653030383678,2.8073809932985796
93917850,93900272,93931521,136.31116678112105,125.71971987382682,10.591446907294227
93948034,93930456,93961705,136.2818728334632,126.04297269839633,10.238900135066885
93978296,93960718,93991967,136.0528038700768,126.17789358595067,9.874910284126116
94008685,93991107,94022356,136.0968946746233,127.41821733755836,8.678677337064926
94039197,94021619,94052868,136.3411398913158,127.77241148093714,8.568728410378668
94069308,94051730,94082979,139.9828675234423,136.88921597994528,3.0936515434970318
94100003,94082425,94113674,136.6650774588934,128.14870682069375,8.516370638199646
94130110,94112532,94143781,137.010954604884,130.07691923887822,6.934035366005787
94159170,94141592,94172841,136.44302518366678,126.53256687235226,9.910458311314514
94187986,94170408,94201657,136.52511950501815,128.48055346557254,8.044566039445613
94218133,94200555,94231804,136.24319840954792,127.4931901917641,8.750008217783815
94248281,94230703,94261952,139.9753929457757,136.9788667158557,2.9965262299199935
94278434,94260856,94292105,137.14914218297815,129.31590003016203,7.833242152816126
94308792,94291214,94322463,136.41610985157203,128.72724633406006,7.688863517511976
94339791,94322213,94353462,136.21568154338902,125.384797111215,10.830884432174031
94371578,94354000,94385249,136.31399314491105,125.26424916679368,11.049743978117377
94403016,94385438,94416687,136.7033933266343,127.60661934625966,9.09677398037465
94434891,94417313,94448562,139.65834490247144,136.55553747656245,3.102807425908992
94466520,94448942,94480191,137.07842922957087,131.11745035033846,5.960978879232414
94498438,94480860,94512109,136.99522830900338,131.5830688028094,5.412159506193973
94530641,94513063,94544312,136.2653203887036,128.40546701154207,7.859853377161528
94563880,94546302,94577551,135.81487459398517,126.78883364849037,9.026040945494799
94594148,94576570,94607819,135.4461385096078,126.83233456503139,8.613803944576418
94625939,94608361,94639610,141.2362792122844,139.87689818503927,1.3593810272451208
94657609,94640031,94671280,136.29417993446776,131.10460537980344,5.189574554664318
94689225,94671647,94702896,135.64945656026805,129.8439370814145,5.80551947885354
94720860,94703282,94734531,135.52931142922557,126.0013985989423,9.52791283028327
94753109,94735531,94766780,136.02930587343883,128.04333860400445,7.985967269434383
94785829,94768251,94799500,136.65950879221288,130.66251497909172,5.996993813121151
94819002,94801424,94832673,142.26516007389324,140.67447723082938,1.5906828430638598
94851575,94833997,94865246,136.14471532780277,128.37128042910766,7.773434898695115
94883883,94866305,94897554,136.32019215805212,131.29098455017882,5.029207607873303
94916726,94899148,94930397,135.47996055416428,127.61769424106598,7.862266313098303
94949762,94932184,94963433,135.6471350059247,127.61102133819419,8.036113667730504
94983163,94965585,94996834,141.61159997427094,139.817153119741,1.7944468545299515
95016763,94999185,95030434,136.42711670793472,129.91004931493464,6.517067393000076
95049750,95032172,95063421,135.2434952217002,125.61066436048087,9.632830861219318
95083863,95066285,95097534,135.54837003095105,127.44018274456513,8.108187286385913
95117089,95099511,95130760,135.7500951713234,127.49819653886112,8.251898632462286
95152065,95134487,95165736,135.474846782391,126.26364426212436,9.211202520266653
95184178,95166600,95197849,137.96343871000067,135.41654279659315,2.546895913407525
95220168,95202590,95233839,135.4572364676714,127.29943073161476,8.157805736056645
95252002,95234424,95265673,135.21837672376503,125.33438770431131,9.883989019453722
95284121,95266543,95297792,135.61414336346306,128.64917697627072,6.964966387192334
95318035,95300457,95331706,136.19623498714378,129.04663914390784,7.149595843235943
95352269,95334691,95365940,136.38452931491526,129.7162115171138,6.66831779780145
95385876,95368298,95399547,139.31638526532117,137.09647765570958,2.219907609611596
95420105,95402527,95433776,135.6780414111534,124.36946189650743,11.30857951464597
95454929,95437351,95468600,136.10984461609166,126.00992122107701,10.099923395014656
95488461,95470883,95502132,136.70116014348406,130.47313858017898,6.228021563305077
95522939,95505361,95536610,135.91139698329624,128.0818541160681,7.829542867228156
95558152,95540574,95571823,136.9958961240801,131.73261517381832,5.263280950261787
95592451,95574873,95606122,136.5831174912643,127.51784287188028,9.065274619384013
95627177,95609599,95640848,136.45067984868993,128.3474641769858,8.103215671704135
95662048,95644470,95675719,136.28681183625835,125.83362901750021,10.453182818758137
95696960,95679382,95710631,136.4958293859259,126.16720273194035,10.328626653985552
95732023,95714445,95745694,136.2078482008102,127.1783566915711,9.029491509239094
95767498,95749920,95781169,135.93409919677842,127.1715935002524,8.76250569652602
95802160,95784582,95815831,135.61445969104045,124.96714044957838,10.647319241462071
95837198,95819620,95850869,136.05168052301067,125.45312837618035,10.598552146830329
95872740,95855162,95886411,136.44483859891304,127.50215141298939,8.942687185923646
95907941,95890363,95921612,137.16357273293409,128.68913787387402,8.474434859060068
95943086,95925508,95956757,136.8037570163133,126.87702510607815,9.926731910235162
95977458,95959880,95991129,137.75830769116413,129.31762230480484,8.440685386359291
96012386,95994808,96026057,137.87503883580166,131.36432172267038,6.510717113131278
96048213,96030635,96061884,137.45534372627964,126.95305077635555,10.502292949924083
96083846,96066268,96097517,137.7541057826579,128.81897046611326,8.935135316544631
96120267,96102689,96133938,137.36503478875218,128.2479894794952,9.11704530925698
96156686,96139108,96170357,137.50864877273958,126.76737267500434,10.741276097735238
96192934,96175356,96206605,137.5232643284401,126.35221114894931,11.171053179490784
96229728,96212150,96243399,138.9380791864325,133.62936724495188,5.308711941480624
96267601,96250023,96281272,137.23596970417256,126.21234113695581,11.023628567216747
96302318,96284740,96315989,137.60275600954196,127.27208653867797,10.330669470863995
96339638,96322060,96353309,138.26670232908145,129.91105480948343,8.355647519598023
96376105,96358527,96389776,137.3167250217172,127.75071028576328,9.566014735953914
96411181,96393603,96424852,137.8916307160247,129.6688248827271,8.222805833297599
96447667,96430089,96461338,138.1724735427036,129.5856448850645,8.586828657639103
96484199,96466621,96497870,139.1135553142629,133.39563870620051,5.717916608062382
96521609,96504031,96535280,137.93225795752755,128.19153019446867,9.740727763058885
96556645,96539067,96570316,138.76472625626383,130.82892863046703,7.935797625796795
96594892,96577314,96608563,138.21889566461553,129.67161873302447,8.547276931591057
96629721,96612143,96643392,138.0590837035876,126.61225216951765,11.446831534069943
96665828,96648250,96679499,138.04015412427574,129.08735065615477,8.952803468120976
96702104,96684526,96715775,138.05462069029903,126.88542050823673,11.169200182062298
96738312,96720734,96751983,137.9821019842769,126.51838597163577,11.463716012641143
96774053,96756475,96787724,138.3079022841608,129.38502127953646,8.922881004624344
96810169,96792591,96823840,138.08918777176598,126.90880164893812,11.180386122827855
96847239,96829661,96860910,138.3319474967229,128.78909719988386,9.542850296839049
96883613,96866035,96897284,139.3388728418917,133.19031231060825,6.148560531283465
96919459,96901881,96933130,137.76328341214736,123.94745724218451,13.815826169962847
96955775,96938197,96969446,138.31937372464697,126.63078908826589,11.68858463638108
96991996,96974418,97005667,138.20231810736817,128.7731893591493,9.429128748218858
97028372,97010794,97042043,137.5855148066481,124.43120212580087,13.154312680847227
97064830,97047252,97078501,138.0443110889085,127.56275104680968,10.48156004209882
97101065,97083487,97114736,137.66823176839748,129.16586418208882,8.502367586308651
97137637,97120059,97151308,137.7267288747666,127.98879078351317,9.737938091253426
97174774,97157196,97188445,138.33411460270804,129.5047657209848,8.829348881723234
97211609,97194031,97225280,137.78849727560643,128.04178692006502,9.74671035554141
97248022,97230444,97261693,137.44071883873391,125.64854588401282,11.792172954721096
97284844,97267266,97298515,137.54673318107618,125.6917767624875,11.85495641858867
97321237,97303659,97334908,139.40230890738567,134.7714045060673,4.630904401318361
97358057,97340479,97371728,137.67983856629934,125.93937315179487,11.74046541450447
97394406,97376828,97408077,137.9034535046125,128.5941755285534,9.309277976059093
97430318,97412740,97443989,137.75764514822782,126.19904645697031,11.558598691257515
97466760,97449182,97480431,137.83456438978487,128.88737902018323,8.947185369601641
97503296,97485718,97516967,137.78797823011314,127.12297414839884,10.6650040817143
97541729,97524151,97555400,137.76457156278528,127.28260072752441,10.481970835260867
97576773,97559195,97590444,148.1869982381303,146.77898157931963,1.4080166588106522
97613097,97595519,97626768,137.39844928827947,128.1731981781742,9.225251110105262
97651070,97633492,97664741,138.0005878927292,128.33954757152813,9.661040321201057
97687274,97669696,97700945,146.08283890202537,145.27805704996308,0.8047818520622911
97723731,97706153,97737402,137.37228179182281,127.09416182571977,10.278119966103048
97759842,97742264,97773513,137.47200607809043,125.15166332158651,12.32034275650392
97796369,97778791,97810040,137.84357622714555,127.09489662967943,10.748679597466122
97832742,97815164,97846413,137.7769553738192,131.00174366500227,6.775211708816926
97869100,97851522,97882771,137.5057988850489,124.07012214756718,13.435676737481728
97904868,97887290,97918539,139.33949328639147,134.07911125251093,5.260382033880546
97942598,97925020,97956269,144.94153250214777,143.8366692799831,1.1048632221646528
97979080,97961502,97992751,137.7620841729301,127.87741815971378,9.884666013216304
98015543,97997965,98029214,140.41825519312022,136.27482667725357,4.1434285158666455
98050635,98033057,98064306,138.56250191916138,131.36268468069548,7.199817238465897
98087186,98069608,98100857,138.03738306192545,126.73462192412741,11.302761137798043
98123751,98106173,98137422,138.15093890021353,131.22864297925892,6.92229592095461
98160233,98142655,98173904,138.12030992011935,127.24554023799033,10.874769682129028
98196552,98178974,98210223,139.33163827153146,132.9034544561798,6.428183815351673
98232117,98214539,98245788,138.5241160228343,128.29348060449468,10.23063541833963
98269884,98252306,98283555,138.70804645086025,129.07474904741346,9.63329740344679
98306269,98288691,98319940,138.86921579979455,129.01941502315157,9.84980077664298
98341573,98323995,98355244,138.99879675144507,128.30090574476233,10.697891006682738
98378968,98361390,98392639,141.96511525184187,139.21498582425866,2.750129427583204
98414419,98396841,98428090,138.92124293493373,126.56639707959613,12.3548458553376
98450729,98433151,98464400,139.62361908796856,132.01179560832895,7.611823479639611
98486500,98468922,98500171,139.3596759253322,132.5099470117473,6.849728913584897
98524766,98507188,98538437,138.78969892734295,128.02994611047956,10.759752816863397
98561145,98543567,98574816,139.47277100391787,132.42081311118176,7.051957892736112
98597484,98579906,98611155,139.32027342849005,134.95522271681747,4.3650507116725805
98632787,98615209,98646458,137.91536990982618,128.25744212616144,9.657927783664746
98669027,98651449,98682698,138.49412770568227,131.72947554878792,6.764652156894357
98706384,98688806,98720055,137.81759622405644,128.3952695667065,9.422326657349942
98741311,98723733,98754982,137.2943776849453,125.54671720265596,11.747660482289334
98777577,98759999,98791248,139.57768427292908,135.33806008527878,4.239624187650293
98813956,98796378,98827627,137.39885271437657,127.7951543517622,9.603698362614367
98850115,98832537,98863786,137.4846593860496,124.53632203807717,12.948337347972426
98885436,98867858,98899107,137.5560545898218,126.5817595717879,10.9742950180339
98922626,98905048,98936297,137.25793475310036,126.39047285455709,10.867461898543269
98958799,98941221,98972470,139.0656550352185,132.83295065836492,6.232704376853576
98993952,98976374,99007623,137.40299597701147,126.0875137229919,11.315482254019571
99030222,99012644,99043893,137.17562315128217,125.67032967589256,11.505293475389607
99066262,99048684,99079933,137.43059114548566,126.7830349232676,10.647556222218057
99102422,99084844,99116093,137.52906547397725,127.86156518561472,9.667500288362533
99138577,99120999,99152248,137.31694219078403,126.06320720837192,11.253734982412112
99176077,99158499,99189748,139.46853583077836,135.71058492141245,3.757950909365917
99212396,99194818,99226067,137.71719178653922,127.81559429239425,9.901597494144966
99246872,99229294,99260543,137.23374436574272,126.90588800073829,10.327856365004436
99284694,99267116,99298365,137.2509022073287,126.01192609229166,11.238976115037033
99318889,99301311,99332560,137.12492952037786,126.96754934654167,10.157380173836188
99354891,99337313,99368562,138.52082016536252,133.80126357409256,4.7195565912699635
99390890,99373312,99404561,136.64995709002153,127.26066631630218,9.389290773719353
99426786,99409208,99440457,136.67066161749145,125.70765687884855,10.963004738642894
99462778,99445200,99476449,136.80568677511818,125.14260108707435,11.663085688043822
99498728,99481150,99512399,137.20962645038964,127.40820754098137,9.80141890940827
99536702,99519124,99550373,139.14022991403698,135.820588088686,3.3196418253509705
99570642,99553064,99584313,137.06400834386972,128.33406949576846,8.729938848101256
99606590,99589012,99620261,137.15353391149273,128.9640751281458,8.189458783346936
99643972,99626394,99657643,146.4168684379751,144.70750499274698,1.7093634452281208
99679992,99662414,99693663,136.83431972697147,127.94438470639383,8.889935020577639
99714563,99696985,99728234,142.49597526653795,140.24352345830064,2.2524518082373106
99750568,99732990,99764239,136.88710653533258,129.47198555288531,7.415120982447263
99786544,99768966,99800215,136.99291423268778,125.46003755772382,11.532876674963958
99822637,99805059,99836308,136.97066958440428,124.84010593182418,12.130563652580094
99859039,99841461,99872710,137.2314017748582,127.52481254563739,9.70658922922081
99894625,99877047,99908296,137.77522523650651,127.71053030470996,10.064694931796552
99930681,99913103,99944352,142.62992330203352,141.06244854297674,1.567474759056779
99966685,99949107,99980356,137.51294805716438,124.90127593018718,12.611672126977197
100002947,99985369,100016618,138.06271093381264,128.61303679172184,9.4496741420908
100039021,100021443,100052692,137.58632317317506,124.60514460378363,12.981178569391432
100075058,100057480,100088729,137.39633495687062,125.63054814077306,11.76578681609756
100111136,100093558,100124807,140.0567964897385,135.89396019376596,4.162836295972539
100148610,100131032,100162281,137.9330900311423,129.33359312977527,8.599496901367047
100184837,100167259,100198508,137.9640349277469,126.47626445104137,11.48777047670552
100219967,100202389,100233638,138.77259876659284,129.46898044616856,9.303618320424277
100257608,100240030,100271279,138.28510519405006,129.25630178297573,9.028803411074335
100293788,100276210,100307459,137.89060622330618,128.34999407117567,9.540612152130507
100328461,100310883,100342132,138.84983473707277,132.9349904699262,5.914844267146577
100364645,100347067,100378316,138.0704521506936,129.48326386952297,8.587188281170626
100400808,100383230,100414479,137.66835977328816,127.05503171116283,10.613328062125333
100437840,100420262,100451511,137.14126369768084,127.2879953995676,9.853268298113235
100461003,100443425,100474674,138.25087975370633,132.24501420461542,6.005865549090913
