timestamp,3dvha,vla1,vla2,unix_time_us,doa_brg,doa_brg_unc,3dvha_brg,vla1_brg,vla2_brg,3dvha_brg_unc,vla1_brg_unc,vla2_brg_unc,snr_p_db_3dvha,snr_p_db_vla1,snr_p_db_vla2,sigma_t_3dvha,sigma_t_vla1,sigma_t_vla2,sigma_tdoa_s_3dvha,sigma_tdoa_s_vla1,sigma_tdoa_s_vla2,p_noise_3dvha,p_noise_vla1,p_noise_vla2,p_signal_3dvha,p_signal_vla1,p_signal_vla2,var_tdoa
2023-12-01T21:00:03.145337,-0.333475,0.0,0.231739,1701464403145337,353.25092021709935,0.02073926899091018,353.25092021709935,353.25092021709935,353.25092021709935,0.02073926899091018,0.02073926899091018,0.02073926899091018,16.45774635831165,25.32904607103823,11.342514825322807,0.0011104982612008126,0.00039990137485844597,0.0020011491535408305,0.001570481701981929,0.0005655459479364614,0.002830052273268882,1.2148931039451753e+32,4.820429564608007e+30,2.1297488835173067e+31,5.374186117392085e+33,1.6443351800966242e+33,2.9012147833718655e+32,3.5984836216405904e-6
2023-12-01T21:00:12.868733,-0.331674,0.0,0.228785,1701464412868733,353.3135374170958,0.007443100053679535,353.3135374170958,353.3135374170958,353.3135374170958,0.007443100053679535,0.007443100053679535,0.007443100053679535,24.627517831063862,27.22949979015038,21.30199061103756,0.00043354013572824516,0.0003213144162681974,0.0006357782553243369,0.0006131183397799567,0.000454407205272479,0.0008991262313415817,1.8106702798501586e+31,3.3007214447702986e+30,2.8012073951943174e+30,5.255223081027455e+33,1.7440496879402286e+33,3.7804571974526e+32,4.6360932888819695e-7
2023-12-01T21:00:22.083100,-0.332,0.0,0.246761,1701464422083100,353.0357723782285,0.00874836257499305,353.0357723782285,353.0357723782285,353.0357723782285,0.00874836257499305,0.00874836257499305,0.00874836257499305,24.702591700111395,30.80116995590387,18.737904677137976,0.00042980910946724366,0.00021298386456777347,0.000854102448597957,0.0006078418718400782,0.00030120466983837976,0.0012078832664633,2.119247932165539e+31,1.6095041661550521e+30,4.961099190638743e+30,6.258077513518715e+33,1.9355709740298427e+33,3.709952745828055e+32,6.39725993232183e-7
2023-12-01T21:00:31.971327,-0.320641,0.0,0.261733,1701464431971327,352.9174310557224,0.021080261649300835,352.9174310557224,352.9174310557224,352.9174310557224,0.021080261649300835,0.021080261649300835,0.021080261649300835,19.07409541608598,24.231549678529746,10.658447451099528,0.000821675674499084,0.0004537615752755012,0.0021651242697912102,0.0011620248827486654,0.0006417157738383939,0.003061948106561874,7.314137682191979e+31,7.075088784335499e+30,2.8219240755251385e+31,5.909798492287035e+33,1.874506117047099e+33,3.2839011055670816e+32,3.7125423899326336e-6
2023-12-01T21:00:41.375928,-0.323194,0.0,0.260618,1701464441375928,352.90964248884234,0.014727663415361072,352.90964248884234,352.90964248884234,352.90964248884234,0.014727663415361072,0.014727663415361072,0.014727663415361072,14.285535734853855,25.332958084077845,20.168555867935773,0.0014260291856694489,0.00039972130497339427,0.0007243982748822076,0.0020167098147135954,0.0005652912906628463,0.0010244538648980913,2.4522692550415876e+32,5.454221237939322e+30,4.2877874432196115e+30,6.578421956126367e+33,1.8622095886333273e+33,4.4574741667431765e+32,1.812059480455349e-6
2023-12-01T21:00:50.785523,-0.312437,0.0,0.298365,1701464450785523,352.43708087072395,0.01163318465624429,352.43708087072395,352.43708087072395,352.43708087072395,0.01163318465624429,0.01163318465624429,0.01163318465624429,19.235846874574246,23.595841866179622,18.318483282715388,0.000806515757718915,0.00048821723579258055,0.0008963570459178953,0.001140585522833703,0.0006904434362421708,0.0012676402910657707,1.0574601896237391e+32,9.927210970865224e+30,6.999252968550787e+30,8.868470257560383e+33,2.272016275620046e+33,4.752258087356902e+32,1.1281864603603463e-6
2023-12-01T21:01:00.896114,-0.319704,0.0,0.286459,1701464460896114,352.5484804177999,0.01549494230901615,352.5484804177999,352.5484804177999,352.5484804177999,0.01549494230901615,0.01549494230901615,0.01549494230901615,14.286364151231803,21.56442521020019,19.6583985699152,0.0014258931846783654,0.0006168562086770828,0.0007682194035375682,0.0020165174802675087,0.0008723664163451787,0.0010864262993609986,4.1482359517085554e+32,1.3813718018385053e+31,4.4427208691591734e+30,1.1130120499442354e+34,1.980400865491601e+33,4.1066612935888595e+32,2.002562672178195e-6
2023-12-01T21:01:10.430832,-0.321976,0.0,0.302034,1701464470430832,352.28804191662346,0.010893151573783101,352.28804191662346,352.28804191662346,352.28804191662346,0.010893151573783101,0.010893151573783101,0.010893151573783101,24.22920856603841,29.70145149420633,16.510407148160585,0.0004538838943598062,0.0002417311544179261,0.00110378590352957,0.0006418887591463551,0.000341859477025936,0.0015609889947277588,3.7599368153985977e+31,2.4610361189018698e+30,1.0568178783474888e+31,9.956378616677758e+33,2.297540295448313e+33,4.73195783935231e+32,9.885252409373574e-7
2023-12-01T21:01:19.868275,-0.315412,0.0,0.315241,1701464479868275,352.14980646827917,0.009120963784470304,352.14980646827917,352.14980646827917,352.14980646827917,0.009120963784470304,0.009120963784470304,0.009120963784470304,23.022476926104,27.99192465786037,19.041304427532612,0.0005215324726600416,0.00029431267627123164,0.0008247835289055156,0.0007375582960538064,0.000416220978361098,0.0011664200526001218,5.360225079306044e+31,3.776721565286485e+30,6.037091111349635e+30,1.075055088100603e+34,2.378523430235981e+33,4.841257390764102e+32,6.92589294004445e-7
2023-12-01T21:01:29.564450,-0.322077,0.0,0.290549,1701464489564450,352.4628103269216,0.011712600145381571,352.4628103269216,352.4628103269216,352.4628103269216,0.011712600145381571,0.011712600145381571,0.011712600145381571,19.673029868141622,23.35835554592938,17.944358821710605,0.0007669264345842769,0.0005017500489091092,0.0009358090906454929,0.0010845977651315268,0.000709581724088626,0.0013234339077828892,1.2908068215052576e+32,7.277508791550749e+30,4.5417482082978274e+30,1.1971931924401251e+34,1.576951343063007e+33,2.829169292860388e+32,1.1437786145194594e-6
2023-12-01T21:01:40.137748,-0.33823,0.0,0.296583,1701464500137748,352.21315715452914,0.007727921100395557,352.21315715452914,352.21315715452914,352.21315715452914,0.007727921100395557,0.007727921100395557,0.007727921100395557,23.625288009286404,24.09078087113475,22.646705548764942,0.00048656492677402036,0.0004611754256040253,0.000544590327259503,0.0006881067184188915,0.0006522005415223969,0.0007701670267475914,5.3138722397959845e+31,5.9476641972374e+30,1.6484732086711364e+30,1.224446768777834e+34,1.525543260250435e+33,3.0321623312188884e+32,4.973378837948494e-7
2023-12-01T21:01:49.844693,-0.333361,0.0,0.301705,1701464509844693,352.1821768182286,0.012129858338666522,352.1821768182286,352.1821768182286,352.1821768182286,0.012129858338666522,0.012129858338666522,0.012129858338666522,21.99231956109142,24.036996719793763,16.304442435431685,0.0005872042939816144,0.00046403994302734406,0.0011302722862113325,0.000830432276432517,0.0006562515809121084,0.0015984463963345111,9.019505159314685e+31,6.225231016038373e+30,5.773624437060436e+30,1.4269694238265668e+34,1.577085157844899e+33,2.465430554719267e+32,1.2251049283817728e-6
2023-12-01T21:01:59.282438,-0.327147,0.0,0.328431,1701464519282438,351.833399332197,0.010813093791568506,351.833399332197,351.833399332197,351.833399332197,0.010813093791568506,0.010813093791568506,0.010813093791568506,18.415678244331886,23.911269654496955,20.831056445268086,0.0008863827356377882,0.000470805706395492,0.000671200665653864,0.001253534486192326,0.0006658198152271502,0.0009492210844415438,1.9061591177608107e+32,8.512790202741133e+30,3.9563868331905594e+30,1.3235092326524263e+34,2.0950717256550215e+33,4.7907597528526445e+32,9.71895133856985e-7
2023-12-01T21:02:09.051726,-0.328605,0.0,0.346779,1701464529051726,351.5379292566462,0.010903337507758688,351.5379292566462,351.5379292566462,351.5379292566462,0.010903337507758688,0.010903337507758688,0.010903337507758688,24.483234079620146,25.55777487288132,16.821887206581476,0.00044080193959458307,0.00038950806743425105,0.001064904936975863,0.0006233880812950252,0.000550847591619252,0.0015060030045093316,5.488395745645978e+31,6.504438006729386e+30,8.942034738124954e+30,1.5408800310280036e+34,2.3387686629187342e+33,4.3015509702994015e+32,9.866969395615187e-7
2023-12-01T21:02:18.505140,-0.330798,0.0,0.35361,1701464538505140,351.411760274842,0.007567673297694984,351.411760274842,351.411760274842,351.411760274842,0.007567673297694984,0.007567673297694984,0.007567673297694984,25.904615163178523,28.533264318565,20.413503555331364,0.00037426088708157916,0.0002765298288576042,0.0007042551362043004,0.0005292848223765547,0.00039107223437113476,0.000995967164991033,3.77344073023992e+31,3.1471795298507013e+30,3.6545524794688263e+30,1.4695996815772906e+34,2.2451633783037152e+33,4.019615926150644e+32,4.7501016981149615e-7
2023-12-01T21:02:28.092776,-0.343582,0.0,0.3644,1701464548092776,351.121348964979,0.017396830134026497,351.121348964979,351.121348964979,351.121348964979,0.017396830134026497,0.017396830134026497,0.017396830134026497,22.60015016577935,25.941258290998498,12.155599843898816,0.000547517106220849,0.00037268531993271507,0.0018223223791822432,0.0007743061172487952,0.0005270566339462017,0.0025771530236555346,6.938216840370944e+31,5.757713036536155e+30,2.3085405855093024e+31,1.2625915699734716e+34,2.2613919664645112e+33,3.7922547021032105e+32,2.5063521219774893e-6
2023-12-01T21:02:38.845676,-0.341644,0.0,0.343554,1701464558845676,351.4601412341218,0.0339037918484142,351.4601412341218,351.4601412341218,351.4601412341218,0.0339037918484142,0.0339037918484142,0.0339037918484142,20.484464463603913,24.714886101806464,6.0223578451704975,0.0006985250379779956,0.00042920116853690675,0.0036922177732388825,0.0009878635823656627,0.0006069821135312741,0.0052215844501494165,9.725092820266306e+31,5.914911946608423e+30,4.646021285213681e+31,1.0872770007404361e+34,1.7516078949030502e+33,1.8591609106771187e+32,9.5364153045178e-6
2023-12-01T21:02:48.632708,-0.343571,0.0,0.369009,1701464568632708,351.05069507120777,0.009197503905871646,351.05069507120777,351.05069507120777,351.05069507120777,0.009197503905871646,0.009197503905871646,0.009197503905871646,20.387985195181034,22.68554148875596,23.2588384998648,0.0007063272165615598,0.0005421608160847054,0.0005075318200172797,0.000998897529134596,0.0007667311790942557,0.0007177583832043377,1.1848261233428077e+32,1.0921072293115363e+31,2.231987063155823e+30,1.295546903283018e+34,2.026839833264372e+33,4.7268902953572305e+32,7.002833571221912e-7
2023-12-01T21:02:58.589344,-0.318655,0.0,0.366556,1701464578589344,351.33169699294166,0.02123768195434883,351.33169699294166,351.33169699294166,351.33169699294166,0.02123768195434883,0.02123768195434883,0.02123768195434883,20.79972935954707,22.697996600526164,10.499675023413047,0.0006736258317018832,0.0005413839429415066,0.002205065272512812,0.0009526507871576593,0.0007656325145589005,0.003118433214305544,8.61625159461953e+31,8.887124608560594e+30,1.8897513739170388e+31,1.0358367326668206e+34,1.6540968310329236e+33,2.1201772596935076e+32,3.739454127235299e-6
2023-12-01T21:03:07.788170,-0.328765,0.0,0.3986,1701464587788170,350.74087497497396,0.006428590288198714,350.74087497497396,350.74087497497396,350.74087497497396,0.006428590288198714,0.006428590288198714,0.006428590288198714,23.56397291687241,29.903897007262707,24.015696886026788,0.0004900118186431961,0.00023616218071607917,0.0004651792739284191,0.0006929813596483135,0.000333983758888285,0.0006578628381244395,5.018500700032708e+31,2.678459551710184e+30,1.6490554720503932e+30,1.1401743870346881e+34,2.6198401469060863e+33,4.1572386241698924e+32,3.415172766021052e-7
2023-12-01T21:03:17.398036,-0.329284,0.0,0.388775,1701464597398036,350.8867567991577,0.008227999504497313,350.8867567991577,350.8867567991577,350.8867567991577,0.008227999504497313,0.008227999504497313,0.008227999504497313,21.50663137788957,29.23617538445908,21.466022092564398,0.0006209743075900308,0.00025503303050913585,0.0006238843565720424,0.0008781902876790636,0.00036067117059913125,0.0008823057184165944,8.859796433469759e+31,3.0927019815570224e+30,2.933612949435297e+30,1.253391892760234e+34,2.5939142263307564e+33,4.111544766869238e+32,5.599217518086022e-7
2023-12-01T21:03:26.667689,-0.331799,0.0,0.405318,1701464606667689,350.6079399515782,0.011672198789216028,350.6079399515782,350.6079399515782,350.6079399515782,0.011672198789216028,0.011672198789216028,0.011672198789216028,19.487694573423838,29.034919265348297,17.34400165913808,0.0007834665735659518,0.00026101125660964224,0.0010027787399178977,0.0011079890540029473,0.0003691256590294002,0.0014181432940512937,1.2121133968755696e+32,3.432291924742861e+30,7.655541051588893e+30,1.0772405888681628e+34,2.74837598506971e+33,4.153135069372081e+32,1.1250079661356294e-6
2023-12-01T21:03:35.995062,-0.333024,0.0,0.419849,1701464615995062,350.37248267789516,0.005842692043536713,350.37248267789516,350.37248267789516,350.37248267789516,0.005842692043536713,0.005842692043536713,0.005842692043536713,24.149301901794647,28.72029509861928,25.93270086927624,0.0004580787079345122,0.0002706390409896959,0.00037305267401262134,0.0006478211213953311,0.00038274140227527594,0.0005275761510681982,4.479609856692184e+31,3.6772766019886376e+30,1.2426407008966147e+30,1.1645828271684438e+34,2.738771552775981e+33,4.8709723142407926e+32,2.814999271724943e-7
2023-12-01T21:03:45.722218,-0.343716,0.0,0.405676,1701464625722218,350.485832639161,0.014721524488174202,350.485832639161,350.485832639161,350.485832639161,0.014721524488174202,0.014721524488174202,0.014721524488174202,20.154585667976306,28.383064308979616,14.193966144624772,0.0007255643191130932,0.00028135328184095897,0.001441142392599006,0.0010261029004637367,0.00039789362699766404,0.0020380831169243257,8.54259463123687e+31,3.530650262976605e+30,1.0067211166111658e+31,8.852141862603825e+33,2.4331065648305265e+33,2.644269969166296e+32,1.7883297640791413e-6
2023-12-01T21:03:56.570638,-0.341245,0.0,0.410575,1701464636570638,350.4346691498714,0.048882387526677104,350.4346691498714,350.4346691498714,350.4346691498714,0.048882387526677104,0.048882387526677104,0.048882387526677104,15.44929237564282,21.191146025325835,2.9595119129320127,0.0012472128651618767,0.0006439437012928897,0.0052532685790052545,0.0017638253490781324,0.0009106739157731337,0.0074292436712176686,2.205950788098349e+32,1.5678636390926352e+31,7.836998929697765e+31,7.736153123087372e+33,2.0626374128749325e+33,1.5491767794838025e+32,0.000019711356123082648
2023-12-01T21:04:06.168019,-0.360533,0.0,0.457736,1701464646168019,349.51921454339606,0.01009425853462494,349.51921454339606,349.51921454339606,349.51921454339606,0.01009425853462494,0.01009425853462494,0.01009425853462494,22.46942986780499,27.140757490847513,18.128384703022853,0.0005558194081003596,0.0003246140598240617,0.0009161908826499694,0.0007860473451657148,0.0004590736059401793,0.0012956895719661635,8.465988351330354e+31,6.67393425599439e+30,7.651818373356318e+30,1.4949292978980992e+34,3.4550765443451174e+33,4.972824393840679e+32,8.358101571382824e-7
2023-12-01T21:04:15.668782,-0.329722,0.0,0.45871,1701464655668782,349.80648260971327,0.009407589595990086,349.80648260971327,349.80648260971327,349.80648260971327,0.009407589595990086,0.009407589595990086,0.009407589595990086,21.87332861838619,27.419523174030886,19.32172987712515,0.0005953039577443199,0.0003143612754003053,0.0007985805104636441,0.0008418869307763971,0.0004445739791560154,0.001129363388544515,8.291324860272894e+31,5.73000888489071e+30,4.4724368381171814e+30,1.2763118259215095e+34,3.163061330419304e+33,3.8257554331035426e+32,7.272937635131547e-7
2023-12-01T21:05:46.895399,-0.382011,0.0,0.483272,1701464746895399,348.9139083226684,0.014313893443899408,348.9139083226684,348.9139083226684,348.9139083226684,0.014313893443899408,0.014313893443899408,0.014313893443899408,21.840886733073607,26.623001596107507,14.282304027231799,0.0005975315815334417,0.00034455227434697166,0.0014265598586364605,0.0008450372665508381,0.0004872704993279828,0.002017460299620728,4.667130137022847e+31,4.471990707095569e+30,9.60836525463545e+30,7.130805390480865e+33,2.054949019156481e+33,2.575608838790612e+32,1.6738888606402703e-6
2023-12-01T21:05:57.075132,-0.375766,0.0,0.489218,1701464757075132,348.8834271925141,0.022301050408646265,348.8834271925141,348.8834271925141,348.8834271925141,0.022301050408646265,0.022301050408646265,0.022301050408646265,18.68900849595042,24.534252982636467,10.238537024434159,0.0008589240752581832,0.0004382203603665854,0.002272366350526362,0.0012147020762788919,0.0006197371769384502,0.003213611311594636,1.3376907912179819e+32,9.566989844437229e+30,2.4455729791251276e+31,9.891373175321873e+33,2.717694348245326e+33,2.583653861503569e+32,4.062290988201628e-6
2023-12-01T21:06:07.552930,-0.374218,0.0,-1.4255,1701464767552930,18.31990808627481,0.013185761826397984,18.31990808627481,18.31990808627481,18.31990808627481,0.013185761826397984,0.013185761826397984,0.013185761826397984,20.905392598667106,25.049891271015802,15.967852069778202,0.0006654808625715064,0.0004129625198650965,0.0011749316349318182,0.0009411320613483702,0.0005840171963449882,0.0016616042529817715,9.5019432012322e+31,9.438108817907734e+30,3.0808115665554726e+31,1.1704468304779486e+34,3.019076428373257e+33,1.2174477828483702e+33,1.3292447786838676e-6
2023-12-01T21:06:17.173665,-0.376426,0.0,0.517093,1701464777173665,348.4457256903775,0.007063385883364506,348.4457256903775,348.4457256903775,348.4457256903775,0.007063385883364506,0.007063385883364506,0.007063385883364506,24.69686362777866,31.09452792531663,21.547152117790283,0.00043009264860347554,0.00020591064761946607,0.0006180841330753204,0.0006082428567320009,0.0002912016305004762,0.000874102963682735,3.93135277855448e+31,2.7494741729436665e+30,3.0338859283888645e+30,1.1593868750989417e+34,3.537548779127225e+33,4.332259466932776e+32,4.062712511635273e-7
2023-12-01T21:06:26.890843,-0.371193,0.0,0.530818,1701464786890843,348.2847523759425,0.005864042163757162,348.2847523759425,348.2847523759425,348.2847523759425,0.005864042163757162,0.005864042163757162,0.005864042163757162,25.84117029465588,29.84318369049802,23.927138095772513,0.0003770046319451988,0.00023781870848120122,0.00046994636639165665,0.0005331650635743773,0.00033632644292016817,0.0006646045249390365,3.020003513368264e+31,3.728264172824022e+30,1.6713335878421697e+30,1.159109533008348e+34,3.596044410344358e+33,4.128354193107837e+32,2.796932119310151e-7
2023-12-01T21:06:37.370899,-0.375418,0.0,0.506615,1701464797370899,348.61781477803055,0.026475753953880438,348.61781477803055,348.61781477803055,348.61781477803055,0.026475753953880438,0.026475753953880438,0.026475753953880438,24.56499510021121,24.454305555630306,8.237274604428894,0.0004366721010656576,0.00044227248649136234,0.0028611555579322215,0.0006175476076370079,0.0006254677486605562,0.004046284994086907,4.126800211914578e+31,1.0119790167838199e+31,4.756997779183865e+31,1.1806276612036987e+34,2.822292769521687e+33,3.1700083714110693e+32,5.714999068561859e-6
2023-12-01T21:06:46.612541,-0.373952,0.0,0.509967,1701464806612541,348.5803843364564,0.016105081928498088,348.5803843364564,348.5803843364564,348.5803843364564,0.016105081928498088,0.016105081928498088,0.016105081928498088,22.341198606166405,25.92897371439468,13.032471534716649,0.0005640859341975962,0.0003732127869676008,0.001647333855675216,0.0007977379784861379,0.0005278025849806418,0.0023296818804522533,7.379014994101566e+31,7.909743091038116e+30,1.4764313168572158e+31,1.2650807676756849e+34,3.097845464480741e+33,2.967976117653339e+32,2.1141263717129814e-6
2023-12-01T21:06:56.004734,-0.382609,0.0,0.503139,1701464816004734,348.60079628060055,0.010497202827016267,348.60079628060055,348.60079628060055,348.60079628060055,0.010497202827016267,0.010497202827016267,0.010497202827016267,18.58713927877904,24.298109621464764,21.464131228013045,0.0008690569496064647,0.0004502976906763949,0.0006240201871290814,0.001229032124608054,0.0006368171012598424,0.0008824978118325437,1.546267543820846e+32,1.013322350629777e+31,2.2190373982453735e+30,1.1168595651809898e+34,2.7262054649086127e+33,3.1086923497051362e+32,8.982861238882675e-7
2023-12-01T21:07:31.287239,-0.385268,0.0,0.463924,1701464851287239,349.18079398307106,0.02067109494426399,349.18079398307106,349.18079398307106,349.18079398307106,0.02067109494426399,0.02067109494426399,0.02067109494426399,12.387634891502442,19.836923665865335,15.517430670842431,0.0017742853073277871,0.0007525909949281744,0.0012374671167747482,0.0025092183451422717,0.0010643243919472856,0.0017500427795335797,4.28115296639567e+32,1.9863528013039203e+31,8.352138636589824e+30,7.418638938292098e+33,1.9131488179610864e+33,2.975368505281003e+32,3.497204281696699e-6
2023-12-01T21:07:40.753060,-0.386815,0.0,0.480443,1701464860753060,348.9103845067562,0.019540894376765466,348.9103845067562,348.9103845067562,348.9103845067562,0.019540894376765466,0.019540894376765466,0.019540894376765466,13.219079871169814,21.004347932922357,15.201603709342626,0.0016123198738268152,0.000657942293136341,0.0012832906065503096,0.0022801646324495596,0.0009304709142122679,0.0018148469802494434,4.7123298246805245e+32,2.0478982149685486e+31,7.377828043074579e+30,9.88880167623352e+33,2.580733508308883e+33,2.443930772154335e+32,3.1195321449964573e-6
2023-12-01T21:07:50.006426,-0.378328,0.0,0.483663,1701464870006426,348.9440866439583,0.01833551903632669,348.9440866439583,348.9440866439583,348.9440866439583,0.01833551903632669,0.01833551903632669,0.01833551903632669,14.180810210794236,22.310428010931883,15.020094932256535,0.0014433268481236386,0.0005660878064177328,0.001310389649953679,0.0020411724035536622,0.000800569053329993,0.0018531708149578253,4.327652149610668e+32,1.9277922453016465e+31,1.0903304740927153e+31,1.1332699331319587e+34,3.281731381816372e+33,3.4639183284086186e+32,2.7471792198633877e-6
2023-12-01T21:07:59.982210,-0.38116,0.0,0.462853,1701464879982210,349.2376935729313,0.018754308044744622,349.2376935729313,349.2376935729313,349.2376935729313,0.018754308044744622,0.018754308044744622,0.018754308044744622,13.953258394730986,20.333254458248465,15.275088144650802,0.0014816385905333529,0.0007107919128036457,0.001272479497355363,0.0020953533892676245,0.0010052115631120303,0.0017995577630016534,4.319875307990122e+32,2.4158482098822062e+31,8.441177977135651e+30,1.0734876456573108e+34,2.608525517402311e+33,2.8438839594734117e+32,2.8797880849696557e-6
2023-12-01T21:08:09.254856,-0.378204,0.0,0.46902,1701464889254856,349.1715151854365,0.01868905430154208,349.1715151854365,349.1715151854365,349.1715151854365,0.01868905430154208,0.01868905430154208,0.01868905430154208,12.586450536227538,21.15542291807206,18.010633186296417,0.0017341340828103606,0.0006465975502641209,0.0009286959283184491,0.0024524359388838402,0.0009144270249807388,0.0013133743771486226,5.875459924799173e+32,2.3353733849824164e+31,4.8221856683677896e+30,1.0658275012051164e+34,3.0471835719665957e+33,3.0500520208062632e+32,2.8585236909649056e-6
2023-12-01T21:08:18.500407,-0.371014,0.0,0.463801,1701464898500407,349.3227247969491,0.0208676404206229,349.3227247969491,349.3227247969491,349.3227247969491,0.0208676404206229,0.0208676404206229,0.0208676404206229,11.640624247130747,19.86110890995021,17.160829302265427,0.0019336327291261197,0.0007504983733728922,0.0010241503922616374,0.0027345696301786598,0.0010613649781628912,0.001448367374646133,7.539876392236982e+32,2.89537685752651e+31,4.1078172335151103e+30,1.1000860332085563e+34,2.804245229894216e+33,2.1364564416674665e+32,3.5673782437018323e-6
2023-12-01T21:08:29.380868,-0.387837,0.0,0.434551,1701464909380868,349.60882415526555,0.020193207920339684,349.60882415526555,349.60882415526555,349.60882415526555,0.020193207920339684,0.020193207920339684,0.020193207920339684,12.713931725536863,19.53045399991136,15.630282452824753,0.0017088683824262672,0.0007796191545283075,0.001221493268995627,0.0024167048427378,0.0011025479818197784,0.0017274523473610629,5.018113142845206e+32,2.7224906415997527e+31,7.583194593252903e+30,9.374187191747586e+33,2.443496917854526e+33,2.7725567604537857e+32,3.346721987176815e-6
2023-12-01T21:08:39.768113,-0.378945,0.0,0.44061,1701464919768113,349.6026460970776,0.028203339512320694,349.6026460970776,349.6026460970776,349.6026460970776,0.028203339512320694,0.028203339512320694,0.028203339512320694,15.276039577180745,20.51947322015613,8.509169139851165,0.0012723401204886447,0.0006957152766463512,0.0027729800417481466,0.0017993606543464595,0.0009838899797834197,0.0039215859832301405,2.9937116003822915e+32,2.5275994957820976e+31,3.7997720575721826e+31,1.0088205443040341e+34,2.8487581592551515e+33,2.6957180011745214e+32,6.528191626865146e-6
2023-12-01T21:08:49.200776,-0.377668,0.0,0.420468,1701464929200776,349.9256143796418,0.020117393160977496,349.9256143796418,349.9256143796418,349.9256143796418,0.020117393160977496,0.020117393160977496,0.020117393160977496,15.848009535322575,22.309736926548737,12.245504545314795,0.0011912549657926857,0.000566132848436745,0.0018035574199243894,0.0016846889288683136,0.0008006327523641568,0.0025506153637756992,2.5164735634656934e+32,1.5236956298731877e+31,1.947265939055877e+31,9.673715834984952e+33,2.5934143800161155e+33,3.265695756497965e+32,3.3282761083794374e-6
2023-12-01T21:08:59.054227,-0.386616,0.0,0.398423,1701464939054227,350.1774034044901,0.013102890711011677,350.1774034044901,350.1774034044901,350.1774034044901,0.013102890711011677,0.013102890711011677,0.013102890711011677,17.647041160490723,21.405978164673144,18.39895271614524,0.0009683963475461247,0.0006282120934362426,0.0008880911964768113,0.001369519248452299,0.0008884260625843284,0.0012559506146816557,1.7772665382629073e+32,1.7676878422373002e+31,4.1095059410329854e+30,1.0338479722362232e+34,2.4434496335906235e+33,2.8423979695752556e+32,1.4140985956932237e-6
2023-12-01T21:09:08.342592,-0.367214,0.0,0.432058,1701464948342592,349.849540763186,0.01495001340813589,349.849540763186,349.849540763186,349.849540763186,0.01495001340813589,0.01495001340813589,0.01495001340813589,15.023473904473878,21.128781378772747,19.44885285155063,0.0013098799832097021,0.0006485838522216611,0.000786977939118058,0.001852450037336203,0.0009172360801480604,0.0011129548747891855,3.377544832651561e+32,2.270596455940548e+31,4.4796951223833383e+30,1.073862094740365e+34,2.94454430651522e+33,3.945787958172453e+32,1.8371872402897632e-6
2023-12-01T21:09:19.084485,-0.375583,0.0,0.394057,1701464959084485,350.3526348300755,0.014186881526774539,350.3526348300755,350.3526348300755,350.3526348300755,0.014186881526774539,0.014186881526774539,0.014186881526774539,20.10296782114287,24.660041562644285,14.888506551907184,0.0007298889851960544,0.0004319198092430635,0.0013303927612495403,0.0010322189018909954,0.0006108268520891405,0.0018814594862420911,6.5934709107263835e+31,7.193154073152279e+30,8.54609772958235e+30,6.751664860331688e+33,2.1034079885591014e+33,2.6340166150462e+32,1.6594917010081781e-6
2023-12-01T21:09:28.754871,-0.379391,0.0,0.378849,1701464968754871,350.5492722601866,0.012465953044095226,350.5492722601866,350.5492722601866,350.5492722601866,0.012465953044095226,0.012465953044095226,0.012465953044095226,16.882891008172976,29.818708699673003,18.62273830447141,0.0010574519694149084,0.00023848977607253025,0.0008655024180827709,0.001495462916704703,0.00033727547580909476,0.0012240052579193634,1.2754757165195283e+32,2.631266420744872e+30,3.741941623391023e+30,6.222448278608747e+33,2.523688178687115e+33,2.7250271801327257e+32,1.2827843177451453e-6
2023-12-01T21:09:37.960175,-0.371371,0.0,0.396223,1701464977960175,350.3605468801772,0.013240696845373205,350.3605468801772,350.3605468801772,350.3605468801772,0.013240696845373205,0.013240696845373205,0.013240696845373205,21.262635927279266,27.29876502325044,15.169973308773745,0.0006386654231460307,0.0003187622984225959,0.0012879723369419109,0.0009032093032318682,0.00045079796560245494,0.0018214679468646201,4.197672376745688e+31,4.630910997108295e+30,9.853899209836179e+30,5.613996430151301e+33,2.4862393543436246e+33,3.2404509101521704e+32,1.4455837775637075e-6
2023-12-01T21:09:47.529334,-0.379045,0.0,0.391291,1701464987529334,350.36129618984177,0.008020698372537377,350.36129618984177,350.36129618984177,350.36129618984177,0.008020698372537377,0.008020698372537377,0.008020698372537377,20.296744731135195,27.820651903610663,24.443621964889655,0.0007137858991859911,0.00030017367729702027,0.0004428168136157648,0.0010094456992595035,0.0004245096855008509,0.0006262375434622536,5.539695075708252e+31,4.43503494276875e+30,1.30861424555947e+30,5.931442619380471e+33,2.685110953785252e+33,3.640607338718156e+32,5.304541845597256e-7
2023-12-01T21:09:58.014225,-0.377336,0.0,0.392829,1701464998014225,350.3543655011348,0.01341769194300101,350.3543655011348,350.3543655011348,350.3543655011348,0.01341769194300101,0.01341769194300101,0.01341769194300101,19.893092234318956,22.153739045655353,16.112283629065253,0.000747739957690794,0.0005763924035841966,0.001155556059709478,0.0010574639892946052,0.0008151419543975974,0.001634203051723558,6.516088525182856e+31,1.600891445798807e+31,7.560910671708603e+30,6.357643906133433e+33,2.628668304333696e+33,3.0888901943982597e+32,1.484435369578862e-6
2023-12-01T21:10:07.300164,-0.379564,0.0,0.402984,1701465007300164,350.1762718519212,0.01861213891391274,350.1762718519212,350.1762718519212,350.1762718519212,0.01861213891391274,0.01861213891391274,0.01861213891391274,14.349253087295315,20.490371851217468,14.842942001363431,0.001415606494515228,0.0006980501234421375,0.0013373900898404887,0.0020019699035268702,0.000987191951788084,0.0018913552032357912,3.014427408130206e+32,2.8975316967181687e+31,1.2293660900859722e+31,8.205974037774455e+33,3.24388448553866e+33,3.749517887849102e+32,2.8532186497032176e-6
2023-12-01T21:10:17.119712,-0.373462,0.0,0.432381,1701465017119712,349.78329430240075,0.017382189087440953,349.78329430240075,349.78329430240075,349.78329430240075,0.017382189087440953,0.017382189087440953,0.017382189087440953,14.98308521665365,21.544057086933243,15.300614363543861,0.0013159850026435002,0.0006183044133702303,0.0012687454056763488,0.0018610838386180315,0.0008744144870633201,0.001794276959906047,2.4151386982746917e+32,2.1609421431845894e+31,1.1820060749613072e+31,7.607651302224308e+33,3.083534756358428e+33,4.005725129764016e+32,2.4825545194670405e-6
2023-12-01T21:12:01.960308,-0.42006,0.0,0.35634,1701465121960308,350.4974442220275,0.023330279585945496,350.4974442220275,350.4974442220275,350.4974442220275,0.023330279585945496,0.023330279585945496,0.023330279585945496,14.45928459225771,17.221607832795822,11.628434571897188,0.001397786916767146,0.0010170090302793057,0.0019363482715622855,0.0019767692149997703,0.001438267963676904,0.002738409987121085,2.1557883780600108e+32,2.442470362297811e+31,2.17881952959774e+31,6.019141950940894e+33,1.2882201436046534e+33,3.1700398125328834e+32,4.491706840758205e-6
2023-12-01T21:12:11.288682,-0.417322,0.0,0.340849,1701465131288682,350.76236426577157,0.02357373178432264,350.76236426577157,350.76236426577157,350.76236426577157,0.02357373178432264,0.02357373178432264,0.02357373178432264,12.35069256856741,16.41518211778957,13.442754496747238,0.0017818476653657794,0.0011159534904388855,0.0015713302669133772,0.0025199131344431215,0.001578196561156266,0.0022221965744362335,5.08477431854363e+32,2.5205759998529484e+31,1.0781568545737986e+31,8.736569556598924e+33,1.1041244026953809e+33,2.3820857879508468e+32,4.592941402073517e-6
2023-12-01T21:12:22.182495,-0.428828,0.0,0.357825,1701465142182495,350.38878652824684,0.02055673518451381,350.38878652824684,350.38878652824684,350.38878652824684,0.02055673518451381,0.02055673518451381,0.02055673518451381,15.197608427225141,14.78306715841063,14.898925839229278,0.0012838810224517548,0.001346641030858629,0.0013287978257505715,0.0018156819544247079,0.001904438009488359,0.001879203906828339,3.1588288920217856e+32,5.7147354675617975e+31,1.151190922657927e+31,1.0454107082980511e+34,1.719106758654819e+33,3.556640261042268e+32,3.4849974716821333e-6
2023-12-01T21:12:31.359465,-0.406756,0.0,0.39305,1701465151359465,350.0628135949784,0.01982598931900354,350.0628135949784,350.0628135949784,350.0628135949784,0.01982598931900354,0.01982598931900354,0.01982598931900354,12.879713400962737,16.18096539946625,18.748514911998097,0.0016765616613590697,0.0011464547837891775,0.0008530597580700164,0.002371016239648765,0.0016213319038821694,0.0012064086793773284,6.340681140744987e+32,5.251454234255073e+31,6.492670044463317e+30,1.2305726375735563e+34,2.1795966160414507e+33,4.86715104235733e+32,3.235285684300433e-6
2023-12-01T21:12:41.008373,-0.407639,0.0,0.398048,1701465161008373,349.977188657426,0.01185589873493807,349.977188657426,349.977188657426,349.977188657426,0.01185589873493807,0.01185589873493807,0.01185589873493807,17.61707781442106,20.41902532830845,22.671760752476583,0.0009717427521195024,0.0007038075710918407,0.0005430216726681227,0.0013742517791851569,0.0009953342123389475,0.0007679486141497825,2.1938425926468927e+32,2.195531281497989e+31,3.052093343485338e+30,1.2673986650236063e+34,2.417921305504524e+33,5.64642920016018e+32,1.1563344069401777e-6
2023-12-01T21:12:50.724067,-0.436883,0.0,0.377397,1701465170724067,350.0086358041393,0.02070784787421321,350.0086358041393,350.0086358041393,350.0086358041393,0.02070784787421321,0.02070784787421321,0.02070784787421321,14.250911789848363,16.493380047127495,14.31562007050947,0.001431725009424485,0.0011059517965235064,0.001421098553086727,0.002024764925916854,0.0015640520299744325,0.0020097368472440313,2.915043752941493e+32,3.686025894317371e+31,1.1168310491128612e+31,7.757758513907527e+33,1.64397945770127e+33,3.0168206098574933e+32,3.5283246509535346e-6
2023-12-01T21:13:00.368682,-0.431144,0.0,0.412433,1701465180368682,349.52492468255326,0.02054100172387739,349.52492468255326,349.52492468255326,349.52492468255326,0.02054100172387739,0.02054100172387739,0.02054100172387739,12.845431365583496,19.563275445345266,14.924512009027033,0.0016831918999260934,0.0007766787599097456,0.0013248893233564942,0.002380392812952019,0.0010983896358714793,0.0018736764497340674,5.412495223685894e+32,2.338011281027733e+31,2.1397821149426696e+31,1.0421750280765467e+34,2.1143366934374108e+33,6.649986353952542e+32,3.461131058143854e-6
2023-12-01T21:13:09.824975,-0.427696,0.0,0.396593,1701465189824975,349.80296813626904,0.018794694017822716,349.80296813626904,349.80296813626904,349.80296813626904,0.018794694017822716,0.018794694017822716,0.018794694017822716,14.5188780595479,18.10852687493999,15.371277564099756,0.001388229592224883,0.0009182878899652306,0.00125846552443761,0.001963253117012101,0.0012986551881518016,0.0017797390124386378,3.293714384726448e+32,3.374776920181657e+31,1.3847266939391504e+31,9.32338766441785e+33,2.1832212903379113e+33,4.7697083106037124e+32,2.902779683855793e-6
2023-12-01T21:13:19.938081,-0.468487,0.0,0.377876,1701465199938081,349.6913730101121,0.02473306263261216,349.6913730101121,349.6913730101121,349.6913730101121,0.02473306263261216,0.02473306263261216,0.02473306263261216,11.250389523467867,14.200682401673062,15.998084391288378,0.0020224869341072147,0.0014400284777320567,0.0011708492476811027,0.0028602284519368033,0.002036507803412157,0.0016558308855649506,3.815298256731389e+32,3.2432860703717427e+31,4.8244003922131276e+30,5.0882383446399627e+33,8.53205206517273e+32,1.9197814157991266e+32,5.023348917406073e-6
2023-12-01T21:13:29.464694,-0.442414,0.0,0.426863,1701465209464694,349.1915498972598,0.02378084196676233,349.1915498972598,349.1915498972598,349.1915498972598,0.02378084196676233,0.02378084196676233,0.02378084196676233,12.037958970747804,14.376279728902908,15.493385801912652,0.001847171640438543,0.0014112085997694068,0.0012408975031181608,0.0026122951859391457,0.0019957503411314405,0.001754894078424613,2.575459008223492e+32,3.46222253062125e+31,9.324937942141679e+30,4.1176605255090567e+33,9.483812324811428e+32,3.3035777348548804e+32,4.628919596365622e-6
2023-12-01T21:13:38.585427,-0.43867,0.0,0.430314,1701465218585427,349.1750498381976,0.018077328159605208,349.1750498381976,349.1750498381976,349.1750498381976,0.018077328159605208,0.018077328159605208,0.018077328159605208,15.418310001123741,15.976490486881858,17.084904293717123,0.0012516695894137925,0.0011737637057285275,0.0010331419261629896,0.0017701281089589488,0.0016599525516625862,0.0014610833238359628,3.3115136716954456e+32,4.101403557481621e+31,8.271967526486614e+30,1.1530749900820757e+34,1.623983275873264e+33,4.227652186225112e+32,2.6745201583630862e-6
2023-12-01T21:13:48.004064,-0.434433,0.0,0.440569,1701465228004064,349.0583021204014,0.016281322543667306,349.0583021204014,349.0583021204014,349.0583021204014,0.016281322543667306,0.016281322543667306,0.016281322543667306,14.970626069813683,18.026129208301988,19.202487917121836,0.0013178740221963057,0.0009270405696171768,0.0008096192113459343,0.001863755315689197,0.001311033346422691,0.0011449744690432296,2.9664676682182294e+32,2.4192105634047977e+31,4.549476198177448e+30,9.317560605319039e+33,1.5356300109690573e+33,3.78625786914237e+32,2.167786282317614e-6
2023-12-01T21:13:57.151905,-0.428417,0.0,0.437168,1701465237151905,349.16996039595034,0.019429215015002957,349.16996039595034,349.16996039595034,349.16996039595034,0.019429215015002957,0.019429215015002957,0.019429215015002957,14.826635669250718,17.679286573854814,14.562560569404642,0.001339903178435487,0.0009648079471286968,0.0013812655247658467,0.001894909247210283,0.001364444483914747,0.0019534044383622507,2.8607362596348072e+32,2.8018236673586015e+31,1.7078245254586693e+31,8.692433714492888e+33,1.6419860264693287e+33,4.8831414306112306e+32,3.08939290155392e-6
2023-12-01T21:14:07.274388,-0.440549,0.0,0.416175,1701465247274388,349.374857100241,0.021571058422451255,349.374857100241,349.374857100241,349.374857100241,0.021571058422451255,0.021571058422451255,0.021571058422451255,11.604056113341475,16.07964308409321,19.558280332676475,0.0019417906033043927,0.001159906672003345,0.0007771255435825011,0.0027461066064817068,0.0016403557466341716,0.0010990214834009368,3.827724752991098e+32,2.026074088969486e+31,3.0188712425868924e+30,5.537915336478556e+33,8.215228186056688e+32,2.726921422077401e+32,3.813238896885007e-6
2023-12-01T21:14:17.788295,-0.436606,0.0,0.42542,1701465257788295,349.2708907740291,0.02063129078819149,349.2708907740291,349.2708907740291,349.2708907740291,0.02063129078819149,0.02063129078819149,0.02063129078819149,14.519444390531058,15.63809158692697,14.785429005217456,0.001388139080851541,0.001220395567039154,0.0013462749051576142,0.0019631251146003718,0.0017258999623667754,0.0019039202295564504,2.4301154094368415e+32,2.699116749109533e+31,1.0138917173476016e+31,6.879729112901422e+33,9.886232706788924e+32,3.0516482696955664e+32,3.485834378728881e-6
2023-12-01T21:14:27.189998,-0.429779,0.0,0.444733,1701465267189998,349.03972560269455,0.016558275696837422,349.03972560269455,349.03972560269455,349.03972560269455,0.016558275696837422,0.016558275696837422,0.016558275696837422,16.442220933510395,16.37284126357519,17.984668917801223,0.00111248497478538,0.0011214066769882208,0.0009314761830877415,0.0015732913392777752,0.0015859085315324867,0.0013173062511502083,2.90105993518373e+32,3.533748425358564e+31,6.024254276384315e+30,1.2787298247528472e+34,1.5329209312692194e+33,3.787653012767715e+32,2.2418824226511325e-6
2023-12-01T21:14:37.144960,-0.422985,0.0,0.449753,1701465277144960,349.0289621253841,0.017514358162634882,349.0289621253841,349.0289621253841,349.0289621253841,0.017514358162634882,0.017514358162634882,0.017514358162634882,16.899032136204017,14.204585116280064,19.76216463507816,0.0010554887141985406,0.0014393815943368599,0.0007590964650883617,0.0014926864545513159,0.0020355929721413957,0.001073524516077436,2.4525308723308774e+32,3.9028495985541177e+31,3.246157140913229e+30,1.2009300073796856e+34,1.027638406727544e+33,3.0731658813885674e+32,2.508068828817237e-6
2023-12-01T21:14:46.119738,-0.432064,0.0,0.462333,1701465286119738,348.7452072123968,0.014864190002297382,348.7452072123968,348.7452072123968,348.7452072123968,0.014864190002297382,0.014864190002297382,0.014864190002297382,15.553774114528087,18.565378112014898,21.06547588534392,0.0012323001321759522,0.0008712369684611189,0.0006533282033289877,0.0017427355598373894,0.0012321151368385349,0.0009239456058287015,2.8443794573839978e+32,1.9015582946744981e+31,4.0332865932607965e+30,1.0217977567050522e+34,1.3666190019132172e+33,5.154738890421419e+32,1.8029701414928488e-6
2023-12-01T21:14:55.787589,-0.442734,0.0,0.441202,1701465295787589,348.9669071092997,0.02253537059392332,348.9669071092997,348.9669071092997,348.9669071092997,0.02253537059392332,0.02253537059392332,0.02253537059392332,12.493313903588385,13.397625004939966,19.183010889980167,0.001752828821339681,0.001579515712726165,0.0008114367187305563,0.002478874291657024,0.0022337725429187483,0.0011475448126362752,3.977101098615298e+32,4.566089721517411e+31,3.406636521879052e+30,7.061517200809403e+33,9.984054462863982e+32,2.8224540943191507e+32,4.150472208114741e-6
2023-12-01T21:15:05.121674,-0.441225,0.0,0.445968,1701465305121674,348.90809060920833,0.02259117381881744,348.90809060920833,348.90809060920833,348.90809060920833,0.02259117381881744,0.02259117381881744,0.02259117381881744,12.993550428100416,14.369895982225117,15.545410051909613,0.0016547320526118577,0.0014122461572254987,0.00123348734500784,0.0023401445108971594,0.0019972176689575867,0.0017444145323256683,3.7843209576282574e+32,3.548674050814731e+31,8.820119619631831e+30,7.539507988293956e+33,9.706344671820035e+32,3.1623903808018986e+32,4.16937893655582e-6
2023-12-01T21:15:14.467625,-0.422174,0.0,0.476381,1701465314467625,348.62525896725407,0.018349698731101975,348.62525896725407,348.62525896725407,348.62525896725407,0.018349698731101975,0.018349698731101975,0.018349698731101975,14.715899109494554,15.573858468608552,18.53271903264821,0.001357094984080042,0.0012294539804696804,0.0008745189993129193,0.001919222131914495,0.0017387104934938084,0.0012367566293812779,3.877475475865972e+32,4.156838573982909e+31,6.902309657472494e+30,1.1485210799207008e+34,1.5001994654212413e+33,4.923413842399514e+32,2.74536491071148e-6
2023-12-01T21:15:24.560728,-0.460647,0.0,0.437117,1701465324560728,348.8538645855658,0.02165438679348431,348.8538645855658,348.8538645855658,348.8538645855658,0.02165438679348431,0.02165438679348431,0.02165438679348431,12.091572715343787,15.772137659607726,17.68452312822329,0.0018358050704019404,0.0012017062441680175,0.0009642264584350592,0.002596220428435719,0.0016994692684908445,0.0013636221347178383,5.67851451634615e+32,3.0652007370133933e+31,6.16957213972422e+30,9.191618950744428e+33,1.1579043547561819e+33,3.619989906002713e+32,3.829340544621396e-6
2023-12-01T21:15:34.146776,-0.440512,0.0,0.447468,1701465334146776,348.89191857548286,0.01814593077453615,348.89191857548286,348.89191857548286,348.89191857548286,0.01814593077453615,0.01814593077453615,0.01814593077453615,14.513477055376462,15.908084094121444,18.88387415602271,0.0013890930806805,0.001183044269113812,0.0008398688868048493,0.001964474274096987,0.0016730772502685188,0.0011877539703346116,2.8531033651129024e+32,2.1367661974057968e+31,4.1258988645731935e+30,8.066129895711648e+33,8.328473613868441e+32,3.1908470982533206e+32,2.689702051000195e-6
2023-12-01T21:15:43.276218,-0.443214,0.0,0.418979,1701465343276218,349.3054073372015,0.013840074099845969,349.3054073372015,349.3054073372015,349.3054073372015,0.013840074099845969,0.013840074099845969,0.013840074099845969,17.182433782898116,18.172584830831386,20.56518664864052,0.001021606180481939,0.0009115404790170829,0.0006920633781937937,0.0014447693158417343,0.0012891129080780264,0.0009787254154634036,1.903196882668544e+32,1.7722807843162865e+31,3.646571613365698e+30,9.947801162495136e+33,1.163565971513221e+33,4.153396683289235e+32,1.56902463488173e-6
2023-12-01T21:15:52.482671,-0.438113,0.0,0.46642,1701465352482671,348.6224483023959,0.010603594155671492,348.6224483023959,348.6224483023959,348.6224483023959,0.010603594155671492,0.010603594155671492,0.010603594155671492,25.35662644809586,24.576156589266436,17.25668101459213,0.0003986335786093992,0.00043611133171456075,0.0010129106794344238,0.0005637530132867336,0.0006167545600153236,0.0014324720203287087,3.334295711249363e+31,5.413819642590138e+30,9.863003215701935e+30,1.1446343074456537e+34,1.5528140159197997e+33,5.244176211819557e+32,9.16726578771393e-7
2023-12-01T21:16:01.936601,-0.434744,0.0,0.472567,1701465361936601,348.5605067608036,0.008194728487839864,348.5605067608036,348.5605067608036,348.5605067608036,0.008194728487839864,0.008194728487839864,0.008194728487839864,22.266470350362802,24.584981332744142,22.491000688312447,0.0005689599322918471,0.00043566847365337054,0.0005544407806978527,0.000804630852694008,0.0006161282641389821,0.0007840976715956303,6.582997775364662e+31,5.531262508926763e+30,3.9544416333777534e+30,1.1093555063662617e+34,1.5897264622662254e+33,7.017545524240228e+32,5.472846685265635e-7
2023-12-01T21:16:11.399886,-0.435794,0.0,0.436002,1701465371399886,349.1154697017344,0.007733984192498262,349.1154697017344,349.1154697017344,349.1154697017344,0.007733984192498262,0.007733984192498262,0.007733984192498262,24.7377509774762,24.410653105218966,21.888108900076347,0.0004280728182687831,0.0004445007985577784,0.0005942918244310968,0.0006053863852789863,0.0006286190578060814,0.0008404555581179074,3.1321780830459375e+31,4.4020995214647993e+30,3.166682845003604e+30,9.324413920700305e+33,1.2154166102783128e+33,4.891200427715538e+32,4.893400468298153e-7
2023-12-01T21:16:20.910653,-0.452972,0.0,0.429636,1701465380910653,349.04495204362445,0.010550154195209356,349.04495204362445,349.04495204362445,349.04495204362445,0.010550154195209356,0.010550154195209356,0.010550154195209356,21.82896487158237,22.036075250504872,19.13430502289695,0.0005983522896144358,0.0005842536554210671,0.00081599960710327,0.0008461979230497291,0.0008262594433625302,0.0011539977112565614,5.207908275069011e+31,5.611348313834719e+30,4.431717332461106e+30,7.93523538217646e+33,8.967569528728636e+32,3.6308019026418624e+32,9.101554367682718e-7
2023-12-01T21:16:31.357672,-0.467814,0.0,0.459035,1701465391357672,348.4442379601586,0.017585645765998564,348.4442379601586,348.4442379601586,348.4442379601586,0.017585645765998564,0.017585645765998564,0.017585645765998564,15.824791037052213,16.185056596666495,17.207853854619998,0.0011944436031931956,0.0011459149118417953,0.0010186207247943038,0.0016891983431256048,0.0016205684096522366,0.0014405472439184166,2.3478423148732558e+32,1.3035106986645854e+31,5.355917506654317e+30,8.97734735287722e+33,5.415271804245558e+32,2.8159132071195045e+32,2.5182697915806706e-6
2023-12-01T21:16:40.306971,-0.442597,0.0,0.482869,1701465400306971,348.3236542354975,0.013512185595135591,348.3236542354975,348.3236542354975,348.3236542354975,0.013512185595135591,0.013512185595135591,0.013512185595135591,16.067264094729104,21.526375048822302,20.42111683818042,0.001161560930755008,0.0006195643899938428,0.0007036381188731699,0.001642695221796448,0.0008761963630927062,0.000995094570713129,2.53745490070666e+32,9.445068742809258e+30,4.550189021481051e+30,1.0259465645669255e+34,1.3422784817845054e+33,5.01350118670097e+32,1.4854602876908376e-6
2023-12-01T21:16:49.904697,-0.439738,0.0,0.49282,1701465409904697,348.19768233755696,0.016670531453658533,348.19768233755696,348.19768233755696,348.19768233755696,0.016670531453658533,0.016670531453658533,0.016670531453658533,14.364514359544529,17.773401211008213,20.54977118334876,0.0014131214309418732,0.0009544103497623941,0.0006932927228076449,0.0019984554929180724,0.001349740060703227,0.0009804639712891422,3.7683563338968306e+32,2.0681208832341007e+31,5.358224557739911e+30,1.0294455928276079e+34,1.2385571224290606e+33,6.081322410876614e+32,2.2589773958792136e-6
2023-12-01T21:16:59.381866,-0.452493,0.0,0.479559,1701465419381866,348.2773840550212,0.02382957594040871,348.2773840550212,348.2773840550212,348.2773840550212,0.02382957594040871,0.02382957594040871,0.02382957594040871,13.848884925557488,16.85238461670107,11.86220911748854,0.001499550011559806,0.0010611724587627565,0.0018849279094058013,0.002120683963804609,0.0015007244831990942,0.002665690613577249,3.336185317930449e+32,1.9562245959824964e+31,2.901696658280626e+31,8.093542644148146e+33,9.476700964071685e+32,4.4552586423907544e+32,4.6184602987083555e-6
2023-12-01T21:17:08.330120,-0.42367,0.0,0.509612,1701465428330120,348.09590387468415,0.017276713481826373,348.09590387468415,348.09590387468415,348.09590387468415,0.017276713481826373,0.017276713481826373,0.017276713481826373,17.411104758558665,15.79876638050708,16.535795578349486,0.0009950615907741097,0.0011980277610379008,0.0011005643019556094,0.0014072295970692927,0.0016942671077592728,0.0015564329620893012,1.6995730646351542e+32,1.927982037817402e+31,7.180630313958391e+30,9.363760897156606e+33,7.327901474525765e+32,3.234015715576638e+32,2.4244399122602835e-6
2023-12-01T21:17:17.497120,-0.411361,0.0,0.495545,1701465437497120,348.43515748240907,0.031083352138651665,348.43515748240907,348.43515748240907,348.43515748240907,0.031083352138651665,0.031083352138651665,0.031083352138651665,8.44546658795588,14.124800178014018,14.60960824329132,0.002793391912244612,0.001452664059992156,0.0013738040382155086,0.003950452727319645,0.0020543772152128706,0.0019428523028872983,1.0453734182967287e+33,3.5610775372044897e+31,1.2284232454199357e+31,7.308329364618782e+33,9.205798140486296e+32,3.550658059887821e+32,7.86707252133583e-6
2023-12-01T21:17:27.149677,-0.44794,0.0,0.520069,1701465447149677,347.69411698559514,0.01960498288073941,347.69411698559514,347.69411698559514,347.69411698559514,0.01960498288073941,0.01960498288073941,0.01960498288073941,16.78615019699871,14.858881393649401,14.95421765135898,0.0010692953812948612,0.0013349381086794052,0.0013203659564992082,0.0015122120304101028,0.0018878875782231037,0.0018672794429769044,2.2173370197858387e+32,2.593241222545247e+31,1.71071795673228e+31,1.0579051408358577e+34,7.938364861060427e+32,5.353036185720432e+32,3.112545750363426e-6
2023-12-01T21:17:37.587807,-0.443861,0.0,0.509997,1701465457587807,347.8906978291104,0.0217885057901586,347.8906978291104,347.8906978291104,347.8906978291104,0.0217885057901586,0.0217885057901586,0.0217885057901586,15.138537489149488,13.711541904080631,14.855455497306089,0.0012926421892884747,0.0015234496507694015,0.0013354647400100523,0.0018280721153874106,0.002154483157710643,0.0018886323473932755,1.9890448768821624e+32,2.135415517729034e+31,8.09603937746225e+30,6.493791355692817e+33,5.019224078228961e+32,2.476384981849817e+32,3.8501924931786864e-6
2023-12-01T21:17:48.366012,-0.419848,0.0,0.514919,1701465468366012,348.0513370281637,0.021821074735828543,348.0513370281637,348.0513370281637,348.0513370281637,0.021821074735828543,0.021821074735828543,0.021821074735828543,14.312896629766543,13.704470523197823,15.74238912396435,0.001421544205136459,0.001524690430885727,0.0012058290561463313,0.002010367094416862,0.0021562378857790734,0.0017052998051056902,2.762513191008107e+32,2.1766270017047407e+31,7.074151587833909e+30,7.457513074379154e+33,5.1077668450361294e+32,2.6540755074320557e+32,3.866328366558869e-6
2023-12-01T21:17:58.210300,-0.429724,0.0,0.561593,1701465478210300,347.22902620938896,0.0177300070719903,347.22902620938896,347.22902620938896,347.22902620938896,0.0177300070719903,0.0177300070719903,0.0177300070719903,15.913473339721717,16.056091291504643,17.138987351135672,0.0011823104653402225,0.001163056027132223,0.0010267290103391287,0.001672039495019788,0.0016448096073701604,0.0014520140913035016,2.838109575918531e+32,2.777450083586914e+31,9.927494691965321e+30,1.1075835400012877e+34,1.1200963749115781e+33,5.13734105800403e+32,2.536486546249047e-6
2023-12-01T21:18:07.880306,-0.414114,0.0,0.563368,1701465487880306,347.35587395860927,0.01764702378383128,347.35587395860927,347.35587395860927,347.35587395860927,0.01764702378383128,0.01764702378383128,0.01764702378383128,14.718302278482518,16.130007207454014,19.5692271746909,0.0013567195616889206,0.0011532005488614349,0.0007761467478092907,0.0019186912044773525,0.0016308718563359385,0.0010976372571436693,4.044113125040689e+32,3.355832305661476e+31,5.522465364188838e+30,1.1985427338775198e+34,1.376578465254256e+33,5.000986914852291e+32,2.5153088327324202e-6
2023-12-01T21:18:17.382454,-0.431143,0.0,0.541012,1701465497382454,347.5348787425323,0.016681970203011265,347.5348787425323,347.5348787425323,347.5348787425323,0.016681970203011265,0.016681970203011265,0.016681970203011265,17.59109643440982,19.350511624721776,14.832754179040288,0.0009746537970900833,0.000795938696597965,0.0013389596569029693,0.0013783686184632305,0.0011256272995464063,0.0018935749062626054,1.699130356372533e+32,1.1918119682720163e+31,1.4409872994910107e+31,9.757450177950185e+33,1.0262635512882059e+33,4.38465645113519e+32,2.2508542638252677e-6
2023-12-01T21:20:07.087802,-0.44771,0.0,0.432091,1701465607087802,349.05875438602385,0.029639379548233064,349.05875438602385,349.05875438602385,349.05875438602385,0.029639379548233064,0.029639379548233064,0.029639379548233064,9.42493495813392,12.742707227290374,15.199152764321898,0.002495505048994378,0.0017032164361679399,0.0012836527707792817,0.0035291770852583846,0.00240871178368547,0.0018153591578138621,5.01142729078509e+32,3.299869490206405e+31,7.101542570212202e+30,4.389903054622568e+33,6.2053672116713635e+32,2.3510830539270137e+32,7.18417074261225e-6
2023-12-01T21:20:17.626386,-0.457498,0.0,0.391902,1701465617626386,349.58292803836537,0.027260486593494775,349.58292803836537,349.58292803836537,349.58292803836537,0.027260486593494775,0.027260486593494775,0.027260486593494775,10.385102559648626,13.213865370289303,15.458180962306063,0.0022343441791625946,0.0016132881071254503,0.0012459371997202424,0.003159839841181122,0.0022815339211120305,0.0017620212857095226,4.3085251751706555e+32,3.2809702649875994e+31,6.395682914617598e+30,4.7080264154150375e+33,6.876838599133692e+32,2.2475275313162494e+32,6.098234622131271e-6
2023-12-01T21:20:27.439692,-0.430664,0.0,0.418595,1701465627439692,349.4345770470254,0.01939216779670988,349.4345770470254,349.4345770470254,349.4345770470254,0.01939216779670988,0.01939216779670988,0.01939216779670988,14.024672058458453,17.48090085488226,15.634247713318654,0.00146950679254915,0.000987097741070925,0.00122093576322558,0.0020781964360223944,0.001395967012810348,0.0017266639151399612,4.321827680628321e+32,2.328000848506927e+31,1.3114187405012718e+31,1.0917787889830436e+34,1.3033865040141645e+33,4.799170251458083e+32,3.0829975344657624e-6
2023-12-01T21:20:36.666254,-0.422929,0.0,0.4306,1701465636666254,349.3252755439729,0.016356038910778237,349.3252755439729,349.3252755439729,349.3252755439729,0.016356038910778237,0.016356038910778237,0.016356038910778237,16.00260333320733,19.74142317197673,16.100338536220676,0.0011702402572551316,0.0007609113148973467,0.0011571463078763277,0.001654969643045187,0.0010760911012909725,0.0016364520022486557,2.9030991524976064e+32,1.5325921487670762e+31,1.2340426830270892e+31,1.156437596225779e+34,1.444005720115623e+33,5.027638403727198e+32,2.1916239111141215e-6
2023-12-01T21:20:45.866001,-0.435342,0.0,0.417476,1701465645866001,349.4059115014532,0.015076775829040134,349.4059115014532,349.4059115014532,349.4059115014532,0.015076775829040134,0.015076775829040134,0.015076775829040134,17.60927364084818,18.393602234532295,17.118658081587565,0.0009726162443412464,0.000888638426482852,0.0010291348774288253,0.0013754870837317749,0.001256724514777936,0.0014554165011710176,1.844636350829006e+32,2.046831717917251e+31,8.341847349045669e+30,1.0637464574392211e+34,1.413977053624559e+33,4.296630889870119e+32,1.8631861384792224e-6
2023-12-01T21:20:55.383423,-0.417374,0.0,0.421788,1701465655383423,349.51578462050674,0.016188303492971668,349.51578462050674,349.51578462050674,349.51578462050674,0.016188303492971668,0.016188303492971668,0.016188303492971668,14.748077412296075,19.977145456296803,18.084926460984036,0.0013520767043838553,0.0007405389875212815,0.0009207863609753543,0.0019121252127083663,0.0010472802796186367,0.0013021885597395144,3.466285442434403e+32,1.6387510924310887e+31,8.507632034647706e+30,1.0343608263873074e+34,1.6301498931140014e+33,5.47395652651575e+32,2.1495712860898583e-6
2023-12-01T21:21:04.862198,-0.436916,0.0,0.41413,1701465664862198,349.4420844763726,0.021012813682959437,349.4420844763726,349.4420844763726,349.4420844763726,0.021012813682959437,0.021012813682959437,0.021012813682959437,11.961490670623432,17.55638870259499,17.368997404486183,0.0018635054501333554,0.0009785561836510596,0.000999897150115248,0.0026353946811347707,0.0013838874264633858,0.0014140681106711902,6.062388446587629e+32,2.6906085741624923e+31,1.0505172457517059e+31,9.523417575010911e+33,1.5328137659735602e+33,5.731957040531208e+32,3.6200127186980274e-6
2023-12-01T21:21:14.331206,-0.410814,0.0,0.415517,1701465674331206,349.6768628771477,0.01637255098571113,349.6768628771477,349.6768628771477,349.6768628771477,0.01637255098571113,0.01637255098571113,0.01637255098571113,15.554175595724978,20.04678259160347,16.421718452074188,0.0012322431738310193,0.0007346256216181425,0.0011151140253400783,0.0017426550085734949,0.0010389175173591428,0.001577009378228394,2.593527850467164e+32,1.7097849445796503e+31,1.2953541184820762e+31,9.317694681913314e+33,1.7283024586492581e+33,5.682773616158104e+32,2.2010515552674254e-6
2023-12-01T21:21:24.454725,-0.424995,0.0,0.373245,1701465684454725,350.189037268238,0.019021439243168802,350.189037268238,350.189037268238,350.189037268238,0.019021439243168802,0.019021439243168802,0.019021439243168802,15.28711483996453,14.85944127423883,17.058377251667803,0.00127071881033556,0.00133485206316439,0.001036302004507658,0.0017970677755391538,0.0018877658914887878,0.0014655523494891542,1.6386192951876293e+32,3.19069739925847e+31,7.119476518606076e+30,5.53591672421901e+33,9.768541947442206e+32,3.616477663819571e+32,2.980318780014293e-6
2023-12-01T21:21:33.274981,-0.422109,0.0,0.38171,1701465693274981,350.08699178501115,0.02208954649787064,350.08699178501115,350.08699178501115,350.08699178501115,0.02208954649787064,0.02208954649787064,0.02208954649787064,11.768848061605595,16.55220047828624,16.618578958903193,0.0019052975004458029,0.0010984876455660906,0.001090124882894616,0.0026944975654860127,0.0015534961264588548,0.001541669394069948,2.855118658319217e+32,2.2554577968987673e+31,7.648205304000713e+30,4.290510492021414e+33,1.019658521359377e+33,3.510891701744416e+32,4.016803955314905e-6
2023-12-01T21:21:42.872579,-0.45609,0.0,0.359066,1701465702872579,350.1027033508197,0.024675224310202915,350.1027033508197,350.1027033508197,350.1027033508197,0.024675224310202915,0.024675224310202915,0.024675224310202915,12.012607690889219,14.364330640977013,14.166600143642594,0.0018525708075664787,0.0014131513207288134,0.001445690055391711,0.0026199307613169916,0.0019984977634601394,0.002044514483322869,3.120816494608466e+32,3.187736492935327e+31,1.3591730706439203e+31,4.960540523360331e+33,8.707941009622926e+32,3.547601056934363e+32,5.012689992389062e-6
2023-12-01T21:21:52.052988,-0.414019,0.0,0.385244,1701465712052988,350.1118423150318,0.018013050717405665,350.1118423150318,350.1118423150318,350.1118423150318,0.018013050717405665,0.018013050717405665,0.018013050717405665,15.628433851927676,16.82891180733883,15.96205951289555,0.00122175326468433,0.0010640440570588996,0.0011757154496595703,0.0017278200367901852,0.0015047855364551874,0.0016627127344001464,2.6514915708242922e+32,2.753223287260848e+31,1.2761810745085778e+31,9.69021997616472e+33,1.3265774633141958e+33,5.036377222554573e+32,2.6714517424649243e-6
2023-12-01T21:22:02.205074,-0.425406,0.0,0.36846,1701465722205074,350.2586575842625,0.02424429036941058,350.2586575842625,350.2586575842625,350.2586575842625,0.02424429036941058,0.02424429036941058,0.02424429036941058,13.465150311181135,18.520489986384323,11.301901014584194,0.0015672839466461064,0.0008757511201215575,0.002010528112471107,0.002216474213436554,0.001238499111339336,0.0028433161241890187,3.663127238567688e+32,1.7810097314062236e+31,3.4038276817691545e+31,8.135177538851609e+33,1.2668211080966248e+33,4.593647514798123e+32,4.843694856563593e-6
2023-12-01T21:22:12.009605,-0.439223,0.0,0.337339,1701465732009605,350.60210576044216,0.024721250802716623,350.60210576044216,350.60210576044216,350.60210576044216,0.024721250802716623,0.024721250802716623,0.024721250802716623,12.73584202620138,14.412286029318322,13.07234566962489,0.0017045631658635643,0.001405370714421467,0.0016397888057300511,0.002410616347085872,0.0019874943244968047,0.0023190115684910187,3.752954778027217e+32,3.63121130743872e+31,1.2572644005104883e+31,7.046241662496729e+33,1.0029519452771322e+33,2.5507105921012773e+32,5.046339839179939e-6
2023-12-01T21:22:21.172949,-0.426028,0.0,0.345197,1701465741172949,350.6103851138603,0.01985093221447979,350.6103851138603,350.6103851138603,350.6103851138603,0.01985093221447979,0.01985093221447979,0.01985093221447979,13.682063186706886,15.742217822911947,16.992962191827257,0.0015286288135172921,0.0012058528374550767,0.0010441360515863597,0.0021618075999104472,0.001705333436955049,0.0014766313651161237,3.938100617138073e+32,3.534607846945243e+31,6.886405643998795e+30,9.193759242983992e+33,1.326059525512178e+33,3.445790112146934e+32,3.2540048062240647e-6
2023-12-01T21:22:30.770931,-0.426359,0.0,0.341889,1701465750770931,350.6579989996264,0.024186509152000223,350.6579989996264,350.6579989996264,350.6579989996264,0.024186509152000223,0.024186509152000223,0.024186509152000223,10.659406544620325,16.213347272053348,16.37616181700839,0.002164885210569505,0.0011421886419740212,0.0011209780531780008,0.0030616100257683278,0.0016152986682681683,0.0015853023659269173,6.4365177748830696e+32,2.7494865307960025e+31,7.895130317641271e+30,7.491894057083648e+33,1.1497047448465311e+33,3.42748438266662e+32,4.83194310966918e-6
2023-12-01T21:22:39.934600,-0.409655,0.0,0.36236,1701465759934600,350.5066888122179,0.027683604030000045,350.5066888122179,350.5066888122179,350.5066888122179,0.027683604030000045,0.027683604030000045,0.027683604030000045,10.776504412246853,13.994745775421025,12.973789677949172,0.0021358953988131085,0.0014745785496028696,0.0016585009204805002,0.003020612240811789,0.002085368983632826,0.0023454744949517855,9.74141965563605e+32,6.9653728821312155e+31,2.035259139785956e+31,1.1648572154563265e+34,1.7475070975137719e+33,4.0364416752854314e+32,6.324704237903051e-6
2023-12-01T21:22:49.730486,-0.444706,0.0,0.306008,1701465769730486,351.02988114601396,0.014032528071086599,351.02988114601396,351.02988114601396,351.02988114601396,0.014032528071086599,0.014032528071086599,0.014032528071086599,17.12276145781282,18.657225356915102,19.282390016609913,0.0010286488097458661,0.0008620727810102156,0.0008022056195798669,0.0014547290976615456,0.001219155018657338,0.0011344900670217594,2.0459549235177024e+32,2.0923418678515793e+31,4.4297581943464087e+30,1.054805065848077e+34,1.5358725591268846e+33,3.755078512795724e+32,1.6298811397571949e-6
2023-12-01T21:22:58.984078,-0.431314,0.0,0.333474,1701465778984078,350.7388722309188,0.02070108706218303,350.7388722309188,350.7388722309188,350.7388722309188,0.02070108706218303,0.02070108706218303,0.02070108706218303,13.153555077320991,17.443657664057287,15.088980072787049,0.0016245289193532347,0.0009913392867238477,0.0013000384498174497,0.0022974308302166524,0.001401965464198136,0.0018385320073383317,4.141815081507691e+32,2.373110145742344e+31,9.442600072084969e+30,8.561428082780944e+33,1.3172968777809818e+33,3.0478220269713334e+32,3.5412985081472617e-6
2023-12-01T21:23:08.233441,-0.43709,0.0,0.321158,1701465788233441,350.8716320763744,0.01923703787046315,350.8716320763744,350.8716320763744,350.8716320763744,0.01923703787046315,0.01923703787046315,0.01923703787046315,16.1254393407591,17.81435772281401,13.644541052628744,0.0011538071708612574,0.0009499206191447315,0.0015352466137997765,0.0016317297493953214,0.0013433906227723268,0.0021711665828230134,3.021469521062484e+32,2.0168036479764193e+31,1.304766022924748e+31,1.2381183257291785e+34,1.2192686028117825e+33,3.019859544255613e+32,3.0604015569272322e-6
2023-12-01T21:23:17.809377,-0.434206,0.0,0.315531,1701465797809377,350.9862481585041,0.02179989185901066,350.9862481585041,350.9862481585041,350.9862481585041,0.02179989185901066,0.02179989185901066,0.02179989185901066,12.998592992450748,15.923119487753164,14.890099902031718,0.001653771682217298,0.0011809981747405753,0.0013301487347716105,0.002338786342060271,0.001670183635855992,0.0018811143806874246,4.172030977546533e+32,2.923544221517792e+31,8.169774274792755e+30,8.32159975550033e+33,1.1434616830106068e+33,2.5189529035748098e+32,3.932675414839278e-6
2023-12-01T21:23:26.864948,-0.395538,0.0,0.379594,1701465806864948,350.3797848791197,0.025383550824748448,350.3797848791197,350.3797848791197,350.3797848791197,0.025383550824748448,0.025383550824748448,0.025383550824748448,12.25811202114021,13.521936049329778,13.746483925519566,0.0018009414746044134,0.001557070936020995,0.0015173333537594356,0.0025469158584257626,0.002202030835297861,0.0021458334075276472,7.065450796930468e+32,7.7021123228222595e+31,1.6933928937684404e+31,1.1883683549772336e+34,1.7330195131993128e+33,4.012417588659297e+32,5.313440400788315e-6
2023-12-01T21:23:36.182123,-0.418416,0.0,0.355425,1701465816182123,350.5276023138417,0.022249633973260158,350.5276023138417,350.5276023138417,350.5276023138417,0.022249633973260158,0.022249633973260158,0.022249633973260158,12.890780373836899,15.478162080680741,14.863917190633732,0.0016744268602276783,0.001243074325905934,0.0013341643791915307,0.0023679971749357817,0.0017579725707339649,0.0018867933594877435,6.3679020238519525e+32,6.502849404090732e+31,1.4883674361451012e+31,1.2390088547591025e+34,2.2957252165901818e+33,4.5614390755937046e+32,4.08595578712129e-6
2023-12-01T21:23:46.315371,-0.419527,0.0,0.327854,1701465826315371,350.940448531935,0.02110588543263302,350.940448531935,350.940448531935,350.940448531935,0.02110588543263302,0.02110588543263302,0.02110588543263302,15.633402925877192,14.993542603461545,13.733175472172094,0.0012210545169056958,0.0013144015743642074,0.0015196599822284622,0.001726831858204963,0.0018588445328704105,0.002149123757063148,3.0412305642803304e+32,4.797086321263408e+31,1.4124781471958523e+31,1.1127295951134943e+34,1.5147180260257187e+33,3.336562655790641e+32,3.6853280623556793e-6
2023-12-01T21:23:56.825938,-0.428528,0.0,0.330437,1701465836825938,350.81278107511866,0.01773087330018712,350.81278107511866,350.81278107511866,350.81278107511866,0.01773087330018712,0.01773087330018712,0.01773087330018712,15.394143314096688,15.469487562456731,18.475832761214942,0.0012551569497099466,0.0012443163929380153,0.0008802652602630781,0.0017750599811866515,0.0017597291187761107,0.0012448830695499275,3.68973599448864e+32,5.736876070196745e+31,6.211304405411329e+30,1.2776433073142654e+34,2.0212695079821114e+33,4.372865201345308e+32,2.5990727883769837e-6
2023-12-01T21:24:06.389428,-0.424041,0.0,0.33074,1701465846389428,350.85199334791366,0.016929880273617644,350.85199334791366,350.85199334791366,350.85199334791366,0.016929880273617644,0.016929880273617644,0.016929880273617644,16.93422147862623,15.882309529862146,17.188926406592387,0.001051221239039387,0.00118656005602083,0.0010208428244678175,0.0014866513333041504,0.0016780493237948373,0.0014436897674136443,2.9388691159432164e+32,5.9757853757838e+31,6.715311038580895e+30,1.450782782458594e+34,2.3153995476302555e+33,3.5152706951535215e+32,2.3700739548127274e-6
2023-12-01T21:25:22.044304,-0.408392,0.0,0.323347,1701465922044304,351.1184570712464,0.011473746945433062,351.1184570712464,351.1184570712464,351.1184570712464,0.011473746945433062,0.011473746945433062,0.011473746945433062,17.39200499492562,25.641536991346165,20.448740720314614,0.0009972520805487685,0.0003857699113354704,0.000701403881304548,0.0014103274174168548,0.0005455610405660886,0.0009919348816420203,1.0908823444072696e+32,4.954327108892803e+30,2.4424876583074225e+30,5.983818503577675e+33,1.8160942215121132e+33,2.708360367516273e+32,1.0901983609064726e-6
2023-12-01T21:25:33.003910,-0.414704,0.0,0.306021,1701465933003910,351.3227199841387,0.02871720861914315,351.3227199841387,351.3227199841387,351.3227199841387,0.02871720861914315,0.02871720861914315,0.02871720861914315,11.269957600611418,16.83744181689694,10.332369832929807,0.0020179356865443077,0.0010629996216465398,0.002247950320547489,0.002853792015907623,0.0015033084817300054,0.0031790818308592055,2.613859775590837e+32,2.400194109552588e+31,1.994818674917542e+31,3.501692818995829e+33,1.1587521348270511e+33,2.1534778474900092e+32,6.836875516199528e-6
2023-12-01T21:25:42.080572,-0.406068,0.0,0.326523,1701465942080572,351.0924025036299,0.01578290891361385,351.0924025036299,351.0924025036299,351.0924025036299,0.01578290891361385,0.01578290891361385,0.01578290891361385,14.865702588015182,17.768056620387732,21.31978583655991,0.0013338901679256895,0.0009549977970461703,0.0006344770373467133,0.0018864055661966354,0.0013505708366191227,0.0008972860312300228,2.6737346744448298e+32,3.418295807485506e+31,4.347265892191241e+30,8.19763480419276e+33,2.0446327101917277e+33,5.89107819613855e+32,2.062563255581417e-6
2023-12-01T21:25:51.560072,-0.395879,0.0,0.322677,1701465951560072,351.25095600152446,0.014689955234874022,351.25095600152446,351.25095600152446,351.25095600152446,0.014689955234874022,0.014689955234874022,0.014689955234874022,15.773189302792247,19.760856483671347,19.157265745305608,0.0012015607565171217,0.000759210798556891,0.000813845400766187,0.0016992635178817899,0.0010736862080192632,0.0011509512034385088,1.8828704519993713e+32,2.100666710854418e+31,6.195701977392628e+30,7.114417873127044e+33,1.988120949402935e+33,5.1029004256236924e+32,1.7883290830637772e-6
2023-12-01T21:26:01.152527,-0.390198,0.0,0.327994,1701465961152527,351.22483716920084,0.020262857396218473,351.22483716920084,351.22483716920084,351.22483716920084,0.020262857396218473,0.020262857396218473,0.020262857396218473,13.992254765093481,18.737512973842747,13.9479041160001,0.001475001501921289,0.00085414096650473,0.0014825522046758202,0.0020859671285377718,0.0012079377390094527,0.0020966454347786777,2.579263897630141e+32,2.1293551931333926e+31,1.6197359197913797e+31,6.467273920228953e+33,1.5922065588217161e+33,4.020079345364579e+32,3.4020981739472184e-6
2023-12-01T21:26:11.766945,-0.394963,0.0,0.28734,1701465971766945,351.8017836401089,0.0163088443096825,351.8017836401089,351.8017836401089,351.8017836401089,0.0163088443096825,0.0163088443096825,0.0163088443096825,15.31595734168783,20.632391480443765,16.433314156793134,0.0012665062395063903,0.0006867293780582432,0.0011136263359747063,0.0017911103007400848,0.0009711820001300082,0.0015749054677512868,1.5160237433320855e+32,1.2504351202084024e+31,7.501129813806505e+30,5.1558673731207374e+33,1.4464396258776186e+33,3.299575703937711e+32,2.2105326063822196e-6
2023-12-01T21:26:21.484216,-0.396306,0.0,0.285447,1701465981484216,351.8176956719147,0.024036067295799882,351.8176956719147,351.8176956719147,351.8176956719147,0.024036067295799882,0.024036067295799882,0.024036067295799882,12.461658154625548,19.38662558161971,11.952716676611395,0.0017592286658998824,0.0007926362344246841,0.0018653888089187947,0.00248792503863114,0.0011209569127517281,0.0026380581526719536,1.8869859534378415e+32,1.411189588431549e+31,1.9821045167162417e+31,3.326093724068028e+33,1.225315484506989e+33,3.1074075660218286e+32,4.801888738324202e-6
2023-12-01T21:26:30.981438,-0.380426,0.0,0.278976,1701465990981438,352.0716185728669,0.017832569976984677,352.0716185728669,352.0716185728669,352.0716185728669,0.017832569976984677,0.017832569976984677,0.017832569976984677,13.972035345666821,18.563588013717915,17.263096828317067,0.00147843907880606,0.0008714165425290155,0.0010121627713910062,0.002090828596389915,0.0012323690929208048,0.0014314143186302997,1.975978068897077e+32,1.7723703715505438e+31,4.911865338889302e+30,4.931575140327248e+33,1.2732488211611962e+33,2.615508493878197e+32,2.646414917416038e-6
2023-12-01T21:26:40.294784,-0.397946,0.0,0.266689,1701466000294784,352.089049514244,0.017937526863088346,352.089049514244,352.089049514244,352.089049514244,0.017937526863088346,0.017937526863088346,0.017937526863088346,13.438914553029932,19.736962449586667,17.518405323829526,0.0015720250896637871,0.0007613021886012051,0.0009828447781430297,0.0022231792021933086,0.0010766438801841443,0.0013899524149574485,1.6069450196524552e+32,1.3728469858969987e+31,5.267539048600321e+30,3.5472555206544736e+33,1.2921662082482902e+33,2.9747350879532317e+32,2.677885175216296e-6
2023-12-01T21:28:25.410277,-0.324298,0.0,0.275124,1701466105410277,352.67713127258634,0.018797907177894813,352.67713127258634,352.67713127258634,352.67713127258634,0.018797907177894813,0.018797907177894813,0.018797907177894813,14.778652848786686,19.006494889756375,14.52942952099599,0.0013473255895520174,0.0008280955604008556,0.0013865442199414559,0.001905406121676789,0.0011711039724598387,0.0019608696406712305,1.7960395228394252e+32,1.361237634168158e+31,6.104124822787554e+30,5.397357365862092e+33,1.082887739184904e+33,1.7320736625957788e+32,2.9490222501802394e-6
2023-12-01T21:28:44.915746,-0.301508,0.0,0.308946,1701466124915746,352.3815912937941,0.017545771347980552,352.3815912937941,352.3815912937941,352.3815912937941,0.017545771347980552,0.017545771347980552,0.017545771347980552,16.219586224852794,18.225364669873933,15.000080485739698,0.0011413685184564614,0.0009060182948565266,0.001313412594559603,0.001614138838466814,0.0012813033603442459,0.001857445904217826,2.578356470860098e+32,2.3425736325194318e+31,1.0212372742892115e+31,1.0796962253495342e+34,1.5567888686520107e+33,3.2294956683753023e+32,2.5657625927240094e-6
2023-12-01T21:28:53.713253,-0.321762,0.0,0.302336,1701466133713253,352.28550384883505,0.018156551293521124,352.28550384883505,352.28550384883505,352.28550384883505,0.018156551293521124,0.018156551293521124,0.018156551293521124,14.988359028891358,18.818447943005353,15.131604140299473,0.0013151862184580415,0.0008462190611833522,0.0012936744286527683,0.0018599541871895464,0.0011967344730641246,0.00182953192229601,3.456574276813618e+32,2.3231005910038035e+31,1.2039298663107485e+31,1.0901387983233797e+34,1.7697536210404036e+33,3.924294595839931e+32,2.746263344054709e-6
2023-12-01T21:29:03.291947,-0.311763,0.0,0.320925,1701466143291947,352.0983281896923,0.01787722780978446,352.0983281896923,352.0983281896923,352.0983281896923,0.01787722780978446,0.01787722780978446,0.01787722780978446,14.545660897350645,16.503928363277172,18.05072272589045,0.0013839555955182338,0.001104609521997703,0.0009244194285765469,0.0019572087729040196,0.0015621537671356134,0.0013073264932141394,4.417797835556878e+32,4.075992674434633e+31,7.490029637176645e+30,1.2582644536256403e+34,1.8223266697917395e+33,4.78140805390895e+32,2.660031044256009e-6
2023-12-01T21:29:12.335824,-0.309374,0.0,0.312312,1701466152335824,352.25346747989096,0.025305269034373044,352.25346747989096,352.25346747989096,352.25346747989096,0.025305269034373044,0.025305269034373044,0.025305269034373044,15.475321567301318,17.67868390198695,9.946059168386048,0.001243480910242618,0.0009648748928078109,0.0023501860406551487,0.0017585475678171516,0.0013645391594020926,0.0033236649727944375,3.48962864946631e+32,3.3031377171844824e+31,3.4450961967281216e+31,1.2311511369485883e+34,1.9355084479701577e+33,3.402571577896789e+32,5.333735172399346e-6
2023-12-01T21:29:21.628621,-0.301662,0.0,0.311895,1701466161628621,352.33496205158605,0.014937279980676437,352.33496205158605,352.33496205158605,352.33496205158605,0.014937279980676437,0.014937279980676437,0.014937279980676437,18.265981875128862,17.628878364079696,17.223698361635698,0.0009017914368035532,0.0009704234500017419,0.0010167642849552281,0.0012753256803595047,0.0013723860042373526,0.001437921841520266,2.115938510323889e+32,3.5440916245455386e+31,6.681786087362686e+30,1.4193883305088531e+34,2.0530180963392856e+33,3.525838405593083e+32,1.8591727193106777e-6
2023-12-01T21:29:31.413371,-0.301932,0.0,0.289738,1701466171413371,352.67129641618425,0.017513049456222108,352.67129641618425,352.67129641618425,352.67129641618425,0.017513049456222108,0.017513049456222108,0.017513049456222108,19.713966706392675,20.005315994285887,13.03539628494643,0.0007633203934338028,0.0007381411227404464,0.0016467792516923125,0.0010794980528300508,0.0010438891867248427,0.002328897551977885,1.5622887698540031e+32,1.8789118846403731e+31,1.7811011039189798e+31,1.4627091616346796e+34,1.8812131803851998e+33,3.582846493739803e+32,2.5595948292778363e-6
2023-12-01T21:29:41.038044,-0.318326,0.0,0.296698,1701466181038044,352.40524811012403,0.015370556337789462,352.40524811012403,352.40524811012403,352.40524811012403,0.015370556337789462,0.015370556337789462,0.015370556337789462,17.75127095996566,21.079562754333057,15.29215988636119,0.0009568451343700834,0.0006522694873910246,0.0012699809499467944,0.0013531833661168786,0.0009224483553905336,0.0017960242833702236,2.5822884092597715e+32,1.536801104974299e+31,1.070540637849731e+31,1.5386216598137765e+34,1.9704886584981936e+33,3.620921807199512e+32,1.969239805717877e-6
2023-12-01T21:29:51.280465,-0.318195,0.0,0.282311,1701466191280465,352.6266122777046,0.026583367636663198,352.6266122777046,352.6266122777046,352.6266122777046,0.026583367636663198,0.026583367636663198,0.026583367636663198,13.418190290860663,18.08814707394263,9.953309093081002,0.0015757803707800726,0.0009204450088635595,0.002348225209514562,0.002228489971678483,0.0013017058149534697,0.0033208919388018968,7.152476671626606e+32,2.717974249213292e+31,2.400693602604431e+31,1.5713592234679492e+34,1.750088637693117e+33,2.3750220414671903e+32,5.896309617251554e-6
2023-12-01T21:30:00.547921,-0.317782,0.0,0.260344,1701466200547921,352.9664643677849,0.027252916180739745,352.9664643677849,352.9664643677849,352.9664643677849,0.027252916180739745,0.027252916180739745,0.027252916180739745,12.135631918809773,14.699641399289892,11.214103342682291,0.0018265165212202606,0.001359637489119739,0.002030953750616834,0.002583084436208218,0.0019228177770240365,0.0028722023386748316,9.042925050666418e+32,4.0171763076426453e+31,1.1475751872639198e+31,1.4786729330360885e+34,1.1854548903491143e+33,1.5177193937706347e+32,6.206366560836651e-6
2023-12-01T21:30:09.858924,-0.323553,0.0,0.281995,1701466209858924,352.5792976775996,0.025016480035318263,352.5792976775996,352.5792976775996,352.5792976775996,0.025016480035318263,0.025016480035318263,0.025016480035318263,11.723916799640806,18.642484574047206,12.031300886563802,0.0019151789548975328,0.000863537042858061,0.001848588114708542,0.002708472052387621,0.0012212257976214266,0.002614298383062531,8.071545011004398e+32,1.9126453764699817e+31,1.135473630022547e+31,1.2004618221901493e+34,1.3992100387602158e+33,1.8126215601065277e+32,5.220589781008087e-6
2023-12-01T21:30:20.262539,-0.316506,0.0,0.260016,1701466220262539,352.9838856178001,0.020622651424726187,352.9838856178001,352.9838856178001,352.9838856178001,0.020622651424726187,0.020622651424726187,0.020622651424726187,17.135104947078123,19.03291073648804,11.811728652670192,0.0010271880384919007,0.0008255809514527889,0.0018959145876503635,0.001452663255142663,0.0011675477783814178,0.0026812281229561382,2.783234985377786e+32,1.8065018582121886e+31,1.45140281440012e+31,1.4389985939326405e+34,1.4458707974569196e+33,2.2027277655703403e+32,3.554127531658653e-6
2023-12-01T21:30:29.510251,-0.307408,0.0,0.289984,1701466229510251,352.6142428585757,0.013607230477273781,352.6142428585757,352.6142428585757,352.6142428585757,0.013607230477273781,0.013607230477273781,0.013607230477273781,17.010630879241234,20.573281773383947,18.598057153592887,0.0010420142467772852,0.0006914186855058845,0.000867965260134913,0.001473630679978422,0.0009778136823205997,0.0012274882425514855,3.0852710869133517e+32,1.607821964179893e+31,5.148008796265937e+30,1.5500882248765522e+34,1.8347045353450512e+33,3.727734693827451e+32,1.5448114546363905e-6
2023-12-01T21:30:38.850800,-0.312294,0.0,0.274488,1701466238850800,352.80365086483044,0.023590773833291265,352.80365086483044,352.80365086483044,352.80365086483044,0.023590773833291265,0.023590773833291265,0.023590773833291265,14.997149334063014,17.78275402745833,10.997626828786961,0.001313855895285661,0.0009533832102285769,0.0020822067947390264,0.001858072826116827,0.0013482874660440533,0.0029446850887853426,5.156736669405854e+32,4.007804090870722e+31,3.000841112867044e+31,1.629633290623486e+34,2.4053699826780392e+33,3.7757713266156014e+32,4.647161330120002e-6
2023-12-01T21:30:48.441198,-0.320509,0.0,0.250848,1701466248441198,353.08505164105827,0.024239451420456738,353.08505164105827,353.08505164105827,353.08505164105827,0.024239451420456738,0.024239451420456738,0.024239451420456738,11.805854652245005,16.952863463404974,13.105227621981735,0.0018971971701005831,0.0010489674876749035,0.0016335928341561837,0.002683041968452101,0.0014834640475582812,0.002310249141459177,6.874329036153864e+32,3.3160831657312783e+31,1.3588272569176198e+31,1.0418753925463432e+34,1.644037654463413e+33,2.7777107019064314e+32,4.912210293495395e-6
2023-12-01T21:30:57.568725,-0.305672,0.0,0.259875,1701466257568725,353.0913833240023,0.014046269381244775,353.0913833240023,353.0913833240023,353.0913833240023,0.014046269381244775,0.014046269381244775,0.014046269381244775,17.785219361050874,19.469138595132097,17.593381271749724,0.0009531126479460989,0.0007851421104903334,0.0009743974465480698,0.0013479048331947062,0.0011103586210456646,0.0013780060840499933,2.8163794355299996e+32,2.7815316208904746e+31,7.105134011619543e+30,1.6912706047885937e+34,2.4614887825025466e+33,4.0823515478242786e+32,1.6495481581196252e-6
2023-12-01T21:31:07.296795,-0.315698,0.0,0.235565,1701466267296795,353.3652465904727,0.015090793472641199,353.3652465904727,353.3652465904727,353.3652465904727,0.015090793472641199,0.015090793472641199,0.015090793472641199,16.10142472393828,21.77799245037976,16.729742814981428,0.0011570016134840224,0.0006018739935861686,0.0010762621320826377,0.0016362473734766582,0.0008511783645692169,0.0015220645038598497,3.610756978740835e+32,1.505920179821764e+31,5.846688452042835e+30,1.4714338128535995e+34,2.2677814475241652e+33,2.7534946312849423e+32,1.9061634764767065e-6
2023-12-01T21:31:16.430881,-0.304417,0.0,0.253317,1701466276430881,353.2037670324067,0.011260142795540537,353.2037670324067,353.2037670324067,353.2037670324067,0.011260142795540537,0.011260142795540537,0.011260142795540537,19.127084796322237,22.773326903904774,19.334753231934336,0.0008166781963714394,0.0005367089723442207,0.0007973840406957306,0.0011549573814028874,0.0007590211077365233,0.0011276713247717622,1.951799284107043e+32,1.5565789555180906e+31,5.235483152496994e+30,1.5964070388672903e+34,2.9478395750883854e+33,4.491920792351076e+32,1.0605607371863649e-6
2023-12-01T21:31:26.122414,-0.30059,0.0,0.246055,1701466286122414,353.35186813126,0.01562195563742524,353.35186813126,353.35186813126,353.35186813126,0.01562195563742524,0.01562195563742524,0.01562195563742524,17.626909611158634,20.662368498296328,15.184332540198884,0.0009706434321358158,0.0006843634009603047,0.0012858448618112202,0.0013726971059548397,0.0009678360032298394,0.001818459242681186,2.3073645892483007e+32,1.7967663230132636e+31,9.670097138218842e+30,1.336002234206035e+34,2.0928034799373452e+33,3.1905392428501875e+32,2.042599297045778e-6
2023-12-01T21:31:35.676274,-0.308721,0.0,0.221121,1701466295676274,353.65351282908256,0.011963244565457987,353.65351282908256,353.65351282908256,353.65351282908256,0.011963244565457987,0.011963244565457987,0.011963244565457987,21.566172826106943,23.61976814826582,16.643551146289838,0.0006167321086338936,0.0004868742358334635,0.0010869952429520082,0.0008721909123810094,0.0006885441474857208,0.0015372434148177676,8.69788698846974e+31,8.490966191056195e+30,5.37521835072123e+30,1.2474726798996546e+34,1.9540421452743045e+33,2.481711112512935e+32,1.199309115692482e-6
2023-12-01T21:31:45.146846,-0.301684,0.0,0.197724,1701466305146846,354.07873964835267,0.008671697121644548,354.07873964835267,354.07873964835267,354.07873964835267,0.008671697121644548,0.008671697121644548,0.008671697121644548,22.81692769084639,26.74151282311122,19.995948330897097,0.0005340215909085186,0.0003398830913360049,0.0007389376315498088,0.0007552205764628837,0.0004806672773886716,0.0010450156202855927,7.399865344925245e+31,4.920358194696121e+30,3.6019717786123496e+30,1.4155218777796272e+34,2.3235284913723133e+33,3.5986129534624304e+32,6.311522657686835e-7
2023-12-01T21:31:55.412595,-0.301464,0.0,0.221887,1701466315412595,353.7122937879194,0.01016106463297534,353.7122937879194,353.7122937879194,353.7122937879194,0.01016106463297534,0.01016106463297534,0.01016106463297534,23.027166178773864,28.34405150593788,17.60688138255206,0.0005212509888273049,0.0002826198265315942,0.0009728841581441189,0.0007371602177999613,0.00039968479167651203,0.001375865971065344,6.867588067017798e+31,3.511958585270593e+30,5.148904247898623e+30,1.3788621655839383e+34,2.3985818134510353e+33,2.9675835413670986e+32,8.65386763246655e-7
2023-12-01T21:32:05.703417,-0.294348,0.0,0.253779,1701466325703417,353.29457211209086,0.020950703854623897,353.29457211209086,353.29457211209086,353.29457211209086,0.020950703854623897,0.020950703854623897,0.020950703854623897,12.67448304872708,16.420554938530742,16.166824786202984,0.0017166471955526734,0.0011152634098278548,0.001148322730282681,0.0024277057457603294,0.0015772206397970158,0.001623973579147069,5.593532458485065e+32,3.641355905453765e+31,5.994039212565586e+30,1.0354627198549897e+34,1.5970504030409517e+33,2.479716651520485e+32,3.6728901067890547e-6
2023-12-01T21:32:14.552979,-0.299738,0.0,0.273535,1701466334552979,352.9403485421194,0.011797518143200143,352.9403485421194,352.9403485421194,352.9403485421194,0.011797518143200143,0.011797518143200143,0.011797518143200143,17.6185453327602,21.41491010358443,21.27695038905928,0.000971578585878944,0.000627566417723866,0.0006376137608393361,0.0013740196130612756,0.0008875129392349905,0.0009017220281347042,2.4579485968879894e+32,2.4138278546276727e+31,3.0302691307666975e+30,1.4204545083554675e+34,3.343469031337606e+33,4.06608301002629e+32,1.162903910136651e-6
2023-12-01T21:32:23.506985,-0.299744,0.0,0.292462,1701466343506985,352.65093138737427,0.018978995275726225,352.65093138737427,352.65093138737427,352.65093138737427,0.018978995275726225,0.018978995275726225,0.018978995275726225,15.236845172671087,21.78853400751546,13.364898639342327,0.001278094429948652,0.0006011439773386904,0.0015854781776522184,0.0018074984768268936,0.0008501459656912805,0.002242204741682347,4.1950141363663756e+32,2.099278600724682e+31,1.900030858117561e+31,1.4009348722024276e+34,3.169009050487589e+33,4.123353018409868e+32,3.0057603367784993e-6
2023-12-01T21:32:33.161378,-0.289861,0.0,0.305615,1701466353161378,352.5459469740659,0.01414016913294771,352.5459469740659,352.5459469740659,352.5459469740659,0.01414016913294771,0.01414016913294771,0.01414016913294771,17.52312044560712,21.84703005548435,16.64916789635543,0.000982311387161221,0.0005971091111279976,0.0010862925622534432,0.0013891980861969271,0.0008444398031737579,0.001536249674243839,2.484265757867107e+32,1.846227749662155e+31,9.687079273462553e+30,1.4044623384818413e+34,2.824803742091791e+33,4.478263496074794e+32,1.6676709884972138e-6
2023-12-01T21:32:42.518788,-0.302475,0.0,0.315445,1701466362518788,352.27271007715615,0.02968118706273323,352.27271007715615,352.27271007715615,352.27271007715615,0.02968118706273323,0.02968118706273323,0.02968118706273323,15.50888239766358,21.15968184036152,7.798816182334343,0.0012386855773375337,0.0006462805840336687,0.003009292423252204,0.0017517659429866876,0.000913978767038819,0.004255782158109863,3.399196377351071e+32,2.0934378021913637e+31,5.836490143735511e+31,1.2085496446509155e+34,2.7341872022778366e+33,3.515874583028858e+32,7.33857429429736e-6
2023-12-01T21:32:52.109408,-0.301648,0.0,0.302841,1701466372109408,352.4736399974107,0.012501219280232422,352.4736399974107,352.4736399974107,352.4736399974107,0.012501219280232422,0.012501219280232422,0.012501219280232422,18.4668460660859,19.994060578868574,19.362032950871114,0.0008811764817481854,0.0007390982463706306,0.0007948836302231106,0.0012461717313324919,0.001045242763943517,0.0011241352103698833,2.0020805273388363e+32,2.190194865845843e+31,4.0016744723861245e+30,1.4065855392258198e+34,2.1872015976733067e+33,3.454976135312969e+32,1.3030521302472814e-6
2023-12-01T21:33:11.477442,-0.313294,0.0,0.335305,1701466391477442,351.86314376268,0.01575780906064103,351.86314376268,351.86314376268,351.86314376268,0.01575780906064103,0.01575780906064103,0.01575780906064103,16.52557294781039,19.603519612427654,16.280057357398793,0.0011018603448362863,0.0007730885127339482,0.0011334499115600982,0.0015582658435085715,0.0010933122596231948,0.001602940237198876,2.1574554317554883e+32,2.168188685749394e+31,5.633554050979373e+30,9.693913222324835e+33,1.9790147680126297e+33,2.392148857565897e+32,2.0643138467063483e-6
2023-12-01T21:34:45.251818,-0.305015,0.0,0.23455,1701466485251818,353.4845351540934,0.017488406995745245,353.4845351540934,353.4845351540934,353.4845351540934,0.017488406995745245,0.017488406995745245,0.017488406995745245,15.668155672688409,20.02773369315705,14.765780032306875,0.0012161787677425686,0.0007362384863308266,0.0013493238573480055,0.001719936507611739,0.0010411984525100935,0.0019082320990951287,3.428995843517621e+32,1.482590440957323e+31,6.830477626845973e+30,1.2646854612144942e+34,1.4920884376324042e+33,2.0465816524874063e+32,2.56120851724736e-6
2023-12-01T21:34:54.951676,-0.310617,0.0,0.214527,1701466494951676,353.7357246278921,0.020235596994754444,353.7357246278921,353.7357246278921,353.7357246278921,0.020235596994754444,0.020235596994754444,0.020235596994754444,14.531124928699446,18.505597939129512,13.463467801553698,0.001386273605365271,0.0008772538923289079,0.0015675875684803841,0.0019604869338674144,0.0012406243521761284,0.002216903599552422,3.9217923133442834e+32,1.7799339490090217e+31,9.117215254717622e+30,1.1132612276479554e+34,1.2617220137477637e+33,2.0239929183491428e+32,3.432439790261926e-6
2023-12-01T21:35:03.982346,-0.323625,0.0,0.203276,1701466503982346,353.78109320505547,0.023136115642771838,353.78109320505547,353.78109320505547,353.78109320505547,0.023136115642771838,0.023136115642771838,0.023136115642771838,15.978519979834045,15.719469907105257,11.465478218004892,0.0011734894831686802,0.001209015045483036,0.0019730191017613484,0.0016595647423993415,0.0017098054744352342,0.0027902703725320808,2.9683938289176446e+32,4.198938448088667e+31,1.8761619222984727e+31,1.175908468530959e+34,1.567063153429097e+33,2.6291667983208556e+32,4.487732882151334e-6
2023-12-01T21:35:13.768890,-0.312862,0.0,0.231861,1701466513768890,353.4493551406738,0.020533476247971815,353.4493551406738,353.4493551406738,353.4493551406738,0.020533476247971815,0.020533476247971815,0.020533476247971815,17.9357422238313,16.023726513284675,12.517829391209634,0.0009367378949323271,0.00116739781234611,0.0017478885251020248,0.0013247474354021204,0.0016509498189045504,0.0024718876577155898,2.374422542792595e+32,6.111177946114049e+31,2.3157794537029497e+31,1.4761559085461116e+34,2.446231651059038e+33,4.135044003857459e+32,3.530273221504042e-6
2023-12-01T21:35:23.002753,-0.295686,0.0,0.231779,1701466523002753,353.617445777857,0.013397625270276577,353.617445777857,353.617445777857,353.617445777857,0.013397625270276577,0.013397625270276577,0.013397625270276577,17.80690007626684,21.069894472863172,17.70390614486431,0.0009507365648454836,0.0006529959341173202,0.000962077135758673,0.0013445445442484905,0.0009234757062032024,0.0013605825334389767,2.0448476102017324e+32,2.014462590374255e+31,6.118738357972144e+30,1.2341017151767518e+34,2.5772031530632455e+33,3.606222322298952e+32,1.5039307472383694e-6
2023-12-01T21:35:31.855483,-0.298382,0.0,0.223066,1701466531855483,353.72422954994386,0.012487101073957988,353.72422954994386,353.72422954994386,353.72422954994386,0.012487101073957988,0.012487101073957988,0.012487101073957988,15.846729513524767,23.22589524638144,22.874235073509148,0.001191430531537559,0.0005094604072990633,0.0005305098441818844,0.0016849372163258017,0.0007204858174944563,0.0007502542166144584,3.424433625059497e+32,1.2046645270817428e+31,2.748492698278215e+30,1.3160176203810168e+34,2.5319530412691552e+33,5.327434206346364e+32,1.3069982085727234e-6
2023-12-01T21:35:41.386065,-0.322577,0.0,0.203509,1701466541386065,353.78771307699867,0.01801754782666942,353.78771307699867,353.78771307699867,353.78771307699867,0.01801754782666942,0.01801754782666942,0.01801754782666942,17.31360520202931,18.552018751721665,13.734605158154569,0.0010062941331381138,0.0008725780082933907,0.0015194098687837262,0.0014231148108203976,0.0012340116535570162,0.0021487700432374704,2.6513451870749153e+32,3.845109246663736e+31,1.9573453366490416e+31,1.4283241977652552e+34,2.75492993816466e+33,4.625172888893141e+32,2.7217510748685524e-6
2023-12-01T21:35:51.255001,-0.293341,0.0,0.210698,1701466551255001,353.96184532747935,0.01581364636909066,353.96184532747935,353.96184532747935,353.96184532747935,0.01581364636909066,0.01581364636909066,0.01581364636909066,14.758799678640969,20.326217248762212,18.244055772181937,0.0013504086677473734,0.0007113680217142896,0.0009040707369416683,0.0019097662526745185,0.001006026304146867,0.001278549097527546,3.451988869093114e+32,2.5003103141363344e+31,6.466919593375989e+30,1.0326409767935088e+34,2.6953529141467225e+33,4.316214688824151e+32,2.0979946197594596e-6
2023-12-01T21:36:01.892746,-0.309325,0.0,0.173473,1701466561892746,354.3743162273907,0.016313929796911417,354.3743162273907,354.3743162273907,354.3743162273907,0.016313929796911417,0.016313929796911417,0.016313929796911417,15.394420288171224,17.740133183146067,18.018243241072806,0.0012551169261307566,0.0009580728685061478,0.0009278826170681333,0.0017750033792981463,0.0013549196443830892,0.0013122241813479953,2.7624148447074845e+32,3.9415782377819144e+31,5.640748994681111e+30,9.566012146476084e+33,2.342520875221911e+33,3.574053908214781e+32,2.2361255137898173e-6
2023-12-01T21:36:11.481809,-0.308618,0.0,0.165813,1701466571481809,354.4979048075784,0.014266426262934562,354.4979048075784,354.4979048075784,354.4979048075784,0.014266426262934562,0.014266426262934562,0.014266426262934562,17.116044468030264,21.559463422402022,16.85482688127276,0.0010294445941878105,0.0006172086865594859,0.0010608741243738056,0.0014558545068120688,0.0008728648953469096,0.0015003025746601177,1.517128257562142e+32,1.5495625676358227e+31,6.059925292150475e+30,7.809563207519086e+33,2.2189905818549312e+33,2.9373111797509643e+32,1.7107710953552537e-6
2023-12-01T21:36:20.743085,-0.316809,0.0,0.16332,1701466580743085,354.45646788936386,0.012614734825856748,354.45646788936386,354.45646788936386,354.45646788936386,0.012614734825856748,0.012614734825856748,0.012614734825856748,18.395298422934378,24.059851528598735,17.357228073100643,0.0008884649093082454,0.0004628205396167233,0.0010012529234295336,0.0012564791244363026,0.0006545270840708045,0.0014159854636797565,1.2192625990326335e+32,7.749741914508632e+30,4.5164571905684345e+30,8.426109415815244e+33,1.9736602414714237e+33,2.4576537994994855e+32,1.3373867757596074e-6
2023-12-01T21:36:31.504635,-0.329822,0.0,0.13635,1701466591504635,354.7412006737524,0.03395573834208223,354.7412006737524,354.7412006737524,354.7412006737524,0.03395573834208223,0.03395573834208223,0.03395573834208223,9.099651005400569,18.60675728341459,8.8646905583822,0.002590732960979747,0.0008670963071404075,0.002661770900455996,0.0036638496899045647,0.0012262593574415912,0.0037643125073549156,6.541034879689511e+32,2.2396864047732935e+31,2.060194619275717e+31,5.316325525863181e+33,1.6250358339239224e+33,1.586270707119779e+32,9.699185071651829e-6
2023-12-01T21:36:40.891584,-0.309265,0.0,0.183706,1701466600891584,354.2189176525453,0.01601895889368318,354.2189176525453,354.2189176525453,354.2189176525453,0.01601895889368318,0.01601895889368318,0.01601895889368318,16.59558628313003,20.721978668988015,15.393670611206048,0.001093014407552015,0.000679682780439269,0.0012552252596342102,0.0015457557990292531,0.0009612166062086689,0.0017751565860079897,2.122717077382092e+32,2.0984138486184586e+31,8.190935440504762e+30,9.692833265911495e+33,2.4779298686796468e+33,2.8359630235283922e+32,2.1548264197104725e-6
2023-12-01T21:36:50.312691,-0.317847,0.0,0.171517,1701466610312691,354.32147513855676,0.03448135257709666,354.32147513855676,354.32147513855676,354.32147513855676,0.03448135257709666,0.03448135257709666,0.03448135257709666,13.239347209320032,18.068642647649995,6.744863429914702,0.0016085621312212541,0.0009225142181672313,0.003397520057450742,0.002274850381892868,0.001304632118814111,0.0048048189436814565,4.341569146713413e+32,4.157072487992375e+31,6.482266203876101e+31,9.15337896426896e+33,2.664721722430977e+33,3.0634669899495145e+32,9.987764768999902e-6
2023-12-01T21:36:59.815566,-0.311526,0.0,0.167555,1701466619815566,354.4431612901625,0.02058845222908285,354.4431612901625,354.4431612901625,354.4431612901625,0.02058845222908285,0.02058845222908285,0.02058845222908285,12.736466150830337,17.050180865677508,16.0251923965202,0.0017044406888719321,0.0010372803660191746,0.001167200811859149,0.0024104431384632274,0.001466935961607645,0.0016506712181440961,5.4856787716923904e+32,4.007119703390111e+31,7.193485988056433e+30,1.0300943090676645e+34,2.0316570649097767e+33,2.8804387292820785e+32,3.562284236543837e-6
2023-12-01T21:37:09.254518,-0.314758,0.0,0.167837,1701466629254518,354.407521255011,0.018893398573362797,354.407521255011,354.407521255011,354.407521255011,0.018893398573362797,0.018893398573362797,0.018893398573362797,14.938967048197107,20.276813104504654,13.869669327064429,0.001322686279005263,0.0007154257139278016,0.0014959660390939128,0.0018705608745340466,0.0010117647475071513,0.0021156154613361715,2.646290925194651e+32,2.2348990643796365e+31,1.343183634744471e+31,8.251526377589325e+33,2.381986107166073e+33,3.274178289567813e+32,2.999498223293482e-6
2023-12-01T21:37:18.884640,-0.312801,0.0,0.142476,1701466638884640,354.81286390902403,0.022119631712611214,354.81286390902403,354.81286390902403,354.81286390902403,0.022119631712611214,0.022119631712611214,0.022119631712611214,10.940369876292719,20.251595426793155,16.33923500573925,0.002095977937847552,0.0007175058221137213,0.001125753874906069,0.0029641604261388004,0.001014706464714882,0.0015920563977862275,4.5040277562896725e+32,1.8207419082695693e+31,6.903871380172092e+30,5.59291276929184e+33,1.9293362808755174e+33,2.9717768305664685e+32,4.116839938384528e-6
2023-12-01T21:37:28.619423,-0.310987,0.0,0.102557,1701466648619423,355.4381053701224,0.023258897967133495,355.4381053701224,355.4381053701224,355.4381053701224,0.023258897967133495,0.023258897967133495,0.023258897967133495,11.021461819935595,19.17266036374993,14.652903860798972,0.0020765008336088827,0.000812404242333356,0.0013669732239140716,0.0029366156411687197,0.0011489130976372708,0.0019331920726601537,4.401704641569046e+32,1.8363684785022986e+31,7.11828553462254e+30,5.568869997626097e+33,1.5178395530151603e+33,2.0780968826887947e+32,4.5603147732251e-6
2023-12-01T21:37:37.951810,-0.317044,0.0,0.115682,1701466657951810,355.1797066869583,0.02898373077100856,355.1797066869583,355.1797066869583,355.1797066869583,0.02898373077100856,0.02898373077100856,0.02898373077100856,11.209374731743493,18.585400290916997,9.786892454475291,0.002032059705803959,0.000869230959505885,0.0023936496140936877,0.00287376639549984,0.0012292782117678013,0.0033851317478204184,2.8976633160152334e+32,2.2129753800563336e+31,1.8709512136015611e+31,3.828118702093726e+33,1.597778641596635e+33,1.781360051028309e+32,7.076258389310969e-6
2023-12-01T21:37:48.601649,-0.326832,0.0,0.13946,1701466668601649,354.72281082397024,0.02629277447819151,354.72281082397024,354.72281082397024,354.72281082397024,0.02629277447819151,0.02629277447819151,0.02629277447819151,8.904499594784195,18.345942981421807,17.80710430333155,0.002649599426181648,0.0008935277642485033,0.0009507142109055428,0.003747099443362057,0.001263639082557143,0.0013445129310034538,4.830283671482542e+32,1.9719992709244316e+31,3.352168696354608e+30,3.7533805235782096e+33,1.347413977364318e+33,2.023188261206439e+32,5.815084330348531e-6
2023-12-01T21:37:58.122015,-0.315749,0.0,0.134374,1701466678122015,354.9076785304422,0.016507413862499154,354.9076785304422,354.9076785304422,354.9076785304422,0.016507413862499154,0.016507413862499154,0.016507413862499154,16.749573915990553,19.02536533349211,15.314997076581635,0.0010738076780867289,0.0008262984424331656,0.0012666462653447303,0.0015185933817306147,0.001168562463856747,0.0017913083271797478,1.563074480851952e+32,2.267044647186221e+31,8.885978691737117e+30,7.394981031404235e+33,1.8113259394234294e+33,3.021377391597317e+32,2.293483204664827e-6
2023-12-01T21:38:07.688795,-0.326478,0.0,0.107664,1701466687688795,355.21037292330396,0.017501241113256318,355.21037292330396,355.21037292330396,355.21037292330396,0.017501241113256318,0.017501241113256318,0.017501241113256318,13.821720390174967,18.299108001318128,18.333637744222344,0.0015042470943952863,0.0008983587469839767,0.0008947945156740916,0.0021273266420541352,0.0012704711238612396,0.0012654305396033654,2.6628753933432514e+32,2.443201392450953e+31,3.5767201135462215e+30,6.419820474920058e+33,1.6514676366424618e+33,2.4369618550614556e+32,2.580309989706476e-6
2023-12-01T21:38:17.034866,-0.336314,0.0,0.079809,1701466697034866,355.53899847867916,0.04157304591142757,355.53899847867916,355.53899847867916,355.53899847867916,0.04157304591142757,0.04157304591142757,0.04157304591142757,9.45979117440741,15.829722660784707,5.827742673224252,0.002485510728467657,0.001193765621462777,0.0037758789867092034,0.003515042981622792,0.0016882395321674056,0.005339899272883735,5.175035723854863e+32,3.3537993544249046e+31,3.827315507333558e+31,4.5697502951238684e+33,1.2838353890148731e+33,1.4644297141120069e+32,0.000014573401375057569
2023-12-01T21:38:26.140055,-0.311548,0.0,0.119198,1701466706140055,355.17942266153204,0.019691901000897034,355.17942266153204,355.17942266153204,355.17942266153204,0.019691901000897034,0.019691901000897034,0.019691901000897034,12.590163250159021,18.216124680112724,17.064784024746913,0.001733392999487484,0.0009069826237303123,0.0010355379027234331,0.0024513878887977795,0.0012826671273161415,0.00146447174638287,4.3500182573023166e+32,2.602448958972997e+31,6.549591764920697e+30,7.897823151006821e+33,1.7258167851832693e+33,3.331905180960299e+32,3.2664050122651892e-6
2023-12-01T21:38:35.597829,-0.324772,0.0,0.103175,1701466715597829,355.295216378176,0.026006964332022965,355.295216378176,355.295216378176,355.295216378176,0.026006964332022965,0.026006964332022965,0.026006964332022965,12.977216121337047,16.80895353372378,10.681388659687432,0.00165784679764238,0.0010664918085740557,0.0021594132796435087,0.002344549425562658,0.0015082471798452404,0.003053871546840415,4.119565410875267e+32,3.551426427199252e+31,2.9905889408763903e+31,8.176604944181683e+33,1.703327568044144e+33,3.498610449488562e+32,5.699284329672926e-6
2023-12-01T21:38:44.848609,-0.33172,0.0,0.090187,1701466724848609,355.42557828629634,0.026430935593393566,355.42557828629634,355.42557828629634,355.42557828629634,0.026430935593393566,0.026430935593393566,0.026430935593393566,11.406850909782467,16.43903166072291,11.746425495744477,0.0019863814702750083,0.0011128935304615768,0.0019102223671882898,0.002809167615309526,0.0015738691242560372,0.002701462378826118,3.572852815822365e+32,3.155451197254726e+31,1.7798013779945866e+31,4.939695936754481e+33,1.3898394467377888e+33,2.660811373554443e+32,5.888795231801046e-6
2023-12-01T21:38:54.348584,-0.318702,0.0,0.073433,1701466734348584,355.80645425015473,0.025830198051352664,355.80645425015473,355.80645425015473,355.80645425015473,0.025830198051352664,0.025830198051352664,0.025830198051352664,10.478318132777382,13.614573719365527,16.630031873370164,0.0022104937644616507,0.0015405525416178386,0.0010886884290639922,0.0031261102612428243,0.0021786702979042895,0.001539637941580957,4.3604873075772805e+32,4.214430281692786e+31,6.036332371300253e+30,4.868182378203614e+33,9.687154932813812e+32,2.7782820442686456e+32,5.629884874524564e-6
2023-12-01T21:39:05.083277,-0.332946,0.0,0.064685,1701466745083277,355.80164743501314,0.027126794983000493,355.80164743501314,355.80164743501314,355.80164743501314,0.027126794983000493,0.027126794983000493,0.027126794983000493,10.442009827080161,16.124476439472687,12.518092105517585,0.0022197532955543706,0.001153935086830661,0.0017478356590861046,0.0031392052156953643,0.0016319106498940959,0.0024718128938788866,4.859121176055794e+32,2.603239377572053e+31,1.3479032426901793e+31,5.379708106842883e+33,1.0665021833835725e+33,2.406954766127314e+32,6.209200245944221e-6
2023-12-01T21:39:15.265688,-0.337596,0.0,0.040914,1701466755265688,356.1180989735812,0.024743458786322836,356.1180989735812,356.1180989735812,356.1180989735812,0.024743458786322836,0.024743458786322836,0.024743458786322836,10.635724923384846,17.62210012566345,14.14675330404344,0.0021707957098983754,0.0009711810383440173,0.0014489971644121669,0.0030699687340796137,0.0013734573959456942,0.002049191441751844,4.505122470339206e+32,2.135845842360966e+31,9.167494220226726e+30,5.215297580802063e+33,1.2353212614569567e+33,2.381913441584069e+32,5.1700929372177704e-6
2023-12-01T21:39:24.807047,-0.318366,0.0,0.052044,1701466764807047,356.1349258324507,0.034195649972185785,356.1349258324507,356.1349258324507,356.1349258324507,0.034195649972185785,0.034195649972185785,0.034195649972185785,6.6211775755040865,15.523770466646447,15.885856534326825,0.003446246372789203,0.0012365642240676734,0.0011860756065561265,0.004873728359677577,0.0017487658964218666,0.0016773642087915693,9.994633445642207e+32,3.2350405387091317e+31,6.37606620470188e+30,4.59076041843532e+33,1.1541354315106252e+33,2.4725123597913335e+32,9.874986991116206e-6
2023-12-01T21:39:34.545186,-0.326535,0.0,0.032682,1701466774545186,356.3502159676757,0.03228250697179092,356.3502159676757,356.3502159676757,356.3502159676757,0.03228250697179092,0.03228250697179092,0.03228250697179092,9.354829752772977,14.444226682448653,10.449819450358822,0.002515728171872905,0.001400212230120374,0.0022177583765786843,0.003557776899906735,0.0019801991260369103,0.0031363839742241132,5.6400292878769616e+32,4.61686634008054e+31,2.045623162192687e+31,4.861433333463421e+33,1.284606070574809e+33,2.268859367563394e+32,8.80528982734572e-6
2023-12-01T21:39:44.776826,-0.317811,0.0,0.047481,1701466784776826,356.2096582350218,0.029802960212915175,356.2096582350218,356.2096582350218,356.2096582350218,0.029802960212915175,0.029802960212915175,0.029802960212915175,9.218084330439638,12.903217708311406,14.52087069316063,0.002555647693075931,0.0016720309624055902,0.001387911154415305,0.003614231628195495,0.0023646088637417247,0.0019628027779430234,4.934996284410014e+32,5.120200072058966e+31,7.809970002112802e+30,4.1218792314573504e+33,9.990994093307558e+32,2.2117520327156955e+32,7.502213361945144e-6
2023-12-01T21:40:03.844083,-0.319441,0.0,0.065438,1701466803844083,355.92088337189034,0.036987441630553765,355.92088337189034,355.92088337189034,355.92088337189034,0.036987441630553765,0.036987441630553765,0.036987441630553765,6.484611519664441,12.854645792286286,13.870063722198516,0.0035008590423988043,0.0016814072324669142,0.0014958981141770153,0.004950962337716876,0.002377868912026922,0.002115519400997472,9.134064722334606e+32,5.189932733882484e+31,1.0531697697455296e+31,4.0656055126864025e+33,1.0014431684599064e+33,2.5674663293393213e+32,0.000011547236989423916
2023-12-01T21:40:14.621146,-0.31383,0.0,0.056072,1701466814621146,356.11757181592526,0.030489507647635763,356.11757181592526,356.11757181592526,356.11757181592526,0.030489507647635763,0.030489507647635763,0.030489507647635763,11.906282745333828,9.832670108938697,13.23735383054178,0.001875387700969577,0.002381067434812385,0.0016089313325022313,0.0026521987214188744,0.0033673378592365905,0.0022753725113516714,5.6347295728602465e+32,9.645332424604258e+31,1.1455690311876213e+31,8.739797140811376e+33,9.280774296964288e+32,2.4141077354744558e+32,7.850147460519596e-6
2023-12-01T21:40:24.001359,-0.341039,0.0,0.102822,1701466824001359,355.1430369497198,0.023935459279693563,355.1430369497198,355.1430369497198,355.1430369497198,0.023935459279693563,0.023935459279693563,0.023935459279693563,12.726054009465969,14.475880809240376,13.603021624019274,0.001706485098754578,0.0013951187011049641,0.0015426028151581906,0.002413334370646315,0.001972995788222977,0.00218156982255163,4.674774353487297e+32,4.967194329265268e+31,1.396177873756258e+31,8.757215835486563e+33,1.3921923145521338e+33,3.2006848453327494e+32,4.825380685185466e-6
2023-12-01T21:40:33.367079,-0.327737,0.0,0.107309,1701466833367079,355.2035821397844,0.021340962777523034,355.2035821397844,355.2035821397844,355.2035821397844,0.021340962777523034,0.021340962777523034,0.021340962777523034,13.789699143387946,16.72040199532651,13.723242226371227,0.0015098028596721067,0.001077420168672143,0.0015213988704163588,0.0021351836806579763,0.0015237022149104525,0.0021515829163219215,2.903973884651885e+32,2.7954063401488465e+31,1.1303154842242342e+31,6.949645002418171e+33,1.3136665614799374e+33,2.6639366920276787e+32,3.836662278559834e-6
2023-12-01T21:40:43.226329,-0.330372,0.0,0.09661,1701466843226329,355.34089355066914,0.03766596981004153,355.34089355066914,355.34089355066914,355.34089355066914,0.03766596981004153,0.03766596981004153,0.03766596981004153,16.57376958113529,16.724406213438428,5.444114554434414,0.0010957632269746696,0.0010769235895937283,0.003946385193923947,0.001549643216737286,0.0015229999460429676,0.005581031463595624,2.1228487404833615e+32,3.2645391639554932e+31,6.536984306801961e+31,9.644861788614789e+33,1.5355448452899722e+33,2.289754376676236e+32,0.000011956278377490356
2023-12-01T21:43:06.313765,-0.364419,0.0,0.244631,1701466986313765,352.75300897102056,0.027971130488049112,352.75300897102056,352.75300897102056,352.75300897102056,0.027971130488049112,0.027971130488049112,0.027971130488049112,13.695342992303406,18.657615145754164,9.091262982838826,0.0015262934876002438,0.0008620340954152065,0.0025932360578139,0.002158504950325996,0.0012191003089642078,0.003667389603395357,1.649371989102873e+32,1.6422283175211263e+31,3.4277464109346145e+31,3.862361452022423e+33,1.2055772698541053e+33,2.7805773646802777e+32,6.531698562330271e-6
2023-12-01T21:43:16.401765,-0.36814,0.0,0.252858,1701466996401765,352.5909891579235,0.02954170033378651,352.5909891579235,352.5909891579235,352.5909891579235,0.02954170033378651,0.02954170033378651,0.02954170033378651,8.774870159978471,13.475444087404842,16.444040437812717,0.0026894389655010825,0.0015654276354581313,0.0011122519578709146,0.0038034410601862976,0.002213848992978535,0.001572961803597076,3.0418563979154866e+32,4.460383086313871e+31,5.994296059669914e+30,2.2941706727986861e+33,9.929252823394452e+32,2.6432742963290253e+32,7.280500032532835e-6
2023-12-01T21:43:25.970976,-0.3694,0.0,0.278839,1701467005970976,352.1811486231378,0.024924092196999675,352.1811486231378,352.1811486231378,352.1811486231378,0.024924092196999675,0.024924092196999675,0.024924092196999675,12.744624231038724,15.383866672299533,12.209504636759878,0.001702840572307247,0.0012566428575990839,0.0018110480331442113,0.0024081802319160716,0.0017771613722759065,0.0025612086905816623,2.784095030590896e+32,5.590760235823099e+31,2.473660366342716e+31,5.237770655950854e+33,1.9313346615698183e+33,4.114248641541553e+32,5.172474843070653e-6
2023-12-01T21:43:35.845312,-0.351341,0.0,0.272931,1701467015845312,352.44745019847596,0.031003496362826108,352.44745019847596,352.44745019847596,352.44745019847596,0.031003496362826108,0.031003496362826108,0.031003496362826108,7.785974390327308,15.362335717588618,16.062540682203664,0.003013744850179665,0.0012597617416728805,0.0011621927628118905,0.004262078840656154,0.0017815721404325392,0.0016435887672604332,5.009013567544868e+32,4.551381402092279e+31,8.952707461476646e+30,3.008497445462784e+33,1.5645044483706698e+33,3.615833815096306e+32,8.013566457132985e-6
2023-12-01T21:43:46.382258,-0.350134,0.0,0.289729,1701467026382258,352.2021191268961,0.026111605192664197,352.2021191268961,352.2021191268961,352.2021191268961,0.026111605192664197,0.026111605192664197,0.026111605192664197,10.676370754452758,14.088080216731697,15.013064092479881,0.0021606611497174827,0.001458818257385775,0.0013114507812685748,0.0030556363016231085,0.0020630805646324477,0.00185467148125481,2.8576399210030853e+32,6.695508167328434e+31,1.083031472769458e+31,3.339216515829326e+33,1.716293532003129e+33,3.4351640856525446e+32,5.677673642446999e-6
2023-12-01T21:43:56.209197,-0.365538,0.0,0.281075,1701467036209197,352.1845405807814,0.028092369097312532,352.1845405807814,352.1845405807814,352.1845405807814,0.028092369097312532,0.028092369097312532,0.028092369097312532,9.642193759260936,14.767891917428788,14.118470690377672,0.002433859549497966,0.0013489958229498974,0.001453723015436726,0.0034419971838112948,0.0019077681884003997,0.0020558748043645303,3.39143615724766e+32,5.691963127068354e+31,1.0516367738849329e+31,3.1232231993364046e+33,1.7062838090677538e+33,2.7146436826111388e+32,6.571181761752773e-6
2023-12-01T21:44:05.504114,-0.354841,0.0,0.30174,1701467045504114,351.9723244940164,0.04614834058317047,351.9723244940164,351.9723244940164,351.9723244940164,0.04614834058317047,0.04614834058317047,0.04614834058317047,6.931703867873212,11.85091607436203,6.593471958023706,0.00332521711678188,0.0018873802104398896,0.0034572565085327737,0.004702567144388095,0.0026691586909586783,0.004889299042969703,6.778370368409267e+32,9.605092070906713e+31,4.06314351420994e+31,3.34422648249278e+33,1.4709338409224864e+33,1.854425361270018e+32,0.000017714596998861032
2023-12-01T22:15:18.085829,-0.074954,0.0,-1.207513,1701468918085829,17.880250010252304,0.03266032876068638,17.880250010252304,17.880250010252304,17.880250010252304,0.03266032876068638,0.03266032876068638,0.03266032876068638,9.975987630962075,9.392765957781688,20.08410142656702,0.0023421020771096676,0.0025047645201810467,0.0007314760810646781,0.0033122325219106887,0.0035422719549909744,0.0010344633943931893,6.366627362874606e+32,5.526877211299313e+31,4.6838490736411133e+30,6.331523083342422e+33,4.805697297739894e+32,4.775436066764027e+32,8.196229798885967e-6
2023-12-01T22:15:27.596808,-0.097385,0.0,-1.169575,1701468927596808,17.05005149696848,0.02338293932881936,17.05005149696848,17.05005149696848,17.05005149696848,0.02338293932881936,0.02338293932881936,0.02338293932881936,13.885704592144357,13.069926641136817,15.786231553178109,0.0014932068418269024,0.0016402455520642034,0.001199757913356005,0.0021117133671399026,0.002319657505351341,0.0016967139126325072,4.049181716741292e+32,2.8667301006333575e+31,2.1037688903856237e+31,9.906898794861084e+33,5.8127209001670074e+32,7.972989350034743e+32,4.239660796136954e-6
2023-12-01T22:15:36.884607,-0.087785,0.0,-1.1601,1701468936884607,16.996656798244082,0.02861385245393941,16.996656798244082,16.996656798244082,16.996656798244082,0.02861385245393941,0.02861385245393941,0.02861385245393941,10.20859316672054,12.504961849187119,16.34737426507871,0.0022802136568265256,0.0017504798194499162,0.001124699462360764,0.003224709078592423,0.0024755523013264783,0.001590565233264321,4.794102022813767e+32,3.4813921092120883e+31,2.0832358626718527e+31,5.0299838268043096e+33,6.1979650871244025e+32,8.984126737054254e+32,6.352335199809467e-6
2023-12-01T22:15:46.436987,-0.086384,0.0,-1.144916,1701468946436987,16.77011176466686,0.024150146593198543,16.77011176466686,16.77011176466686,16.77011176466686,0.024150146593198543,0.024150146593198543,0.024150146593198543,10.22573352485403,16.351730976502306,21.789880875163977,0.002275718418841611,0.0011241354715061129,0.0006010507688548683,0.0032183518520680623,0.0015897676297486189,0.0008500141489893311,8.163933980399632e+32,1.9411339443820755e+31,6.091772041746259e+30,8.599492786218161e+33,8.37970252665195e+32,9.198811741599953e+32,4.535891271262841e-6
2023-12-01T22:15:56.131161,-0.082877,0.0,-1.138863,1701468956131161,16.709586850463296,0.030073173342897375,16.709586850463296,16.709586850463296,16.709586850463296,0.030073173342897375,0.030073173342897375,0.030073173342897375,8.739999820774592,13.131974764633409,19.489462770897184,0.0027002576787015465,0.001628570120732788,0.0007833070985234306,0.0038187410311218187,0.002303145952015898,0.001107763522234954,9.636091013804859e+32,3.3176966089405625e+31,1.1628362162224302e+31,7.209429103158415e+33,6.823923434697066e+32,1.0338673644216083e+33,7.038134786751645e-6
2023-12-01T22:16:05.973766,-0.059901,0.0,-1.102687,1701468965973766,16.368535755092452,0.03417353510246311,16.368535755092452,16.368535755092452,16.368535755092452,0.03417353510246311,0.03417353510246311,0.03417353510246311,9.16025003593182,10.187128367339923,14.728002694153457,0.002572721044482088,0.002285855549233155,0.0013552052208429732,0.003638376993309244,0.003232687919351328,0.0019165496031149582,6.023211085171787e+32,4.330615416221656e+31,2.8381508068720573e+31,4.9642436277382997e+33,4.521290940103722e+32,8.430158452311632e+32,9.12040690352071e-6
2023-12-01T22:16:15.545908,-0.002067,0.0,-1.073322,1701468975545908,16.486140530804235,0.019058400798243415,16.486140530804235,16.486140530804235,16.486140530804235,0.019058400798243415,0.019058400798243415,0.019058400798243415,15.857758395652237,13.809538925187928,19.848988790941668,0.0011899186762594652,0.0015063581951830014,0.0007515463349764844,0.001682799130087176,0.0021303121894196584,0.0010628470196755375,3.923483997114913e+32,2.9785405582588354e+31,8.629771997606417e+30,1.5116377366306562e+34,7.160731847118885e+32,8.334857913749002e+32,2.833228907948436e-6
2023-12-01T22:16:26.649469,-0.075002,0.0,-1.069394,1701468986649469,15.691486850173199,0.024729466769576124,15.691486850173199,15.691486850173199,15.691486850173199,0.024729466769576124,0.024729466769576124,0.024729466769576124,12.961053248551861,11.743656534330347,18.32190255967936,0.0016609346233381918,0.001910831421116696,0.0008960042565152691,0.0023489162705399194,0.0027023237111518865,0.0012671413715079154,4.9835845603306475e+32,3.6923074661649075e+31,1.1679755951243844e+31,9.854785061888444e+33,5.5164985949818105e+32,7.936408695052724e+32,4.808536113749276e-6
2023-12-01T22:16:37.078032,-0.075284,0.0,-1.051848,1701468997078032,15.412419719001697,0.02379251935648216,15.412419719001697,15.412419719001697,15.412419719001697,0.02379251935648216,0.02379251935648216,0.02379251935648216,13.977750523425549,11.527229981129226,19.081667586965978,0.0014774666092871082,0.001959041796007513,0.0008209596675479232,0.002089453316807219,0.002770503477169571,0.0011610122960075803,8.410960660168746e+32,5.766633751789647e+31,1.2892416991903055e+31,2.1019416413468747e+34,8.196819423541973e+32,1.0435207819759341e+33,4.463151410535389e-6
2023-12-01T22:16:46.562211,-0.051385,0.0,-1.036281,1701469006562211,15.406770894661731,0.028857036570856694,15.406770894661731,15.406770894661731,15.406770894661731,0.028857036570856694,0.028857036570856694,0.028857036570856694,9.62796242217475,12.87118462799359,16.997011446680524,0.002437850558831316,0.0016782087046504713,0.001043649401653061,0.003447641323338076,0.0023733455106092803,0.0014759431381803248,1.207474449960261e+33,3.999191052714148e+31,2.08971370339944e+31,1.1083430239268408e+34,7.746234049843133e+32,1.0466173631204479e+33,6.565802584753043e-6
2023-12-01T22:16:55.698820,-0.087218,0.0,-1.027653,1701469015698820,14.912868083426627,0.03275984116307671,14.912868083426627,14.912868083426627,14.912868083426627,0.03275984116307671,0.03275984116307671,0.03275984116307671,10.604038536244168,10.327224166337947,12.675558695837342,0.0021787293002528576,0.0022492824385372235,0.0017164346217873325,0.0030811885251572344,0.003180965730186969,0.0024274051210583796,9.891643813770823e+32,6.289913796225344e+31,4.970265097716258e+31,1.1367692654667653e+34,6.78214561632588e+32,9.203127161091126e+32,8.501520441974993e-6
2023-12-01T22:17:04.929299,-0.058385,0.0,-1.005415,1701469024929299,14.851813749704991,0.02659317825283432,14.851813749704991,14.851813749704991,14.851813749704991,0.02659317825283432,0.02659317825283432,0.02659317825283432,11.084216378444001,12.434186565970656,17.183432170135692,0.002061552418067891,0.0017648015335841587,0.0010214887601602079,0.0029154753891746607,0.0024958062636915544,0.0014446032584302438,8.942665135396965e+32,4.717344322783195e+31,1.99662083622902e+31,1.1478591656905888e+34,8.262590579270859e+32,1.0438517316433165e+33,5.605308075010803e-6
2023-12-01T22:17:14.190375,-0.075699,0.0,-1.002961,1701469034190375,14.64052416159115,0.024214291069578196,14.64052416159115,14.64052416159115,14.64052416159115,0.024214291069578196,0.024214291069578196,0.024214291069578196,13.861575756230735,12.473649517980617,15.177281076365176,0.001497360640036505,0.0017568016266519893,0.0012868891728005595,0.0021175877249032834,0.002484492686810358,0.0018199361214456449,1.1929117311745871e+33,4.591377865208172e+31,2.712353375479131e+31,2.90245760641841e+34,8.115363698886106e+32,8.934584858621539e+32,4.656349723205944e-6
2023-12-01T22:17:24.154001,-0.124811,0.0,-0.994013,1701469044154001,14.011220399363813,0.030169828694679553,14.011220399363813,14.011220399363813,14.011220399363813,0.030169828694679553,0.030169828694679553,0.030169828694679553,9.042304668394657,11.84961090691967,20.04939535149623,0.0026078941934079792,0.0018876638350758057,0.000734404675717773,0.003688119337551608,0.002669559796765414,0.0010386050526702895,1.2964508442092882e+33,4.693060899450186e+31,7.832923465839702e+30,1.0398878924647315e+34,7.184842966823816e+32,7.92252135134183e+32,7.269158070653521e-6
2023-12-01T22:17:33.769074,-0.107903,0.0,-0.989614,1701469053769074,14.110669318086389,0.031026067482816316,14.110669318086389,14.110669318086389,14.110669318086389,0.031026067482816316,0.031026067482816316,0.031026067482816316,9.286112955571639,11.157751121485811,17.76367966050571,0.0025357098228177737,0.0020441729859131137,0.0009554791571114818,0.0035860352216715735,0.0028908971605150313,0.0013512515825518708,1.2344169737572902e+33,6.427769722459197e+31,1.2888242519546832e+31,1.0473050083373198e+34,8.391419288468573e+32,7.701257871702576e+32,7.680938614363966e-6
2023-12-01T22:17:43.059448,-0.103696,0.0,-0.963964,1701469063059448,13.751668938366489,0.03659936130367936,13.751668938366489,13.751668938366489,13.751668938366489,0.03659936130367936,0.03659936130367936,0.03659936130367936,9.326264494896199,8.097190945925277,16.37435111501179,0.002524015258571601,0.0029076736010914673,0.0011212117619706246,0.0035694966103085924,0.00411207144161777,0.0015856328800710918,1.8325301637052594e+33,7.6194673833950395e+31,1.8028497617882575e+31,1.5691974055414763e+34,4.916360366267016e+32,7.823384015029363e+32,0.000010721556407445172
2023-12-01T22:17:53.323289,-0.08934,0.0,-0.938097,1701469073323289,13.490548119096827,0.02965963012800923,13.490548119096827,13.490548119096827,13.490548119096827,0.02965963012800923,0.02965963012800923,0.02965963012800923,13.39780856514639,12.631074372271913,10.28066515709195,0.0015794823329367885,0.001725247799606767,0.002261371648234283,0.002233725336767903,0.0024398688366582297,0.003198062454498923,7.459530294211519e+32,3.7262410765687976e+31,5.618320995949913e+31,1.6311441336847832e+34,6.829334520578656e+32,5.993397249033523e+32,7.0566974276968445e-6
2023-12-01T22:18:03.517625,-0.085431,0.0,-0.945338,1701469083517625,13.642339198785661,0.021724655824283654,13.642339198785661,13.642339198785661,13.642339198785661,0.021724655824283654,0.021724655824283654,0.021724655824283654,15.712915133238825,12.663961945839242,16.386060434224074,0.0012099277684768548,0.0017187278073812265,0.001119701291345979,0.0017110962596717824,0.002430648175226303,0.001583496752028152,5.167987337924668e+32,4.273240044935436e+31,1.6013363453260012e+31,1.925807857089012e+34,7.891389581722796e+32,6.967686536283032e+32,3.7811209750924753e-6
2023-12-01T22:18:13.565910,-0.103597,0.0,-0.947525,1701469093565910,13.496095700787645,0.023579665145175163,13.496095700787645,13.496095700787645,13.496095700787645,0.023579665145175163,0.023579665145175163,0.023579665145175163,13.511934495882524,13.662655756390718,14.551819948627093,0.0015588648913076998,0.0015320481437489314,0.0013829745984678924,0.00220456787119461,0.002166643263098264,0.001955821433570779,8.038994943675961e+32,3.65109302050738e+31,2.428736860156709e+31,1.8046592217686117e+34,8.485715623650846e+32,6.927275481868018e+32,4.459900002749161e-6
2023-12-01T22:18:22.774420,-0.103262,0.0,-0.904963,1701469102774420,12.836428569994556,0.02097640592986505,12.836428569994556,12.836428569994556,12.836428569994556,0.02097640592986505,0.02097640592986505,0.02097640592986505,14.38005807269426,13.522130383677549,17.783939614547858,0.001410594860483012,0.001557036099177288,0.0009532530863455708,0.0019948823827088593,0.0022019815685610203,0.0013481034430839174,5.1058894111795734e+32,4.03330429064993e+31,1.3657814614602062e+31,1.3998361715499967e+34,9.075572421827765e+32,8.199269756197285e+32,3.548553814126446e-6
2023-12-01T22:18:32.116871,-0.07592,0.0,-0.885931,1701469112116871,12.81102478417793,0.02515673127268208,12.81102478417793,12.81102478417793,12.81102478417793,0.02515673127268208,0.02515673127268208,0.02515673127268208,12.15263295440996,12.158605356493087,17.300763893827803,0.0018229449466830232,0.0018216919238559285,0.001007782948960081,0.00257803346705863,0.00257626142518259,0.0014252203143476992,1.3100279764621738e+33,4.5538614056560745e+31,1.7060324012623314e+31,2.1505218813898406e+34,7.485836625128385e+32,9.163548113877076e+32,5.104877477529173e-6
2023-12-01T22:18:41.817442,-0.107189,0.0,-0.895374,1701469121817442,12.648456285506242,0.025277799320282752,12.648456285506242,12.648456285506242,12.648456285506242,0.025277799320282752,0.025277799320282752,0.025277799320282752,14.451026863213396,11.34154056117689,14.868566217059026,0.0013991164333308514,0.0020013736276360194,0.0013334504735259343,0.0019786494353555622,0.0028303697275786992,0.0018857837444132021,7.465635577003924e+32,4.557403122916642e+31,2.2894530968869075e+31,2.0805083973974703e+34,6.2068535976287734e+32,7.024062583810217e+32,5.160742237839961e-6
2023-12-01T22:18:51.075496,-0.088524,0.0,-0.860739,1701469131075496,12.294938368833744,0.03150705268556775,12.294938368833744,12.294938368833744,12.294938368833744,0.03150705268556775,0.03150705268556775,0.03150705268556775,8.596780128422775,12.321043011814236,16.139986174744944,0.002745150722432967,0.001787940451309289,0.0011518764308831757,0.003882229382423002,0.002528529634957069,0.0016289992707329024,1.6421529404135416e+33,4.628509650194951e+31,2.74215728174133e+31,1.1887529703661098e+34,7.898515499770359e+32,1.1274336125544027e+33,8.039601905550979e-6
2023-12-01T22:19:00.565943,-0.077872,0.0,-0.8617,1701469140565943,12.415107123476306,0.04466218344393313,12.415107123476306,12.415107123476306,12.415107123476306,0.04466218344393313,0.04466218344393313,0.04466218344393313,5.607390974197833,9.18976836020578,13.157948548150538,0.0038728943696082147,0.0025639926906736027,0.0016237074127567323,0.005477099743138336,0.003626033236976093,0.0022962690444463,3.777654965410275e+33,5.718016425446944e+31,3.667312248632455e+31,1.3739198123734446e+34,4.744847236490931e+32,7.588269450942765e+32,0.000016139863385474553
2023-12-01T22:19:10.243985,-0.082935,0.0,-0.854659,1701469150243985,12.255768106706876,0.04658373273422999,12.255768106706876,12.255768106706876,12.255768106706876,0.04658373273422999,0.04658373273422999,0.04658373273422999,8.891516441560581,11.265079010300772,5.53488309253097,0.0026535628518337584,0.0020190694157464378,0.003905359751843729,0.003752704573672729,0.0028553953511213336,0.005523012727003427,1.8112921094118986e+33,6.173642098608781e+31,1.5967979433809585e+32,1.4032664414234308e+34,8.261318192999301e+32,5.711343406822457e+32,0.000017579914603703786
2023-12-01T22:19:19.429512,-0.091383,0.0,-0.823033,1701469159429512,11.682070968573013,0.027038263265177474,11.682070968573013,11.682070968573013,11.682070968573013,0.027038263265177474,0.027038263265177474,0.027038263265177474,10.058955719020673,13.133605904145282,17.880689764679502,0.002319836700607556,0.001628264317208848,0.000942693934090859,0.003280744524490059,0.0023027134805249203,0.0013331705467581414,1.3912903398320503e+33,5.351601060860289e+31,2.2235305823668424e+31,1.4103059611172864e+34,1.1011445194063764e+33,1.364935356312392e+33,5.947705905035366e-6
2023-12-01T22:19:29.745770,-0.074031,0.0,-0.816253,1701469169745770,11.748087016049045,0.031993388591117854,11.748087016049045,11.748087016049045,11.748087016049045,0.031993388591117854,0.031993388591117854,0.031993388591117854,9.503578655167884,11.114968946545494,14.044895797793142,0.0024730122522698753,0.0020542663558339603,0.0014660892553182427,0.0034973674670748917,0.002905171341147141,0.0020733633085205302,1.86987864026086e+33,7.1401133036825955e+31,3.290403980466757e+31,1.6679049062315513e+34,9.230006314435524e+32,8.351006114226674e+32,8.32347837676524e-6
2023-12-01T22:19:39.356004,-0.07963,0.0,-0.814641,1701469179356004,11.667929582239879,0.02619455758180086,11.667929582239879,11.667929582239879,11.667929582239879,0.02619455758180086,0.02619455758180086,0.02619455758180086,11.942333548880526,11.235475639248442,18.43719253882473,0.0018676200313155825,0.002025962576496855,0.0008841899491603124,0.0026412135776461613,0.002865143752542192,0.0012504334178164913,1.42101563427427e+33,9.097645216257878e+31,1.359733057430593e+31,2.222451084380483e+34,1.2091399219605286e+33,9.487961417958555e+32,5.5828805392887385e-6
2023-12-01T22:19:48.667228,-0.073442,0.0,-0.789724,1701469188667228,11.343201531140636,0.02778124737516757,11.343201531140636,11.343201531140636,11.343201531140636,0.02778124737516757,0.02778124737516757,0.02778124737516757,9.046593073404733,14.077264461070943,20.262961626806483,0.0026066069394097948,0.0014606359237574278,0.0007165675208686365,0.0036862988854891566,0.0020656511330671085,0.0010133795063684916,2.268047073909298e+33,7.60202370547445e+31,1.1590427328025491e+31,1.8210059782126244e+34,1.943818296351084e+33,1.2313899675567142e+33,6.29421736687589e-6
2023-12-01T22:19:58.598258,-0.100358,0.0,-0.780915,1701469198598258,10.942247496821835,0.03019208595314414,10.942247496821835,10.942247496821835,10.942247496821835,0.03019208595314414,0.03019208595314414,0.03019208595314414,11.756204444901163,9.289199195839974,16.892109765230842,0.001908072966634831,0.002534809003220145,0.0010563302395955772,0.002698422667412444,0.0035847612703793557,0.0014938765511808864,1.561051196005296e+33,1.0568332592735057e+32,1.8196282615179558e+31,2.3390396880906506e+34,8.9727670326837e+32,8.895976970731554e+32,7.454555135928399e-6
2023-12-01T22:20:07.919365,-0.065657,0.0,-0.755569,1701469207919365,10.891824400478704,0.031724890025014905,10.891824400478704,10.891824400478704,10.891824400478704,0.031724890025014905,0.031724890025014905,0.031724890025014905,10.252259833712042,9.998481470171555,14.948283708785846,0.0022687790806962035,0.0023360445847637507,0.0013212682996107657,0.003208538145948934,0.003303665934081122,0.001868555548843183,1.92609641872786e+33,1.0060444867765374e+32,2.370918078234672e+31,2.0412867055400335e+34,1.0056927803718592e+33,7.408749638267852e+32,8.233475159043385e-6
2023-12-01T22:20:17.147858,-0.077886,0.0,-0.736831,1701469217147858,10.48248542285431,0.03460846214539648,10.48248542285431,10.48248542285431,10.48248542285431,0.03460846214539648,0.03460846214539648,0.03460846214539648,8.643821038656217,10.706287209541046,13.14228571332611,0.00273032376256437,0.0021532320739016623,0.0016266380054613349,0.00386126089468807,0.0030451300018484776,0.0023004135283949405,2.342021941729153e+33,6.8421501268233085e+31,3.042757133516447e+31,1.7138510046403373e+34,8.05047155737773e+32,6.2732971667589146e+32,9.824684942209161e-6
2023-12-01T22:20:26.790563,-0.081786,0.0,-0.720753,1701469226790563,10.196334966300896,0.05430542057965189,10.196334966300896,10.196334966300896,10.196334966300896,0.05430542057965189,0.05430542057965189,0.05430542057965189,2.606486349200883,10.566822893729748,15.246081521974435,0.005471178490441164,0.0021880843308355997,0.0012767360599039693,0.007737414823345852,0.0030944185362837633,0.0018055774514869817,6.08804593531162e+33,9.251882876213449e+31,2.136395603356074e+31,1.1094980812818638e+34,1.0541742790031027e+33,7.149733064880362e+32,0.000024234374719848956
2023-12-01T22:20:36.553879,-0.050026,0.0,-0.67677,1701469236553879,9.830185335495973,0.032050026664461835,9.830185335495973,9.830185335495973,9.830185335495973,0.032050026664461835,0.032050026664461835,0.032050026664461835,12.034251588559155,9.153633538307819,13.141537441186843,0.0018479602335739205,0.0025746815676366036,0.001626778143130668,0.002613410425046391,0.0036411495917437063,0.0023006117129875108,1.1928886163150207e+33,1.0776203571749526e+32,2.972864919201744e+31,1.9055706408314304e+34,8.868070577162108e+32,6.1281434140728675e+32,8.460232884377281e-6
2023-12-01T22:20:45.965599,-0.039808,0.0,-0.673557,1701469245965599,9.880820568720859,0.023620038187827087,9.880820568720859,9.880820568720859,9.880820568720859,0.023620038187827087,0.023620038187827087,0.023620038187827087,11.425519998655368,15.427418589151465,15.912341631139103,0.0019821166097993585,0.0012503576953745862,0.0011824645218765542,0.002803136191783233,0.0017682728106163067,0.0016722573638628404,1.538714278449903e+33,6.233325678336268e+31,2.1579227504128603e+31,2.1365348623180404e+34,2.175012100133907e+33,8.419185080713529e+32,4.593601977814464e-6
2023-12-01T22:20:55.577690,-0.089963,0.0,-0.668432,1701469255577690,9.311032174953707,0.025880863466705303,9.311032174953707,9.311032174953707,9.311032174953707,0.025880863466705303,0.025880863466705303,0.025880863466705303,10.067464014779755,17.522538935856865,14.436093162723687,0.0023175654084781907,0.0009823771539156946,0.0014015240114271367,0.0032775324323565994,0.0013892910944330568,0.0019820542649518014,1.4181789079503327e+33,4.461345169604125e+31,3.277247207817956e+31,1.4403811309565736e+34,2.5218527171615602e+33,9.101616206548673e+32,5.533629233144663e-6
2023-12-01T22:21:04.764542,-0.079894,0.0,-0.652057,1701469264764542,9.157863160762714,0.01966565521781698,9.157863160762714,9.157863160762714,9.157863160762714,0.01966565521781698,0.01966565521781698,0.01966565521781698,13.298958275677862,15.930011074017212,18.064182635207104,0.001597560400781481,0.0011800615150343691,0.0009229880304739983,0.002259291585495368,0.001668858998996147,0.0013053021906043601,8.741965894017409e+32,6.901590770216766e+31,1.2599729822887207e+31,1.8685509115281313e+34,2.703649017344335e+33,8.068252776936809e+32,3.1977675452057113e-6
2023-12-01T22:21:14.639491,-0.048553,0.0,-0.629138,1701469274639491,9.112154567718255,0.03158896163198494,9.112154567718255,9.112154567718255,9.112154567718255,0.03158896163198494,0.03158896163198494,0.03158896163198494,9.923880510544517,9.827507614374628,16.75497287153585,0.0023561947027390686,0.002382483052774311,0.0010731404305446602,0.003332162504205234,0.003369339845357485,0.001517649751207161,1.9510612066181667e+33,8.31874156728867e+31,9.071077815684981e+30,1.9171625854326222e+34,7.994814546900342e+32,4.296909231470848e+32,8.253006238428016e-6
2023-12-01T22:21:23.729242,-0.055839,0.0,-0.591177,1701469283729242,8.458387665306248,0.027435382705812642,8.458387665306248,8.458387665306248,8.458387665306248,0.027435382705812642,0.027435382705812642,0.027435382705812642,11.331140928150399,11.734879987352631,15.070647741040009,0.002003771311370409,0.0019127631722737901,0.0013027851925672825,0.0028337605644341546,0.002705055619837379,0.0018424164881874954,1.675249294055729e+33,6.360038840945129e+31,2.234173343217617e+31,2.2761115176141316e+34,9.483044022083105e+32,7.180945652579744e+32,6.247341119633703e-6
2023-12-01T22:23:49.057953,-0.066349,0.0,-0.43182,1701469429057953,5.9197482328325695,0.020770163186077186,5.9197482328325695,5.9197482328325695,5.9197482328325695,0.020770163186077186,0.020770163186077186,0.020770163186077186,15.62757384566311,14.011681772859216,14.882610772274727,0.0012218742387610844,0.0014717061751644799,0.0013312961074277252,0.001727991119970227,0.0020813068327458412,0.001882737010658798,5.699347111893831e+32,2.853471746502601e+31,1.2156910509035523e+31,2.0824879280508847e+34,7.186902515568943e+32,3.741832105253613e+32,3.62083003134497e-6
2023-12-01T22:23:57.710225,-0.066271,0.0,-0.438364,1701469437710225,6.020302130028244,0.019503318478992313,6.020302130028244,6.020302130028244,6.020302130028244,0.019503318478992313,0.019503318478992313,0.019503318478992313,12.921297864976806,17.44407514086715,17.280315887155112,0.0016685541578963365,0.000991291640341675,0.0010101582298669477,0.002359691919651018,0.0014018980820382691,0.001428579468820636,7.815932486003385e+32,3.5924341367182755e+31,1.699441156269376e+31,1.53147737701105e+34,1.9943268149991923e+33,9.08526752965064e+32,3.1914344956082437e-6
2023-12-01T22:24:08.021991,-0.055091,0.0,-0.412901,1701469448021991,5.74052713448893,0.022852542033651634,5.74052713448893,5.74052713448893,5.74052713448893,0.022852542033651634,0.022852542033651634,0.022852542033651634,10.713735319495648,17.92532227041953,17.07003240152901,0.0021513864788236256,0.0009378623188753498,0.0010349123765369206,0.0030425199362584692,0.0013263376109922001,0.0014635871187662845,1.797304512081355e+33,4.525617417366399e+31,2.3939705231117813e+31,2.1183377055320367e+34,2.8067909283948565e+33,1.219332188893359e+33,4.386062091693776e-6
2023-12-01T22:24:17.532669,-0.040185,0.0,-0.408294,1701469457532669,5.8148966371424144,0.02632294549695711,5.8148966371424144,5.8148966371424144,5.8148966371424144,0.02632294549695711,0.02632294549695711,0.02632294549695711,10.774372101643808,13.356987557067095,15.208760164713942,0.002136419806982375,0.0015869228842465655,0.0012822337165799707,0.003021353865956985,0.0022442478653417223,0.001813352312119454,1.805110067174449e+33,5.424013668802073e+31,1.5206837837516709e+31,2.1574507896298506e+34,1.1749503934061679e+33,5.045624551403111e+32,5.817824757431021e-6
2023-12-01T22:24:27.346432,-0.062294,0.0,-0.423346,1701469467346432,5.829885007812819,0.03619928132435791,5.829885007812819,5.829885007812819,5.829885007812819,0.03619928132435791,0.03619928132435791,0.03619928132435791,8.054236397885278,9.609679537625492,14.36630841268397,0.002922088606398283,0.0024429873823089724,0.0014128295836767734,0.004132457337624349,0.0034549058887676943,0.0019980427585576267,2.5274974333496332e+33,6.207707878258899e+31,1.2474945262669277e+31,1.6147837228230948e+34,5.6741292658531284e+32,3.409333532292345e+32,0.000011001917737517191
2023-12-01T22:24:38.031167,-0.063064,0.0,-0.433821,1701469478031167,5.9821402986084316,0.035916387948735466,5.9821402986084316,5.9821402986084316,5.9821402986084316,0.035916387948735466,0.035916387948735466,0.035916387948735466,6.113003142571388,16.16846380429473,15.414684135114975,0.0036538864229689614,0.001148106063453777,0.0012521921995088756,0.00516737573473362,0.0016236671659791168,0.0017708671912432484,3.3082112483114075e+33,3.047293241773847e+31,1.8475366984221243e+31,1.3517411915223747e+34,1.2611322418827065e+33,6.427787152352196e+32,0.000010824679219604744
2023-12-01T22:24:47.824139,-0.095628,0.0,-0.451045,1701469487824139,5.928798716549016,0.03037579953282341,5.928798716549016,5.928798716549016,5.928798716549016,0.03037579953282341,0.03037579953282341,0.03037579953282341,10.637849937363566,10.303214741478769,14.770387362047446,0.0021702646869194934,0.002255508477241305,0.001348608313900118,0.003069217754180947,0.003189770678562141,0.0019072201678466591,1.3177785017556312e+33,5.5387412212860195e+31,1.4284302993743505e+31,1.5262560972549522e+34,5.939262889144411e+32,4.284476744908547e+32,7.74407445767845e-6
2023-12-01T22:24:57.506253,-0.065333,0.0,-0.445123,1701469497506253,6.132502506843599,0.023271339354173182,6.132502506843599,6.132502506843599,6.132502506843599,0.023271339354173182,0.023271339354173182,0.023271339354173182,12.257479133636622,13.513555024632831,16.800104618844657,0.001801072702944555,0.00155857408059762,0.0010675788709788856,0.002547101443324158,0.0022041566027443315,0.0015097845182412968,1.2375551507963633e+33,3.075601749663565e+31,1.3193482677190743e+31,2.08119356997483e+34,6.906938702495026e+32,6.314949953232822e+32,4.541827127842182e-6
2023-12-01T22:25:06.687229,-0.080655,0.0,-0.431768,1701469506687229,5.780155469436531,0.025735443943808296,5.780155469436531,5.780155469436531,5.780155469436531,0.025735443943808296,0.025735443943808296,0.025735443943808296,9.253058537887972,17.127215726449208,18.301602656297728,0.002545377928280743,0.0010281214367661095,0.0008981007684215211,0.0035997079875397585,0.0014539832796411445,0.0012701062870794134,2.2123128667943559e+33,5.037492560499292e+31,1.5630104402501412e+31,1.8627406793650757e+34,2.5997763603584715e+33,1.0571147790888159e+33,5.561711651170736e-6
2023-12-01T22:25:16.520649,-0.074497,0.0,-0.430776,1701469516520649,5.824773077303103,0.02349764433113746,5.824773077303103,5.824773077303103,5.824773077303103,0.02349764433113746,0.02349764433113746,0.02349764433113746,10.43891576992144,15.844574034400246,19.567249679505668,0.002220544149141211,0.0011917262320842005,0.000776323471351626,0.0031403236515637257,0.0016853554000492632,0.0010978871819740305,1.7022148943422463e+33,7.472399568079781e+31,1.403026318929515e+31,1.8832412716142548e+34,2.8702352255621167e+33,1.2699621746489127e+33,4.635803908462874e-6
2023-12-01T22:25:27.028603,-0.049808,0.0,-0.425164,1701469527028603,5.978760202015758,0.02707161065071121,5.978760202015758,5.978760202015758,5.978760202015758,0.02707161065071121,0.02707161065071121,0.02707161065071121,10.04934838254933,12.504497928353246,18.521955998142495,0.0023224040579111534,0.0017505733165790298,0.0008756033225840209,0.0032843753160082642,0.0024756845262345136,0.0012382900940572665,2.070367794824857e+33,5.26245829394709e+31,1.1592811913848913e+31,2.0940273116074997e+34,9.367818328765693e+32,8.248678740847425e+32,6.149832482293916e-6
2023-12-01T22:25:36.664253,-0.053584,0.0,-0.43357,1701469536664253,6.070318566199349,0.050012602958797565,6.070318566199349,6.070318566199349,6.070318566199349,0.050012602958797565,0.050012602958797565,0.050012602958797565,4.0499976525743655,8.165817315535076,15.109620497685226,0.004633458933000746,0.0028847908707961023,0.0012969528143696636,0.006552700463748426,0.004079710374089939,0.0018341682598395335,5.122129480764585e+33,1.1800548818125942e+32,1.472533281882366e+31,1.301518417001162e+34,7.735420684581732e+32,4.775591485011477e+32,0.000020982031103156224
2023-12-01T22:25:46.700121,-0.071807,0.0,-0.461677,1701469546700121,6.322218739631995,0.013407163230222329,6.322218739631995,6.322218739631995,6.322218739631995,0.013407163230222329,0.013407163230222329,0.013407163230222329,20.088224602247273,24.360090772092484,15.534850910324472,0.0007311289331292111,0.00044709587416639796,0.0012349877655789157,0.001033972453074702,0.0006322890489271748,0.0017465364474465472,2.33377376365835e+32,4.2297197430671877e+30,1.9913840567625073e+31,2.381667955415205e+34,1.154305246569225e+33,7.122625608609444e+32,1.5064260124565849e-6
2023-12-01T22:25:56.238618,-0.064927,0.0,-0.474655,1701469556238618,6.5871449038401275,0.01296610963583377,6.5871449038401275,6.5871449038401275,6.5871449038401275,0.01296610963583377,0.01296610963583377,0.01296610963583377,21.640098275758533,22.380255418582628,15.839348319970608,0.0006115053866278355,0.0005615551698657326,0.0011924434291673352,0.0008647992112332881,0.0007941589372448463,0.0016863696698911266,1.3561187145924928e+32,5.540215437153566e+30,1.516877232923346e+31,1.9783700871669885e+34,9.58411894428797e+32,5.819494538920397e+32,1.4074695856280959e-6
2023-12-01T22:26:05.386990,-0.071875,0.0,-0.488639,1701469565386990,6.733171876639679,0.008739189772324777,6.733171876639679,6.733171876639679,6.733171876639679,0.008739189772324777,0.008739189772324777,0.008739189772324777,24.099940382187683,22.586789779175533,20.878920189243107,0.0004606893596821967,0.0005483599293851585,0.000667512174941568,0.0006515131405035395,0.0007754980491984438,0.0009440047708515275,6.8623454445107615e+31,5.942269762141681e+30,5.290271669940197e+30,1.7638701653383117e+34,1.0780312281384704e+33,6.476941786898086e+32,6.390038679832738e-7
2023-12-01T22:26:14.590740,-0.075041,0.0,-0.493882,1701469574590740,6.782480066792246,0.009304815381808617,6.782480066792246,6.782480066792246,6.782480066792246,0.009304815381808617,0.009304815381808617,0.009304815381808617,24.76569708193243,24.43932198079779,18.86763629776513,0.0004266977439926872,0.00044303608610582994,0.0008414404503343313,0.0006034417365884611,0.000626547641591559,0.001189976496792136,6.1346238689823305e+31,3.943436962738672e+30,8.444274911444857e+30,1.8380513841491625e+34,1.0959912854119462e+33,6.506178789677435e+32,7.242493131861756e-7
2023-12-01T22:26:24.214758,-0.080037,0.0,-0.509628,1701469584214758,6.974468603431254,0.012176329820017737,6.974468603431254,6.974468603431254,6.974468603431254,0.012176329820017737,0.012176329820017737,0.012176329820017737,19.62479315528222,26.05603609802379,16.841787601021313,0.0007711973756729652,0.0003677929463027446,0.0010624679073814086,0.0010906377879432462,0.0005201377728065009,0.0015025565242049496,2.3921032313199116e+32,2.899949324139868e+30,1.2486178461874403e+31,2.1941142258314765e+34,1.1694832839453828e+33,6.0340415727069096e+32,1.2392367318735676e-6
2023-12-01T22:26:33.854691,-0.072523,0.0,-0.515874,1701469593854691,7.143004634045505,0.007933878547158607,7.143004634045505,7.143004634045505,7.143004634045505,0.007933878547158607,0.007933878547158607,0.007933878547158607,22.926301523494086,24.945500416059886,22.106705160282555,0.0005273392833033791,0.00041795563027961335,0.0005795220204652159,0.0007457703664197465,0.0005910785208116243,0.0008195679010357666,9.386451593460613e+31,8.437646680616804e+30,7.151071803546603e+30,1.841329865034444e+34,2.6349439250855276e+33,1.1615600180945206e+33,5.257462672009576e-7
2023-12-01T22:26:43.828550,-0.073876,0.0,-0.527018,1701469603828550,7.30021896676287,0.008433146678569214,7.30021896676287,7.30021896676287,7.30021896676287,0.008433146678569214,0.008433146678569214,0.008433146678569214,21.731886255857837,22.516163417434463,23.971021754352677,0.0006050773385832922,0.0005528369087723434,0.00046757804745785857,0.0008557085785091092,0.0007818294541662656,0.0006612552161828344,1.391632373084384e+32,1.680437686838213e+31,5.289774438442935e+30,2.0735434902144625e+34,2.999430163168676e+33,1.3198948340948455e+33,5.935843092216692e-7
2023-12-01T22:26:53.740561,-0.078672,0.0,-0.537043,1701469613740561,7.406860111621801,0.00814160150497931,7.406860111621801,7.406860111621801,7.406860111621801,0.00814160150497931,0.00814160150497931,0.00814160150497931,24.598696071857944,26.47380284005228,20.229798466323878,0.0004349811100143951,0.0003505218206382209,0.0007193086409914457,0.0006151561851584609,0.0004957127126542815,0.001017256035622262,5.06238726051604e+31,6.328192263204489e+30,1.149596658622119e+31,1.4595701460991375e+34,2.8096999868274326e+33,1.2120634060682022e+33,5.529860225452325e-7
2023-12-01T22:27:03.456833,-0.075799,0.0,-0.531261,1701469623456833,7.346390835569714,0.007088265381515546,7.346390835569714,7.346390835569714,7.346390835569714,0.007088265381515546,0.007088265381515546,0.007088265381515546,26.94264242435664,25.842427617980658,21.610222494984388,0.00033210321474580164,0.00037695006270351754,0.0006136123275222484,0.00046966487040121715,0.0005330878910127031,0.0008677788756212854,4.136375774305388e+31,3.938450071461815e+30,5.689026552330393e+30,2.04589918032907e+34,1.5120568012993438e+33,8.24252380800117e+32,4.1926932233596863e-7
2023-12-01T22:27:13.539573,-0.070333,0.0,-0.542362,1701469633539573,7.569407405154752,0.010376381214288709,7.569407405154752,7.569407405154752,7.569407405154752,0.010376381214288709,0.010376381214288709,0.010376381214288709,24.727658918572764,25.556573611613306,17.320998436626493,0.0004285704813768189,0.0003895619402476763,0.0010054379625527216,0.0006060901871958633,0.0005509237792826411,0.0014219040027668311,7.0141419607442435e+31,4.0961785641155497e+30,1.319223808166307e+31,2.0832454562963125e+34,1.4724353713709905e+33,7.118989036798361e+32,8.975577728928404e-7
2023-12-01T22:27:23.064710,-0.0734,0.0,-0.552942,1701469643064710,7.70144789263276,0.01428579461793362,7.70144789263276,7.70144789263276,7.70144789263276,0.01428579461793362,0.01428579461793362,0.01428579461793362,24.776724063183458,27.625284581998635,13.799234399367347,0.00042615638291189855,0.00030700183525162936,0.001508146327276492,0.0006026761364058688,0.0004341661590862848,0.0021328409900775876,7.054108738295972e+31,2.4401458505518707e+30,2.220149930458255e+31,2.1189199810011914e+34,1.4123562093631992e+33,5.324829962301643e+32,1.7002431560146625e-6
2023-12-01T22:27:32.309622,-0.073774,0.0,-0.580101,1701469652309622,8.113691302745252,0.011347833048274166,8.113691302745252,8.113691302745252,8.113691302745252,0.011347833048274166,0.011347833048274166,0.011347833048274166,19.985506477875898,27.610570013892385,17.526846373758445,0.0007398264890177134,0.0003075223608598766,0.000981890101960975,0.0010462726545717202,0.00043490229346103057,0.0013886022989531121,2.0017835122581896e+32,5.707154232941339e+30,1.9845939559329278e+31,1.9951141814468409e+34,3.292127228119206e+33,1.1229393529069702e+33,1.070680939073362e-6
2023-12-01T22:27:41.858135,-0.078355,0.0,-0.597991,1701469661858135,8.343185042816483,0.014863044618626954,8.343185042816483,8.343185042816483,8.343185042816483,0.014863044618626954,0.014863044618626954,0.014863044618626954,24.382074814671697,27.972876544492994,13.448090071080841,0.00044596570247046606,0.0002949588107524577,0.0015703653254659216,0.0006306907447869777,0.0004171347505075648,0.002220831941154346,6.9595239014054865e+31,5.349143266526945e+30,4.583717643920347e+31,1.9089168529548218e+34,3.3540681625418054e+33,1.0139741058593018e+33,1.8346222421641135e-6
2023-12-01T22:27:51.145262,-0.083459,0.0,-0.609925,1701469671145262,8.476363030731122,0.011747208656722732,8.476363030731122,8.476363030731122,8.476363030731122,0.011747208656722732,0.011747208656722732,0.011747208656722732,20.968514730259734,27.937721749714154,16.59915475898337,0.0006606622076911874,0.00029615503003814855,0.0010925654501531146,0.0009343174542642277,0.0004188264600449611,0.0015451208773868007,1.7414140725702345e+32,5.708374861890814e+30,2.2480392771574516e+31,2.1764741968216926e+34,3.55046029220428e+33,1.0273522365840578e+33,1.1452544115710454e-6
2023-12-01T22:28:00.936485,-0.083261,0.0,-0.614769,1701469680936485,8.552585207862323,0.009628130469867277,8.552585207862323,8.552585207862323,8.552585207862323,0.009628130469867277,0.009628130469867277,0.009628130469867277,23.362460417125114,28.390002273242892,18.214120800047986,0.0005015129824936754,0.0002811286370775944,0.0009071918934933634,0.0007092464615487364,0.00039757593132659777,0.001282963079453243,1.1386619030053735e+32,5.648512765245991e+30,1.506759024870589e+31,2.469680838062758e+34,3.8988303838504727e+33,9.987479051460833e+32,7.690304758765876e-7
2023-12-01T22:28:10.342203,-0.077302,0.0,-0.620455,1701469690342203,8.69798613394541,0.016292052884141348,8.69798613394541,8.69798613394541,8.69798613394541,0.016292052884141348,0.016292052884141348,0.016292052884141348,21.406689922369676,27.814452407218575,12.872404968152269,0.0006281606172499622,0.00030038800075457003,0.001677972938171591,0.0008883532642635514,0.00042481278464125247,0.002373012086457295,1.4066912185355079e+32,5.715653578099302e+30,4.142112372435162e+31,1.944767859945047e+34,3.455501925799172e+33,8.02532028136647e+32,2.2002745955315883e-6
2023-12-01T22:28:19.832041,-0.08144,0.0,-0.632741,1701469699832041,8.846127418294202,0.005982519292682667,8.846127418294202,8.846127418294202,8.846127418294202,0.005982519292682667,0.005982519292682667,0.005982519292682667,27.28599478151542,28.187478313858225,23.219112167427156,0.00031923129649328143,0.0002877605700193322,0.0005098584160232649,0.0004514612290347453,0.0004069549008375523,0.000721048686830165,3.675862164990526e+31,4.8680093824849006e+30,4.20793662491721e+30,1.9676991421689158e+34,3.2070020533413025e+33,8.830400617595682e+32,2.9644691380558996e-7
2023-12-01T22:28:29.722148,-0.08094,0.0,-0.64107,1701469709722148,8.978885770697048,0.009479636806824175,8.978885770697048,8.978885770697048,8.978885770697048,0.009479636806824175,0.009479636806824175,0.009479636806824175,23.18839180770627,27.498302055349697,18.578134217158258,0.0005116648821296421,0.000311522986746711,0.0008699584081620112,0.000723603415697771,0.00044056003284817264,0.0012303069795232251,9.558493030256637e+31,3.401075739968182e+30,7.480424532232966e+30,1.9917214868132215e+34,1.911817836390029e+33,5.3918731645644726e+32,7.437834365387418e-7
2023-12-01T22:28:39.408009,-0.077352,0.0,-0.643049,1701469719408009,9.044340316541499,0.017539046549724827,9.044340316541499,9.044340316541499,9.044340316541499,0.017539046549724827,0.017539046549724827,0.017539046549724827,24.503642147436956,26.540630631995544,11.923233873332652,0.0004397674622668591,0.0003478353120080892,0.0018717313182265128,0.0006219251094281905,0.0004919134157141168,0.002647027815354406,7.502545672261308e+31,3.8186912365786895e+30,2.833456299937475e+31,2.1162787087069097e+34,1.7217797976450248e+33,4.4120447254683046e+32,2.545175301852238e-6
2023-12-01T22:28:48.910979,-0.080954,0.0,-0.669614,1701469728910979,9.417328658121395,0.010421128980191225,9.417328658121395,9.417328658121395,9.417328658121395,0.010421128980191225,0.010421128980191225,0.010421128980191225,18.848473565176185,28.819698601477448,19.86909151980839,0.0008432988780534564,0.0002675594353236995,0.0007498089582552797,0.001192604710477213,0.0003783861821756628,0.0010603899979534585,2.8903982437894203e+32,4.244357596265092e+30,8.595002720276645e+30,2.217200874430556e+34,3.234311367533918e+33,8.339791064398421e+32,8.966363486912151e-7
2023-12-01T22:28:58.641661,-0.080626,0.0,-0.682317,1701469738641661,9.6158992209127,0.015434780241144462,9.6158992209127,9.6158992209127,9.6158992209127,0.015434780241144462,0.015434780241144462,0.015434780241144462,19.944245992563467,28.46026548439291,13.71954202860962,0.0007433492390074063,0.00027886366225935566,0.0015220471259412523,0.0010512545753839934,0.00039437277322021104,0.0021524996880771096,2.408778889467411e+32,4.7529570748793974e+30,3.3469043788386214e+31,2.3780530331248914e+34,3.334190736322155e+33,7.881293620155816e+32,1.9646403245650777e-6
2023-12-01T22:29:08.251096,-0.078367,0.0,-0.66654,1701469748251096,9.39537773043017,0.008376269711370364,9.39537773043017,9.39537773043017,9.39537773043017,0.008376269711370364,0.008376269711370364,0.008376269711370364,19.20526870908216,28.797371158729774,25.844954210682015,0.0008093600528330534,0.0002682480927795603,0.00037684042963067097,0.001144607963559509,0.00037936009088957053,0.0005329328464341988,2.5561066395685507e+32,4.044357720222401e+30,3.04020930520284e+30,2.1286577453393053e+34,3.0661025581687636e+33,1.167881838854988e+33,5.793529625373489e-7
2023-12-01T22:29:17.690891,-0.078099,0.0,-0.692022,1701469757690891,9.789979304057978,0.008814094306926276,9.789979304057978,9.789979304057978,9.789979304057978,0.008814094306926276,0.008814094306926276,0.008814094306926276,24.61540030023987,27.47984037179907,19.081042480559034,0.0004341453819804546,0.0003121858267600858,0.0008210187525278605,0.0006139742872384068,0.00044149743018477084,0.0011610958547875402,7.526408180365383e+31,5.345988062080602e+30,1.2739385609872147e+31,2.1783506909770834e+34,2.992347467250223e+33,1.0309859136788645e+33,6.400093300848249e-7
2023-12-01T22:29:27.827103,-0.079895,0.0,-0.700891,1701469767827103,9.90891795171803,0.00708199662035056,9.90891795171803,9.90891795171803,9.90891795171803,0.00708199662035056,0.00708199662035056,0.00708199662035056,22.90626160385626,28.456315661406975,23.183115656446493,0.0005285573550999808,0.00027899050160760236,0.0005119757819360092,0.0007474929800744449,0.00039455215114674405,0.0007240430944204745,1.1435287120153955e+32,3.6851314848726413e+30,5.681256495633891e+30,2.23292036088392e+34,2.5827629879831377e+33,1.182376971877541e+33,4.128851859376913e-7
2023-12-01T22:29:37.548876,-0.079598,0.0,-0.714077,1701469777548876,10.11491947880764,0.013039107409348839,10.11491947880764,10.11491947880764,10.11491947880764,0.013039107409348839,0.013039107409348839,0.013039107409348839,23.682363740958785,26.93831233949789,14.93096323127957,0.0004833781483437226,0.0003322688159294972,0.001323905661056352,0.0006835999331424864,0.0004698990658411444,0.001872285341168411,8.655000394832325e+31,4.9562870947613335e+30,3.316787258000462e+31,2.02070755926521e+34,2.4489938192130576e+33,1.0323190446640981e+33,1.3978554664749684e-6
2023-12-01T22:29:47.697084,-0.079331,0.0,-0.710732,1701469787697084,10.066004814463977,0.008861740707232836,10.066004814463977,10.066004814463977,10.066004814463977,0.008861740707232836,0.008861740707232836,0.008861740707232836,22.50621505522652,24.5518353499154,20.63609526139546,0.0005534704619080785,0.0004373341922766038,0.0006864366097774958,0.0007827254336033062,0.0006184839460070561,0.0009707679632567425,1.4270152085300732e+32,5.480223843687758e+30,9.625674803020972e+30,2.5412658899069957e+34,1.5630822555526913e+33,1.1143989940370395e+33,6.458573114545289e-7
2023-12-01T22:29:57.893972,-0.071355,0.0,-0.730444,1701469797893972,10.448073761406516,0.007655163679696271,10.448073761406516,10.448073761406516,10.448073761406516,0.007655163679696271,0.007655163679696271,0.007655163679696271,24.48152092542335,22.99660684871593,23.333684482986218,0.00044088888937186355,0.0005230881219240569,0.0005031772261137656,0.0006235110468493006,0.0007397583163412725,0.0007116000574473608,6.870778077384002e+31,4.7989415153561876e+30,3.535777890350172e+30,1.9282263519680876e+34,9.567668997852802e+32,7.618218490862854e+32,4.807943446327573e-7
2023-12-01T22:30:06.907486,-0.071875,0.0,-0.740816,1701469806907486,10.602978040965205,0.009225726238913198,10.602978040965205,10.602978040965205,10.602978040965205,0.009225726238913198,0.009225726238913198,0.009225726238913198,27.04996484461732,23.459304242695993,18.961700228525736,0.0003280250108726708,0.0004959523913501434,0.0008323772260792388,0.000463897419173713,0.0007013825981387417,0.0011771591621317556,3.7507404373815977e+31,5.461899682785865e+30,1.0553030676180231e+31,1.9015751579203204e+34,1.2113625514462842e+33,8.308970621792004e+32,6.976140191595399e-7
2023-12-01T22:32:21.156581,-0.070759,0.0,-0.987502,1701469941156581,14.447546041788591,0.010668405221210982,14.447546041788591,14.447546041788591,14.447546041788591,0.010668405221210982,0.010668405221210982,0.010668405221210982,21.347783706818642,23.358640777171082,18.87728731593894,0.000632435173216131,0.0005017335724805995,0.000840506032843268,0.0008943983992840301,0.0007095584228999681,0.0011886550309033557,8.074346011352778e+31,3.328406306720422e+30,1.1617635734301225e+31,1.101249507136268e+34,7.212742269435285e+32,8.97111630021382e+32,9.054408115473276e-7
2023-12-01T22:32:30.631821,-0.062324,0.0,-0.993155,1701469950631821,14.620225451967817,0.0070723369326259646,14.620225451967817,14.620225451967817,14.620225451967817,0.0070723369326259646,0.0070723369326259646,0.0070723369326259646,22.70984136525908,24.81509623611849,26.44700942597734,0.0005406461722181889,0.00042427787887550783,0.0003516047467240326,0.0007645891491960628,0.0006000195305206324,0.000497244201411884,7.408883778327199e+31,4.3080874753576913e+30,3.185899346929868e+30,1.3827285137169963e+34,1.3055518864677168e+33,1.4058306043167207e+33,3.972905999707672e-7
2023-12-01T22:32:40.847721,-0.079467,0.0,-0.989751,1701469960847721,14.395985968539378,0.013271277854309493,14.395985968539378,14.395985968539378,14.395985968539378,0.013271277854309493,0.013271277854309493,0.013271277854309493,19.884982831371296,24.2957768339418,16.098124892826362,0.000748438395776821,0.0004504186443094081,0.0011574412501127638,0.0010584517299083425,0.0006369881555280681,0.0016368691135595402,1.5613082906592534e+32,5.0549805361540096e+30,3.8742901804257143e+31,1.5205018363450739e+34,1.3592432065925868e+33,1.57762810718922e+33,1.4018048232514022e-6
2023-12-01T22:32:50.184045,-0.068815,0.0,-0.999305,1701469970184045,14.651883353813352,0.00585930452072557,14.651883353813352,14.651883353813352,14.651883353813352,0.00585930452072557,0.00585930452072557,0.00585930452072557,23.22968578787488,29.21544356600303,28.112639651551635,0.0005092381261534367,0.00025564248028311253,0.00029025066151018884,0.0007201714644836514,0.00036153306273507433,0.00041047642199547156,8.421419818259015e+31,3.12162174840486e+30,3.59763022643342e+30,1.7715519681384e+34,2.605701328540105e+33,2.329595338258499e+33,2.726146622404449e-7
2023-12-01T22:32:59.804973,-0.06061,0.0,-1.006116,1701469979804973,14.840596655196652,0.008510152956615375,14.840596655196652,14.840596655196652,14.840596655196652,0.008510152956615375,0.008510152956615375,0.008510152956615375,21.67905207981939,26.666348995295262,21.651066796841537,0.000608769095046315,0.0003428370512154033,0.0006107336664242077,0.0008609295105680945,0.0004848448075128228,0.0008637078340549604,1.3376979400409037e+32,5.0408899721952383e+30,1.5385441668107284e+31,1.9690795702178342e+34,2.3396027205465055e+33,2.2501768260224445e+33,5.740884440490251e-7
2023-12-01T22:33:09.137216,-0.073205,0.0,-1.018868,1701469989137216,14.914941112290172,0.008846576417918672,14.914941112290172,14.914941112290172,14.914941112290172,0.008846576417918672,0.008846576417918672,0.008846576417918672,20.058270212380016,22.620979220555036,27.667805871753032,0.0007336546764701876,0.0005462057148388789,0.0003055025975491864,0.0010375443935625847,0.0007724515297708338,0.00043204591679426885,1.5100659038173302e+32,1.4000199128902247e+31,4.5092628104886304e+30,1.5304633107158697e+34,2.559953842979503e+33,2.6356402724738465e+33,6.19947802892351e-7
2023-12-01T22:33:18.582381,-0.074731,0.0,-1.026468,1701469998582381,15.019015908569052,0.009456945949212462,15.019015908569052,15.019015908569052,15.019015908569052,0.009456945949212462,0.009456945949212462,0.009456945949212462,22.93878271434653,25.802047590655306,19.300001832084774,0.0005265820671859966,0.0003787065540445629,0.0008005806871788486,0.0007446995011168968,0.0005355719448894004,0.0011321920655823,1.1370855737486935e+32,7.99737382977352e+30,2.8519962918361166e+31,2.2370280054921666e+34,3.0419505946284e+33,2.427443552818239e+33,7.077578428279616e-7
2023-12-01T22:33:27.940876,-0.064542,0.0,-1.030357,1701470007940876,15.18196990708658,0.011912152066978526,15.18196990708658,15.18196990708658,15.18196990708658,0.011912152066978526,0.011912152066978526,0.011912152066978526,21.552696754892725,26.016922072621075,16.709257336324498,0.000617689705012927,0.0003694529147001459,0.0010788034681883402,0.0008735451581675178,0.0005224853226272166,0.0015256584958470826,1.2229145268462997e+32,7.417590045642551e+30,4.896656997837898e+31,1.7485005749261716e+34,2.964524435240221e+33,2.2952258005598853e+33,1.1212353005563875e-6
2023-12-01T22:33:37.175050,-0.070389,0.0,-1.045308,1701470017175050,15.358538759338815,0.007286919642636626,15.358538759338815,15.358538759338815,15.358538759338815,0.007286919642636626,0.007286919642636626,0.007286919642636626,21.141235493095483,26.438319476180755,28.075615898136665,0.0006476545577421002,0.0003519566918514072,0.00029149050046849893,0.000915921859291627,0.0004977419269842283,0.00041222981906547225,1.5447508095665967e+32,6.908297332313125e+30,3.8212750774288926e+30,2.0090094555854305e+34,3.0423065250560395e+33,2.4534086472562182e+33,4.188644339776519e-7
2023-12-01T22:33:46.849849,-0.098252,0.0,-1.047244,1701470026849849,15.110252690337918,0.007797428199603777,15.110252690337918,15.110252690337918,15.110252690337918,0.007797428199603777,0.007797428199603777,0.007797428199603777,19.960165809546734,30.089270367941502,26.681540819866797,0.0007419880490688764,0.00023117543440618222,0.00034223794525474363,0.0010493295621119586,0.0003269314346247147,0.0004839975437379593,1.8020130204913302e+32,3.1088169242077147e+30,4.8536503092719256e+30,1.7855602355238632e+34,3.173380760125045e+33,2.2605939736581222e+33,4.807434384040756e-7
2023-12-01T22:33:56.196160,-0.066253,0.0,-1.062154,1701470036196160,15.665136870163572,0.006286026221301939,15.665136870163572,15.665136870163572,15.665136870163572,0.006286026221301939,0.006286026221301939,0.006286026221301939,25.29378314377876,29.061049374089162,23.61656659657978,0.0004015281923113716,0.0002602272259274509,0.0004870537269855544,0.000567846615241894,0.00036801687220532856,0.0006887979863073339,8.679339918108872e+31,2.7015050521516884e+30,7.841894537486204e+30,2.9367367083133226e+34,2.1762597080560022e+33,1.8033401706581809e+33,3.1077628753683557e-7
2023-12-01T22:34:05.981969,-0.058616,0.0,-1.075093,1701470045981969,15.945706225936632,0.010723627761615872,15.945706225936632,15.945706225936632,15.945706225936632,0.010723627761615872,0.010723627761615872,0.010723627761615872,22.14555481140522,24.044906077380364,18.309576424111416,0.0005769357622711936,0.0004636175813075544,0.0008972766777132259,0.000815910379621982,0.0006556542712397546,0.001268940846823117,1.377702766930807e+32,6.023377593297952e+30,1.8147240771929635e+31,2.2579327966041583e+34,1.5287296778717294e+33,1.229612427216841e+33,9.019343812353297e-7
2023-12-01T22:34:15.455164,-0.067473,0.0,-1.067662,1701470055455164,15.739686200354175,0.014860152672048299,15.739686200354175,15.739686200354175,15.739686200354175,0.014860152672048299,0.014860152672048299,0.014860152672048299,14.083097046703536,26.6939329342619,21.855298346712214,0.001459655434165289,0.0003417500242657235,0.0005965409801566816,0.0020642645113881403,0.0004833075192579205,0.0008436363446489186,8.509724713476448e+32,3.6546531478450543e+30,9.158817253114725e+30,2.178839378345807e+34,1.707023339450294e+33,1.404006855091889e+33,1.7354988043867839e-6
2023-12-01T22:34:25.603125,-0.068701,0.0,-1.086842,1701470065603125,16.029824808024337,0.01564078038921154,16.029824808024337,16.029824808024337,16.029824808024337,0.01564078038921154,0.01564078038921154,0.01564078038921154,18.010705322472145,20.99436256933619,15.383480597760201,0.0009286882155455164,0.0006586991034434797,0.00125669871469778,0.0013133634696405377,0.0009315412056127673,0.0017772403661424374,3.1555159960772344e+32,9.735885739050613e+30,3.054468548598937e+31,1.9959098355386969e+34,1.2240854204659889e+33,1.0550759349568705e+33,1.9170919800622747e-6
2023-12-01T22:34:35.054259,-0.057539,0.0,-1.091477,1701470075054259,16.21514675866118,0.0075906738342616025,16.21514675866118,16.21514675866118,16.21514675866118,0.0075906738342616025,0.0075906738342616025,0.0075906738342616025,21.112531574233635,25.937258697986337,26.76983150464047,0.0006497983767069235,0.0003728569699193214,0.00033877677198858986,0.0009189536771469528,0.0005272993836852415,0.0004791027055632415,1.7851292542764878e+32,6.14423541387909e+30,4.304565660584876e+30,2.3063373093456365e+34,2.4109806062412654e+33,2.0460323084011872e+33,4.5068663441825305e-7
2023-12-01T22:34:44.710267,-0.060104,0.0,-1.100772,1701470084710267,16.33622374898533,0.006978656326981636,16.33622374898533,16.33622374898533,16.33622374898533,0.006978656326981636,0.006978656326981636,0.006978656326981636,22.25153574699403,25.766136736488082,27.313434791103717,0.0005699390490594971,0.00038027551570157824,0.0003182243889511676,0.0008060155329059657,0.0005377907917435949,0.00045003724673263213,1.302338557183377e+32,5.953061040250159e+30,3.4324157235228473e+30,2.1871444814608854e+34,2.245711739603053e+33,1.84902746397673e+33,3.804711661388594e-7
2023-12-01T22:34:54.389970,-0.078023,0.0,-1.129053,1701470094389970,16.603178819380933,0.0077587341298671775,16.603178819380933,16.603178819380933,16.603178819380933,0.0077587341298671775,0.0077587341298671775,0.0077587341298671775,25.103971284739757,29.482084043858624,20.614025558209157,0.00041039932381850075,0.00024791396917893616,0.0006881829726211534,0.0005803922897328714,0.000350603297514597,0.0009732376932750675,7.035939587388049e+31,2.3584413686412994e+30,1.7096282654568939e+31,2.2788683161118117e+34,2.0933097123373062e+33,1.9692653766812656e+33,4.689898299402829e-7
2023-12-01T22:35:03.807934,-0.060757,0.0,-1.116931,1701470103807934,16.585217151666583,0.013911886474042543,16.585217151666583,16.585217151666583,16.585217151666583,0.013911886474042543,0.013911886474042543,0.013911886474042543,20.245274536227754,24.969495120797088,15.401132022261923,0.0007180281550669558,0.000416802624315762,0.0012541474506294632,0.0010154451550614208,0.0005894479241400486,0.0017736323338958286,2.0502094619278133e+32,6.902192092039611e+30,4.753128509823614e+31,2.1693303241946355e+34,2.1673874478255487e+33,1.6485144513769613e+33,1.5081164580171628e-6
2023-12-01T22:35:13.451845,-0.061039,0.0,-1.120876,1701470113451845,16.644819443498797,0.009278144801998404,16.644819443498797,16.644819443498797,16.644819443498797,0.009278144801998404,0.009278144801998404,0.009278144801998404,20.178413213226367,21.95453172330002,26.09148987882911,0.0007235766441792999,0.0005897644828009893,0.00036629476076229303,0.0010232919036147774,0.0008340529301831131,0.000518019018496243,1.978839598502481e+32,1.3037135939290426e+31,3.6575994971776856e+30,2.061825534272066e+34,2.0447271626743525e+33,1.487116995196557e+33,6.70371437958134e-7
2023-12-01T22:35:23.052813,-0.083359,0.0,-1.128851,1701470123052813,16.5462480297062,0.009216063813400911,16.5462480297062,16.5462480297062,16.5462480297062,0.009216063813400911,0.009216063813400911,0.009216063813400911,22.138473952828797,26.35591025640682,20.096605027975507,0.0005774062801248013,0.00035531184680108756,0.000730423856610713,0.0008165757923518926,0.0005024868326179295,0.0010329753242997314,1.1072210459570722e+32,4.906937151222918e+30,1.58760147678705e+31,1.811680990883179e+34,2.1203205433097447e+33,1.6233119922138056e+33,6.621090207405517e-7
2023-12-01T22:35:32.321307,-0.060773,0.0,-1.12648,1701470132321307,16.736236508324307,0.014641671582880395,16.736236508324307,16.736236508324307,16.736236508324307,0.014641671582880395,0.014641671582880395,0.014641671582880395,14.418020036611983,24.797466135140077,21.94505725163841,0.0014044432623168074,0.0004251399273921272,0.0005904081423136999,0.0019861827091519437,0.0006012386512242592,0.0008349632021955389,6.64384718657623e+32,6.389025969330089e+30,1.0274263117656504e+31,1.8374758441238103e+34,1.9283295962773196e+33,1.6078902758833723e+33,1.667857739626916e-6
2023-12-01T22:35:41.749751,-0.057391,0.0,-1.123007,1701470141749751,16.715316977564715,0.007141027519202349,16.715316977564715,16.715316977564715,16.715316977564715,0.007141027519202349,0.007141027519202349,0.007141027519202349,21.023540731456592,27.502867525455784,29.087480242644457,0.0006564900742847677,0.00031135928731839215,0.0002594365668600499,0.0009284171666168392,0.0004403285268964914,0.0003668987114289968,2.0189585157852047e+32,3.4930953699765253e+30,1.9642637048949845e+30,2.5555328537552003e+34,1.9656092880451214e+33,1.592017422555881e+33,3.96820770438644e-7
2023-12-01T22:35:51.027146,-0.063589,0.0,-1.129608,1701470151027146,16.757398630982685,0.008151622148863629,16.757398630982685,16.757398630982685,16.757398630982685,0.008151622148863629,0.008151622148863629,0.008151622148863629,25.56519409891787,24.61083020354906,20.98176228574343,0.0003891755033957698,0.0004343738684698193,0.0006596553461382151,0.0005503772750456742,0.0006142974159304853,0.0009328935370005823,7.27944067878599e+31,5.0467149472511525e+30,9.72054373710044e+30,2.621907833765654e+34,1.459122638319221e+33,1.2186157511331894e+33,5.168556038276767e-7
2023-12-01T22:36:00.257412,-0.046517,0.0,-1.131909,1701470160257412,16.966042747712937,0.009562957428905445,16.966042747712937,16.966042747712937,16.966042747712937,0.009562957428905445,0.009562957428905445,0.009562957428905445,23.444289449862925,22.61463967969586,20.216166278039932,0.0004968104568683354,0.0005466045176732157,0.0007204384561455922,0.0007025960860319734,0.0007730155221478659,0.0010188538355362308,9.961624834069412e+31,7.547806673129158e+30,1.0238174157638834e+31,2.201704989789031e+34,1.378112702411624e+33,1.0760665731073699e+33,7.097524652586249e-7
2023-12-01T22:36:10.008178,-0.0466,0.0,-1.128245,1701470170008178,16.907112228211542,0.01279973472130974,16.907112228211542,16.907112228211542,16.907112228211542,0.01279973472130974,0.01279973472130974,0.01279973472130974,16.627394863463476,24.8285498396072,20.01960101828776,0.0010890190017666254,0.0004236212221311727,0.0007369281557229134,0.0015401054419803713,0.00059909087764697,0.0010421737923179363,3.991708890806566e+32,3.700305905524111e+30,8.744920237107498e+30,1.8361085277956708e+34,1.1248448202123258e+33,8.784477897229302e+32,1.27232028849724e-6
2023-12-01T22:36:19.295283,-0.045984,0.0,-1.129446,1701470179295283,16.93236694928905,0.012813101800625018,16.93236694928905,16.93236694928905,16.93236694928905,0.012813101800625018,0.012813101800625018,0.012813101800625018,16.26013513091771,27.064364853368282,20.257660889161208,0.0011360526111867436,0.0003274816411226292,0.0007170049539736743,0.0016066210103096615,0.0004631289783038209,0.001013998130198267,4.352099947359566e+32,3.6687156843932774e+30,1.4782670038796898e+31,1.8395532907863827e+34,1.8661671561674916e+33,1.5686244214228225e+33,1.2746372431195866e-6
2023-12-01T22:36:28.810377,-0.04823,0.0,-1.129778,1701470188810377,16.91497150807295,0.00826709343494918,16.91497150807295,16.91497150807295,16.91497150807295,0.00826709343494918,0.00826709343494918,0.00826709343494918,20.05050648427698,26.95039977345706,25.701750827823805,0.0007343107338244894,0.0003318067464959806,0.00038310485823405847,0.0010384721987707329,0.00046924560098150726,0.0005417920863256275,1.8943116951790853e+32,3.9784970102119936e+30,3.9098193585146216e+30,1.9164702809752095e+34,1.9713285577128544e+33,1.4532213690475605e+33,5.307182021550974e-7
2023-12-01T22:36:38.222168,-0.047351,0.0,-1.142379,1701470198222168,17.12372233648134,0.0073676143299065185,17.12372233648134,17.12372233648134,17.12372233648134,0.0073676143299065185,0.0073676143299065185,0.0073676143299065185,21.27507887789113,25.213608587804877,29.593331599877153,0.0006377511595274472,0.0004052516309886369,0.0002447589721837914,0.0009019163392228833,0.0005731123527179472,0.00034614145797481693,1.5649655566052977e+32,6.022666109092285e+30,1.6852885709287688e+30,2.09900112509554e+34,2.0005510848886106e+33,1.534643257146805e+33,4.205749202413465e-7
2023-12-01T22:36:47.751406,-0.05533,0.0,-1.1441,1701470207751406,17.070460936626628,0.012494041692833812,17.070460936626628,17.070460936626628,17.070460936626628,0.012494041692833812,0.012494041692833812,0.012494041692833812,16.731140135012698,26.934069702814114,19.99008560413958,0.0010760890051217176,0.00033243115280761303,0.0007394365616520904,0.001521819665363704,0.00047012864485584916,0.0010457212140029155,4.01877778067284e+32,3.8850368355587366e+30,1.4693800478951211e+31,1.893250176284494e+34,1.9177946870754182e+33,1.4660294643061088e+33,1.2101629646724747e-6
2023-12-01T22:36:57.129540,-0.045647,0.0,-1.139438,1701470217129540,17.09425747528681,0.008236264754735932,17.09425747528681,17.09425747528681,17.09425747528681,0.008236264754735932,0.008236264754735932,0.008236264754735932,23.129538937033335,27.12420307782079,21.161636012299567,0.0005151435351121111,0.00032523333080842267,0.0006461351986586864,0.0007285229739243682,0.00045994938736504675,0.0009137731610697485,9.448868897928375e+31,4.2802682323847425e+30,1.219464109990063e+31,1.942377850083601e+34,2.2074521262527275e+33,1.5934286602890966e+33,5.25760184121496e-7
2023-12-01T22:37:07.385592,-0.049954,0.0,-1.152372,1701470227385592,17.256079528639997,0.007549533824445892,17.256079528639997,17.256079528639997,17.256079528639997,0.007549533824445892,0.007549533824445892,0.007549533824445892,28.037746223093684,24.547705548817113,21.521387157845673,0.0002927641465484398,0.00043754217703541033,0.0006199202783645617,0.00041403102662538796,0.0006187780808737272,0.0008766996652532676,2.7910521126197933e+31,3.808494865939157e+30,6.44985861484946e+30,1.7764073757568702e+34,1.0852353437848924e+33,9.155644271878077e+32,4.4097010247781225e-7
2023-12-01T22:37:16.650004,-0.040033,0.0,-1.150463,1701470236650004,17.326041059459374,0.008732325809145638,17.326041059459374,17.326041059459374,17.326041059459374,0.008732325809145638,0.008732325809145638,0.008732325809145638,27.71353903424727,24.007904758304957,19.77032638469251,0.0003038982849020405,0.00046559677436098834,0.0007583835104452639,0.00042977707609038844,0.0006584532728984754,0.00107251624595181,2.8849676640324297e+31,4.283667559085533e+30,8.344504142154723e+30,1.704099123944379e+34,1.0779689093845639e+33,7.914676583683959e+32,5.89520048518027e-7
2023-12-01T22:37:26.514684,-0.053045,0.0,-1.158328,1701470246514684,17.31944603072665,0.006161341650361571,17.31944603072665,17.31944603072665,17.31944603072665,0.006161341650361571,0.006161341650361571,0.006161341650361571,23.385305928514196,26.543415474927585,28.969866924599806,0.0005001956429020563,0.0003477238080077327,0.0002629734200623866,0.0007073834620320176,0.0004917557252445538,0.00037190057719586417,7.1495948738658135e+31,4.135563309535103e+30,2.0094505358827205e+30,1.5588776352369664e+34,1.8658478271785808e+33,1.585126814292053e+33,2.9350836499527227e-7
2023-12-01T22:37:36.414792,-0.04892,0.0,-1.161053,1701470256414792,17.404464045367938,0.010194140486534949,17.404464045367938,17.404464045367938,17.404464045367938,0.010194140486534949,0.010194140486534949,0.010194140486534949,22.559798425061707,26.022293028584187,18.530403800300906,0.0005500666052088578,0.00036922453257239913,0.0008747521342741885,0.0007779116532948938,0.0005221623415247535,0.0012370863320053682,9.286352634236407e+31,4.639219029539294e+30,1.8577867229833908e+31,1.674268142878287e+34,1.8564112004742686e+33,1.3244520345871142e+33,8.027275480243681e-7
2023-12-01T22:37:46.608246,-0.036052,0.0,-1.162464,1701470266608246,17.557112939124334,0.007442626529237407,17.557112939124334,17.557112939124334,17.557112939124334,0.007442626529237407,0.007442626529237407,0.007442626529237407,21.12675650069773,25.829978545115356,28.48161405773788,0.0006487350694681607,0.0003774907146685805,0.0002781791001259453,0.0009174499336289249,0.0005338524883542189,0.000393404656166855,1.5182044634660976e+32,3.401836741251692e+30,1.667276440446953e+30,1.9679130874282087e+34,1.302300843672284e+33,1.1753548917396753e+33,4.271600278438238e-7
2023-12-01T22:37:57.271473,-0.039719,0.0,-1.164598,1701470277271473,17.5539397104442,0.018491934421840467,17.5539397104442,17.5539397104442,17.5539397104442,0.018491934421840467,0.018491934421840467,0.018491934421840467,20.445457652522716,23.216080361977486,12.312404948090546,0.0007016690460530422,0.000510036412912352,0.0017897194315168576,0.000992309881225604,0.0007213004124447723,0.0025310454928938056,1.7459913193148422e+32,4.03032560131952e+30,3.620470896644128e+31,1.9345851305456943e+34,8.451779720500856e+32,6.166028894582414e+32,2.6370481574896727e-6
2023-12-01T22:38:06.833160,-0.035651,0.0,-1.15508,1701470286833160,17.44373938290372,0.007633850772350133,17.44373938290372,17.44373938290372,17.44373938290372,0.007633850772350133,0.007633850772350133,0.007633850772350133,25.954506979047753,24.79274759246069,21.85948589838349,0.00037211729201836,0.0004253709441281832,0.0005962534512778774,0.0005262533211659142,0.0006015653582255247,0.0008432297174089397,4.431758919955212e+31,6.039269689816095e+30,8.997880648892423e+30,1.745929991771851e+34,1.8207871643129636e+33,1.380666597460694e+33,4.499532648589063e-7
2023-12-01T22:38:16.136695,-0.041888,0.0,-1.164278,1701470296136695,17.526894123238613,0.007794730938141121,17.526894123238613,17.526894123238613,17.526894123238613,0.007794730938141121,0.007794730938141121,0.007794730938141121,21.88082148252527,29.25270144471934,22.827838191535122,0.0005947906414944399,0.0002545482575679221,0.0005333512179979278,0.0008411609919740303,0.0003599855981309953,0.0007542725260008788,1.1055974599366497e+32,2.265561156274655e+30,7.768397393611229e+30,1.7048225471494993e+34,1.907418253640589e+33,1.4897563766520228e+33,4.6868949625340374e-7
2023-12-01T22:38:25.729515,-0.041267,0.0,-1.162867,1701470305729515,17.51073718246947,0.006636448974504416,17.51073718246947,17.51073718246947,17.51073718246947,0.006636448974504416,0.006636448974504416,0.006636448974504416,25.463029127261493,26.118969497157963,23.917866716698025,0.00039378008141013264,0.000365137742305322,0.00047044825822887523,0.0005568891317225911,0.0005163827473024786,0.0006653143071820754,5.05471499074522e+31,4.976235718920394e+30,6.258390029854743e+30,1.7782777137213179e+34,2.0360943273416022e+33,1.542585685685815e+33,3.398065913611873e-7
2023-12-01T22:38:35.082352,-0.028784,0.0,-1.145024,1701470315082352,17.35335868828853,0.01251905927513978,17.35335868828853,17.35335868828853,17.35335868828853,0.01251905927513978,0.01251905927513978,0.01251905927513978,17.50535424557939,23.531083546191724,19.542470780739894,0.0009843226723235165,0.0004918707797574054,0.0007785413104273144,0.001392042472951245,0.0006956103276679524,0.00110102368007403,3.575855791266901e+32,7.23751764321187e+30,1.2557426981242289e+31,2.013332112749562e+34,1.631916712462558e+33,1.1301803173733339e+33,1.2113030395140978e-6
2023-12-01T22:38:44.395000,-0.022709,0.0,-1.139276,1701470324395000,17.323451327511194,0.011047310153319237,17.323451327511194,17.323451327511194,17.323451327511194,0.011047310153319237,0.011047310153319237,0.011047310153319237,19.877463260535976,20.78800867916606,21.35627064764446,0.0007490866163490516,0.0006745354313817902,0.0006318175256614355,0.0010593684522330002,0.000953937155361314,0.0008935249137354132,1.8587839984693596e+32,9.640670308257045e+30,5.668073684776797e+30,1.8070711449615842e+34,1.1558676233757307e+33,7.74573352918246e+32,9.435481284770851e-7
2023-12-01T22:38:54.639918,-0.035034,0.0,-1.142925,1701470334639918,17.256829733685056,0.01094310837241127,17.256829733685056,17.256829733685056,17.256829733685056,0.01094310837241127,0.01094310837241127,0.01094310837241127,24.412703220901555,20.87098725276337,18.641418083941012,0.0004443958961746288,0.0006681221010157139,0.0008636430780821451,0.0006284707034331059,0.0009448673365776297,0.0012213757540734157,8.5623784147236e+31,1.0278590069813792e+31,1.1672995981811863e+31,2.365182950314099e+34,1.2561232991299193e+33,8.537370801209418e+32,9.265028138144702e-7
2023-12-01T22:39:05.369396,-0.053367,0.0,-1.124654,1701470345369396,16.781963401805854,0.02141760490889417,16.781963401805854,16.781963401805854,16.781963401805854,0.02141760490889417,0.02141760490889417,0.02141760490889417,24.915317652219645,24.6346167363533,10.389676624967132,0.00041941051862965,0.0004331859517401495,0.0022331678637663127,0.0005931360436479847,0.0006126174479804165,0.0031581762799940717,7.530598229857255e+31,3.2790214848704575e+30,5.497212491614956e+31,2.3353998237518634e+34,9.5324807276044e+32,6.0132628386155795e+32,3.567062639787205e-6
2023-12-01T22:39:14.815875,-0.027203,0.0,-1.122833,1701470354815875,17.017021133094353,0.008582564934108682,17.017021133094353,17.017021133094353,17.017021133094353,0.008582564934108682,0.008582564934108682,0.008582564934108682,19.9733008781471,25.159717580157164,25.84834361564311,0.000740866839970458,0.0004077738032222893,0.00037669340777103096,0.0010477439329987192,0.0005766792428974193,0.0005327249261263306,2.0532844098866325e+32,7.142282478090364e+30,4.65123400649882e+30,2.0407001550711644e+34,2.3431968811008286e+33,1.7881442530724212e+33,5.713740484135566e-7
2023-12-01T22:39:24.134520,-0.024254,0.0,-1.116659,1701470364134520,16.94886818520135,0.006783095050818989,16.94886818520135,16.94886818520135,16.94886818520135,0.006783095050818989,0.006783095050818989,0.006783095050818989,25.033228018424776,28.319716901483595,22.831599907219662,0.0004137555190772372,0.0002834127314596645,0.0005331202823842737,0.0005851386665857488,0.0004008061285794615,0.0007539459337240142,5.516413086785935e+31,3.4819764681307933e+30,9.429673895604342e+30,1.757840968293298e+34,2.3648169082353771e+33,1.8099086873584093e+33,3.5715576093985974e-7
2023-12-01T22:39:33.337983,-0.026031,0.0,-1.115089,1701470373337983,16.906049087811848,0.008239924698978584,16.906049087811848,16.906049087811848,16.906049087811848,0.008239924698978584,0.008239924698978584,0.008239924698978584,20.57304522912098,25.178459290770128,25.686693116689586,0.0006914375152812108,0.00040689489043302005,0.0003837695783336263,0.0009778403116442425,0.0005754362725106916,0.0005427321425056182,1.6261253862067446e+32,7.569839165580226e+30,5.187969349033523e+30,1.8554897208198016e+34,2.4942075030509735e+33,1.9216164738333733e+33,5.272855857687489e-7
2023-12-01T22:39:42.664567,-0.02835,0.0,-1.09111,1701470382664567,16.502955523962648,0.008889399264637296,16.502955523962648,16.502955523962648,16.502955523962648,0.008889399264637296,0.008889399264637296,0.008889399264637296,21.60503112596185,23.424474458088174,22.604131758825602,0.0006139791800037063,0.0004979451169772317,0.0005472661830778475,0.0008682976833759533,0.0007042007377466583,0.0007739512583368492,1.0014201540196412e+32,1.0870194494062467e+31,1.073634991887781e+31,1.4491703510610509e+34,2.3915791609934707e+33,1.9555540924929501e+33,6.162800320933925e-7
2023-12-01T22:39:51.998414,-0.031274,0.0,-1.121148,1701470391998414,16.949215011418186,0.012146118300505122,16.949215011418186,16.949215011418186,16.949215011418186,0.012146118300505122,0.012146118300505122,0.012146118300505122,16.919866116378493,25.38572902739389,20.82437769472612,0.0010529600521634954,0.0003973001686599873,0.0006717169634526529,0.001489110386406697,0.0005618672868520721,0.0009499512397908144,2.979234005435713e+32,7.178369296752652e+30,1.381670378685212e+31,1.4658557268540618e+34,2.480839681609526e+33,1.6704836004679073e+33,1.145183982972972e-6
2023-12-01T22:40:01.413499,-0.025861,0.0,-1.11799,1701470401413499,16.95375823627509,0.011761226276164438,16.95375823627509,16.95375823627509,16.95375823627509,0.011761226276164438,0.011761226276164438,0.011761226276164438,16.668504160363963,25.172476391882462,23.05487457561768,0.0010838769804512635,0.00040717525890426117,0.0005195908230458215,0.0015328335256981748,0.0005758327734051825,0.0007348123888359997,2.954873067027852e+32,7.454432297319753e+30,7.371707967605212e+30,1.37211099865797e+34,2.452800431630518e+33,1.4895516940081507e+33,1.0737037490728899e-6
2023-12-01T22:40:11.455277,-0.013422,0.0,-1.119322,1701470411455277,17.100448626459485,0.011818444589556071,17.100448626459485,17.100448626459485,17.100448626459485,0.011818444589556071,0.011818444589556071,0.011818444589556071,23.89382419367744,23.03836486373458,16.83669257544881,0.00047175226185859224,0.0005205793749284302,0.001063091319533631,0.0006671584468006049,0.0007362104123154944,0.0015034381621255707,8.652831804433401e+31,6.870661642253712e+30,1.3200307765562407e+31,2.1210000622226927e+34,1.3830409776074315e+33,6.371670581294152e+32,1.0824774905582198e-6
2023-12-01T22:40:20.915332,-0.029854,0.0,-1.135833,1701470420915332,17.196554094946634,0.025377987988686564,17.196554094946634,17.196554094946634,17.196554094946634,0.025377987988686564,0.025377987988686564,0.025377987988686564,10.08537746610314,22.674474511032898,14.730568713156968,0.0023127906742624257,0.0005428520412785289,0.0013548049200240377,0.003270779938471938,0.0007677087191380148,0.0019159834922677906,6.613292922723128e+32,4.52624174201922e+30,1.2792467638652664e+31,6.744589249477776e+33,8.37886506626084e+32,3.801991996612275e+32,4.986123608664567e-6
2023-12-01T22:42:56.092344,-0.009797,0.0,-1.12608,1701470576092344,17.244352701122427,0.014935911424808889,17.244352701122427,17.244352701122427,17.244352701122427,0.014935911424808889,0.014935911424808889,0.014935911424808889,21.950117699348993,24.44312853347808,14.261184006825511,0.0005900642674210177,0.0004428419700408338,0.0014300328054586715,0.0008344768896585481,0.000626273120019767,0.0020223717881180992,7.752853785326326e+31,4.9393241350372706e+30,9.194777920672261e+30,1.214712116258224e+34,1.3739799026766852e+33,2.4527859227189935e+32,1.7261857832031652e-6
2023-12-01T22:43:05.537179,-0.007743,0.0,-1.15269,1701470585537179,17.688250265144575,0.014268003051994818,17.688250265144575,17.688250265144575,17.688250265144575,0.014268003051994818,0.014268003051994818,0.014268003051994818,15.169078384856858,26.692315984842743,19.768882261343517,0.0012881050460457459,0.00034181364975076415,0.0007585096104108396,0.001821655625879114,0.0004833974992817776,0.001072694578233342,4.877671525977469e+32,5.807776072473465e+30,7.205968686791441e+30,1.6036898814878596e+34,2.711698879282866e+33,6.832515045763251e+32,1.5675920065933697e-6
2023-12-01T22:43:15.307559,-0.007791,0.0,-1.167916,1701470595307559,17.930326871036467,0.016846128330375132,17.930326871036467,17.930326871036467,17.930326871036467,0.016846128330375132,0.016846128330375132,0.016846128330375132,20.924693808683436,28.481338533721186,12.973604073595395,0.0006640037167873758,0.0002781879243502744,0.0016585363605209924,0.0009390430617468504,0.00039341713550457866,0.0023455246147377007,1.0756690533678342e+32,3.7621571267811416e+30,3.684304546904466e+31,1.3309080600158178e+34,2.6519832901940633e+33,7.306610042063391e+32,2.1793548775546553e-6
2023-12-01T22:43:24.920040,-0.003075,0.0,-1.178215,1701470604920040,18.142478912921323,0.01276743733742531,18.142478912921323,18.142478912921323,18.142478912921323,0.01276743733742531,0.01276743733742531,0.01276743733742531,23.44751022386987,27.406294778250274,15.528528974925841,0.0004966262710631082,0.0003148404046310065,0.001235886965913707,0.0007023356079682246,0.0004452515702122024,0.0017478081087552995,7.7482499833609745e+31,4.917529231033128e+30,2.5131629299278784e+31,1.7137783273603286e+34,2.7063030561722905e+33,8.9758077621192e+32,1.2487858173424346e-6
2023-12-01T22:43:34.643416,-0.010053,0.0,-1.185533,1701470614643416,18.188414119219992,0.01716814982347392,18.188414119219992,18.188414119219992,18.188414119219992,0.01716814982347392,0.01716814982347392,0.01716814982347392,20.542414377450903,27.316198132186823,12.892533034968736,0.0006938801791075361,0.00031812316470146006,0.0016740890241588046,0.00098129475995575,0.0004498940940258547,0.0023675194025853216,1.5190043430625216e+32,5.586466021201907e+30,4.859943079364204e+31,1.7210776042444616e+34,3.0113204592472133e+33,9.459855144350432e+32,2.256830741124638e-6
2023-12-01T22:43:44.087299,0.002599,0.0,-1.177618,1701470624087299,18.19058554317746,0.006754045311222045,18.19058554317746,18.19058554317746,18.19058554317746,0.006754045311222045,0.006754045311222045,0.006754045311222045,24.464763724335725,28.86896685541781,23.25191612031722,0.00044174029266606,0.0002660460761600455,0.000507936468063103,0.0006247151129350024,0.0003762459691216817,0.0007183306419587288,7.393154634499445e+31,3.8702357819802445e+30,7.630643809681459e+30,2.066836689767779e+34,2.98286851043777e+33,1.613439903391235e+33,3.4927630426218184e-7
2023-12-01T22:43:53.260840,-0.007577,0.0,-1.189717,1701470633260840,18.28039093233578,0.009950812474537432,18.28039093233578,18.28039093233578,18.28039093233578,0.009950812474537432,0.009950812474537432,0.009950812474537432,20.541741013793732,27.459373260266492,19.91271490006707,0.0006939339734597392,0.0003129223173625974,0.0007460526129819636,0.0009813708366582148,0.0004425389851834031,0.0010550777235229787,1.5394693543258064e+32,5.012977516521775e+30,1.1938209246796615e+31,1.7439946541397905e+34,2.792756574115234e+33,1.1700668540577376e+33,7.573728250416105e-7
2023-12-01T22:44:02.722380,-0.005708,0.0,-1.208051,1701470642722380,18.592530638054214,0.023147889767547475,18.592530638054214,18.592530638054214,18.592530638054214,0.023147889767547475,0.023147889767547475,0.023147889767547475,10.492815159548048,28.082561136972444,16.684403174713474,0.0022068074570213833,0.0002912575177735318,0.0010818948215258093,0.0031208970352657214,0.0004119003317784515,0.0015300303296630188,1.4827689695525e+33,4.604367405070056e+30,2.4800207543218216e+31,1.660944055995385e+34,2.9609159844684515e+33,1.1558344450755967e+33,4.083550999246098e-6
2023-12-01T22:44:12.305121,-0.006808,0.0,-1.217779,1701470652305121,18.737064056176663,0.008799242312811751,18.737064056176663,18.737064056176663,18.737064056176663,0.008799242312811751,0.008799242312811751,0.008799242312811751,19.392103352444497,27.645371245426595,25.26473579577042,0.0007921365146491168,0.00030629269457485163,0.00040287323048614947,0.0011202502022677348,0.0004331632827235553,0.0005697487864705745,2.1385405089024576e+32,4.8669305676416904e+30,3.889362018273165e+30,1.859207302258405e+34,2.830038052908457e+33,1.307229826286491e+33,5.890682082884799e-7
2023-12-01T22:44:21.902275,0.003866,0.0,-1.206082,1701470661902275,18.658527747337956,0.012673796002988921,18.658527747337956,18.658527747337956,18.658527747337956,0.012673796002988921,0.012673796002988921,0.012673796002988921,19.06979348912222,27.781102805709452,17.082286616451874,0.0008220827328871566,0.00030154356189601646,0.00103345333234066,0.0011626005502417553,0.00042644699487963736,0.0014615237186758308,2.6683771576978964e+32,3.708622465946706e+30,1.5975136215842063e+31,2.1539050930770355e+34,2.2249635744356223e+33,8.15968196045328e+32,1.2231828863721115e-6
2023-12-01T22:44:31.351092,-0.021479,0.0,-1.235711,1701470671351092,18.874799489487454,0.013712750429129967,18.874799489487454,18.874799489487454,18.874799489487454,0.013712750429129967,0.013712750429129967,0.013712750429129967,17.6030146702843,27.722639649094972,16.942698291340296,0.0009733173550563481,0.0003035800431319753,0.0010501958220591177,0.0013764786040137967,0.0004293270142630486,0.0014852011747035659,2.623004068742074e+32,4.552624425600736e+30,2.4824836993528623e+31,1.510429402971702e+34,2.6947953484383255e+33,1.2278808738805038e+33,1.428279187274882e-6
2023-12-01T22:44:41.194796,-0.012964,0.0,-1.241749,1701470681194796,19.05854035720499,0.00787152918433467,19.05854035720499,19.05854035720499,19.05854035720499,0.00787152918433467,0.00787152918433467,0.00787152918433467,24.3964357846927,27.01907506424209,21.371483406535656,0.0004452289663651377,0.00032919364871534184,0.0006307119077136152,0.0006296488425949323,0.0004655501226603209,0.0008919613338388026,6.65503063295777e+31,5.821737724383459e+30,1.1175393222000634e+31,1.8314439727417924e+34,2.9306242742243345e+33,1.532537654642154e+33,4.6959653425122436e-7
2023-12-01T22:44:50.612947,-0.016339,0.0,-1.248346,1701470690612947,19.129954564016455,0.017589893031584362,19.129954564016455,19.129954564016455,19.129954564016455,0.017589893031584362,0.017589893031584362,0.017589893031584362,20.53204328836244,27.95274533672331,12.678193502195327,0.0006947091777948819,0.0002956432269437318,0.0017159140318211436,0.0009824671411425838,0.0004181026611675724,0.00242666889566776,1.5745895525439599e+32,4.776401414538254e+30,1.0871754266230227e+32,1.7798020161161926e+34,2.9810918138598455e+33,2.014275997913591e+33,2.342924482633891e-6
