timestamp,3dvha,vla1,vla2,unix_time_us,doa_brg,doa_brg_unc,3dvha_brg,vla1_brg,vla2_brg,3dvha_brg_unc,vla1_brg_unc,vla2_brg_unc,snr_p_db_3dvha,snr_p_db_vla1,snr_p_db_vla2,sigma_t_3dvha,sigma_t_vla1,sigma_t_vla2,sigma_tdoa_s_3dvha,sigma_tdoa_s_vla1,sigma_tdoa_s_vla2,p_noise_3dvha,p_noise_vla1,p_noise_vla2,p_signal_3dvha,p_signal_vla1,p_signal_vla2,var_tdoa
2023-12-01T21:00:03.145337,-0.333475,0.0,0.231739,1701464403145337,353.25092021709935,0.020739268990908465,353.25092021709935,353.25092021709935,353.25092021709935,0.020739268990908465,0.020739268990908465,0.020739268990908465,16.457746358311077,25.329046071037293,11.342514825323988,0.0011104982612008855,0.00039990137485848917,0.0020011491535405585,0.0015704817019820323,0.0005655459479365224,0.0028300522732684972,1.2148931039453315e+32,6.110617517164262e+32,2.699776163171726e+33,5.374186117392072e+33,2.0844414840864495e+35,3.677724907856379e+34,3.5984836216399958e-6
2023-12-01T21:00:12.868733,-0.331674,0.0,0.228785,1701464412868733,353.3135374170958,0.007443100053682908,353.3135374170958,353.3135374170958,353.3135374170958,0.007443100053682908,0.007443100053682908,0.007443100053682908,24.627517831061777,27.229499790146697,21.301990611032693,0.00043354013572834935,0.0003213144162683338,0.000635778255324693,0.0006131183397801041,0.0004544072052726719,0.0008991262313420852,1.810670279850913e+31,4.184159525490055e+32,3.550950542659435e+32,5.255223081027119e+33,2.2108445795324317e+35,4.792296550341219e+34,4.636093288886174e-7
2023-12-01T21:00:22.083100,-0.332,0.0,0.246761,1701464422083100,353.0357723782285,0.008748362574992518,353.0357723782285,353.0357723782285,353.0357723782285,0.008748362574992518,0.008748362574992518,0.008748362574992518,24.70259170011744,30.801169955905753,18.737904677137024,0.0004298091094669446,0.0002129838645677273,0.0008541024485980507,0.0006078418718396553,0.0003012046698383145,0.0012078832664634326,2.119247932162536e+31,2.040287949409925e+32,6.2889373680079004e+32,6.258077513518557e+33,2.4536265370325178e+35,4.702921582539957e+34,6.397259932321051e-7
2023-12-01T21:00:31.971327,-0.320641,0.0,0.261733,1701464431971327,352.9174310557224,0.02108026164931344,352.9174310557224,352.9174310557224,352.9174310557224,0.02108026164931344,0.02108026164931344,0.02108026164931344,19.074095416088994,24.231549678527358,10.658447451093028,0.000821675674498799,0.0004537615752756258,0.00216512426979283,0.0011620248827482623,0.0006417157738385701,0.0030619481065641647,7.314137682187355e+31,8.968736267509118e+32,3.577212042395616e+33,5.909798492287396e+33,2.37621767133736e+35,4.162837222566732e+34,3.7125423899370725e-6
2023-12-01T21:00:41.375928,-0.323194,0.0,0.260618,1701464441375928,352.90964248884234,0.01472766341535715,352.90964248884234,352.90964248884234,352.90964248884234,0.01472766341535715,0.01472766341535715,0.01472766341535715,14.28553573485994,25.332958084072427,20.168555867925836,0.0014260291856684503,0.00039972130497364363,0.0007243982748830366,0.002016709814712183,0.0005652912906631989,0.0010244538648992638,2.4522692550391866e+32,6.914043529185044e+32,5.4354137342547315e+32,6.57842195612914e+33,2.360629977145011e+35,5.650517108598462e+34,1.8120594804543836e-6
2023-12-01T21:00:50.785523,-0.312437,0.0,0.298365,1701464450785523,352.43708087072395,0.011633184656244109,352.43708087072395,352.43708087072395,352.43708087072395,0.011633184656244109,0.011633184656244109,0.011633184656244109,19.235846874575028,23.595841866177892,18.318483282715555,0.0008065157577188428,0.0004882172357926778,0.0008963570459178781,0.0011405855228336008,0.0006904434362423082,0.0012676402910657464,1.0574601896238029e+32,1.2584228945182718e+33,8.872602995944282e+32,8.868470257562508e+33,2.880121422168252e+35,6.024199944314237e+34,1.1281864603603114e-6
2023-12-01T21:01:00.896114,-0.319704,0.0,0.286459,1701464460896114,352.5484804177999,0.015494942309024444,352.5484804177999,352.5484804177999,352.5484804177999,0.015494942309024444,0.015494942309024444,0.015494942309024444,14.286364151223903,21.564425210199097,19.658398569919463,0.0014258931846796623,0.0006168562086771608,0.0007682194035371911,0.0020165174802693427,0.0008723664163452889,0.0010864262993604654,4.1482359517147596e+32,1.7510959587514463e+33,5.631815090971831e+32,1.1130120499438754e+34,2.5104551487541928e+35,5.205809171428663e+34,2.0025626721803386e-6
2023-12-01T21:01:10.430832,-0.321976,0.0,0.302034,1701464470430832,352.28804191662346,0.010893151573788572,352.28804191662346,352.28804191662346,352.28804191662346,0.010893151573788572,0.010893151573788572,0.010893151573788572,24.229208566037702,29.701451494202963,16.510407148155558,0.00045388389435984316,0.00024173115441801987,0.001103785903530209,0.0006418887591464074,0.0003418594770260686,0.0015609889947286622,3.759936815399397e+31,3.1197324257071376e+32,1.3396751790134092e+33,9.956378616678253e+33,2.9124769457961384e+35,5.998466335016404e+34,9.885252409383503e-7
2023-12-01T21:01:19.868275,-0.315412,0.0,0.315241,1701464479868275,352.14980646827917,0.009120963784471522,352.14980646827917,352.14980646827917,352.14980646827917,0.009120963784471522,0.009120963784471522,0.009120963784471522,23.022476926110336,27.991924657856025,19.04130442752886,0.0005215324726596611,0.0002943126762713788,0.0008247835289058722,0.0007375582960532682,0.00041622097836130616,0.0011664200526006262,5.360225079298021e+31,4.787561076246498e+32,7.652918521744536e+32,1.0750550881005632e+34,3.0151352162660424e+35,6.1370199109015045e+34,6.925892940046302e-7
2023-12-01T21:01:29.564450,-0.322077,0.0,0.290549,1701464489564450,352.4628103269216,0.011712600145382451,352.4628103269216,352.4628103269216,352.4628103269216,0.011712600145382451,0.011712600145382451,0.011712600145382451,19.673029868142635,23.358355545928397,17.944358821708928,0.0007669264345841876,0.000501750048909166,0.0009358090906456733,0.0010845977651314004,0.0007095817240887065,0.0013234339077831444,1.2908068215052918e+32,9.225333988794406e+32,5.7573470970175074e+32,1.197193192440436e+34,1.999022363356138e+35,3.586396442113467e+34,1.1437786145196309e-6
2023-12-01T21:01:40.137748,-0.33823,0.0,0.296583,1701464500137748,352.21315715452914,0.007727921100397673,352.21315715452914,352.21315715452914,352.21315715452914,0.007727921100397673,0.007727921100397673,0.007727921100397673,23.625288009287203,24.09078087113339,22.6467055487593,0.0004865649267739755,0.00046117542560409773,0.0005445903272598569,0.0006881067184188281,0.0006522005415224994,0.0007701670267480919,5.313872239794104e+31,7.539556494443832e+32,2.08968705599283e+32,1.2244467687776262e+34,1.9338549073962583e+35,3.843720566327371e+34,4.973378837951219e-7
2023-12-01T21:01:49.844693,-0.333361,0.0,0.301705,1701464509844693,352.1821768182286,0.012129858338666984,352.1821768182286,352.1821768182286,352.1821768182286,0.012129858338666984,0.012129858338666984,0.012129858338666984,21.99231956109295,24.03699671978678,16.304442435431973,0.0005872042939815108,0.000464039943027717,0.0011302722862112952,0.0008304322764323707,0.0006562515809126358,0.0015984463963344584,9.019505159314159e+31,7.891414071130568e+32,7.31893499319053e+32,1.4269694238269858e+34,1.9991919936633057e+35,3.1253030322499124e+34,1.2251049283818664e-6
2023-12-01T21:01:59.282438,-0.327147,0.0,0.328431,1701464519282438,351.833399332197,0.01081309379157157,351.833399332197,351.833399332197,351.833399332197,0.01081309379157157,0.01081309379157157,0.01081309379157157,18.415678244328834,23.91126965449244,20.831056445267663,0.0008863827356380994,0.00047080570639573696,0.0006712006656538966,0.001253534486192766,0.0006658198152274967,0.0009492210844415899,1.9061591177617957e+32,1.079123846446965e+33,5.015313752340371e+32,1.3235092326521803e+34,2.655817664155261e+35,6.073006580416203e+34,9.71895133857536e-7
2023-12-01T21:02:09.051726,-0.328605,0.0,0.346779,1701464529051726,351.5379292566462,0.010903337507755408,351.5379292566462,351.5379292566462,351.5379292566462,0.010903337507755408,0.010903337507755408,0.010903337507755408,24.48323407962603,25.557774872887478,16.82188720658306,0.0004408019395942846,0.00038950806743397496,0.0010649049369756691,0.0006233880812946031,0.0005508475916188615,0.0015060030045090573,5.488395745638316e+31,8.245350811675716e+32,1.1335370297914565e+33,1.5408800310279388e+34,2.964740085645397e+35,5.452861069284948e+34,9.866969395609247e-7
2023-12-01T21:02:18.505140,-0.330798,0.0,0.35361,1701464538505140,351.411760274842,0.007567673297689259,351.411760274842,351.411760274842,351.411760274842,0.007567673297689259,0.007567673297689259,0.007567673297689259,25.904615163179137,28.53326431855917,20.413503555341528,0.0003742608870815527,0.0002765298288577899,0.0007042551362034762,0.0005292848223765173,0.00039107223437139736,0.0009959671649898674,3.7734407302391977e+31,3.9895221176940155e+32,4.6326934351125356e+32,1.469599681577217e+34,2.8460813469996657e+35,5.095466111763717e+34,4.7501016981077744e-7
2023-12-01T21:02:28.092776,-0.343582,0.0,0.3644,1701464548092776,351.121348964979,0.017396830134028925,351.121348964979,351.121348964979,351.121348964979,0.017396830134028925,0.017396830134028925,0.017396830134028925,22.600150165779404,25.94125829099712,12.1555998438975,0.0005475171062208457,0.00037268531993277427,0.0018223223791825197,0.0007743061172487905,0.0005270566339462854,0.0025771530236559253,6.938216840372527e+31,7.29876490638723e+32,2.9264214634471046e+33,1.262591569973775e+34,2.866653516713223e+35,4.807251657064254e+34,2.5063521219781885e-6
2023-12-01T21:02:38.845676,-0.341644,0.0,0.343554,1701464558845676,351.4601412341218,0.03390379184840331,351.4601412341218,351.4601412341218,351.4601412341218,0.03390379184840331,0.03390379184840331,0.03390379184840331,20.48446446360995,24.714886101809107,6.022357845173174,0.0006985250379775103,0.0004292011685367762,0.003692217773237745,0.0009878635823649764,0.0006069821135310895,0.005221584450147808,9.725092820257625e+31,7.49803810406569e+32,5.889528862524032e+33,1.0872770007409764e+34,2.220425740556306e+35,2.356765320547279e+34,9.536415304511672e-6
2023-12-01T21:02:48.632708,-0.343571,0.0,0.369009,1701464568632708,351.05069507120777,0.009197503905874989,351.05069507120777,351.05069507120777,351.05069507120777,0.009197503905874989,0.009197503905874989,0.009197503905874989,20.387985195178114,22.685541488750886,23.25883849986338,0.0007063272165617975,0.0005421608160850219,0.0005075318200173629,0.0009988975291349324,0.0007667311790947032,0.0007177583832044553,1.1848261233439808e+32,1.3844097246134326e+33,2.8293783911586975e+32,1.2955469032834286e+34,2.5693235060541395e+35,5.992042462892818e+34,7.002833571227002e-7
2023-12-01T21:02:58.589344,-0.318655,0.0,0.366556,1701464578589344,351.33169699294166,0.021237681954362115,351.33169699294166,351.33169699294166,351.33169699294166,0.021237681954362115,0.021237681954362115,0.021237681954362115,20.79972935954611,22.697996600530992,10.499675023406581,0.0006736258317019577,0.0005413839429412059,0.002205065272514454,0.0009526507871577646,0.0007656325145584753,0.003118433214307866,8.61625159462172e+31,1.1265763472400657e+33,2.395543321145995e+33,1.0358367326668554e+34,2.0968158408553314e+35,2.6876426942710645e+34,3.7394541272399772e-6
2023-12-01T21:03:07.788170,-0.328765,0.0,0.3986,1701464587788170,350.74087497497396,0.00642859028819649,350.74087497497396,350.74087497497396,350.74087497497396,0.00642859028819649,0.00642859028819649,0.00642859028819649,23.56397291687611,29.90389700726282,24.015696886029758,0.0004900118186429871,0.00023616218071607616,0.00046517927392825977,0.0006929813596480178,0.0003339837588882807,0.0006578628381242141,5.018500700028781e+31,3.395349239382319e+32,2.0904251621609763e+32,1.1401743870347686e+34,3.3210403511307385e+35,5.269923524326781e+34,3.415172766018688e-7
2023-12-01T21:03:17.398036,-0.329284,0.0,0.388775,1701464597398036,350.8867567991577,0.008227999504493941,350.8867567991577,350.8867567991577,350.8867567991577,0.008227999504493941,0.008227999504493941,0.008227999504493941,21.506631377892337,29.236175384463078,21.466022092568664,0.0006209743075898326,0.0002550330305090186,0.0006238843565717357,0.0008781902876787832,0.0003606711705989654,0.0008823057184161607,8.85979643346488e+31,3.920463653822433e+32,3.7187944429249986e+32,1.2533918927603432e+34,3.288175358025366e+35,5.21199970631059e+34,5.599217518081432e-7
2023-12-01T21:03:26.667689,-0.331799,0.0,0.405318,1701464606667689,350.6079399515782,0.011672198789216656,350.6079399515782,350.6079399515782,350.6079399515782,0.011672198789216656,0.011672198789216656,0.011672198789216656,19.487694573427596,29.034919265346915,17.344001659135092,0.0007834665735656128,0.0002610112566096836,0.0010027787399182423,0.0011079890540024678,0.0003691256590294587,0.001418143294051781,1.2121133968748126e+32,4.350944843866947e+32,9.704546581634975e+32,1.0772405888684227e+34,3.483978805835075e+35,5.264721653102543e+34,1.1250079661357505e-6
2023-12-01T21:03:35.995062,-0.333024,0.0,0.419849,1701464615995062,350.37248267789516,0.005842692043537624,350.37248267789516,350.37248267789516,350.37248267789516,0.005842692043537624,0.005842692043537624,0.005842692043537624,24.1493019017951,28.72029509862084,25.93270086927063,0.0004580787079344884,0.00027063904098964737,0.00037305267401286214,0.0006478211213952974,0.0003827414022752073,0.0005275761510685387,4.479609856691101e+31,4.66149966893654e+32,1.575233479231553e+32,1.1645828271682833e+34,3.471803747278208e+35,6.174688033520767e+34,2.814999271725821e-7
2023-12-01T21:03:45.722218,-0.343716,0.0,0.405676,1701464625722218,350.485832639161,0.014721524488176057,350.485832639161,350.485832639161,350.485832639161,0.014721524488176057,0.014721524488176057,0.014721524488176057,20.154585667973663,28.383064308981375,14.193966144623964,0.0007255643191133141,0.000281353281840902,0.0014411423925991403,0.0010261029004640491,0.0003978936269975835,0.002038083116924516,8.542594631238216e+31,4.475628790909133e+32,1.2761700192090933e+33,8.852141862599828e+33,3.08432752660387e+35,3.3520088152156315e+34,1.7883297640795917e-6
2023-12-01T21:03:56.570638,-0.341245,0.0,0.410575,1701464636570638,350.4346691498714,0.04888238752661989,350.4346691498714,350.4346691498714,350.4346691498714,0.04888238752661989,0.04888238752661989,0.04888238752661989,15.44929237563695,21.191146025321345,2.959511912943303,0.0012472128651627196,0.0006439437012932227,0.005253268578998426,0.0017638253490793244,0.0009106739157736048,0.007429243671208011,2.205950788100676e+32,1.9875023354579736e+33,9.934571660030257e+33,7.736153123085078e+33,2.6147023076956924e+35,1.963813937954726e+34,0.0000197113561230365
2023-12-01T21:04:06.168019,-0.360533,0.0,0.457736,1701464646168019,349.51921454339606,0.010094258534626744,349.51921454339606,349.51921454339606,349.51921454339606,0.010094258534626744,0.010094258534626744,0.010094258534626744,22.469429867801804,27.14075749085049,18.12838470302133,0.0005558194081005633,0.00032461405982395046,0.0009161908826501301,0.0007860473451660028,0.000459073605940022,0.0012956895719663907,8.465988351338008e+31,8.460212731343246e+32,9.69982752858507e+32,1.4949292978983558e+34,4.379827766807804e+35,6.303800821793514e+34,8.358101571385814e-7
2023-12-01T21:04:15.668782,-0.329722,0.0,0.45871,1701464655668782,349.80648260971327,0.009407589595988945,349.80648260971327,349.80648260971327,349.80648260971327,0.009407589595988945,0.009407589595988945,0.009407589595988945,21.873328618386992,27.419523174036485,19.32172987712564,0.0005953039577442647,0.0003143612754001026,0.000798580510463599,0.0008418869307763191,0.00044457397915572875,0.0011293633885444512,8.291324860266056e+31,7.263645738658824e+32,5.66948453889964e+32,1.2763118259206939e+34,4.00965468211216e+35,4.849718858573176e+34,7.27293763512978e-7
2023-12-01T21:05:46.895399,-0.382011,0.0,0.483272,1701464746895399,348.9139083226684,0.01431389344390463,348.9139083226684,348.9139083226684,348.9139083226684,0.01431389344390463,0.01431389344390463,0.01431389344390463,21.840886733076047,26.623001596108868,14.282304027227381,0.0005975315815332737,0.0003445522743469175,0.0014265598586371859,0.0008450372665506005,0.0004872704993279062,0.0020174602996217536,4.667130137021594e+31,5.668919000910799e+32,1.2180044174363566e+33,7.13080539048296e+33,2.604956115431815e+35,3.2649705335862824e+34,1.673888860641491e-6
2023-12-01T21:05:57.075132,-0.375766,0.0,0.489218,1701464757075132,348.8834271925141,0.02230105040864627,348.8834271925141,348.8834271925141,348.8834271925141,0.02230105040864627,0.02230105040864627,0.02230105040864627,18.689008495950585,24.534252982636463,10.238537024434134,0.0008589240752581669,0.00043822036036658555,0.0022723663505263684,0.0012147020762788687,0.0006197371769384504,0.003213611311594645,1.3376907912180465e+32,1.2127594635791162e+33,3.1001305766314637e+33,9.891373175322729e+33,3.445085229045598e+35,3.275168806593732e+34,4.062290988201629e-6
2023-12-01T21:06:07.552930,-0.374218,0.0,-1.4255,1701464767552930,18.31990808627481,0.013185761826396844,18.31990808627481,18.31990808627481,18.31990808627481,0.013185761826396844,0.013185761826396844,0.013185761826396844,20.905392598665905,25.04989127101618,15.967852069779623,0.0006654808625715981,0.0004129625198650787,0.001174931634931626,0.0009411320613485,0.000584017196344963,0.0016616042529814998,9.501943201230374e+31,1.1964218603053767e+33,3.905390769297065e+33,1.1704468304774012e+34,3.827132221642994e+35,1.5432976767724516e+35,1.3292447786836383e-6
2023-12-01T21:06:17.173665,-0.376426,0.0,0.517093,1701464777173665,348.4457256903775,0.007063385883365759,348.4457256903775,348.4457256903775,348.4457256903775,0.007063385883365759,0.007063385883365759,0.007063385883365759,24.69686362777296,31.09452792531556,21.547152117790706,0.0004300926486037577,0.00020591064761949144,0.0006180841330752905,0.0006082428567324,0.0002912016305005121,0.0008741029636826928,3.9313527785601014e+31,3.485370923689504e+32,3.845905484275176e+32,1.1593868750990782e+34,4.484373694879919e+35,5.491788694912944e+34,4.062712511636714e-7
2023-12-01T21:06:26.890843,-0.371193,0.0,0.530818,1701464786890843,348.2847523759425,0.00586404216375524,348.2847523759425,348.2847523759425,348.2847523759425,0.00586404216375524,0.00586404216375524,0.00586404216375524,25.841170294660635,29.843183690499973,23.92713809577436,0.00037700463194499244,0.0002378187084811477,0.0004699463663915567,0.0005331650635740854,0.0003363264429200925,0.0006646045249388951,3.0200035133643707e+31,4.7261340628895334e+32,2.118666015549858e+32,1.1591095330081226e+34,4.5585256815442465e+35,5.233308175411373e+34,2.796932119308317e-7
2023-12-01T21:06:37.370899,-0.375418,0.0,0.506615,1701464797370899,348.61781477803055,0.026475753953870626,348.61781477803055,348.61781477803055,348.61781477803055,0.026475753953870626,0.026475753953870626,0.026475753953870626,24.564995100214922,24.454305555628885,8.237274604432214,0.00043667210106547086,0.00044227248649143466,0.0028611555579311286,0.0006175476076367437,0.0006254677486606584,0.004046284994085362,4.1268002119109105e+31,1.2828351963412261e+33,6.03020821463477e+33,1.1806276612036593e+34,3.57767941733323e+35,4.0184610985961475e+34,5.714999068557624e-6
2023-12-01T21:06:46.612541,-0.373952,0.0,0.509967,1701464806612541,348.5803843364564,0.016105081928502598,348.5803843364564,348.5803843364564,348.5803843364564,0.016105081928502598,0.016105081928502598,0.016105081928502598,22.341198606162624,25.928973714401806,13.032471534713885,0.0005640859341978418,0.00037321278696729454,0.00164733385567574,0.0007977379784864852,0.0005278025849802087,0.0023296818804529945,7.37901499410766e+31,1.0026785795847756e+33,1.8715981525636175e+33,1.2650807676756281e+34,3.926983789932576e+35,3.7623549129760137e+34,2.1141263717141647e-6
2023-12-01T21:06:56.004734,-0.382609,0.0,0.503139,1701464816004734,348.60079628060055,0.010489467908279825,348.60079628060055,348.60079628060055,348.60079628060055,0.010489467908279825,0.010489467908279825,0.010489467908279825,18.598491274963937,24.298396581241008,21.464131228010164,0.0008679218802546346,0.0004502828142278718,0.0006240201871292886,0.0012274268941364617,0.0006367960627845812,0.0008824978118328367,1.5422860089324954e+32,1.2844535147985287e+33,2.812962748491516e+32,1.1168993709446658e+34,3.455875191612487e+35,3.940733843940539e+34,8.969627979723897e-7
2023-12-01T21:07:31.287294,-0.385495,0.0,0.4636,1701464851287294,349.18356657050884,0.020612804233140488,349.18356657050884,349.18356657050884,349.18356657050884,0.020612804233140488,0.020612804233140488,0.020612804233140488,12.402623915278832,19.776628836219896,15.593299666251344,0.0017712261076415954,0.000757833429581446,0.0012267052317092826,0.002504891983456052,0.001071738314133797,0.0017348231757172976,4.2655265649196075e+32,2.5529232818789354e+33,1.0403794436535643e+33,7.417115510201376e+33,2.4249380469917618e+35,3.7715661496090066e+34,3.4775727712568653e-6
2023-12-01T21:07:40.753020,-0.386688,0.0,0.480576,1701464860753020,348.9095779407054,0.019887620778890135,348.9095779407054,348.9095779407054,348.9095779407054,0.019887620778890135,0.019887620778890135,0.019887620778890135,13.00600220728705,20.91432139345061,15.1291328672911,0.0016523615877301542,0.0006647971227023327,0.001294042551858944,0.002336792167312325,0.0009401651071522496,0.001830052527126808,4.937771486878149e+32,2.6506166606435846e+33,9.5057112696597e+32,9.86577503595023e+33,3.2717421025935638e+35,3.0966912391725463e+34,3.231200104654016e-6
2023-12-01T21:07:50.006325,-0.378205,0.0,0.482519,1701464870006325,348.9629753143322,0.01821806438691299,348.9629753143322,348.9629753143322,348.9629753143322,0.01821806438691299,0.01821806438691299,0.01821806438691299,14.335627592689072,21.97842475729466,15.031760355600179,0.0014178288892399038,0.0005881443954928502,0.0013086309366514585,0.0020051128442874528,0.0008317617807397143,0.0018506836187534993,4.181814514708812e+32,2.632255260628085e+33,1.3638581123431974e+33,1.134821420909652e+34,4.15116960745785e+35,4.344554272427737e+34,2.7124450116494553e-6
2023-12-01T21:07:59.982551,-0.382265,0.0,0.462512,1701464879982551,349.2321021500961,0.018642997123852496,349.2321021500961,349.2321021500961,349.2321021500961,0.018642997123852496,0.018642997123852496,0.018642997123852496,14.251502628043246,20.116201301797073,15.095088090789737,0.001431627622848647,0.0007287778016687876,0.0012991245691144435,0.002024627200500511,0.001030647451076449,0.0018372395848537495,4.0627767817308416e+32,3.219564277509426e+33,1.1139686512031833e+33,1.0813672802276144e+34,3.3068708224625065e+35,3.6006572163324503e+34,2.845599587190165e-6
2023-12-01T21:08:09.255460,-0.378808,0.0,0.468416,1701464889255460,349.17490707338834,0.018549088050627095,349.17490707338834,349.17490707338834,349.17490707338834,0.018549088050627095,0.018549088050627095,0.018549088050627095,12.803694591168636,20.343166775623356,18.02650055992248,0.0016912993082168605,0.0007099812213671872,0.0009270009362954179,0.0023918584197125175,0.001004065072287691,0.0013109772964415376,5.603068903071467e+32,3.685073786647484e+33,6.090896248906189e+32,1.068551411432235e+34,3.9880708556285205e+35,3.8666179066918253e+34,2.8159316137076365e-6
2023-12-01T21:08:18.500053,-0.370722,0.0,0.464155,1701464898500053,349.32012886209634,0.02079919139809044,349.32012886209634,349.32012886209634,349.32012886209634,0.02079919139809044,0.02079919139809044,0.02079919139809044,11.625969967168103,19.46599830043065,17.602484088884644,0.001936897784673828,0.0007854260219223383,0.0009733768123922561,0.0027391871160161304,0.0011107601324433188,0.0013765626893846204,7.5301136325348e+32,4.021758292332161e+33,4.708416015615519e+32,1.0949606867928756e+34,3.556442536885044e+35,2.7109607960172916e+34,3.5439529887266946e-6
2023-12-01T21:08:29.380684,-0.387653,0.0,0.434358,1701464909380684,349.6136057668293,0.020153635794297835,349.6136057668293,349.6136057668293,349.6136057668293,0.020153635794297835,0.020153635794297835,0.020153635794297835,12.816613054458045,19.48252114201949,15.509762382054987,0.0016887857201950815,0.0007839333556755158,0.0012385600900466538,0.002388303669441899,0.0011086491835929659,0.0017515884771580198,4.906671430272351e+32,3.522307174856018e+33,9.817507988400006e+32,9.385302658272484e+33,3.1266505253475594e+35,3.491222288572014e+34,3.33371987435458e-6
2023-12-01T21:08:39.768140,-0.379362,0.0,0.437212,1701464919768140,349.6509497728926,0.027172994793632905,349.6509497728926,349.6509497728926,349.6509497728926,0.027172994793632905,0.027172994793632905,0.027172994793632905,15.660478372307644,20.575264121996884,8.835299356810483,0.0012172542013148394,0.0006912609035705933,0.0026707930224340298,0.0017214574003550757,0.0009775905449678135,0.003777071714617635,2.7299365904910265e+32,3.164307248596997e+33,4.640984686726155e+33,1.0050794578627773e+34,3.612476730460527e+35,3.54927844113353e+34,6.061789864070774e-6
2023-12-01T21:08:49.200874,-0.377792,0.0,0.422979,1701464929200874,349.88571451130997,0.020231822622510557,349.88571451130997,349.88571451130997,349.88571451130997,0.020231822622510557,0.020231822622510557,0.020231822622510557,15.817011880834253,21.973635810130283,12.219215077974305,0.001195513836169151,0.0005884687570903772,0.0018090244927092165,0.0016907118811151,0.00083222049731005,0.002558346972254482,2.534072985781363e+32,2.0828678648992805e+33,2.3934391862036436e+33,9.672089515032596e+33,3.2811440745976133e+35,3.989733662026126e+34,3.3654122838434743e-6
2023-12-01T21:08:59.054303,-0.386902,0.0,0.398516,1701464939054303,350.17317037013254,0.013149430314279932,350.17317037013254,350.17317037013254,350.17317037013254,0.013149430314279932,0.013149430314279932,0.013149430314279932,17.80115925720055,21.244065052853543,18.222287790017134,0.0009513651487811031,0.000640032383142794,0.0009063392986193383,0.0013454334961753335,0.0009051424765985124,0.0012817573282191868,1.716522259301073e+32,2.3249641873909636e+33,5.391262131617077e+32,1.0345830652498219e+34,3.0961555607624932e+35,3.5802984246719266e+34,1.4241253480056858e-6
2023-12-01T21:09:08.341329,-0.365967,0.0,0.433215,1701464948341329,349.8439399870841,0.01460116964809394,349.8439399870841,349.8439399870841,349.8439399870841,0.01460116964809394,0.01460116964809394,0.01460116964809394,15.400977344613134,21.072920199851556,19.377912931560576,0.0012541697845888224,0.0006527685027992901,0.0007934317115951772,0.0017736639188840558,0.0009231540697487358,0.0011220818873547977,3.1029624058577733e+32,2.9698879752843896e+33,5.7900447435535645e+32,1.0761535640889808e+34,3.802174877363687e+35,5.0173363145741e+34,1.7523882985248352e-6
2023-12-01T21:09:19.083340,-0.374438,0.0,0.395537,1701464959083340,350.34107452670634,0.014096608555156789,350.34107452670634,350.34107452670634,350.34107452670634,0.014096608555156789,0.014096608555156789,0.014096608555156789,20.48741713740165,24.70634828443705,14.850969526127514,0.0006982876223375375,0.00042962326033413464,0.0013361546409745028,0.0009875278259470074,0.0006075790414754802,0.0018896080146938957,6.040174159317415e+31,9.021169557818593e+32,1.0925467678469687e+33,6.757579672419912e+33,2.6662303893213043e+35,3.3383893726112215e+34,1.6383273159517636e-6
2023-12-01T21:09:28.754871,-0.379391,0.0,0.378849,1701464968754871,350.5492722601866,0.01246595304409773,350.5492722601866,350.5492722601866,350.5492722601866,0.01246595304409773,0.01246595304409773,0.01246595304409773,16.882891008171576,29.81870869967707,18.622738304468708,0.0010574519694150789,0.0002384897760724185,0.0008655024180830405,0.0014954629167049439,0.00033727547580893674,0.0012240052579197446,1.2754757165205416e+32,3.335524867112375e+32,4.743472283049452e+32,6.222448278611684e+33,3.1991533090265096e+35,3.4543806933562086e+34,1.282784317745661e-6
2023-12-01T21:09:37.960175,-0.371371,0.0,0.396223,1701464977960175,350.3605468801772,0.013240696845375969,350.3605468801772,350.3605468801772,350.3605468801772,0.013240696845375969,0.013240696845375969,0.013240696845375969,21.262635927277152,27.298765023248826,15.169973308771997,0.0006386654231461861,0.0003187622984226549,0.0012879723369421704,0.0009032093032320881,0.0004507979656025384,0.0018214679468649872,4.197672376747613e+31,5.870374305874745e+32,1.2491295291626368e+33,5.613996430151146e+33,3.1516813070045522e+35,4.1077575825323286e+34,1.445583777564311e-6
2023-12-01T21:09:47.529334,-0.379045,0.0,0.391291,1701464987529334,350.36129618984177,0.008020698372538987,350.36129618984177,350.36129618984177,350.36129618984177,0.008020698372538987,0.008020698372538987,0.008020698372538987,20.2967447311346,27.820651903609775,24.443621964884535,0.00071378589918604,0.000300173677297051,0.00044281681361602585,0.0010094456992595724,0.0004245096855008944,0.0006262375434626229,5.539695075710149e+31,5.622072026421815e+32,1.658864842843566e+32,5.93144261938169e+33,3.403780889195781e+35,4.615015877508456e+34,5.304541845599385e-7
2023-12-01T21:09:58.014225,-0.377216,0.0,0.392829,1701464998014225,350.3555403101267,0.013400337809620877,350.3555403101267,350.3555403101267,350.3555403101267,0.013400337809620877,0.013400337809620877,0.013400337809620877,19.912480212287356,22.153914978681897,16.12282333820022,0.0007460727711700153,0.000576380728852272,0.001154154725022741,0.0010551062315059144,0.0008151254438333726,0.0016322212652041506,6.494639115543552e+31,2.0292883236156614e+33,9.561909916446143e+32,6.365067961312844e+33,3.332232181619261e+35,3.91585842372964e+34,1.4806083025106007e-6
2023-12-01T21:10:07.299657,-0.379004,0.0,0.402933,1701465007299657,350.18254221845194,0.018507254101550616,350.18254221845194,350.18254221845194,350.18254221845194,0.018507254101550616,0.018507254101550616,0.018507254101550616,14.270934640244665,20.72282036902445,14.98864401026097,0.0014284283754375563,0.0006796169194478391,0.0013151430683102823,0.0020201027814223593,0.0009611234647013574,0.0018598931636653671,3.0576352583015098e+32,3.483088109800854e+33,1.5607732366564274e+33,8.174837749090256e+33,4.1138314841229975e+35,4.92270952909981e+34,2.82125871405302e-6
2023-12-01T21:10:17.119992,-0.373609,0.0,0.431832,1701465017119992,349.79031364885026,0.017482302800588365,349.79031364885026,349.79031364885026,349.79031364885026,0.017482302800588365,0.017482302800588365,0.017482302800588365,14.965385143675558,21.03865902205942,15.330580428602316,0.0013186694461387032,0.0006553484093984005,0.0012643758129741336,0.0018648802150163719,0.0009268026086508536,0.0017880974226445279,2.4425334935886304e+32,3.0865649432760674e+33,1.4974087306713193e+33,7.662650935029641e+33,3.920498765457366e+35,5.1097353105224925e+34,2.511344561543179e-6
2023-12-01T21:12:01.960835,-0.420587,0.0,0.355414,1701465121960835,350.5065273444043,0.0239882388593932,350.5065273444043,350.5065273444043,350.5065273444043,0.0239882388593932,0.0239882388593932,0.0239882388593932,14.186574842558311,16.271543840070287,11.621238134476865,0.0014423692619959976,0.0011345614126825473,0.0019379532405376105,0.002039818172264812,0.0016045121371608365,0.002740679756013178,2.290366604015251e+32,3.8460195419106113e+33,2.7822327047473554e+33,6.005684132343633e+33,1.6299184304211514e+35,4.0412643972851954e+34,4.748880966406214e-6
2023-12-01T21:12:11.288560,-0.416802,0.0,0.342915,1701465131288560,350.735700424128,0.023622156299343087,350.735700424128,350.735700424128,350.735700424128,0.023622156299343087,0.023622156299343087,0.023622156299343087,12.448372450654222,15.604859038561479,13.729121584562822,0.001761921593902593,0.0012250737913187505,0.0015203694050829344,0.002491733413935068,0.001732515970590804,0.0021501270324854,5.014550833518976e+32,3.851525563612638e+33,1.3115797655563758e+33,8.811894384914732e+33,1.399969868879518e+35,3.095329354903129e+34,4.611131083432392e-6
2023-12-01T21:12:22.182456,-0.428392,0.0,0.358509,1701465142182456,350.3825322937256,0.020703061669707534,350.3825322937256,350.3825322937256,350.3825322937256,0.020703061669707534,0.020703061669707534,0.020703061669707534,15.116890101831313,15.09540403621656,14.501046803148599,0.001295867791469798,0.001299077314887339,0.0013910824150026664,0.0018326338057390581,0.0018371727572848986,0.001967287617675489,3.218048909694409e+32,6.7566255370662e+33,1.5803772586321796e+33,1.0453979657025534e+34,2.1840886095077988e+35,4.455182017558256e+34,3.534656992235574e-6
2023-12-01T21:12:31.359512,-0.406893,0.0,0.394831,1701465151359512,350.03404526895656,0.019586159012884692,350.03404526895656,350.03404526895656,350.03404526895656,0.019586159012884692,0.019586159012884692,0.019586159012884692,12.926263979118636,16.273639974113493,19.121021536612794,0.0016676004430333778,0.001134287646152795,0.0008172484846103823,0.002358343163157185,0.001604124972821537,0.0011557638907648625,6.267820155830689e+32,6.515802929101967e+33,7.861943559954175e+32,1.2295407433905371e+34,2.7626886150557507e+35,6.421434771866892e+34,3.1569298582786216e-6
2023-12-01T21:12:41.008424,-0.407651,0.0,0.39812,1701465161008424,349.9759620599082,0.012085966060086469,349.9759620599082,349.9759620599082,349.9759620599082,0.012085966060086469,0.012085966060086469,0.012085966060086469,17.531310974785452,19.69664850016713,23.313709506237604,0.000981385534058715,0.000764843844441901,0.0005043357164683002,0.0013878887321825979,0.0010816525379073142,0.0007132384102186221,2.2365646176195973e+32,3.290022857778848e+33,3.348955972394538e+32,1.266813105388887e+34,3.068059411646732e+35,7.182578623801319e+34,1.2016387918306465e-6
2023-12-01T21:12:50.725261,-0.438094,0.0,0.376948,1701465170725261,350.00368263020846,0.020303360735248785,350.00368263020846,350.00368263020846,350.00368263020846,0.020303360735248785,0.020303360735248785,0.020303360735248785,14.239811660013263,16.5641796851463,14.745584924535457,0.0014335558515470286,0.0010969737026902755,0.0013524647496334992,0.002027354127677119,0.001551355087911219,0.001912673991563227,2.9217137054062442e+32,4.655223798319189e+33,1.3130385715013997e+33,7.755661106718376e+33,2.110369651924939e+35,3.915939526922929e+34,3.3917297219332954e-6
2023-12-01T21:13:00.369063,-0.431006,0.0,0.411864,1701465180369063,349.53505556349506,0.02092363315561071,349.53505556349506,349.53505556349506,349.53505556349506,0.02092363315561071,0.02092363315561071,0.02092363315561071,12.752066268026942,18.9596373531318,14.81685992290789,0.00170138220987306,0.0008325749369054223,0.0013414120540892018,0.0024061177959827894,0.0011774387674635721,0.001897043119623701,5.638638639076838e+32,3.4047541222097954e+33,2.8259702389555426e+33,1.062627105852275e+34,2.6794736446693516e+35,8.567489407474428e+34,3.5915124989942774e-6
2023-12-01T21:13:09.821373,-0.42411,0.0,0.410763,1701465189821373,349.61970974288397,0.018576244155529362,349.61970974288397,349.61970974288397,349.61970974288397,0.018576244155529362,0.018576244155529362,0.018576244155529362,14.76732334461641,18.022223694131377,15.413537542904983,0.0013490841302488837,0.0009274574968783928,0.0012523575076868114,0.0019078930737802826,0.0013116229706100256,0.0017711009723104564,3.119627511886048e+32,4.1576210179215954e+33,1.5244346079275713e+33,9.350505202162859e+33,2.6367397639171023e+35,5.302278729298248e+34,2.8324031507098953e-6
2023-12-01T21:13:19.937812,-0.468461,0.0,0.377815,1701465199937812,349.69256846216194,0.024965924270221387,349.69256846216194,349.69256846216194,349.69256846216194,0.024965924270221387,0.024965924270221387,0.024965924270221387,11.04978400701048,14.144114209719316,16.25232981386396,0.0020697409887686594,0.0014494374901994906,0.0011370739499936295,0.002927055776916138,0.00204981415645214,0.0016080654015021374,4.016712763652527e+32,4.1772106409189344e+33,5.716872038363681e+32,5.1150416811166846e+33,1.084670419809042e+35,2.4120785844965303e+34,5.118422644225987e-6
2023-12-01T21:13:29.465360,-0.441905,0.0,0.425874,1701465209465360,349.2118221655885,0.02491632064357374,349.2118221655885,349.2118221655885,349.2118221655885,0.02491632064357374,0.02491632064357374,0.02491632064357374,11.444325376623539,14.438924633303486,14.941454166203687,0.0019778298720937236,0.0014010672099450253,0.0013223075951789107,0.002797073829181588,0.0019814082501004877,0.001870025334730968,2.8084886475264856e+32,4.3999953785985575e+33,1.386542731187922e+33,3.916563843926362e+33,1.222769742840632e+35,4.325921906083468e+34,5.082198470664831e-6
2023-12-01T21:13:38.585502,-0.438812,0.0,0.430551,1701465218585502,349.1699946197296,0.01749143640056023,349.1699946197296,349.1699946197296,349.1699946197296,0.01749143640056023,0.01749143640056023,0.01749143640056023,15.607195550466766,16.142194866555776,17.684777415375386,0.0012247442897181007,0.001151583563174165,0.0009641982302602538,0.0017320499849583413,0.001628585093246838,0.0013635822140501874,3.1719663657146455e+32,5.0869769922297926e+33,9.105740791722014e+32,1.1535810908972377e+34,2.092566459688428e+35,5.34309658544105e+34,2.5038810036046707e-6
2023-12-01T21:13:48.005345,-0.435714,0.0,0.439036,1701465228005345,349.06939137471244,0.016366210058930592,349.06939137471244,349.06939137471244,349.06939137471244,0.016366210058930592,0.016366210058930592,0.016366210058930592,14.962099777050405,17.808321630315255,19.291999338856638,0.0013191683163987116,0.000950580977694569,0.0008013186189265828,0.0018655857241039403,0.0013443245107895361,0.0011332356586680513,2.9721189846195526e+32,3.250125857877791e+33,5.6807762938955465e+32,9.317001588046496e+33,1.962150620049553e+35,4.8262256247996255e+34,2.190613847455587e-6
2023-12-01T21:13:57.151908,-0.42843,0.0,0.437176,1701465237151908,349.16970910871004,0.01938732790859586,349.16970910871004,349.16970910871004,349.16970910871004,0.01938732790859586,0.01938732790859586,0.01938732790859586,15.027253624798982,17.135647181422883,14.708503876999785,0.0013093101045751343,0.00102712391618879,0.001358250917085557,0.0018516441072422905,0.001452572572511953,0.0019208568680480892,2.7623192626107783e+32,4.048530242081994e+33,2.095758615388362e+33,8.790209672334651e+33,2.0934476536778935e+35,6.197144857692063e+34,3.0760813619422015e-6
2023-12-01T21:14:07.272971,-0.440129,0.0,0.417592,1701465247272971,349.3571138308492,0.02221727327887111,349.3571138308492,349.3571138308492,349.3571138308492,0.02221727327887111,0.02221727327887111,0.02221727327887111,11.415241126215323,15.603258942096152,19.391713708670423,0.0019844636329183958,0.0012252994926448483,0.0007921720502127803,0.0028064553837093787,0.001732835160467217,0.0011203004571438144,3.972508887491215e+32,2.7916370928397145e+33,3.974765305816064e+32,5.50286666735963e+33,1.014343041931421e+35,3.4552769359569543e+34,4.044660876126479e-6
2023-12-01T21:14:17.788459,-0.436657,0.0,0.424905,1701465257788459,349.27833989975824,0.020958210197091834,349.27833989975824,349.27833989975824,349.27833989975824,0.020958210197091834,0.020958210197091834,0.020958210197091834,14.450941108737059,15.671284590104928,14.444553484607425,0.0013991302466642404,0.0012157407426497786,0.0014001595488418435,0.0019786689703589827,0.0017193170465848557,0.001980124623458329,2.4687151299874903e+32,3.3858722384368713e+33,1.4175140869096579e+33,6.879630125576697e+33,1.2496805932182697e+35,3.944416183183273e+34,3.597358508454912e-6
2023-12-01T21:14:27.190074,-0.429762,0.0,0.442659,1701465267190074,349.07193270355236,0.017417964318785076,349.07193270355236,349.07193270355236,349.07193270355236,0.017417964318785076,0.017417964318785076,0.017417964318785076,15.9683491800456,16.2093945227748,17.215357784924542,0.0011748643932455746,0.001142708544132834,0.0010177410960593761,0.0016615091588771292,0.0016160339209522682,0.0014393032610316287,3.2306534780056533e+32,4.60190475065746e+33,8.141571619229754e+32,1.276807119982451e+34,1.9225474961286297e+35,4.287893855516926e+34,2.4812573986390755e-6
2023-12-01T21:14:37.143894,-0.421978,0.0,0.45097,1701465277143894,349.0200597721362,0.017305505793883735,349.0200597721362,349.0200597721362,349.0200597721362,0.017305505793883735,0.017305505793883735,0.017305505793883735,16.83365226852303,14.27061687015756,20.368150305772875,0.0010634634966818104,0.001428480634921777,0.0007079420115169984,0.0015039645000961314,0.002020176687493707,0.001001181194061029,2.488747753912273e+32,4.8263024848598884e+33,3.5918267543767066e+32,1.2004556167110969e+34,1.2902570017949908e+35,3.909582766303061e+34,2.44846228319464e-6
2023-12-01T21:14:46.119738,-0.431785,0.0,0.462334,1701465286119738,348.7479373568716,0.01471604425950953,348.7479373568716,348.7479373568716,348.7479373568716,0.01471604425950953,0.01471604425950953,0.01471604425950953,15.744680144923741,18.547761604029667,20.978525712806963,0.001205511044353145,0.0008730057830043991,0.0006599011955053709,0.0017048500685147713,0.0012346166183549645,0.0009332412205099148,2.728852921193446e+32,2.4201721706664113e+33,5.2128156058442224e+32,1.0243494611883041e+34,1.7322972786197226e+35,6.530176716137644e+34,1.767243708697301e-6
2023-12-01T21:14:55.787825,-0.443468,0.0,0.440519,1701465295787825,348.97024378165526,0.0225449685756458,348.97024378165526,348.97024378165526,348.97024378165526,0.0225449685756458,0.0225449685756458,0.0225449685756458,12.557580721733368,13.316332948236996,19.160398241213656,0.0017399075181411536,0.001594367941885237,0.0008135519469180747,0.0024606008094301317,0.0022547767668269813,0.0011505361970265775,3.892888757356432e+32,5.88619419531456e+33,4.364433396194259e+32,7.015038610817363e+33,1.26318767888714e+35,3.5972257570637725e+34,4.154102717419777e-6
2023-12-01T21:15:05.121657,-0.442095,0.0,0.446137,1701465305121657,348.89692149339885,0.022512206752529,348.89692149339885,348.89692149339885,348.89692149339885,0.022512206752529,0.022512206752529,0.022512206752529,13.130586189019775,14.253325072335281,15.58362585650752,0.0016288304940069319,0.0014313272750425912,0.001228072221654015,0.0023035141754314714,0.0020242024445597576,0.001736756391436766,3.6699644172684995e+32,4.619440586603076e+33,1.1011655915636444e+33,7.546063794358828e+33,1.2300475292926023e+35,3.9830450459687725e+34,4.139965285390629e-6
2023-12-01T21:15:14.467848,-0.422646,0.0,0.467089,1701465314467848,348.76433777224514,0.018457274927652017,348.76433777224514,348.76433777224514,348.76433777224514,0.018457274927652017,0.018457274927652017,0.018457274927652017,14.684442060115385,15.568869987349354,18.325658167529078,0.0013620187861435294,0.0012301602834411888,0.0008956169256400811,0.0019261854395711195,0.0017397093567352601,0.0012665936029310986,3.896595663957213e+32,5.287932554935288e+33,9.21785732372157e+32,1.1458546959862786e+34,1.9062194916811947e+35,6.26896432620803e+34,2.7803461161713267e-6
2023-12-01T21:15:24.560807,-0.460727,0.0,0.436766,1701465324560807,348.8585036897022,0.021659570979944746,348.8585036897022,348.8585036897022,348.8585036897022,0.021659570979944746,0.021659570979944746,0.021659570979944746,12.081414434175246,15.44368841183344,18.27616135629119,0.0018379533285576006,0.0012480178018149666,0.0009007351959021217,0.002599258524254932,0.0017649637014097834,0.0012738319301515673,5.685702265182046e+32,4.204059326326521e+33,6.831536198209059e+32,9.181751979985785e+33,1.4724402384052763e+35,4.5934025747373265e+34,3.831296509826573e-6
2023-12-01T21:15:34.147103,-0.441119,0.0,0.447775,1701465334147103,348.8812026474371,0.01797539247040054,348.8812026474371,348.8812026474371,348.8812026474371,0.01797539247040054,0.01797539247040054,0.01797539247040054,14.545619795468756,16.05584178797445,18.975488923177743,0.0013839621444517783,0.0011630894365772587,0.0008310568903828104,0.0019572180344946577,0.001644856855460441,0.001175291925482981,2.8378535127902724e+32,2.634116858002652e+33,5.097189244162091e+32,8.082616133279899e+33,1.0622315990227174e+35,4.0260545070946673e+34,2.6391892065372778e-6
2023-12-01T21:15:43.275778,-0.442615,0.0,0.420642,1701465343275778,349.28562093664806,0.014144836159180094,349.28562093664806,349.28562093664806,349.28562093664806,0.014144836159180094,0.014144836159180094,0.014144836159180094,17.03458714888806,17.866877255325733,20.495627055769077,0.001039144260808188,0.0009441942211015642,0.0006976279114613559,0.0014695719068971043,0.001335292272996133,0.0009865948538786663,1.9584746397086007e+32,2.4118585468993062e+33,4.762820006792587e+32,9.894108466934532e+33,1.475840957851887e+35,5.338593764189595e+34,1.6386721498547456e-6
2023-12-01T21:15:52.482671,-0.438113,0.0,0.46642,1701465352482671,348.6224483023959,0.010652771098102691,348.6224483023959,348.6224483023959,348.6224483023959,0.010652771098102691,0.010652771098102691,0.010652771098102691,25.356626448093653,24.54340198120784,17.20892444158726,0.0003986335786095004,0.00043775901825446263,0.0010184951815380434,0.0005637530132868768,0.0006190847406665924,0.0014403696989427487,3.334295711251384e+31,6.91460189148998e+32,1.2638500606129294e+33,1.144634307445766e+34,1.9683729072606885e+35,6.646423306492334e+34,9.252494152495598e-7
2023-12-01T21:16:01.936601,-0.434744,0.0,0.472567,1701465361936601,348.5605067608036,0.00819472848784022,348.5605067608036,348.5605067608036,348.5605067608036,0.00819472848784022,0.00819472848784022,0.00819472848784022,22.26647035036262,24.584981332743524,22.49100068831201,0.0005689599322918589,0.0004356684736534014,0.0005544407806978806,0.0008046308526940248,0.0006161282641390257,0.0007840976715956697,6.582997775366924e+31,7.011704896016309e+32,5.012847919806691e+32,1.109355506366597e+34,2.0152167431590596e+35,8.895791554087257e+34,5.47284668526611e-7
2023-12-01T21:16:11.399886,-0.435794,0.0,0.436002,1701465371399886,349.1154697017344,0.0077339841924969985,349.1154697017344,349.1154697017344,349.1154697017344,0.0077339841924969985,0.0077339841924969985,0.0077339841924969985,24.737750977479042,24.410653105219936,21.888108900077285,0.0004280728182686431,0.0004445007985577288,0.0005942918244310328,0.0006053863852787883,0.0006286190578060112,0.000840455558117817,3.1321780830432367e+31,5.580321439743705e+32,4.014245495058029e+32,9.324413920698366e+33,1.5407228608728388e+35,6.200330201480877e+34,4.893400468296552e-7
2023-12-01T21:16:20.910653,-0.452972,0.0,0.429636,1701465380910653,349.04495204362445,0.010534372526404491,349.04495204362445,349.04495204362445,349.04495204362445,0.010534372526404491,0.010534372526404491,0.010534372526404491,21.86454689468841,22.050859153631134,19.134305022901323,0.0005959061342304683,0.0005832600666053392,0.000815999607102859,0.0008427385369300504,0.0008248542965839055,0.0011539977112559802,5.165688674396219e+31,7.089202380232698e+32,5.617866457722698e+32,7.935657545342737e+33,1.1367979715605764e+35,4.602586016509442e+34,9.074345232679906e-7
2023-12-01T21:16:31.356647,-0.466868,0.0,0.459719,1701465391356647,348.4429681913038,0.017590717334943832,348.4429681913038,348.4429681913038,348.4429681913038,0.017590717334943832,0.017590717334943832,0.017590717334943832,15.761893015555952,16.387558229729017,17.038926511586727,0.0012031244426808983,0.0011195082266121366,0.0010386252468852462,0.001701474904061898,0.001583223717263136,0.0014688379103682196,2.377957606489907e+32,1.5920377386328168e+33,7.055070571315922e+32,8.961762069856296e+33,6.92961619362735e+34,3.567746703078528e+34,2.5196996649972744e-6
2023-12-01T21:16:40.306963,-0.443024,0.0,0.484028,1701465400306963,348.3014944756762,0.013307747004372577,348.3014944756762,348.3014944756762,348.3014944756762,0.013307747004372577,0.013307747004372577,0.013307747004372577,16.204323877061366,21.857579856220678,20.39626948783004,0.001143375828894698,0.0005963843082159785,0.0007056538679398546,0.0016169776041124614,0.0008434147770655329,0.0009979452703815755,2.4410822218358695e+32,1.1093729519672102e+33,5.989879111596032e+32,1.0186260899324251e+34,1.7015141245589788e+35,6.562132666803528e+34,1.4406199403502447e-6
2023-12-01T21:16:49.903731,-0.438556,0.0,0.494577,1701465409903731,348.18211184352856,0.016592921090038164,348.18211184352856,348.18211184352856,348.18211184352856,0.016592921090038164,0.016592921090038164,0.016592921090038164,14.36037161410582,17.75619659034091,20.901371632404818,0.0014137955816521358,0.0009563026764809323,0.0006657890055109755,0.001999408885995609,0.0013524162148130247,0.000941567841272517,3.798996117882757e+32,2.6381420599084907e+33,6.027820361209933e+32,1.0368263149107597e+34,1.5736851149446951e+35,7.4181816610835215e+34,2.2377385037353264e-6
2023-12-01T21:16:59.381985,-0.452416,0.0,0.480089,1701465419381985,348.26993298691883,0.02445967360162818,348.26993298691883,348.26993298691883,348.26993298691883,0.02445967360162818,0.02445967360162818,0.02445967360162818,13.867243721698053,16.831997955419318,11.426442771617111,0.001496383858121326,0.0010636660630532443,0.001981906044556524,0.0021162063466713564,0.0015042509722058939,0.0028028384075610524,3.319790302075012e+32,2.4931378849818616e+33,4.10796307103669e+33,8.087886054191446e+33,1.2021152142330696e+35,5.7051991386777765e+34,4.8656678093246265e-6
2023-12-01T21:17:08.330125,-0.423841,0.0,0.509932,1701465428330125,348.08925682749435,0.0177126589615121,348.08925682749435,348.08925682749435,348.08925682749435,0.0177126589615121,0.0177126589615121,0.0177126589615121,16.770638338050187,15.842224165634779,16.38563756528744,0.0010712067086923885,0.0011920486836935194,0.001119755804866193,0.0015149150555378212,0.0016858114154883709,0.0015835738457877712,1.9559154989803622e+32,2.4180138513085775e+33,9.564751341401205e+32,9.29852197838868e+33,9.282847180296286e+34,4.161380622212192e+34,2.5482112930497117e-6
2023-12-01T21:17:17.498598,-0.412765,0.0,0.494957,1701465437498598,348.4304289273239,0.03100865959628359,348.4304289273239,348.4304289273239,348.4304289273239,0.03100865959628359,0.03100865959628359,0.03100865959628359,8.469278691071406,13.684868145805167,15.19853767545347,0.0027857444005039934,0.0015281352487559068,0.001283743675513287,0.003939637512497655,0.002161109593930987,0.0018154877165215762,1.0387320712181643e+33,4.8008213719630563e+33,1.3730899099578874e+33,7.3018248278075e+33,1.121507963440208e+35,4.545197334590999e+34,7.82904468523333e-6
2023-12-01T21:17:27.149675,-0.447938,0.0,0.519689,1701465447149675,347.70003584248553,0.01896600991662187,347.70003584248553,347.70003584248553,347.70003584248553,0.01896600991662187,0.01896600991662187,0.01896600991662187,16.622951979650896,14.869290240960007,15.892363343304414,0.001089576183902069,0.00133333932661793,0.0011851874214950384,0.0015408934165130276,0.0018856265589484865,0.0016761081254322813,2.30043651624859e+32,3.2781860637987104e+33,1.7566083006358365e+33,1.0570741455635841e+34,1.0059181025069272e+35,6.821992929491605e+34,2.9130928296684054e-6
2023-12-01T21:17:37.587832,-0.443976,0.0,0.510052,1701465457587832,347.88870942519355,0.021520597206618468,347.88870942519355,347.88870942519355,347.88870942519355,0.021520597206618468,0.021520597206618468,0.021520597206618468,15.683913158501152,13.603378000568352,14.861729428073318,0.0012139744400462777,0.001542539524440368,0.0013345004647995911,0.0017168191174877297,0.002181480315960113,0.0018872686563127811,1.7258127125050007e+32,2.797705551693143e+33,1.0155734109560417e+33,6.388295245668245e+33,6.414160230200746e+34,3.110887205550884e+34,3.7560357440644763e-6
2023-12-01T21:17:48.367542,-0.422854,0.0,0.514425,1701465468367542,348.02933927626384,0.0234189638049205,348.02933927626384,348.02933927626384,348.02933927626384,0.0234189638049205,0.0234189638049205,0.0234189638049205,14.034782173737991,13.665537206625036,13.985895021712377,0.0014677973257511759,0.0015315399875884357,0.0014760818824559522,0.0020757788848922726,0.0021659246217642877,0.0020874950173424165,2.9609011120503814e+32,2.812408303516131e+33,1.298953996930806e+33,7.497252202611168e+33,6.540818410001136e+34,3.2522451355067485e+34,4.452574297852931e-6
2023-12-01T21:17:58.210204,-0.429628,0.0,0.561898,1701465478210204,347.2252328335653,0.01785242093031943,347.2252328335653,347.2252328335653,347.2252328335653,0.01785242093031943,0.01785242093031943,0.01785242093031943,15.771933742332074,15.925962246501847,17.284981901675025,0.001201734456769163,0.0011806117153566852,0.0010096157238738276,0.0016995091671340142,0.0016696370997539883,0.001427812249487497,2.934007436158574e+32,3.626871591747515e+33,1.2103606451873898e+33,1.108292985243959e+34,1.4194771453253748e+35,6.47758296805647e+34,2.571555757944668e-6
2023-12-01T21:18:07.880306,-0.41439,0.0,0.563343,1701465487880306,347.3535324836414,0.017605604556045044,347.3535324836414,347.3535324836414,347.3535324836414,0.017605604556045044,0.017605604556045044,0.017605604556045044,14.716071545667248,16.130007207451516,19.706214569186272,0.001357068042689816,0.0011532005488617666,0.0007640019592920034,0.0019191840310350482,0.0016308718563364075,0.0010804619325103686,4.039331180498582e+32,4.2540208080635516e+33,6.784045908256136e+32,1.1965107821660087e+34,1.745019685650275e+35,6.340306240816367e+34,2.5034694481247124e-6
2023-12-01T21:18:17.382454,-0.431143,0.0,0.541012,1701465497382454,347.5348787425323,0.016681962055699086,347.5348787425323,347.5348787425323,347.5348787425323,0.016681962055699086,0.016681962055699086,0.016681962055699086,17.591096434416144,19.35051162471514,14.83276216790771,0.0009746537970893736,0.0007959386965985733,0.0013389584253922422,0.0013783686184622268,0.0011256272995472665,0.001893573164643433,1.6991303563700026e+32,1.510800436535136e+33,1.8266642908527582e+33,9.757450177949865e+33,1.3009429864443793e+35,5.558210057038637e+34,2.2508520652350944e-6
2023-12-01T21:20:07.088362,-0.44827,0.0,0.431196,1701465607088362,349.06707543722325,0.029649010815877317,349.06707543722325,349.06707543722325,349.06707543722325,0.029649010815877317,0.029649010815877317,0.029649010815877317,9.40213563878735,12.771071475736495,15.215748024563753,0.0025020640264068186,0.0016976635611329152,0.0012812025652959953,0.003538452880070357,0.0024008588325007746,0.0018118940439887975,5.0350896756778526e+32,4.153583426854295e+33,8.998475695592501e+32,4.387536816132942e+33,7.861946524251916e+34,2.9904996123009526e+34,7.1892439815724205e-6
2023-12-01T21:20:17.624861,-0.45581,0.0,0.393604,1701465617624861,349.573245373384,0.027825459019781933,349.573245373384,349.573245373384,349.573245373384,0.027825459019781933,0.027825459019781933,0.027825459019781933,10.2415631338147,12.792742020973474,15.601182251380552,0.0022715748102578822,0.0016934333162629078,0.001225592481895018,0.0032124919046117874,0.002394876362833451,0.0017332495098384365,4.4023346233927425e+32,4.5595887170904085e+33,7.857464631734934e+32,4.6541391503842656e+33,8.673609635692366e+34,2.853649698527995e+34,6.353230297936609e-6
2023-12-01T21:20:27.439692,-0.430771,0.0,0.418737,1701465627439692,349.4313355683717,0.019366650034365256,349.4313355683717,349.4313355683717,349.4313355683717,0.019366650034365256,0.019366650034365256,0.019366650034365256,13.958438853303015,17.549774072221002,15.72288399500119,0.001480755171658394,0.0009793016746699056,0.0012085399217254841,0.0020941040463134013,0.001384941709972865,0.0017091335479734984,4.391493664490248e+32,2.905461327912947e+33,1.6326435261123198e+33,1.0925872944899319e+34,1.6526942134831038e+35,6.097892586544023e+34,3.0748242605390675e-6
2023-12-01T21:20:36.666254,-0.423256,0.0,0.430866,1701465636666254,349.3179581879043,0.01655245726403363,349.3179581879043,349.3179581879043,349.3179581879043,0.01655245726403363,0.01655245726403363,0.01655245726403363,15.887437022275847,19.67035739527606,15.994869256801465,0.0011858598073989028,0.0007671624386682348,0.0011712827248207792,0.0016770590226966747,0.0010849315253078356,0.0016564439148148598,2.966139316187457e+32,1.9745007020354032e+33,1.613490988767586e+33,1.1506288201097243e+34,1.8301767420229768e+35,6.41583918849336e+34,2.24446994104743e-6
2023-12-01T21:20:45.865990,-0.435104,0.0,0.417568,1701465645865990,349.40682883452223,0.014743796672552618,349.40682883452223,349.40682883452223,349.40682883452223,0.014743796672552618,0.014743796672552618,0.014743796672552618,17.5704261611553,18.248404148013677,17.817474537713526,0.0009769759945694447,0.0009036182495590527,0.0009495798140323631,0.0013816527016330521,0.0012779091837342483,0.0013429086515602893,1.8501150648507387e+32,2.680961672937672e+33,9.084149446607465e+32,1.0574049900814381e+34,1.7911461345313732e+35,5.4958101789342005e+34,1.7818065720792395e-6
2023-12-01T21:20:55.383437,-0.417534,0.0,0.421774,1701465655383437,349.5144300775329,0.01599476411348773,349.5144300775329,349.5144300775329,349.5144300775329,0.01599476411348773,0.01599476411348773,0.01599476411348773,14.911799290313386,19.932359287324314,18.16096279955915,0.001326829858837474,0.0007443672144214582,0.0009127609691568896,0.001876420781329535,0.001052694210020708,0.0012908389417864837,3.3486881040548135e+32,2.0890950683516182e+33,1.060033994796935e+33,1.0376589310851544e+34,2.0568097984641976e+35,6.940904565305874e+34,2.0984617406829716e-6
2023-12-01T21:21:04.861670,-0.437001,0.0,0.414308,1701465664861670,349.4385036360477,0.02082630100772528,349.4385036360477,349.4385036360477,349.4385036360477,0.02082630100772528,0.02082630100772528,0.02082630100772528,12.051801122932,17.45668840317269,17.577481245972596,0.0018442302643530654,0.0009898531754361395,0.0009761827712744646,0.0026081354519870235,0.0013998637854598633,0.0013805309144913009,5.86666683759043e+32,3.474247476408288e+33,1.2789325720651719e+33,9.409608146198558e+33,1.934325651152212e+35,7.321427611769674e+34,3.5559515865399194e-6
2023-12-01T21:21:14.331161,-0.411171,0.0,0.415557,1701465674331161,349.6727438243208,0.0170002254444566,349.6727438243208,349.6727438243208,349.6727438243208,0.0170002254444566,0.0170002254444566,0.0170002254444566,15.131244663623951,19.96432739089553,16.110915233266823,0.001293727970135056,0.0007416326330839456,0.0011557381231119593,0.0018296076413864108,0.0010488269280057854,0.0016344605282565588,2.846697627162325e+32,2.2087170737271043e+33,1.760721625575011e+33,9.278244347628972e+33,2.1906491502554947e+35,7.1908829853687e+34,2.3729877549194354e-6
2023-12-01T21:21:24.454726,-0.426057,0.0,0.373244,1701465684454726,350.1786502755279,0.018798901569594895,350.1786502755279,350.1786502755279,350.1786502755279,0.018798901569594895,0.018798901569594895,0.018798901569594895,15.224672226120965,15.178607567402311,17.064030942887186,0.0012798868867979758,0.0012866926567632927,0.0010356276895673868,0.0018100333936131756,0.0018196582058005184,0.001464598724155312,1.6717390036603606e+32,3.766467011560967e+33,9.01342544425991e+32,5.567185569862788e+33,1.241066133864327e+35,4.584510429355908e+34,2.910808764909786e-6
2023-12-01T21:21:33.275094,-0.422222,0.0,0.381608,1701465693275094,350.0874551400038,0.021843323292007936,350.0874551400038,350.0874551400038,350.0874551400038,0.021843323292007936,0.021843323292007936,0.021843323292007936,11.842055867437235,16.744029149958802,16.69503198627701,0.0018893064508022186,0.0010744933779294173,0.0010805717304215737,0.002671882806203474,0.0015195631077478617,0.0015281591962791536,2.8124717359645016e+32,2.73845524511296e+33,9.508393417943856e+32,4.298270601603309e+33,1.2939233870247047e+35,4.442325133509855e+34,3.927766765895547e-6
2023-12-01T21:21:42.872669,-0.456178,0.0,0.358424,1701465702872669,350.11172564819003,0.024831859516525254,350.11172564819003,350.11172564819003,350.11172564819003,0.024831859516525254,0.024831859516525254,0.024831859516525254,12.079922006233259,14.250640880350895,13.971566431653471,0.0018382691567210424,0.0014317696650634312,0.001478518895559928,0.002599705172727051,0.0020248280785270883,0.00209094147432574,3.067358114180727e+32,4.1492157706031364e+33,1.81211738875933e+33,4.951726890961636e+33,1.1041551640535206e+35,4.522129249136526e+34,5.076810660583661e-6
2023-12-01T21:21:52.052754,-0.413598,0.0,0.386247,1701465712052754,350.10052441761604,0.01787087570434547,350.10052441761604,350.10052441761604,350.10052441761604,0.01787087570434547,0.01787087570434547,0.01787087570434547,15.776450718841478,16.858067333135438,15.979962819421749,0.0012011096738913229,0.0010604784170254004,0.0011732945674452872,0.0016986255907146344,0.0014997429599612725,0.0016592890899397993,2.5503607409779746e+32,3.475140797954921e+33,1.6165958127373925e+33,9.643766497071708e+33,1.6856955423367436e+35,6.4061592642814225e+34,2.6292660424590955e-6
2023-12-01T21:22:02.204896,-0.425274,0.0,0.368724,1701465722204896,350.2558874522651,0.025084805256279576,350.2558874522651,350.2558874522651,350.2558874522651,0.025084805256279576,0.025084805256279576,0.025084805256279576,13.73510205198061,18.719687584697166,10.613053662362384,0.0015193229503655025,0.0008558956547865084,0.0021764691598700485,0.0021486471220315984,0.0012104192429752809,0.0030779922039749987,3.4415589591230835e+32,2.158139859392232e+33,4.9784508403946824e+33,8.133274297409164e+33,1.6071201430443078e+35,5.733232964650493e+34,5.18527840217013e-6
2023-12-01T21:22:12.009513,-0.439133,0.0,0.336797,1701465732009513,350.6113186956369,0.02491683336771234,350.6113186956369,350.6113186956369,350.6113186956369,0.02491683336771234,0.02491683336771234,0.02491683336771234,12.708802621183876,14.36538658321506,12.943350148047317,0.001709877784230013,0.0014129795345870907,0.0016643233006819844,0.0024181323524585414,0.0019982548211686874,0.002353708583998017,3.774983649229142e+32,4.6489789396781625e+33,1.6789463270531295e+33,7.043610578066789e+33,1.2702705722508287e+35,3.3065251284263456e+34,5.126776834238844e-6
2023-12-01T21:22:21.173004,-0.426161,0.0,0.34521,1701465741173004,350.60888414913376,0.020033689314347767,350.60888414913376,350.60888414913376,350.60888414913376,0.020033689314347767,0.020033689314347767,0.020033689314347767,13.606467512158948,15.598528817879414,16.991765504086974,0.0015419909512398792,0.001225966942665741,0.001044279916054208,0.0021807045163000274,0.0017337790773389696,0.0014768348201976982,4.0029969189326604e+32,4.632643400688578e+33,8.726376867180463e+32,9.184002791291836e+33,1.681441465880298e+35,4.365264015499582e+34,3.314167720859357e-6
2023-12-01T21:22:30.770591,-0.426019,0.0,0.339928,1701465750770591,350.69146620447094,0.024075553038294752,350.69146620447094,350.69146620447094,350.69146620447094,0.024075553038294752,0.024075553038294752,0.024075553038294752,10.73254282910707,16.068382899284764,16.484596397450947,0.0021467331331274687,0.0011614113230553399,0.0011070707615362882,0.0030359391116645536,0.0016424836445585419,0.0015656344854713294,6.3373448182913514e+32,3.585430150720238e+33,9.796102657772657e+32,7.501733312543697e+33,1.4500385762094487e+35,4.360265829131359e+34,4.788630051491314e-6
2023-12-01T21:22:39.934587,-0.409873,0.0,0.361999,1701465759934587,350.5101069835899,0.0276160822017237,350.5101069835899,350.5101069835899,350.5101069835899,0.0276160822017237,0.0276160822017237,0.0276160822017237,10.734357815998653,14.111148106696179,13.026236218914827,0.0021462846027401248,0.0014549490840650799,0.0016485168472824315,0.0030353047939076353,0.0020576087272471486,0.002331354883227351,9.8699460745736e+32,8.614718948537965e+33,2.602729663834662e+33,1.168827877868938e+34,2.220015077459424e+35,5.224595640924644e+34,6.294014819303438e-6
2023-12-01T21:22:49.730383,-0.443986,0.0,0.306062,1701465769730383,351.0360871687917,0.014265387840721969,351.0360871687917,351.0360871687917,351.0360871687917,0.014265387840721969,0.014265387840721969,0.014265387840721969,16.914639881368025,18.572197134693134,19.180577482105917,0.0010535938010151115,0.0008705532557428793,0.0008116640797956044,0.0014900066426277907,0.0012311482210396335,0.001147866349738022,2.146033878280285e+32,2.702178673062404e+33,5.743055445473945e+32,1.054631070146313e+34,1.9450634608775842e+35,4.755550056099826e+34,1.6844809647016284e-6
2023-12-01T21:22:58.983682,-0.430888,0.0,0.333361,1701465778983682,350.74477465879596,0.02069250699051375,350.74477465879596,350.74477465879596,350.74477465879596,0.02069250699051375,0.02069250699051375,0.02069250699051375,13.312494714466022,17.23419334419408,14.982242732883735,0.001595072637595958,0.0010155364914018273,0.001316112652178878,0.002255773357058429,0.0014361854792252523,0.0018612643623221936,3.984283114292377e+32,3.1611884441895223e+33,1.2153362966291199e+33,8.54278865620548e+33,1.6721287733520745e+35,3.827548846617628e+34,3.538482398534254e-6
2023-12-01T21:23:08.233634,-0.437642,0.0,0.321811,1701465788233634,350.856204292722,0.019321985504692125,350.856204292722,350.856204292722,350.856204292722,0.019321985504692125,0.019321985504692125,0.019321985504692125,16.240306080750177,17.609476966642895,13.587081215584092,0.0011386490725795156,0.0009725934768799432,0.001545436410492477,0.0016102929612254978,0.0013754548856792191,0.002185577131503655,3.0706046586897858e+32,2.684469761289696e+33,1.6798958892639323e+33,1.291976197450816e+34,1.5481256738397408e+35,3.836988423750663e+34,3.0872223204209867e-6
2023-12-01T21:23:17.808805,-0.433598,0.0,0.315892,1701465797808805,350.98664585213766,0.02188037314794088,350.98664585213766,350.98664585213766,350.98664585213766,0.02188037314794088,0.02188037314794088,0.02188037314794088,12.874693756263067,15.88093386149723,15.012359328861514,0.0016775308396976235,0.001186747997897782,0.0013115571952726996,0.0023723868647995056,0.0016783151137461606,0.0018548219733826696,4.290902793605416e+32,3.7289070557705597e+33,1.0129301586460124e+33,8.317983446271708e+33,1.4443583108864394e+35,3.2122950963772806e+34,3.9617752034150655e-6
2023-12-01T21:23:26.865187,-0.396171,0.0,0.379676,1701465806865187,350.3723266656951,0.02506798050530724,350.3723266656951,350.3723266656951,350.3723266656951,0.02506798050530724,0.02506798050530724,0.02506798050530724,12.291345940638177,13.618186017791597,13.977797824353011,0.0017940638847473301,0.0015399119879454454,0.0014774585634387799,0.0025371894775734357,0.0021777644182133632,0.0020894419382593925,7.094798903380625e+32,9.612303215216128e+33,2.031782581003049e+33,1.2024712021189556e+34,2.2112918421148258e+35,5.077582811203204e+34,5.181918639900905e-6
2023-12-01T21:23:36.182344,-0.417484,0.0,0.3554,1701465816182344,350.5371063309556,0.02394075763379049,350.5371063309556,350.5371063309556,350.5371063309556,0.02394075763379049,0.02394075763379049,0.02394075763379049,11.496338784925385,15.520636309576414,15.06111393468128,0.0019660214939689613,0.0012370104979637412,0.0013042159407417521,0.0027803742606879196,0.0017493970230182188,0.001844439871660171,6.75190540265625e+32,8.164363673442315e+33,1.7928618319336175e+33,9.52928305917695e+33,2.910623105828972e+35,5.749872507382754e+34,4.7309431379368955e-6
2023-12-01T21:23:46.314915,-0.419198,0.0,0.328114,1701465826314915,350.93967070028805,0.02102615688922095,350.93967070028805,350.93967070028805,350.93967070028805,0.02102615688922095,0.02102615688922095,0.02102615688922095,15.636274660378447,14.987341311310152,13.815171589947155,0.0012206508777937474,0.0013153403266278009,0.0015053816619164373,0.0017262610262985412,0.0018601721290532928,0.0021289311628299753,3.0365215328801316e+32,6.08865517101581e+33,1.751935368015567e+33,1.1117415346974803e+34,1.9197978888491277e+35,4.217307218332581e+34,3.657521792230847e-6
2023-12-01T21:23:56.825642,-0.4283,0.0,0.331113,1701465836825642,350.8046237383691,0.017433754930252843,350.8046237383691,350.8046237383691,350.8046237383691,0.017433754930252843,0.017433754930252843,0.017433754930252843,15.753512638964558,15.589393296013753,18.27036658424005,0.001204285809207324,0.0012272570511235102,0.0009013363198918165,0.0017031173243544553,0.0017356035662168792,0.0012746820478504615,3.451368859831e+32,6.991519202100013e+33,8.132782622523738e+32,1.29820309515652e+34,2.5322750988660768e+35,5.461045850070302e+34,2.5125808942310907e-6
2023-12-01T21:24:06.389348,-0.424025,0.0,0.330752,1701465846389348,350.85196541037175,0.017151280390588323,350.85196541037175,350.85196541037175,350.85196541037175,0.017151280390588323,0.017151280390588323,0.017151280390588323,17.009791821736375,16.117482326045124,16.472633625368072,0.0010421149102833754,0.001154864640795591,0.0011085965418464547,0.0014737730396739708,0.0016332252377182577,0.001567792264679169,2.9054479944075876e+32,7.281479770321347e+33,1.0001775732327494e+33,1.4594603085942702e+34,2.9782961485684937e+35,4.439565570996672e+34,2.4324680782591837e-6
2023-12-01T21:25:22.044304,-0.408392,0.0,0.323347,1701465922044304,351.1184570712464,0.011441386657145525,351.1184570712464,351.1184570712464,351.1184570712464,0.011441386657145525,0.011441386657145525,0.011441386657145525,17.41692915404313,25.74549932899718,20.448740720313655,0.0009943945676185013,0.000381180112890563,0.0007014038813046256,0.0014062862838762143,0.0005390700853567416,0.00099193488164213,1.0847508425729001e+32,6.132192107646396e+32,3.096219469709647e+32,5.98443165559208e+33,2.3023199924350406e+35,3.4332530084115354e+34,1.084057492854428e-6
2023-12-01T21:25:33.003760,-0.414902,0.0,0.306061,1701465933003760,351.3201730916261,0.028432262905589336,351.3201730916261,351.3201730916261,351.3201730916261,0.028432262905589336,0.028432262905589336,0.028432262905589336,11.278932106115036,17.06224893685058,10.451943612533018,0.002015851775392689,0.0010358401818043538,0.0022172160829659346,0.002850844920494223,0.0014648992335587296,0.0031356170552421744,2.5800199373736116e+32,2.895014970482252e+33,2.5273087258436483e+33,3.4635086183643e+33,1.4718911957868527e+35,2.8044820074475432e+34,6.701780280771424e-6
2023-12-01T21:25:42.079675,-0.404625,0.0,0.327402,1701465942079675,351.0930049807093,0.015457990318022,351.0930049807093,351.0930049807093,351.0930049807093,0.015457990318022,0.015457990318022,0.015457990318022,14.877793050008389,18.374951531641774,21.343291209926598,0.001332034729980147,0.0008905485978764053,0.000632762364564193,0.0018837815806899076,0.0012594259050691561,0.0008948611177259506,2.629315175105353e+32,3.83460331903156e+33,5.4795105776443045e+32,8.083918993981864e+33,2.6376404658717934e+35,7.465706124484926e+34,1.9785210247078555e-6
2023-12-01T21:25:51.560199,-0.395914,0.0,0.32255,1701465951560199,351.252563153961,0.014824297976613821,351.252563153961,351.252563153961,351.252563153961,0.014824297976613821,0.014824297976613821,0.014824297976613821,15.732319781449995,20.011125987868116,18.733193622687143,0.00120722775529128,0.0007376475450687115,0.000854565822495256,0.0017072778644061563,0.001043191162487391,0.0012085385761133102,1.9074472423284424e+32,2.504548716266667e+33,8.648969695026291e+32,7.13977478744223e+33,2.5109732286790038e+35,6.460761922098979e+34,1.8212036659123414e-6
2023-12-01T21:26:01.152536,-0.390124,0.0,0.32816,1701465961152536,351.2230122339591,0.02036780760662692,351.2230122339591,351.2230122339591,351.2230122339591,0.02036780760662692,0.02036780760662692,0.02036780760662692,14.063898647148745,19.082700329694006,13.671774378571595,0.0014628852749613583,0.0008208620621487805,0.0015304406126553027,0.0020688321960462474,0.001160874261128352,0.002164369870823718,2.540582370510963e+32,2.499053103075367e+33,2.1827104888623214e+33,6.476243133676581e+33,2.0232312188601742e+35,5.083625778351478e+34,3.4373975477591037e-6
2023-12-01T21:26:11.764860,-0.392402,0.0,0.289244,1701465971764860,351.79757983643714,0.016277220498376002,351.79757983643714,351.79757983643714,351.79757983643714,0.016277220498376002,0.016277220498376002,0.016277220498376002,15.266659635845912,21.019144112597456,16.402072275701343,0.0012737148699455084,0.0006568224601873247,0.0011176391001929754,0.001801304843673221,0.0009288872312681769,0.0015805803733313683,1.5349901589832796e+32,1.4881452836659267e+33,9.577721322373705e+32,5.161448032971247e+33,1.881740549334123e+35,4.182822389726724e+34,2.201921648271331e-6
2023-12-01T21:26:21.483299,-0.395372,0.0,0.286291,1701465981483299,351.8138700721166,0.024018173530247454,351.8138700721166,351.8138700721166,351.8138700721166,0.024018173530247454,0.024018173530247454,0.024018173530247454,12.457320943684596,19.554838600111488,11.940355176147905,0.0017601073382605165,0.0007774335360139841,0.00186804546492296,0.0024891676690004315,0.0010994570504746484,0.002641815231623604,1.8871404277115545e+32,1.6992546375043253e+33,2.5212205659670037e+33,3.323045691926828e+33,1.5337067320039373e+35,3.9413623048830363e+34,4.794649736091309e-6
2023-12-01T21:26:30.980669,-0.379405,0.0,0.279746,1701465990980669,352.0697764091739,0.017657569013185753,352.0697764091739,352.0697764091739,352.0697764091739,0.017657569013185753,0.017657569013185753,0.017657569013185753,13.96797326496113,19.119736817493212,17.213930539754422,0.0014791306537182377,0.0008173693717559116,0.0010179083426480376,0.002091806631010114,0.0011559348510055865,0.0014395397834255745,1.976014347167884e+32,1.9719540109579398e+33,6.295394357416751e+32,4.927055110674609e+33,1.610165303485299e+35,3.314484515516096e+34,2.594705049790713e-6
2023-12-01T21:26:40.294277,-0.397454,0.0,0.267355,1701466000294277,352.08364516610675,0.01800442962639294,352.08364516610675,352.08364516610675,352.08364516610675,0.01800442962639294,0.01800442962639294,0.01800442962639294,13.393062257143665,19.593087213388852,17.590202801075517,0.0015803456593857159,0.0007740176073421162,0.0009747540778863102,0.0022349462647407313,0.0010946261978187937,0.0013785104369253003,1.6247320715190523e+32,1.7942488681434267e+33,6.587056923429921e+32,3.548852743503992e+33,1.6337718252278413e+35,3.7819144159366047e+34,2.697827447980586e-6
2023-12-01T21:28:25.410375,-0.325763,0.0,0.275126,1701466105410375,352.6628444586562,0.018712221567712795,352.6628444586562,352.6628444586562,352.6628444586562,0.018712221567712795,0.018712221567712795,0.018712221567712795,14.77955088733302,19.02076856550802,14.615880235534465,0.0013471862960751531,0.0008267358538710917,0.0013728123864170457,0.0019052091309526575,0.0011691810570445991,0.00194144989546476,1.7468846719125342e+32,1.7182960509773947e+33,7.601336722217965e+32,5.250725599479011e+33,1.3714337992821977e+35,2.200280221085096e+34,2.9220112911391448e-6
2023-12-01T21:28:44.915990,-0.301731,0.0,0.308693,1701466124915990,352.3832913311525,0.017296717945888617,352.3832913311525,352.3832913311525,352.3832913311525,0.017296717945888617,0.017296717945888617,0.017296717945888617,16.194442948391114,18.20388764108477,15.31344770264118,0.0011446772549903311,0.00090826131872994,0.0012668722276631505,0.001618818098547332,0.0012844754751267537,0.0017916278861550429,2.591399753593025e+32,2.937682096918376e+33,1.2104144933863681e+33,1.0788938263292667e+34,1.9426455189636113e+35,4.1141382882095136e+34,2.4934599216116286e-6
2023-12-01T21:28:53.713253,-0.321648,0.0,0.303767,1701466133713253,352.2647108433661,0.0191777477169506,352.2647108433661,352.2647108433661,352.2647108433661,0.0191777477169506,0.0191777477169506,0.0191777477169506,14.098570129448909,18.73489885832005,14.95676660746155,0.0014570575120923792,0.0008543980684577148,0.0013199785395247724,0.0020605904947586426,0.0012083013360782765,0.0018667315526373638,4.2182893884475125e+32,3.001338310480828e+33,1.5195328111190572e+33,1.0839104001924954e+34,2.242873799255311e+35,4.757587045434947e+34,3.063570665156706e-6
2023-12-01T21:29:03.292039,-0.311775,0.0,0.320742,1701466143292039,352.10101349711937,0.017954322373482382,352.10101349711937,352.10101349711937,352.10101349711937,0.017954322373482382,0.017954322373482382,0.017954322373482382,14.515288225115214,16.55168839606224,17.879113821948074,0.00138880345910219,0.0010985524095225873,0.0009428649892732078,0.0019640646873329854,0.0015535877165244855,0.0013334124553169334,4.449258241913039e+32,5.1136921282603063e+33,9.883991918580178e+32,1.25839341240643e+34,2.311550667109758e+35,6.065180972302516e+34,2.683057888319505e-6
2023-12-01T21:29:12.335792,-0.309553,0.0,0.312344,1701466152335792,352.25123408201455,0.025387594482603307,352.25123408201455,352.25123408201455,352.25123408201455,0.025387594482603307,0.025387594482603307,0.025387594482603307,15.057216317961004,17.685431609013673,10.027619217407581,0.0013048013125069283,0.0009641256126446411,0.0023282212024872445,0.0018452677123495132,0.0013634795172333208,0.0032926020007620575,3.8201093839519596e+32,4.17833914876869e+33,4.293241578324953e+33,1.224045130011932e+34,2.4521489617949878e+35,4.320631707267647e+34,5.368439086525572e-6
2023-12-01T21:29:21.628621,-0.303679,0.0,0.311893,1701466161628621,352.31534923779566,0.01547079972891688,352.31534923779566,352.31534923779566,352.31534923779566,0.01547079972891688,0.01547079972891688,0.01547079972891688,17.871120878143635,17.594263954959118,16.755972351729312,0.0009437330333965504,0.0009742984307188756,0.0010730169520132182,0.0013346400550889026,0.0013778660545214572,0.001517475126193334,2.4674402123836297e+32,4.528003672953094e+33,9.342377902594083e+32,1.5113279915357394e+34,2.602155022607924e+35,4.426440856941532e+34,1.9941698998219033e-6
2023-12-01T21:29:31.413501,-0.301922,0.0,0.289481,1701466171413501,352.6753238471905,0.017999284274578642,352.6753238471905,352.6753238471905,352.6753238471905,0.017999284274578642,0.017999284274578642,0.017999284274578642,18.30615920823557,20.05040419996835,13.03736014207047,0.0008976297551142975,0.0007343193810570807,0.0016464069612622562,0.0012694401736722798,0.0010384844278043405,0.002328371053802558,2.15173223185081e+32,2.3589597774419026e+33,2.2544253738473576e+33,1.4568141337173806e+34,2.386497346408728e+35,4.537032372476612e+34,2.703746675170283e-6
2023-12-01T21:29:41.038083,-0.318523,0.0,0.296678,1701466181038083,352.4036359305923,0.015092958895184007,352.4036359305923,352.4036359305923,352.4036359305923,0.015092958895184007,0.015092958895184007,0.015092958895184007,18.629081485245578,20.862440930083103,15.185798919976168,0.0008648705848029575,0.0006687798110884308,0.0012856277996761475,0.0012231117107258927,0.0009457974790825753,0.0018181522704658884,2.1137684215948325e+32,2.0461523956433116e+33,1.387812265308573e+33,1.5415781782222578e+34,2.495640756213409e+35,4.580476015476611e+34,1.8987376023180125e-6
2023-12-01T21:29:51.279113,-0.316489,0.0,0.283531,1701466191279113,352.6245567859741,0.026745447730992373,352.6245567859741,352.6245567859741,352.6245567859741,0.026745447730992373,0.026745447730992373,0.026745447730992373,13.172079683113246,17.978289706848393,9.999538864755712,0.0016210679394142052,0.0009321605419599773,0.002335760218895811,0.0022925362654477757,0.0013182740807488546,0.003303263780014005,7.558346015777037e+32,3.619545370674009e+33,3.009308676636786e+33,1.5690426110744884e+34,2.272390659778097e+35,3.008989164260035e+34,5.968373560239962e-6
2023-12-01T21:30:00.547966,-0.318242,0.0,0.259833,1701466200547966,352.96980024198064,0.027428275733623372,352.96980024198064,352.96980024198064,352.96980024198064,0.027428275733623372,0.027428275733623372,0.027428275733623372,11.979540225428089,14.657794157579271,11.234852880389186,0.0018596370472885918,0.0013662038124280466,0.00202610783868953,0.0026299239333669833,0.0019321039605015716,0.0028653491843051724,9.295378589997543e+32,5.1789327980947094e+33,1.4565522984323126e+33,1.4662941615778814e+34,1.5136298765640554e+35,1.9355810916039772e+34,6.286583852493546e-6
2023-12-01T21:30:09.858773,-0.323421,0.0,0.281968,1701466209858773,352.5809954374503,0.024771896665505312,352.5809954374503,352.5809954374503,352.5809954374503,0.024771896665505312,0.024771896665505312,0.024771896665505312,11.685616709284597,18.664446542534797,12.267705164456684,0.0019236425076698794,0.0008613563776445961,0.0017989535202014677,0.002720441323504134,0.0012181418713015494,0.0025441044663477375,8.139404633199961e+32,2.4167743509504197e+33,1.3573432278518388e+33,1.1999255751844787e+34,1.776972706985121e+35,2.2880220047377937e+34,5.119046049645823e-6
2023-12-01T21:30:20.262483,-0.31645,0.0,0.260072,1701466220262483,352.98357440549603,0.02075195225682658,352.98357440549603,352.98357440549603,352.98357440549603,0.02075195225682658,0.02075195225682658,0.02075195225682658,17.153836401574235,18.960446127497967,11.73968303203431,0.0010249752548823572,0.0008324974164732978,0.0019117057621826398,0.0014495339065514496,0.0011773291370171008,0.002703560216145484,2.7715203203006944e+32,2.3226382992721093e+33,1.869902697897926e+33,1.4391355694357824e+34,1.8282104870683023e+35,2.791176573619e+34,3.59883009514545e-6
2023-12-01T21:30:29.510251,-0.307408,0.0,0.289093,1701466229510251,352.6278698962603,0.01366532389235815,352.6278698962603,352.6278698962603,352.6278698962603,0.01366532389235815,0.01366532389235815,0.01366532389235815,17.005482807679414,20.645786520208627,18.44736545780467,0.001042632025054554,0.0006856711470232292,0.0008831549915689976,0.0014745043503966752,0.0009696854354481673,0.001248969766754373,3.0888549952788467e+32,2.0046836366364214e+33,6.563077847387277e+32,1.5500503368230353e+34,2.326079198083641e+35,4.590332042196569e+34,1.558126133775165e-6
2023-12-01T21:30:38.850810,-0.312304,0.0,0.274489,1701466238850810,352.8035382937394,0.023493468282799256,352.8035382937394,352.8035382937394,352.8035382937394,0.023493468282799256,0.023493468282799256,0.023493468282799256,15.178627653042515,17.720896206942424,10.997408091829977,0.0012866896813610081,0.0009601971010378849,0.002082259231660516,0.001819653997946254,0.001357923762839106,0.002944759245790882,4.9519064411518615e+32,5.1569963423077597e+33,3.799507061410551e+33,1.6316807730698576e+34,3.051310785008381e+35,4.780442129916796e+34,4.608901544531928e-6
2023-12-01T21:30:48.441878,-0.321387,0.0,0.250124,1701466248441878,353.08757704452495,0.02555513754664045,353.08757704452495,353.08757704452495,353.08757704452495,0.02555513754664045,0.02555513754664045,0.02555513754664045,10.870115440666341,16.982146856887663,13.164765724369573,0.0021129996677157485,0.0010454369793111928,0.0016224335355453842,0.002988232787373455,0.0014784711547482497,0.0022944675100172135,8.498978928938673e+32,4.17857306702822e+33,1.700796955805713e+33,1.0384325591248345e+34,2.0856560347286764e+35,3.524755868557014e+34,5.459997767160313e-6
2023-12-01T21:30:57.568635,-0.305547,0.0,0.259964,1701466257568635,353.09123883424286,0.014788075025613256,353.09123883424286,353.09123883424286,353.09123883424286,0.014788075025613256,0.014788075025613256,0.014788075025613256,16.653543894750648,19.495229845985282,17.5864430441784,0.0010857454199963057,0.0007827871873004047,0.0009751760993270432,0.001535475898243248,0.0011070282567321207,0.0013791072653703972,3.639799937709735e+32,3.505935456343095e+33,9.023491773637007e+32,1.6843483005513195e+34,3.1212381112743082e+35,5.17629395237022e+34,1.8283782148955604e-6
2023-12-01T21:31:07.296795,-0.315358,0.0,0.235597,1701466267296795,353.368061651487,0.015115916616553388,353.368061651487,353.368061651487,353.368061651487,0.015115916616553388,0.015115916616553388,0.015115916616553388,16.033840473578586,21.778152048213922,16.77277468974204,0.001166039270600698,0.0006018629346264854,0.0010709432707545132,0.0016490285507431387,0.0008511627248384471,0.0015145424980332342,3.666253569681726e+32,1.908910020976169e+33,7.336260751570458e+32,1.4709792489737325e+34,2.874753839235327e+35,3.4894118208954285e+34,1.9125373745563915e-6
2023-12-01T21:31:16.430861,-0.304397,0.0,0.25329,1701466276430861,353.20437385046796,0.01125098327870131,353.20437385046796,353.20437385046796,353.20437385046796,0.01125098327870131,0.01125098327870131,0.01125098327870131,19.127441782095733,22.8125437136684,19.334335231027783,0.0008166446319907329,0.0005342911924667358,0.0007974224150345677,0.0011549099142004796,0.0007556018506429514,0.0011277255942821927,1.9516407925628754e+32,1.9548612586886525e+33,6.643835838948752e+32,1.5964086239830474e+34,3.735685539090353e+35,5.699705494554512e+34,1.0588386942042456e-6
2023-12-01T21:31:26.122328,-0.300228,0.0,0.246119,1701466286122328,353.35440840126773,0.015676804696740678,353.35440840126773,353.35440840126773,353.35440840126773,0.015676804696740678,0.015676804696740678,0.015676804696740678,17.642076906738083,20.710515341198224,15.106154119660612,0.0009689499741109563,0.0006805803937542318,0.0012974705075620176,0.0013703021946487738,0.0009624860231324559,0.0018349003885733087,2.3056656065740532e+32,2.253697683733096e+33,1.2454777743077312e+33,1.3396890632365663e+34,2.654282797886578e+35,4.0360021960709516e+34,2.0569889617903517e-6
2023-12-01T21:31:35.676274,-0.308721,0.0,0.221121,1701466295676274,353.65351282908256,0.012127930889545186,353.65351282908256,353.65351282908256,353.65351282908256,0.012127930889545186,0.012127930889545186,0.012127930889545186,21.566172826097976,23.619768148272158,16.464011212846998,0.0006167321086345305,0.0004868742358331083,0.0011096975830906213,0.00087219091238191,0.0006885441474852185,0.0015693493721394014,8.697886988483178e+31,1.0763573256125605e+33,7.095141035970585e+32,1.2474726798990069e+34,2.4770415171834828e+35,3.143128626102948e+34,1.2325558275040225e-6
2023-12-01T21:31:45.146846,-0.301684,0.0,0.197724,1701466305146846,354.07873964835267,0.00867169712164489,354.07873964835267,354.07873964835267,354.07873964835267,0.00867169712164489,0.00867169712164489,0.00867169712164489,22.816927690848836,26.741512823114356,19.99594833089456,0.0005340215909083683,0.00033988309133588197,0.0007389376315500248,0.0007552205764626712,0.0004806672773884977,0.0010450156202858982,7.3998653449241995e+31,6.2372920446660296e+32,4.56603950990752e+32,1.4155218777802237e+34,2.9454208822487826e+35,4.56178169521778e+34,6.311522657687336e-7
2023-12-01T21:31:55.412595,-0.301464,0.0,0.221887,1701466315412595,353.7122937879194,0.010161067299034899,353.7122937879194,353.7122937879194,353.7122937879194,0.010161067299034899,0.010161067299034899,0.010161067299034899,23.027155290650065,28.34405150593899,17.606881382558257,0.0005212516422375012,0.000282619826531558,0.0009728841581434248,0.0007371611418615226,0.0003996847916764608,0.0013758659710643624,6.867605199150216e+31,4.4519342857452304e+32,6.527008448035925e+32,1.378862148416736e+34,3.0405622256640637e+35,3.7618572636475295e+34,8.653872173669735e-7
2023-12-01T21:32:05.703264,-0.294211,0.0,0.253855,1701466325703264,353.29474283616116,0.020718766034563164,353.29474283616116,353.29474283616116,353.29474283616116,0.020718766034563164,0.020718766034563164,0.020718766034563164,12.692894978231115,16.705509149829727,16.266256064351662,0.0017130121837288714,0.0010792691003036153,0.0011352523186267663,0.002422565062739722,0.0015263169990995813,0.0016054892257174752,5.59316325068007e+32,4.3341635667687683e+33,7.413277564396976e+32,1.0397932488416976e+34,2.0298138527825284e+35,3.1378766503395614e+34,3.5920202396141204e-6
2023-12-01T21:32:14.553027,-0.299789,0.0,0.273553,1701466334553027,352.9395774456573,0.011890948384380656,352.9395774456573,352.9395774456573,352.9395774456573,0.011890948384380656,0.011890948384380656,0.011890948384380656,17.387332396758733,21.417868254334888,21.536859923185965,0.0009977886993670316,0.0006273527240137393,0.0006188169552586758,0.001411086311027467,0.0008872107306919355,0.0008751393307532441,2.603242653223896e+32,3.061429644246398e+33,3.6159299781695164e+32,1.4264215489080836e+34,4.24337202246404e+35,5.151171439617163e+34,1.18139210201842e-6
2023-12-01T21:32:23.506965,-0.29965,0.0,0.28703,1701466343506965,352.7349101730375,0.01858770152361331,352.7349101730375,352.7349101730375,352.7349101730375,0.01858770152361331,0.01858770152361331,0.01858770152361331,15.245450264358595,21.74883542653928,13.692145928700693,0.0012768288516250479,0.000603897774951892,0.0015268553823181256,0.001805708678797407,0.0008540404236239009,0.0021592995894566505,4.1714614351251944e+32,2.6845168371907995e+33,2.3665967703494408e+33,1.39583234992664e+34,4.015592873733988e+35,5.537820318061201e+34,2.8841811982985427e-6
2023-12-01T21:32:33.161335,-0.289818,0.0,0.305637,1701466353161335,352.54602900633455,0.014062565430135211,352.54602900633455,352.54602900633455,352.54602900633455,0.014062565430135211,0.014062565430135211,0.014062565430135211,17.559231251275087,22.01447286844256,16.670959931378743,0.0009782359932502022,0.0005857085413566903,0.0010835705780517068,0.0013834346088559516,0.0008283169627843943,0.0015324002072691783,2.4640448972432312e+32,2.2473518410397964e+33,1.2235761148648471e+33,1.4046617032143948e+34,3.573702178452164e+35,5.684954377594154e+34,1.6494169010184677e-6
2023-12-01T21:32:42.518154,-0.301972,0.0,0.316124,1701466362518154,352.267216265007,0.029428926806890986,352.267216265007,352.267216265007,352.267216265007,0.029428926806890986,0.029428926806890986,0.029428926806890986,15.535803875899333,20.95342978620371,7.894546261347872,0.0012348522772966564,0.0006618105887993802,0.002976308109858706,0.0017463448380802336,0.0009359415104022071,0.004209135294763214,3.373538684792641e+32,2.7702335910246734e+33,7.241220681126103e+33,1.2068855352448957e+34,3.450319953287329e+35,4.459297111485567e+34,7.214175578001616e-6
2023-12-01T21:32:52.110211,-0.302733,0.0,0.302105,1701466372110211,352.47433715305516,0.012292971389280411,352.47433715305516,352.47433715305516,352.47433715305516,0.012292971389280411,0.012292971389280411,0.012292971389280411,18.429933451466102,20.189994299098302,19.698486649303547,0.0008849292050267643,0.0007226125265592244,0.0007646820016877415,0.0012514788834888915,0.0010219284354007435,0.00108142365768941,2.020450164127097e+32,2.648789446758797e+33,4.692224768114145e+32,1.407477587310643e+34,2.767240258981147e+35,4.37751328285837e+34,1.2600047501031852e-6
2023-12-01T21:33:11.477322,-0.313219,0.0,0.335307,1701466391477322,351.86384435684874,0.015975539265721855,351.86384435684874,351.86384435684874,351.86384435684874,0.015975539265721855,0.015975539265721855,0.015975539265721855,16.398329194096142,19.548378845002073,16.13891713300051,0.0011181208373618272,0.0007780119336667148,0.0011520182102313858,0.0015812616525690579,0.001100275028279585,0.0016291997770100054,2.2117705329497804e+32,2.7791871282109486e+33,7.368862441037647e+32,9.651014922667232e+33,2.504699760093353e+35,3.028950406828728e+34,2.1217618217168402e-6
2023-12-01T21:34:45.251809,-0.304742,0.0,0.234559,1701466485251809,353.487049793258,0.017576733649822505,353.487049793258,353.487049793258,353.487049793258,0.017576733649822505,0.017576733649822505,0.017576733649822505,15.493855439631668,20.16021629945065,14.77853653169814,0.0012408304107945766,0.0007250941241679822,0.0013473436323830656,0.0017547991955506692,0.0010254379443954016,0.0019054316380931612,3.557666005500825e+32,1.8234636950341407e+33,8.634078023018897e+32,1.2605228362029398e+34,1.8919896266081882e+35,2.594595270263072e+34,2.5871709739858426e-6
2023-12-01T21:34:54.951677,-0.310085,0.0,0.214535,1701466494951677,353.7407680759653,0.020344190668094484,353.7407680759653,353.7407680759653,353.7407680759653,0.020344190668094484,0.020344190668094484,0.020344190668094484,14.746291599166664,17.786629327126768,13.446101657037053,0.0013523547190333481,0.0009529579433056992,0.0015707248619137911,0.0019125183847962174,0.001347686047794091,0.0022213404024750906,3.758211303592974e+32,2.656084093531836e+33,1.1607566689476955e+33,1.1210122395072552e+34,1.5955291890385463e+35,2.566559596631023e+34,3.469445813090195e-6
2023-12-01T21:35:03.982435,-0.323463,0.0,0.203966,1701466503982435,353.77213847662387,0.023370124212444936,353.77213847662387,353.77213847662387,353.77213847662387,0.023370124212444936,0.023370124212444936,0.023370124212444936,16.0833660823543,15.562927153041862,11.338145106585662,0.0011594096123628695,0.0012310022398278396,0.00200215614986215,0.001639652798149303,0.0017409000628761883,0.002831476381123752,2.9049278088558093e+32,5.541686787044331e+33,2.4043713290497334e+33,1.1788863857624136e+34,1.9949622926155445e+35,3.272020765722423e+34,4.578817608087604e-6
2023-12-01T21:35:13.768912,-0.313223,0.0,0.231756,1701466513768912,353.4474510269923,0.020459811326168427,353.4474510269923,353.4474510269923,353.4474510269923,0.020459811326168427,0.020459811326168427,0.020459811326168427,17.719112404686403,16.016428174383833,12.640575063799549,0.0009603943148773028,0.0011683791332846292,0.001723361742245056,0.0013582026653254984,0.0016523376162848448,0.0024372015487578846,2.5047648272972104e+32,7.777365516041676e+33,2.8157959619802024e+33,1.4814199762770606e+34,3.1079593335439453e+35,5.172002047913644e+34,3.504961822518333e-6
2023-12-01T21:35:23.002676,-0.295168,0.0,0.231849,1701466523002676,353.6214081765019,0.013845532289081372,353.6214081765019,353.6214081765019,353.6214081765019,0.013845532289081372,0.013845532289081372,0.013845532289081372,17.328787089824445,21.246388217753697,17.408350714772954,0.0010045367885868632,0.0006398612202566923,0.0009953771459800984,0.0014206295503222566,0.0009049004157236125,0.0014076758595212794,2.249165600468607e+32,2.4529586693330017e+33,8.290767089995111e+32,1.2159063921998867e+34,3.2683537217635113e+35,4.564884423614608e+34,1.6061948023681853e-6
2023-12-01T21:35:31.855279,-0.298111,0.0,0.222877,1701466531855279,353.72974482522136,0.012588051261612183,353.72974482522136,353.72974482522136,353.72974482522136,0.012588051261612183,0.012588051261612183,0.012588051261612183,15.88387206284596,23.189494148416998,22.273208885745216,0.0011863466210651169,0.0005115999500082469,0.0005685187028976851,0.0016777474811857833,0.0007235115878110603,0.0008040068601006666,3.399478470765634e+32,1.5433106998991494e+33,4.04214806164456e+32,1.3176482858245996e+34,3.216642398234586e+35,6.8223360222000225e+34,1.3282442198036848e-6
2023-12-01T21:35:41.386171,-0.322722,0.0,0.203403,1701466541386171,353.7879225603464,0.01760472582578689,353.7879225603464,353.7879225603464,353.7879225603464,0.01760472582578689,0.01760472582578689,0.01760472582578689,17.629846385842846,18.474236433719597,13.98149695536956,0.0009703153046402752,0.0008804270537960949,0.0014768294800159205,0.0013722330636004585,0.001245111880158624,0.0020885522799509205,2.470271184869582e+32,4.9013296849155433e+33,2.3493782305668768e+33,1.4312953852729062e+34,3.449352348186518e+35,5.876282088982518e+34,2.5984592670128774e-6
2023-12-01T21:35:51.255565,-0.293788,0.0,0.210136,1701466551255565,353.96607859048174,0.01511654698124772,353.96607859048174,353.96607859048174,353.96607859048174,0.01511654698124772,0.01511654698124772,0.01511654698124772,15.488955034013653,20.254703391298207,18.230732315749044,0.0012415306600679276,0.0007172491318028582,0.0009054585729147983,0.001755789497570084,0.0010143434497959297,0.0012805117939830959,2.936755637544295e+32,3.234730428914384e+33,8.222772415939283e+32,1.0393535757486752e+34,3.430113044199269e+35,5.471312263349345e+34,1.917133282817041e-6
2023-12-01T21:36:01.892746,-0.309325,0.0,0.173374,1701466561892746,354.375825068732,0.016316301777824296,354.375825068732,354.375825068732,354.375825068732,0.016316301777824296,0.016316301777824296,0.016316301777824296,15.503756837509135,17.55265796022488,18.019928578894483,0.0012394167437854433,0.0009789765810207058,0.0009277025959038505,0.0017527999684936735,0.0013844819581251254,0.0013119695929759525,2.6956182815645976e+32,5.213338633158108e+33,7.161490940403053e+32,9.572691802762042e+33,2.9674385309896755e+35,4.5393775424445655e+34,2.236787411606297e-6
2023-12-01T21:36:11.481809,-0.308618,0.0,0.165813,1701466571481809,354.4979048075784,0.014266426262929077,354.4979048075784,354.4979048075784,354.4979048075784,0.014266426262929077,0.014266426262929077,0.014266426262929077,17.11604446803213,21.55946342239982,16.85482688127937,0.0010294445941875896,0.0006172086865596425,0.0010608741243729985,0.0014558545068117563,0.0008728648953471312,0.0015003025746589762,1.5171282575616495e+32,1.9643029823036216e+33,7.681864270920061e+32,7.809563207519905e+33,2.8129034016930866e+35,3.7234825045722734e+34,1.7107710953539374e-6
2023-12-01T21:36:20.743085,-0.316809,0.0,0.16332,1701466580743085,354.45646788936386,0.012615645433248848,354.45646788936386,354.45646788936386,354.45646788936386,0.012615645433248848,0.012615645433248848,0.012615645433248848,18.392112157176857,24.065729413224002,17.35722807310477,0.0008887908868107229,0.0004625074472815342,0.0010012529234290578,0.0012569401262413349,0.000654084304644105,0.0014159854636790837,1.220144684689824e+32,9.810725131899471e+32,5.7252869384918425e+32,8.426021211214704e+33,2.501923633458265e+35,3.1154448285275785e+34,1.3375798639626047e-6
2023-12-01T21:36:31.476721,-0.296091,0.0,0.163769,1701466591476721,354.65049748356523,0.03399262061958268,354.65049748356523,354.65049748356523,354.65049748356523,0.03399262061958268,0.03399262061958268,0.03399262061958268,8.963248756897844,18.961199533608685,8.943799860685287,0.0026317386762518564,0.0008324252095416078,0.002637638101844036,0.0037218405285771917,0.0011772270209950075,0.003730183576259863,6.828106831453716e+32,2.694850288065061e+33,2.584370758934713e+33,5.378054303526497e+33,2.121556472044653e+35,2.0264449235200972e+34,9.717409963906447e-6
2023-12-01T21:36:40.891883,-0.309564,0.0,0.183557,1701466600891883,354.21828854550085,0.015616363081506698,354.21828854550085,354.21828854550085,354.21828854550085,0.015616363081506698,0.015616363081506698,0.015616363081506698,16.729037502965628,22.041091858079124,15.40269576654769,0.0010763495303189314,0.0005839163123054279,0.0012539216833834205,0.0015221881036309437,0.00082578236815322,0.0017733130507945353,2.060185757513394e+32,1.9610225521509918e+33,1.0362561238089828e+33,9.700857626838545e+33,3.137558080703285e+35,3.595312847876005e+34,2.04787077283551e-6
2023-12-01T21:36:50.312456,-0.31735,0.0,0.171957,1701466610312456,354.3195890980417,0.0346894245458148,354.3195890980417,354.3195890980417,354.3195890980417,0.0346894245458148,0.0346894245458148,0.0346894245458148,13.212590612421607,18.63401195974834,6.644764147048382,0.0016135248937658806,0.0008643797873719956,0.003436900770349894,0.002281868787990316,0.0012224176183426483,0.004860511681959358,4.3660903874178574e+32,4.639825856596422e+33,8.406684100108767e+33,9.148539836917112e+33,3.3876838735882234e+35,3.882407728596617e+34,0.000010108601269900765
2023-12-01T21:36:59.815566,-0.311568,0.0,0.167398,1701466619815566,354.4451465325666,0.020951568594577794,354.4451465325666,354.4451465325666,354.4451465325666,0.020951568594577794,0.020951568594577794,0.020951568594577794,12.71781855627208,16.636918294451853,15.806777848054141,0.001708103855529906,0.00108782562789302,0.0011969232644430392,0.002415623638432167,0.0015384177564633369,0.0016927051136952248,5.5337039028161174e+32,5.576209107398554e+33,9.573452936721206e+32,1.0346602698670037e+34,2.570578559271128e+35,3.645410091016965e+34,3.68907245262797e-6
2023-12-01T21:37:09.254685,-0.314856,0.0,0.167626,1701466629254685,354.40978649600237,0.018861965092102726,354.40978649600237,354.40978649600237,354.40978649600237,0.018861965092102726,0.018861965092102726,0.018861965092102726,15.022950599610487,20.00708740293627,13.89734010640476,0.0013099589028418342,0.000737990600882339,0.0014912078989132247,0.0018525616465503015,0.0010436763166716738,0.00210888643496097,2.5944186745120928e+32,3.0090816601194203e+33,1.693040063773278e+33,8.247743034505588e+33,3.0139962943923682e+35,4.1533759703444277e+34,2.9895489679376343e-6
2023-12-01T21:37:18.885530,-0.313882,0.0,0.141104,1701466638885530,354.82328273668486,0.022281725120910794,354.82328273668486,354.82328273668486,354.82328273668486,0.022281725120910794,0.022281725120910794,0.022281725120910794,10.804339300467964,19.92673016349954,16.654444994304097,0.00212906164280923,0.0007448497779185637,0.0010856327874386254,0.0030109478503891557,0.0010533766578630208,0.0015353166117526116,4.622423606197085e+32,2.445603516615562e+33,8.127650001511484e+32,5.562930990488708e+33,2.4046898294574776e+35,3.7619194556965386e+34,4.1775354798057535e-6
2023-12-01T21:37:28.619389,-0.311074,0.0,0.102572,1701466648619389,355.4370347692413,0.023312211540039766,355.4370347692413,355.4370347692413,355.4370347692413,0.023312211540039766,0.023312211540039766,0.023312211540039766,10.979336928333579,19.21248078839887,14.663674118109853,0.002086595922491735,0.0008086883028514576,0.001365279266253245,0.0029508922527802114,0.0011436579656250122,0.001930796454762127,4.753844382769469e+32,2.3057606202549978e+33,8.992126962246021e+32,5.956328666172674e+33,1.9233676027273704e+35,2.631660379041352e+34,4.581231193192603e-6
2023-12-01T21:37:37.951894,-0.317503,0.0,0.115605,1701466657951894,355.176432867593,0.029295421617384486,355.176432867593,355.176432867593,355.176432867593,0.029295421617384486,0.029295421617384486,0.029295421617384486,11.102555601061542,18.559505974797798,9.695332219865652,0.0020572042872940787,0.0008718261715233683,0.0024190151583110783,0.0029093262036633634,0.0012329483958001598,0.003421004044469627,3.1101425345699428e+32,2.8207096654851995e+33,2.4158492520018727e+33,4.008998122393833e+33,2.0244589928111922e+35,2.25217976917556e+34,7.229203126102002e-6
2023-12-01T21:37:48.601991,-0.327212,0.0,0.138946,1701466668601991,354.72695680319606,0.025788947445411912,354.72695680319606,354.72695680319606,354.72695680319606,0.025788947445411912,0.025788947445411912,0.025788947445411912,9.094633350702177,18.652732891637196,17.692356256566974,0.002592230004969375,0.0008625187726025164,0.000963357289559038,0.0036659668298181657,0.0012197857460158742,0.0013623929443053763,4.647843209105933e+32,2.3027380706628753e+33,4.36299138529416e+32,3.773243253079875e+33,1.688565183361263e+35,2.564602026671567e+34,5.594434866067874e-6
2023-12-01T21:37:58.122014,-0.315601,0.0,0.134433,1701466678122014,354.9082142158279,0.01620204227609917,354.9082142158279,354.9082142158279,354.9082142158279,0.01620204227609917,0.01620204227609917,0.01620204227609917,16.980194746291005,18.94691141763009,15.534036718687034,0.001045671962489484,0.0008337956593541389,0.001235103535394288,0.0014788034711459186,0.0011791651297064405,0.00174670017068956,1.4862619750207562e+32,2.9244380513040363e+33,1.073972613379752e+33,7.415062935123212e+33,2.2947404326575625e+35,3.8405805549927496e+34,2.2094171985585876e-6
2023-12-01T21:38:07.688630,-0.325817,0.0,0.107828,1701466687688630,355.2142788585188,0.017491043001057305,355.2142788585188,355.2142788585188,355.2142788585188,0.017491043001057305,0.017491043001057305,0.017491043001057305,13.965728498041196,18.07090303708762,18.195930466580016,0.0014795129671926123,0.0009222741771148126,0.0009090937614100218,0.0020923473039106528,0.001304292649502254,0.0012856527268548235,2.583890479916751e+32,3.2570389003594e+33,4.686220307341865e+32,6.439422958176807e+33,2.088878833765502e+35,3.093255176171045e+34,2.5773331632656765e-6
2023-12-01T21:38:17.034899,-0.336405,0.0,0.079778,1701466697034899,355.5385891252593,0.041731339015290546,355.5385891252593,355.5385891252593,355.5385891252593,0.041731339015290546,0.041731339015290546,0.041731339015290546,9.43348790948532,15.816327084677269,5.78988361361707,0.0024930489473182897,0.0011956080942806537,0.003792372774499912,0.003525703632957493,0.0016908451822147507,0.005363225011272259,5.199999877128459e+32,4.257491617724092e+33,4.885126024119301e+33,4.564068188935003e+33,1.6247498668616955e+35,1.8529518465947476e+34,0.000014684575353068272
2023-12-01T21:38:26.140047,-0.311643,0.0,0.119413,1701466706140047,355.1752299089174,0.01979219069506133,355.1752299089174,355.1752299089174,355.1752299089174,0.01979219069506133,0.01979219069506133,0.01979219069506133,12.542894091116622,18.242637810357238,16.976197944395217,0.0017428519482314752,0.000904218337531635,0.0010461532379331957,0.0024647648623973236,0.0012787578362836913,0.0014794840974056529,4.3540233355408794e+32,3.280543473606971e+33,8.553118633569626e+32,7.819521200213816e+33,2.188817631535594e+35,4.2632842551638935e+34,3.2997202084138882e-6
2023-12-01T21:38:35.597847,-0.324733,0.0,0.103177,1701466715597847,355.2955636291174,0.026028521732874992,355.2955636291174,355.2955636291174,355.2955636291174,0.026028521732874992,0.026028521732874992,0.026028521732874992,13.003000948362073,16.782460912570514,10.659559548602331,0.0016529326313474088,0.0010697496551663021,0.0021648470759449336,0.002337599744940553,0.0015128544706801263,0.003061556095265063,4.083013458012737e+32,4.526962753625301e+33,3.808931794916006e+33,8.152314137788843e+33,2.1580078121757742e+35,4.433626975737214e+34,5.708742313819214e-6
2023-12-01T21:38:44.848888,-0.33215,0.0,0.090968,1701466724848888,355.4095309969594,0.026297849652644634,355.4095309969594,355.4095309969594,355.4095309969594,0.026297849652644634,0.026297849652644634,0.026297849652644634,11.306930047269558,16.775377535036913,11.853247439838677,0.0020093643761703553,0.0010706223960767235,0.0018868736897749443,0.00284167035252947,0.001514088712712082,0.00266844236256469,3.692223793636737e+32,3.723522038307069e+33,2.170997389940179e+33,4.9886268676633403e+33,1.7721141042417273e+35,3.3264733259589476e+34,5.829379888245638e-6
2023-12-01T21:38:54.348529,-0.339813,0.0,0.073905,1701466734348529,355.5949431239529,0.02568875814387947,355.5949431239529,355.5949431239529,355.5949431239529,0.02568875814387947,0.02568875814387947,0.02568875814387947,10.438102177700973,13.882465853204895,16.63131689454293,0.0022207521534026325,0.001493763723054418,0.0010885273765685428,0.003140617814011259,0.002112500916124486,0.0015394101789576386,4.422000763163739e+32,5.0339560555484043e+33,7.644376698474501e+32,4.891353279024068e+33,1.2307107818654601e+35,3.5194416514497464e+34,5.565308024463346e-6
2023-12-01T21:39:05.083140,-0.332722,0.0,0.064948,1701466745083140,355.79981545979007,0.026836140451354833,355.79981545979007,355.79981545979007,355.79981545979007,0.026836140451354833,0.026836140451354833,0.026836140451354833,10.450541945041916,15.925839687443329,12.890756198329012,0.002217573910500548,0.0011806283740626062,0.001674431520680181,0.003136123099794615,0.0016696606587218335,0.0023680037658109178,4.853202619348459e+32,3.447484385930979e+33,1.573272345967101e+33,5.383721897798527e+33,1.3492308931945962e+35,3.0611141775319954e+34,6.076825549081165e-6
2023-12-01T21:39:15.266072,-0.337883,0.0,0.040513,1701466755266072,356.12141869019797,0.024706469585097302,356.12141869019797,356.12141869019797,356.12141869019797,0.024706469585097302,0.024706469585097302,0.024706469585097302,10.649713025738386,17.750466290360624,14.106572499508372,0.0021673025875805427,0.0009569337815776519,0.0014557157331422546,0.0030650287131227063,0.0013533087322000884,0.0020586929327696697,4.503960882653563e+32,2.6327607734990464e+33,1.1728491446143404e+33,5.23077347208996e+33,1.5684043120746799e+35,3.019252297128728e+34,5.154687376117142e-6
2023-12-01T21:39:24.806859,-0.31815,0.0,0.052259,1701466764806859,356.13374691648767,0.034488822991012066,356.13374691648767,356.13374691648767,356.13374691648767,0.034488822991012066,0.034488822991012066,0.034488822991012066,6.531812890996847,15.487267309650674,15.900667455554458,0.003481886067408726,0.0012417719209190346,0.0011840548689731412,0.004924130499167342,0.0017561306919377892,0.0016745064542957144,9.978566827697737e+32,4.143773221081475e+33,8.076971457199902e+32,4.490032238888318e+33,1.4659619918130737e+35,3.1427895014658103e+34,0.000010045009348491305
2023-12-01T21:39:34.543471,-0.324837,0.0,0.03451,1701466774543471,356.33885535050405,0.03235788636188521,356.33885535050405,356.33885535050405,356.33885535050405,0.03235788636188521,0.03235788636188521,0.03235788636188521,9.349209479886785,14.539218660325142,10.36618173003123,0.0025173565202413943,0.0013849824422244225,0.0022392166477435554,0.003560079732253721,0.0019586609534423902,0.0031667305523305537,5.6336586307893934e+32,5.686319111591188e+33,2.634193169223206e+33,4.8496620479029845e+33,1.6171603860714961e+35,2.8659314098478624e+34,8.846234273869116e-6
2023-12-01T21:39:44.776852,-0.317895,0.0,0.047315,1701466784776852,356.21136902781564,0.029897718461724187,356.21136902781564,356.21136902781564,356.21136902781564,0.029897718461724187,0.029897718461724187,0.029897718461724187,9.114656296149803,13.035287550306231,14.525282740623911,0.002586261209285381,0.0016467998670901221,0.0013872063360068944,0.0036575256780108276,0.002328926706553061,0.001961806014190839,5.011351925323963e+32,6.263120873438764e+33,9.88382113892258e+32,4.087149578848152e+33,1.259852053986733e+35,2.801903358015111e+34,7.550025509039999e-6
2023-12-01T21:40:03.843616,-0.319102,0.0,0.066008,1701466803843616,355.9154961915141,0.03584408051133371,355.9154961915141,355.9154961915141,355.9154961915141,0.03584408051133371,0.03584408051133371,0.03584408051133371,6.866201595728598,12.935289959390744,13.815274063284884,0.0033503881273158798,0.0016658684487874517,0.0015053639020115896,0.004738164328863913,0.002355893753404644,0.002128906046531673,8.557315774486461e+32,6.429136616627743e+33,1.3532249641807564e+33,4.158701200964955e+33,1.263809601190896e+35,3.2575973823808135e+34,0.000010844225846536186
2023-12-01T21:40:14.621371,-0.314055,0.0,0.055636,1701466814621371,356.12202339182875,0.030940795946523183,356.12202339182875,356.12202339182875,356.12202339182875,0.030940795946523183,0.030940795946523183,0.030940795946523183,11.866294618367574,9.682832276297844,13.040982991600867,0.0018840415219266535,0.0024224988913816668,0.0016457203947520989,0.0026644370723827204,0.003425930787025741,0.002327400102132422,5.6835585229872414e+32,1.2608999986567622e+34,1.5204543378043788e+33,8.734736296446705e+33,1.1720978569662023e+35,3.0624688582843332e+34,8.084339301861405e-6
2023-12-01T21:40:24.001331,-0.340916,0.0,0.10302,1701466824001331,355.14121440843815,0.023961534410257196,355.14121440843815,355.14121440843815,355.14121440843815,0.023961534410257196,0.023961534410257196,0.023961534410257196,12.718365139281573,14.357391004153225,13.68269008084225,0.0017079963718742179,0.0014142808164943651,0.0015285184904649143,0.0024154716335885594,0.002000095111690426,0.0021616515795535324,4.681383505970954e+32,6.398951411705919e+33,1.7431436588979266e+33,8.754084503732809e+33,1.7452108845160048e+35,4.0700729040972435e+34,4.835873739955066e-6
2023-12-01T21:40:33.366936,-0.327611,0.0,0.107364,1701466833366936,355.2039653856045,0.02164375337468619,355.2039653856045,355.2039653856045,355.2039653856045,0.02164375337468619,0.02164375337468619,0.02164375337468619,13.77873581598746,16.143291411936342,13.735014537531956,0.0015117097355828617,0.0011514381913142807,0.0015193382583403561,0.0021378804104327286,0.0016283795063910024,0.002148668770777249,2.9114749968321316e+32,4.029038161487095e+33,1.4316168944078597e+33,6.950029474871837e+33,1.6577938419496305e+35,3.3832046463375293e+34,3.946309984219876e-6
2023-12-01T21:40:43.226347,-0.33048,0.0,0.096689,1701466843226347,355.3386455089918,0.03764826767035347,355.3386455089918,355.3386455089918,355.3386455089918,0.03764826767035347,0.03764826767035347,0.03764826767035347,16.619339241485452,16.405101019469647,5.470103021429596,0.0010900294676034175,0.0011172494507163595,0.003934595126775236,0.0015415344564710773,0.0015800293257569665,0.005564357790732627,2.1014256829485467e+32,4.4438281769537373e+33,8.259444402899812e+33,9.648236932049562e+33,1.9420810933406094e+35,2.9104566583325226e+34,0.000011944966258008821
2023-12-01T21:43:06.314180,-0.364791,0.0,0.244018,1701466986314180,352.7587621024431,0.02795097412708936,352.7587621024431,352.7587621024431,352.7587621024431,0.02795097412708936,0.02795097412708936,0.02795097412708936,13.734651987528393,18.684055458039325,9.083755522991137,0.0015194016770124863,0.0008594140074235472,0.0025954784339495716,0.002148758458323483,0.0012153949449917923,0.003670560802138366,1.637806051663612e+32,2.066731593397379e+33,4.3553813341468217e+33,3.8701488631919195e+33,1.5264747477836284e+35,3.526969774314999e+34,6.522454795574318e-6
2023-12-01T21:43:16.401491,-0.367959,0.0,0.253132,1701466996401491,352.5885599480424,0.029494558890167433,352.5885599480424,352.5885599480424,352.5885599480424,0.029494558890167433,0.029494558890167433,0.029494558890167433,8.709345600124893,13.750575869752504,16.42467650258132,0.0027098042575264994,0.0015166187025891069,0.0011147343288284955,0.003832241932370331,0.0021448227381502026,0.001576472406272128,3.0798887553391408e+32,5.31773793560655e+33,7.6334606157512e+32,2.2880714926131325e+33,1.2612016142829614e+35,3.351113362131382e+34,7.25720268468035e-6
2023-12-01T21:43:25.970804,-0.369483,0.0,0.278933,1701467005970804,352.17890089126854,0.02468755291873452,352.17890089126854,352.17890089126854,352.17890089126854,0.02468755291873452,0.02468755291873452,0.02468755291873452,12.87422248104608,15.614945149251167,12.182539255469713,0.0016776218609045749,0.0012236520534097655,0.0018166791758893307,0.00237251558822484,0.0017305053295577774,0.0025691723290234693,2.7120053278537914e+32,6.738192028643632e+33,3.143589783875022e+33,5.256695085322974e+33,2.4549231340625825e+35,5.196127442977045e+34,5.074708456072535e-6
2023-12-01T21:43:35.845356,-0.351477,0.0,0.273288,1701467015845356,352.4406638685567,0.02895721951944567,352.4406638685567,352.4406638685567,352.4406638685567,0.02895721951944567,0.02895721951944567,0.02895721951944567,8.564628637208711,15.351006116292993,16.219767883899717,0.0027553309396169882,0.0012614060074036715,0.001141344647815948,0.0038966263836325483,0.001783897483329169,0.0016141050802832577,4.3558446917403716e+32,5.777684497165537e+33,1.0951624510314271e+33,3.1299345077051394e+33,1.9808629735665048e+35,4.586224747345397e+34,6.990440871615212e-6
2023-12-01T21:43:46.382358,-0.350385,0.0,0.289399,1701467026382358,352.20472590374777,0.025974452111110036,352.20472590374777,352.20472590374777,352.20472590374777,0.025974452111110036,0.025974452111110036,0.025974452111110036,10.682560668048875,14.259556608818125,15.013285419308819,0.0021591219243781573,0.0014303007631078183,0.0013114173643640579,0.003053459508272686,0.0020227507374596643,0.0018546242226152297,2.8577555141089315e+32,8.178972845049002e+33,1.3724893189203897e+33,3.3441144943633044e+33,2.1809937808320508e+35,4.3534896396394735e+34,5.618255507221878e-6
2023-12-01T21:43:56.209002,-0.365343,0.0,0.281241,1701467036209002,352.1838989049663,0.028012198585669678,352.1838989049663,352.1838989049663,352.1838989049663,0.028012198585669678,0.028012198585669678,0.028012198585669678,9.567462554949097,15.142195112924915,14.136489195973931,0.002454890204863986,0.0012920979729027751,0.0014507104551719015,0.003471739021855515,0.0018273024771938886,0.002051614400780549,3.444011685390197e+32,6.62130676199054e+33,1.327980336788836e+33,3.1175316541474934e+33,2.1635314880069226e+35,3.442235380676246e+34,6.533709276174446e-6
2023-12-01T21:44:05.504399,-0.355054,0.0,0.301456,1701467045504399,351.97459851327403,0.04661102606333924,351.97459851327403,351.97459851327403,351.97459851327403,0.04661102606333924,0.04661102606333924,0.04661102606333924,6.715317292978349,11.911102573926822,6.586229041855239,0.003409096824421366,0.001874347330874401,0.003460140618663159,0.004821190964539746,0.002650727415920389,0.004893377790631472,7.068473554510767e+32,1.2057751110790865e+34,5.157015590852463e+33,3.3178547298383715e+33,1.8723048942402234e+35,2.349748324334421e+34,0.000018071794783972336
2023-12-01T22:15:18.086056,-0.075451,0.0,-1.207745,1701468918086056,17.878907109048892,0.03182565097445201,17.878907109048892,17.878907109048892,17.878907109048892,0.03182565097445201,0.03182565097445201,0.03182565097445201,10.50937717966959,9.385740481699926,20.05471911691926,0.0022026035852636735,0.0025067912880200665,0.0007339546814825564,0.003114951862811491,0.003545138237556698,0.0010379686647198564,5.9281340456066775e+32,7.138308490582117e+33,5.969224700282943e+32,6.665853017628789e+33,6.196826840994043e+34,6.0449099981593e+34,7.782769726653236e-6
2023-12-01T22:15:27.597099,-0.097702,0.0,-1.170429,1701468927597099,17.060400002381154,0.024982609177001652,17.060400002381154,17.060400002381154,17.060400002381154,0.024982609177001652,0.024982609177001652,0.024982609177001652,13.706298094229227,12.031641709999949,15.555768074539966,0.0015243696592604013,0.0018485155798481359,0.0012320172739686988,0.0021557842461961134,0.0026141958032792,0.001742335537924463,3.946284039782049e+32,4.5467385850534285e+33,2.802221710750327e+33,9.264418187085012e+33,7.258788727857835e+34,1.0071155486036382e+35,4.839052846914817e-6
2023-12-01T22:15:36.882020,-0.061308,0.0,-1.157928,1701468936882020,17.229573255413676,0.030769806054758517,17.229573255413676,17.229573255413676,17.229573255413676,0.030769806054758517,0.030769806054758517,0.030769806054758517,9.719126789545655,11.534398066159708,16.097862871584493,0.0024123974532207822,0.0019574257513664214,0.0011574761663712889,0.0034116451961791446,0.0027682180449207392,0.0016369184926058938,5.754359975368762e+32,5.625583801040225e+33,2.7909818679145794e+33,5.393984641172968e+33,8.00953687408497e+34,1.1364316021751333e+35,7.327285413424061e-6
2023-12-01T22:15:46.437025,-0.086352,0.0,-1.144954,1701468946437025,16.771036303894014,0.02591819261306073,16.771036303894014,16.771036303894014,16.771036303894014,0.02591819261306073,0.02591819261306073,0.02591819261306073,9.50045729731687,16.106489583381457,21.579716261043053,0.0024739011126714686,0.0011563271468966365,0.0006157712211503372,0.0034986245055098814,0.0016352935336814097,0.0008708320122698493,9.682420125734908e+32,2.6025159618848716e+33,8.102422393201266e+32,8.630374721725765e+33,1.0617991177906176e+35,1.1656992205010431e+35,5.224302255149483e-6
2023-12-01T22:15:56.128186,-0.077814,0.0,-1.13602,1701468956128186,16.715585728670614,0.030519540218238682,16.715585728670614,16.715585728670614,16.715585728670614,0.030519540218238682,0.030519540218238682,0.030519540218238682,8.568126519958694,12.932136374972922,20.297778669181152,0.0027542215674503374,0.0016664733851615512,0.000713700937655827,0.0038950574944687515,0.0023567492626292686,0.0010093255455112652,1.101676819484351e+33,4.128099993886585e+33,1.2308127725973106e+33,7.922584199631338e+33,8.108935501372079e+34,1.318165258925223e+35,7.248159342980801e-6
2023-12-01T22:16:05.973756,-0.065159,0.0,-1.102685,1701468965973756,16.315618943911286,0.037905130371792335,16.315618943911286,16.315618943911286,16.315618943911286,0.037905130371792335,0.037905130371792335,0.037905130371792335,7.4062076756894255,10.28884315589783,14.758462526800011,0.003148435618830723,0.0022592435079885004,0.0013504610862817774,0.0044525603524089375,0.0031950528097007052,0.0019098403836767923,7.800566394312207e+32,5.368977335833695e+33,3.580276121036581e+33,4.29286177811828e+33,5.738202710305287e+34,1.0709341673726821e+35,0.000011227048813247694
2023-12-01T22:16:15.546379,-0.00409,0.0,-1.073812,1701468975546379,16.473529126975464,0.01954538096219634,16.473529126975464,16.473529126975464,16.473529126975464,0.01954538096219634,0.01954538096219634,0.01954538096219634,14.836688394649176,14.122959087363471,19.824108837579693,0.00133835332141127,0.0014529720042324482,0.0007537021582867509,0.0018927174183868962,0.0020548127141339465,0.0010658958142389964,4.731130618952626e+32,3.5575287699091855e+33,1.1033457258591303e+33,1.4408997893091108e+34,9.192726296662456e+34,1.0595525492930812e+35,2.9802561342812945e-6
2023-12-01T22:16:26.648875,-0.074507,0.0,-1.0683,1701468986648875,15.679214241447449,0.024619647656782557,15.679214241447449,15.679214241447449,15.679214241447449,0.024619647656782557,0.024619647656782557,0.024619647656782557,12.870866866828429,11.876534639305024,18.381392107496286,0.0016782701006997165,0.0018818216852012843,0.0008898885020112469,0.0023734323377347993,0.0026612977491794493,0.0012584923885441829,4.97132172507398e+32,4.5316111741765304e+33,1.4638426386152344e+33,9.62849826808814e+33,6.980814584000466e+34,1.0084017805107508e+35,4.766496621205506e-6
2023-12-01T22:16:37.078828,-0.062797,0.0,-1.052896,1701468997078828,15.553972999313423,0.025987295613704733,15.553972999313423,15.553972999313423,15.553972999313423,0.025987295613704733,0.025987295613704733,0.025987295613704733,13.490460546949286,10.493593542506591,19.142046368373773,0.0015627236093379586,0.0022066097036047717,0.0008152726670930001,0.0022100249225663754,0.0031206173697019435,0.001152969662835006,9.452346290386758e+32,7.95040476236645e+33,1.6139584721395768e+33,2.1114737105277955e+34,8.907351563761255e+34,1.3246373388868857e+35,5.3172673232892855e-6
2023-12-01T22:16:46.562211,-0.051035,0.0,-1.036281,1701469006562211,15.410274935237792,0.028704378888316322,15.410274935237792,15.410274935237792,15.410274935237792,0.028704378888316322,0.028704378888316322,0.028704378888316322,9.713620166941984,12.85856643135704,16.982599274679888,0.0024139273338307328,0.0016806484497059629,0.00104538252755182,0.0034138087740865483,0.002376795831155489,0.0014783941483316498,1.2041530702986348e+33,5.083599156211243e+33,2.6577496219660314e+33,1.127310920302141e+34,9.818111097434534e+34,1.326703859424119e+35,6.4962993422832244e-6
2023-12-01T22:16:55.698789,-0.08705,0.0,-1.027698,1701469015698789,14.915252423017423,0.03232132644647889,14.915252423017423,14.915252423017423,14.915252423017423,0.03232132644647889,0.03232132644647889,0.03232132644647889,10.948052000573076,10.27955911914918,12.725550181001939,0.002094124996425798,0.0022616596235830763,0.0017065840869686037,0.0029615399712498726,0.003198469713142816,0.002413474361121105,9.21259802881859e+32,8.065502388958628e+33,6.23686121108075e+33,1.1460071366354754e+34,8.601760298332097e+34,1.1682104798105651e+35,8.275261999663836e-6
2023-12-01T22:17:04.928261,-0.057304,0.0,-1.004334,1701469024928261,14.845645235262749,0.025951788538406226,14.845645235262749,14.845645235262749,14.845645235262749,0.025951788538406226,0.025951788538406226,0.025951788538406226,12.01120188523552,11.843528732941262,17.340675070650562,0.0018528706692262059,0.0018889861084427605,0.0010031628653470244,0.0026203548297430135,0.002671429773694126,0.001418686529442817,7.32226824868295e+32,6.906180655670992e+33,2.4439389379312444e+33,1.1634984889080298e+34,1.0558222452604609e+35,1.3248229959372553e+35,5.338489312786496e-6
2023-12-01T22:17:14.190419,-0.075744,0.0,-1.003005,1701469034190419,14.640765023498293,0.024243386812523127,14.640765023498293,14.640765023498293,14.640765023498293,0.024243386812523127,0.024243386812523127,0.024243386812523127,13.860847339428785,12.449744432095711,15.17893732983824,0.0014974862170850068,0.0017616433112021973,0.0012866438080134039,0.0021177653176683974,0.0024913398627659945,0.0018195891232359205,1.193058819178781e+33,5.849487112720881e+33,3.437060180672731e+33,2.9023286527965137e+34,1.0282346425197493e+35,1.1326112456390047e+35,4.6675362766414924e-6
2023-12-01T22:17:24.153889,-0.124527,0.0,-0.994054,1701469044153889,14.014686491108568,0.030145738575368744,14.014686491108568,14.014686491108568,14.014686491108568,0.030145738575368744,0.030145738575368744,0.030145738575368744,9.064364579051214,11.835267009073023,20.0098336783141,0.002601279221128877,0.00189078370278328,0.0007377573023794956,0.0036787643540397794,0.002673971955990134,0.0010433463827648711,1.2903490344799104e+33,5.962415276458802e+33,1.0016419512391308e+33,1.0402642150970016e+34,9.098062623953797e+34,1.0039125268479055e+35,7.257334956134653e-6
2023-12-01T22:17:33.768873,-0.107724,0.0,-0.989182,1701469053768873,14.10569458676419,0.032960109772814876,14.10569458676419,14.10569458676419,14.10569458676419,0.032960109772814876,0.032960109772814876,0.032960109772814876,8.474043975465884,10.992295375401106,17.77592098625703,0.0027842164944304223,0.00208348525861725,0.0009541335156233512,0.003937476727006378,0.0029464931097409304,0.0013493485581092647,1.444853668025279e+33,8.492481775950577e+33,1.6259463761678907e+33,1.0167829669888003e+34,1.0672450793758323e+35,9.743125957125232e+34,8.668762050913065e-6
2023-12-01T22:17:43.059361,-0.104267,0.0,-0.963988,1701469063059361,13.746370007862035,0.03539778245556599,13.746370007862035,13.746370007862035,13.746370007862035,0.03539778245556599,0.03539778245556599,0.03539778245556599,9.189319579727258,8.718913527687862,16.788602588435765,0.0025641251698601208,0.002706820920513349,0.0010689935169166805,0.003626220590838399,0.003828022856705204,0.0015117851297124824,1.8715685976681174e+33,8.483577410332221e+33,2.083689238926953e+33,1.5528793245954876e+34,6.316410979564013e+34,9.947024959477164e+34,0.00001002957634776588
2023-12-01T22:17:53.321883,-0.088264,0.0,-0.936732,1701469073321883,13.479937245814948,0.02973679479449208,13.479937245814948,13.479937245814948,13.479937245814948,0.02973679479449208,0.02973679479449208,0.02973679479449208,13.169658574479545,12.65751243108497,10.332268551448252,0.0016215198595739108,0.0017200044845299025,0.002247976532838437,0.0022931753770667413,0.0024324536693647327,0.003179118900636565,7.8485692874021e+32,4.688669301794292e+33,7.071561608134236e+33,1.6283822285677573e+34,8.645713613074785e+34,7.6338247302149135e+34,7.094093715991928e-6
2023-12-01T22:18:03.518668,-0.08248,0.0,-0.946426,1701469083518668,13.688634033977678,0.021533244778748586,13.688634033977678,13.688634033977678,13.688634033977678,0.021533244778748586,0.021533244778748586,0.021533244778748586,15.933506514238406,12.70338756140723,16.394717077895564,0.0011795867214561592,0.0017109441087636958,0.0011185859160653463,0.0016681875394785148,0.0024196403630759667,0.0015819193731791453,5.4572359828039506e+32,5.1651654801770966e+33,2.0248237658960644e+33,2.139554657095551e+34,9.625493299561516e+34,8.827931150142981e+34,3.713326018912425e-6
2023-12-01T22:18:13.565570,-0.10328,0.0,-0.946692,1701469093565570,13.486249104676078,0.023330426492183826,13.486249104676078,13.486249104676078,13.486249104676078,0.023330426492183826,0.023330426492183826,0.023330426492183826,13.751951840881528,13.706428818047778,14.520015762202714,0.0015163784671782749,0.0015243467174626672,0.0013880477698524814,0.0021444829939740416,0.0021557518015946123,0.0019629959813471077,7.625604324112129e+32,4.583423248546633e+33,3.1042007261851026e+33,1.8091286487356945e+34,1.0760509743952395e+35,8.78924098892412e+34,4.36647545476906e-6
2023-12-01T22:18:22.773348,-0.102287,0.0,-0.904149,1701469102773348,12.833417438631782,0.02132029658365695,12.833417438631782,12.833417438631782,12.833417438631782,0.02132029658365695,0.02132029658365695,0.02132029658365695,14.54826732968277,13.054215033863008,17.900735128142003,0.00138354036511598,0.0016432152209321898,0.000940520886172416,0.001956621548437643,0.0023238572513402046,0.0013300973929201926,4.912485558781287e+32,5.613544726030125e+33,1.6915894819180445e+33,1.3999999483616314e+34,1.1341191680538036e+35,1.043202187131136e+35,3.6659464943566875e-6
2023-12-01T22:18:32.116838,-0.075869,0.0,-0.885801,1701469112116838,12.80950748771989,0.02539313574821046,12.80950748771989,12.80950748771989,12.80950748771989,0.02539313574821046,0.02539313574821046,0.02539313574821046,12.153272805371687,11.942708795331654,17.404475566540683,0.0018228106633609079,0.0018675393484287495,0.0009958213255305255,0.002577843561763294,0.0026410994748133506,0.001408304024265622,1.3184844829380366e+33,6.048433072405808e+33,2.1106346821487143e+33,2.1647228605965235e+34,9.4604927875738e+34,1.1610759433429501e+35,5.201334696515522e-6
2023-12-01T22:18:41.817204,-0.106942,0.0,-0.894887,1701469121817204,12.643329340976713,0.02575936666146839,12.643329340976713,12.643329340976713,12.643329340976713,0.02575936666146839,0.02575936666146839,0.02575936666146839,14.12570056736714,11.211101647897204,14.811093222100975,0.0014525134829623263,0.0020316557347596726,0.0013423029346706747,0.0020541642671351034,0.002873195094170205,0.0018983030150244748,8.051557595479453e+32,5.93233093288934e+33,2.93256907845468e+33,2.081852520728703e+34,7.840351523333999e+34,8.878867462421076e+34,5.359465074129812e-6
2023-12-01T22:18:51.075576,-0.088605,0.0,-0.86023,1701469131075576,12.286236925540805,0.032434113330605516,12.286236925540805,12.286236925540805,12.286236925540805,0.032434113330605516,0.032434113330605516,0.032434113330605516,8.211234485445424,12.245235676388958,16.255831168569664,0.0028697461143330394,0.0018036132493295214,0.001136615678354025,0.004058433875457275,0.002550694318477616,0.0016074173075341577,1.7540374098486016e+33,5.93293319067794e+33,3.396265499841881e+33,1.161882740050575e+34,9.949311436892485e+34,1.434117549354245e+35,8.520239142777834e-6
2023-12-01T22:19:00.565799,-0.077232,0.0,-0.86156,1701469140565799,12.419257857880138,0.0441309833205597,12.419257857880138,12.419257857880138,12.419257857880138,0.0441309833205597,0.0441309833205597,0.0441309833205597,5.589227714287958,9.436948889724468,13.631516932535863,0.003881001540046084,0.002492055764731984,0.0015375503772138432,0.005488565013524041,0.003524299060674027,0.0021744245962876853,3.8047929941464505e+33,6.841936344732985e+33,4.189600427386042e+33,1.3780145548355767e+34,6.009992337545555e+34,9.66772522517471e+34,0.000015757717367229616
2023-12-01T22:19:10.243985,-0.082993,0.0,-0.854311,1701469150243985,12.249793955126679,0.046510730964628724,12.249793955126679,12.249793955126679,12.249793955126679,0.046510730964628724,0.046510730964628724,0.046510730964628724,8.941256333019888,11.545867735641067,5.463146036951951,0.002638410606234276,0.0019548426872668923,0.003937747812739894,0.0037312760624455335,0.002764565040638706,0.005568816361981748,1.7971724022173057e+33,7.36812021056187e+33,2.0607116215323883e+34,1.4083654880309604e+34,1.0518249692483148e+35,7.24989679104714e+34,0.000017525652197192122
2023-12-01T22:19:19.429769,-0.091592,0.0,-0.824796,1701469159429769,11.70731804260916,0.027271729740439635,11.70731804260916,11.70731804260916,11.70731804260916,0.027271729740439635,0.027271729740439635,0.027271729740439635,9.980508002627975,13.211938091238181,17.407154684825045,0.0023408835010211206,0.0016136461132109426,0.0009955142168955999,0.0033105091950794818,0.002282040218173546,0.0014078697070689884,1.3650961304278916e+33,6.65604046216791e+33,3.0453845379468147e+33,1.3589830370025328e+34,1.3944718848250244e+35,1.676322625940462e+35,6.04975860004996e-6
2023-12-01T22:19:29.745620,-0.073385,0.0,-0.815991,1701469169745620,11.750396527383716,0.032108273487926116,11.750396527383716,11.750396527383716,11.750396527383716,0.032108273487926116,0.032108273487926116,0.032108273487926116,9.483030701765747,11.085952274361304,13.980074268768393,0.0024788695099884524,0.0020611404530304776,0.0014770713939337957,0.003505650880378818,0.002914892782631527,0.0020888943978945064,1.8752684258345037e+33,9.10567698796574e+33,4.2039964792399656e+33,1.664817036915695e+34,1.1692502398023691e+35,1.0511622855348307e+35,8.383222611631066e-6
2023-12-01T22:19:39.356004,-0.07963,0.0,-0.814739,1701469179356004,11.669447357979724,0.026187268207286778,11.669447357979724,11.669447357979724,11.669447357979724,0.026187268207286778,0.026187268207286778,0.026187268207286778,11.942333550987962,11.245737113338388,18.4098643141515,0.0018676200308624469,0.0020235705259467355,0.000886976237587489,0.002641213577005331,0.0028617608822123306,0.0012543738246988876,1.4210156336260636e+33,1.1507592918850503e+34,1.7342656944545588e+33,2.222451084445152e+34,1.5330566440522652e+35,1.2025470154757199e+35,5.579712732802568e-6
2023-12-01T22:19:48.667126,-0.07335,0.0,-0.789628,1701469188667126,11.342622094980888,0.0280106781846526,11.342622094980888,11.342622094980888,11.342622094980888,0.0280106781846526,0.0280106781846526,0.0280106781846526,8.952105568395735,14.072010512936352,20.2242296723195,0.0026351171188371382,0.0014615197050559829,0.0007197699600010382,0.003726618367900996,0.0020669009885656967,0.0010179084392222084,2.3172949156431003e+33,9.632500769745342e+33,1.4849281555324938e+33,1.820504956126818e+34,2.4600283025891494e+35,1.5636098915585045e+35,6.398633915716909e-6
2023-12-01T22:19:58.598314,-0.100462,0.0,-0.780873,1701469198598314,10.940576309761562,0.03033255079105752,10.940576309761562,10.940576309761562,10.940576309761562,0.03033255079105752,0.03033255079105752,0.03033255079105752,11.439018555414847,9.39761860657841,16.94308469385174,0.0019790386367651964,0.002503365544560066,0.0010501491038421044,0.0027987832805737023,0.003540293504694354,0.001485135105167456,1.6725909760801538e+33,1.30791190379564e+34,2.2801246196467512e+33,2.3296549680481194e+34,1.1385191847154244e+35,1.1278907976148028e+35,7.524164077200225e-6
2023-12-01T22:20:07.921000,-0.082362,0.0,-0.757232,1701469207921000,10.75335341366105,0.03339126849819325,10.75335341366105,10.75335341366105,10.75335341366105,0.03339126849819325,0.03339126849819325,0.03339126849819325,9.15905548347667,10.080498745680542,15.016306782960127,0.0025730748898228346,0.0023140900953954936,0.0013109612706455071,0.00363887740618911,0.0032726175974615566,0.0018539792086927419,2.142958492625234e+33,1.2717441834882907e+34,2.962005683037694e+33,1.7657097191142344e+34,1.2955364445377736e+35,9.401920308266492e+34,9.129564540917866e-6
2023-12-01T22:20:17.145728,-0.075755,0.0,-0.734706,1701469217145728,10.470624645759372,0.03455360774195104,10.470624645759372,10.470624645759372,10.470624645759372,0.03455360774195104,0.03455360774195104,0.03455360774195104,8.671072744087281,10.716741018863399,13.122269198873944,0.0027217708818841235,0.0021506421333915768,0.0016303908931841475,0.003849165294832707,0.0030414672728533753,0.0023057209131106056,2.328765925076445e+33,8.575420155504047e+33,3.871324922948599e+33,1.7148775393849018e+34,1.0114152777953374e+35,7.944865390414187e+34,9.79431518931277e-6
2023-12-01T22:20:26.790037,-0.06049,0.0,-0.720104,1701469226790037,10.39523643104607,0.05313474829184617,10.39523643104607,10.39523643104607,10.39523643104607,0.05313474829184617,0.05313474829184617,0.05313474829184617,2.7957968334184757,10.824444298591374,15.358646540515856,0.005353223294465121,0.002124139259406822,0.0012602969167022744,0.007570600985444156,0.00300398654902227,0.0017823289922173514,5.922107242552758e+33,1.1393052063186252e+34,2.632085926678422e+33,1.1273426846676704e+34,1.3774774940554225e+35,9.039922705817084e+34,0.000023171543701337752
2023-12-01T22:20:36.554540,-0.050605,0.0,-0.677431,1701469236554540,9.834688832407725,0.031616001366632666,9.834688832407725,9.834688832407725,9.834688832407725,0.031616001366632666,0.031616001366632666,0.031616001366632666,12.028806570702034,9.368035631093338,13.185559165072519,0.0018491190476324075,0.002511906207869493,0.0016185541831375664,0.002615049235604172,0.0035523718265782077,0.002288981277228853,1.1944237122870326e+33,1.2683858143192157e+34,3.732239539023812e+33,1.9056321609674175e+34,1.0966169121144402e+35,7.771868181831345e+34,8.232421128801595e-6
2023-12-01T22:20:45.969007,-0.043314,0.0,-0.676802,1701469245969007,9.896432007127967,0.022635427505585913,9.896432007127967,9.896432007127967,9.896432007127967,0.022635427505585913,0.022635427505585913,0.022635427505585913,11.599195732426253,16.01534153156336,16.62325857504649,0.001942877479082447,0.001168525311772951,0.0010895377246124287,0.002747643680947646,0.001652544343885557,0.001540839026864019,1.4825252715155462e+33,7.405592074789378e+33,2.3419272609139882e+33,2.142504182666673e+34,2.958652362121987e+35,1.0762155418252239e+35,4.218211170888977e-6
2023-12-01T22:20:55.577684,-0.089957,0.0,-0.668377,1701469255577684,9.310245512439243,0.025672823023766906,9.310245512439243,9.310245512439243,9.310245512439243,0.025672823023766906,0.025672823023766906,0.025672823023766906,10.189890656556722,17.702185580319757,14.315020048066561,0.0022851287163486336,0.0009622677299104813,0.0014211967261597977,0.003231660022428459,0.0013608520742733731,0.0020098756849354278,1.37510557953145e+33,5.435331141113027e+33,4.267230907808752e+33,1.4365644332907914e+34,3.2021713395954263e+35,1.1525191460811953e+35,5.445048379170369e-6
2023-12-01T22:21:04.764542,-0.080149,0.0,-0.652196,1701469264764542,9.15750569743553,0.019749525118724832,9.15750569743553,9.15750569743553,9.15750569743553,0.019749525118724832,0.019749525118724832,0.019749525118724832,13.237516685379125,15.944105440762913,18.017741901430732,0.001608901166358634,0.001178148212721181,0.0009279361749400068,0.0022753298499822716,0.0016661531809159164,0.0013122999236167706,8.793316118580283e+32,8.721158002799023e+33,1.6203648895452047e+33,1.8531234628768924e+34,3.4275571027978876e+35,1.0265663264032043e+35,3.2251078126737175e-6
2023-12-01T22:21:14.640283,-0.04941,0.0,-0.630013,1701469274640283,9.117218517425732,0.03205175421117458,9.117218517425732,9.117218517425732,9.117218517425732,0.03205175421117458,0.03205175421117458,0.03205175421117458,9.91086631756811,9.644353406168506,16.37995819671322,0.002359727669129669,0.002433254473441725,0.0011204882094632141,0.0033371588731902295,0.0034411414770462922,0.001584609622302023,1.9633156738088722e+33,1.1199122954195907e+34,1.2536279694601035e+33,1.923431682792605e+34,1.0318566166444657e+35,5.447089268828084e+34,8.49635722168426e-6
2023-12-01T22:21:23.728075,-0.0547,0.0,-0.589924,1701469283728075,8.450288127845694,0.027553188691216715,8.450288127845694,8.450288127845694,8.450288127845694,0.027553188691216715,0.027553188691216715,0.027553188691216715,11.18144040955638,12.144855292220063,14.42992403042858,0.002038605447151534,0.001824578009078839,0.0014025197940810204,0.0028830234716893674,0.0025803429660469944,0.0019834625142861,1.7279264839297996e+33,7.508939809640163e+33,3.387858377296514e+33,2.2681370982111677e+34,1.2304505148744987e+35,9.395451396780674e+34,6.301372568772715e-6
2023-12-01T22:23:49.057999,-0.066529,0.0,-0.431866,1701469429057999,5.918703058319263,0.020856166769915942,5.918703058319263,5.918703058319263,5.918703058319263,0.020856166769915942,0.020856166769915942,0.020856166769915942,15.333664870478508,14.129826885715396,14.885833870769476,0.0012639269008298886,0.0014518236158482867,0.0013308021911291059,0.0017874625650018225,0.0020531886477061934,0.0018820385075306134,6.037811747635975e+32,3.475724648083171e+33,1.5399634403888518e+33,2.0617977204125799e+34,8.99555684431296e+34,4.743444217022373e+34,3.6508916627268463e-6
2023-12-01T22:23:57.710762,-0.066583,0.0,-0.438901,1701469437710762,6.0254642100180265,0.01947392796370948,6.0254642100180265,6.0254642100180265,6.0254642100180265,0.01947392796370948,0.01947392796370948,0.01947392796370948,12.8957277232036,17.58450156134384,17.27896540006238,0.001673473403961585,0.000975394096486506,0.0010103153020572628,0.002366648784153143,0.0013794155599098682,0.0014288016024424513,8.194159410205259e+32,4.4204914746819285e+33,2.154954274831581e+33,1.5961627848191556e+34,2.5346658495332397e+35,1.1516873575458488e+35,3.1817625911990397e-6
2023-12-01T22:24:08.020884,-0.049876,0.0,-0.411909,1701469448020884,5.775993556391574,0.02294618583619184,5.775993556391574,5.775993556391574,5.775993556391574,0.02294618583619184,0.02294618583619184,0.02294618583619184,10.77345563075526,17.448202722675102,17.01254231628087,0.0021366452381056246,0.0009908206850934081,0.0010417849639320948,0.0030216726737088656,0.0014012320507388993,0.0014733064250691342,1.8816525712100748e+33,6.581655934699435e+33,3.081786656658418e+33,2.2484591480073055e+34,3.65725672750645e+35,1.5490192043885257e+35,4.421529609735605e-6
2023-12-01T22:24:17.532501,-0.040083,0.0,-0.4081,1701469457532501,5.812928503220248,0.025825510494543506,5.812928503220248,5.812928503220248,5.812928503220248,0.025825510494543506,0.025825510494543506,0.025825510494543506,11.137096282261606,13.280475470233995,15.223800892701691,0.0020490397649629687,0.0016009634875631536,0.0012800152863289734,0.0028977798254524096,0.002264104276975942,0.0018102149779713147,1.668574146118876e+33,7.120276597083455e+33,1.9234345538369716e+33,2.1679793354089346e+34,1.5154597695161339e+35,6.404091125776568e+34,5.600058120097145e-6
2023-12-01T22:24:27.346569,-0.062339,0.0,-0.423483,1701469467346569,5.831537168010967,0.0362174615246513,5.831537168010967,5.831537168010967,5.831537168010967,0.0362174615246513,0.0362174615246513,0.0362174615246513,8.012318685488172,9.808443415685755,13.950301610041995,0.0029362245567694026,0.002387717981352865,0.0014821430445640107,0.004152448590356219,0.003376743152351331,0.0020960667949993747,2.5517341256798473e+33,7.60631284590649e+33,1.734204558298325e+33,1.6146087074115424e+34,7.278108496737788e+34,4.306559822846527e+34,0.000011012906540533968
2023-12-01T22:24:38.031283,-0.063239,0.0,-0.433523,1701469478031283,5.975897396846011,0.03548873322147384,5.975897396846011,5.975897396846011,5.975897396846011,0.03548873322147384,0.03548873322147384,0.03548873322147384,6.221930893042119,16.167150374015822,15.566042497103057,0.003608349998815115,0.0011482796865768007,0.001230560798822309,0.005102977506113278,0.0016239127061544385,0.0017402757710191792,3.274593318371522e+33,3.8173438664023754e+33,2.2615366358799782e+33,1.371988466849241e+34,1.5793424927378039e+35,8.147190612459448e+34,0.000010568677221434771
2023-12-01T22:24:47.824139,-0.095736,0.0,-0.451048,1701469487824139,5.927796476447569,0.03013452976604976,5.927796476447569,5.927796476447569,5.927796476447569,0.03013452976604976,0.03013452976604976,0.03013452976604976,10.70702390534789,9.998629327949534,16.09765233694979,0.0021530494547529313,0.0023360048191857713,0.0011575042224237365,0.0030448717393715932,0.0033036096970614276,0.0016369581698557718,1.3119741585694526e+33,7.484897305073554e+33,1.343781357760179e+33,1.5439302328444067e+34,7.48253537758772e+34,5.471341788857724e+34,7.621570996533214e-6
2023-12-01T22:24:57.506085,-0.065165,0.0,-0.445423,1701469497506085,6.138709777950794,0.023966533650429146,6.138709777950794,6.138709777950794,6.138709777950794,0.023966533650429146,0.023966533650429146,0.023966533650429146,11.571305116600708,13.748456657641965,16.855250293254528,0.0019491261357467077,0.0015169887773854819,0.0010608224110909962,0.0027564806159488565,0.0021453461029463283,0.0015002294410342138,1.4210952882763684e+33,3.7274271688537885e+33,1.642738102515044e+33,2.0405804013703082e+34,8.835982197226085e+34,7.963305183632062e+34,4.817127887758205e-6
2023-12-01T22:25:06.687193,-0.080675,0.0,-0.432183,1701469506687193,5.786288134769608,0.02589977969315268,5.786288134769608,5.786288134769608,5.786288134769608,0.02589977969315268,0.02589977969315268,0.02589977969315268,9.2163690580837,17.58725901200464,17.524794742720637,0.002556152427177573,0.0009750844938633564,0.0009821220544982512,0.0036149454300074295,0.0013789777156812638,0.001388930329377155,2.245034570111576e+33,5.72627309825026e+33,2.3734490704927874e+33,1.874389913976464e+34,3.2854734183809247e+35,1.342330293316137e+35,5.632845820713615e-6
2023-12-01T22:25:16.520375,-0.073273,0.0,-0.430662,1701469516520375,5.834910085638982,0.022884571797838826,5.834910085638982,5.834910085638982,5.834910085638982,0.022884571797838826,0.022884571797838826,0.022884571797838826,10.59239914526724,16.553250778589607,19.379099534327075,0.002181650829518059,0.0010983548241507999,0.0007933233261566625,0.0030853201914669524,0.0015533082886119772,0.0011219286071976866,1.6787505412255138e+33,8.096221911997667e+33,1.8862298594710983e+33,1.924093091353997e+34,3.66106535111471e+35,1.634950351517226e+35,4.3968970409976266e-6
2023-12-01T22:25:27.027978,-0.049295,0.0,-0.425392,1701469527027978,5.987215751653667,0.02744270356232036,5.987215751653667,5.987215751653667,5.987215751653667,0.02744270356232036,0.02744270356232036,0.02744270356232036,9.779681181824973,12.746950978459395,18.115507318953185,0.0023956377152662828,0.0017023844820911091,0.0009175502013197504,0.003387943347462072,0.002407535222946744,0.0012976119388645548,2.1507621510023165e+33,6.268837527715841e+33,1.604248236672704e+33,2.0443747264778434e+34,1.1800002845269548e+35,1.0394947553704073e+35,6.319394239741857e-6
2023-12-01T22:25:36.663286,-0.053953,0.0,-0.434633,1701469536663286,6.082951055806956,0.04923745278184022,6.082951055806956,6.082951055806956,6.082951055806956,0.04923745278184022,0.04923745278184022,0.04923745278184022,4.206282445182588,8.225106330650247,15.3697581427126,0.004550834884625683,0.0028651666291998326,0.0012586856868812284,0.00643585241395824,0.0040519575054732086,0.001780050369152328,4.901369483190484e+33,1.483261553461894e+34,1.7587634138138105e+33,1.2910578033588697e+34,9.856628154211483e+34,6.05596333359587e+34,0.0000203357117457107
2023-12-01T22:25:46.700121,-0.071807,0.0,-0.461677,1701469546700121,6.322218739631995,0.013648991396060657,6.322218739631995,6.322218739631995,6.322218739631995,0.013648991396060657,0.013648991396060657,0.013648991396060657,20.08822460224205,24.351357906169895,15.307829408149757,0.000731128933129651,0.0004475456141374064,0.0012676919437785658,0.0010339724530753242,0.0006329250772937161,0.001792787139802759,2.3337737636608535e+32,5.372557185558008e+32,2.6559234152768465e+33,2.3816679554148953e+34,1.4632442879540793e+35,9.015680000677932e+34,1.5612596386093389e-6
2023-12-01T22:25:56.238618,-0.064927,0.0,-0.474655,1701469556238618,6.5871449038401275,0.01296610963584025,6.5871449038401275,6.5871449038401275,6.5871449038401275,0.01296610963584025,0.01296610963584025,0.01296610963584025,21.640098275756134,22.380255418584575,15.839348319964358,0.0006115053866280043,0.0005615551698656065,0.001192443429168193,0.0008647992112335268,0.0007941589372446679,0.0016863696698923398,1.3561187145933208e+32,7.023054075445003e+32,1.922869417895032e+33,1.9783700871671043e+34,1.2149308339143522e+35,7.37708222762057e+34,1.407469585629503e-6
2023-12-01T22:26:05.386990,-0.071875,0.0,-0.488639,1701469565386990,6.733171876639679,0.008739189772325866,6.733171876639679,6.733171876639679,6.733171876639679,0.008739189772325866,0.008739189772325866,0.008739189772325866,24.099940382184037,22.58678977917739,20.87892018924126,0.00046068935968238996,0.0005483599293850414,0.0006675121749417098,0.0006515131405038128,0.0007754980491982783,0.0009440047708517281,6.86234544451585e+31,7.532718238814391e+32,6.706212859997971e+32,1.76387016533814e+34,1.366566281785035e+35,8.210495228731178e+34,6.390038679834332e-7
2023-12-01T22:26:14.590740,-0.075041,0.0,-0.493882,1701469574590740,6.782480066792246,0.009304815381812343,6.782480066792246,6.782480066792246,6.782480066792246,0.009304815381812343,0.009304815381812343,0.009304815381812343,24.76569708193174,24.439321980794602,18.867636297760853,0.00042669774399272113,0.00044303608610599257,0.0008414404503347453,0.0006034417365885091,0.0006265476415917891,0.0011899764967927217,6.1346238689849885e+31,4.998897849122692e+32,1.0704385055742667e+33,1.8380513841496657e+34,1.3893333483119863e+35,8.247557515181366e+34,7.242493131867555e-7
2023-12-01T22:26:24.214758,-0.080037,0.0,-0.509628,1701469584214758,6.974468603431254,0.01217632982001227,6.974468603431254,6.974468603431254,6.974468603431254,0.01217632982001227,0.01217632982001227,0.01217632982001227,19.624793155283818,26.05603609803138,16.841787601025985,0.0007711973756728233,0.00036779294630242296,0.0010624679073808368,0.0010906377879430456,0.0005201377728060461,0.001502556524204141,2.392103231319388e+32,3.67612074846091e+32,1.582810407430549e+33,2.194114225831805e+34,1.4824954799416999e+35,7.649052774090843e+34,1.2392367318724542e-6
2023-12-01T22:26:33.854691,-0.072523,0.0,-0.515874,1701469593854691,7.143004634045505,0.007933878547161334,7.143004634045505,7.143004634045505,7.143004634045505,0.007933878547161334,0.007933878547161334,0.007933878547161334,22.926301523492537,24.945500416060646,22.106705160276437,0.0005273392833034732,0.00041795563027957676,0.0005795220204656243,0.0007457703664198797,0.0005910785208115726,0.0008195679010363443,9.386451593462142e+31,1.06959827789541e+33,9.0650561414965e+32,1.8413298650340867e+34,3.340186655477403e+35,1.4724515520187446e+35,5.25746267201319e-7
2023-12-01T22:26:43.828550,-0.073876,0.0,-0.527018,1701469603828550,7.30021896676287,0.008433146678572263,7.30021896676287,7.30021896676287,7.30021896676287,0.008433146678572263,0.008433146678572263,0.008433146678572263,21.731886255853517,22.516163417431763,23.97102175435089,0.0006050773385835933,0.0005528369087725154,0.0004675780474579545,0.0008557085785095349,0.0007818294541665088,0.00066125521618297,1.3916323730853558e+32,2.1302068266060052e+33,6.705582544493556e+32,2.0735434902138468e+34,3.802227633639744e+35,1.6731646808507787e+35,5.935843092220988e-7
2023-12-01T22:26:53.740561,-0.078672,0.0,-0.537043,1701469613740561,7.406860111621801,0.008141601504978006,7.406860111621801,7.406860111621801,7.406860111621801,0.008141601504978006,0.008141601504978006,0.008141601504978006,24.598696071861177,26.473802840049512,20.229798466325583,0.00043498111001423316,0.0003505218206383325,0.0007193086409913042,0.0006151561851582319,0.0004957127126544393,0.0010172560356220622,5.0623872605155615e+31,8.021932895658257e+32,1.4572861994336622e+33,1.4595701461000866e+34,3.5617161764035476e+35,1.5364721715697407e+35,5.529860225450551e-7
2023-12-01T22:27:03.456833,-0.075799,0.0,-0.531261,1701469623456833,7.346390835569714,0.007088265381519872,7.346390835569714,7.346390835569714,7.346390835569714,0.007088265381519872,0.007088265381519872,0.007088265381519872,26.942642424359885,25.842427617971314,21.610222494978114,0.0003321032147456776,0.0003769500627039231,0.0006136123275226917,0.0004696648704010418,0.0005330878910132766,0.0008677788756219123,4.136375774301992e+31,4.99257621642186e+32,7.211694484982111e+32,2.0458991803289178e+34,1.9167587977642763e+35,1.0448635270310081e+35,4.1926932233648024e-7
2023-12-01T22:27:13.539573,-0.070333,0.0,-0.542362,1701469633539573,7.569407405154752,0.010376381214293634,7.569407405154752,7.569407405154752,7.569407405154752,0.010376381214293634,0.010376381214293634,0.010376381214293634,24.72765891857702,25.55657361160984,17.320998436620748,0.0004285704813766087,0.000389561940247832,0.0010054379625533865,0.000606090187195566,0.0005509237792828613,0.0014219040027677713,7.014141960739591e+31,5.1925207394582385e+32,1.672314054837829e+33,2.0832454562969747e+34,1.86653269228279e+35,9.024386422351281e+34,8.975577728936923e-7
2023-12-01T22:27:23.064710,-0.0734,0.0,-0.552942,1701469643064710,7.70144789263276,0.014285794617939404,7.70144789263276,7.70144789263276,7.70144789263276,0.014285794617939404,0.014285794617939404,0.014285794617939404,24.776724063186112,27.62528458199403,13.799234399363382,0.00042615638291176823,0.00030700183525179226,0.0015081463272771803,0.0006026761364056845,0.0004341661590865152,0.0021328409900785612,7.054108738293078e+31,3.0932508771225043e+32,2.814373049946229e+33,2.118919981001618e+34,1.790373342818604e+35,6.75002067916243e+34,1.7002431560160389e-6
2023-12-01T22:27:32.309622,-0.073774,0.0,-0.580101,1701469652309622,8.113691302745252,0.011347833048269114,8.113691302745252,8.113691302745252,8.113691302745252,0.011347833048269114,0.011347833048269114,0.011347833048269114,19.98550647787804,27.61057001388821,17.526846373764087,0.0007398264890175313,0.0003075223608600243,0.0009818901019603373,0.0010462726545714626,0.0004349022934612394,0.0013886022989522103,2.0017835122570176e+32,7.234674039227107e+32,2.515770519831087e+33,1.9951141814466555e+34,4.1732650667842304e+35,1.4234940659572884e+35,1.070680939072408e-6
2023-12-01T22:27:41.858135,-0.078355,0.0,-0.597991,1701469661858135,8.343185042816483,0.01486304461863993,8.343185042816483,8.343185042816483,8.343185042816483,0.01486304461863993,0.01486304461863993,0.01486304461863993,24.382074814676024,27.97287654449407,13.448090071071995,0.00044596570247024396,0.0002949588107524212,0.0015703653254675214,0.0006306907447866636,0.00041713475050751317,0.0022208319411566083,6.959523901400271e+31,6.780841439160883e+32,5.81054965191479e+33,1.9089168529552929e+34,4.2517844920437106e+35,1.2853642709982243e+35,1.8346222421673165e-6
2023-12-01T22:27:51.145262,-0.083459,0.0,-0.609925,1701469671145262,8.476363030731122,0.011747208656722956,8.476363030731122,8.476363030731122,8.476363030731122,0.011747208656722956,0.011747208656722956,0.011747208656722956,20.968514730255574,27.93772174971489,16.599154758984604,0.0006606622076915039,0.0002961550300381235,0.00109256545015296,0.0009343174542646754,0.0004188264600449256,0.0015451208773865819,1.741414072571284e+32,7.236221369505342e+32,2.8497269801676394e+33,2.1764741968209183e+34,4.500740974380067e+35,1.3023230583550585e+35,1.145254411571089e-6
2023-12-01T22:28:00.936485,-0.083261,0.0,-0.614769,1701469680936485,8.552585207862323,0.009628130469872138,8.552585207862323,8.552585207862323,8.552585207862323,0.009628130469872138,0.009628130469872138,0.009628130469872138,23.36246041711962,28.39000227324295,18.214120800043517,0.0005015129824939926,0.00028112863707759257,0.0009071918934938304,0.000709246461549185,0.00039757593132659516,0.0012829630794539033,1.138661903006982e+32,7.160337182946669e+32,1.9100430714979405e+33,2.469680838063123e+34,4.942352319579357e+35,1.2660627777286666e+35,7.690304758773638e-7
2023-12-01T22:28:10.342203,-0.077302,0.0,-0.620455,1701469690342203,8.69798613394541,0.016292052884147104,8.69798613394541,8.69798613394541,8.69798613394541,0.016292052884147104,0.016292052884147104,0.016292052884147104,21.406689922370038,27.814452407216027,12.872404968148704,0.0006281606172499357,0.00030038800075465796,0.00167797293817228,0.0008883532642635139,0.0004248127846413768,0.0023730120864582692,1.406691218534499e+32,7.245448234081115e+32,5.250748731380212e+33,1.9447678599438162e+34,4.380367001608346e+35,1.0173297220687581e+35,2.200274595533143e-6
2023-12-01T22:28:19.832041,-0.08144,0.0,-0.632741,1701469699832041,8.846127418294202,0.005982519292683171,8.846127418294202,8.846127418294202,8.846127418294202,0.005982519292683171,0.005982519292683171,0.005982519292683171,27.285994781519328,28.187478313854925,23.219112167425425,0.00031923129649313783,0.00028776057001944156,0.0005098584160233664,0.0004514612290345422,0.0004069549008377069,0.0007210486868303086,3.6758621649881585e+31,6.170932073096524e+32,5.3341908447585275e+32,1.967699142169419e+34,4.065356139337021e+35,1.1193857305499916e+35,2.9644691380563994e-7
2023-12-01T22:28:29.722148,-0.08094,0.0,-0.64107,1701469709722148,8.978885770697048,0.009479636806827558,8.978885770697048,8.978885770697048,8.978885770697048,0.009479636806827558,0.009479636806827558,0.009479636806827558,23.18839180770787,27.49830205534648,18.578134217153547,0.0005116648821295479,0.0003115229867468265,0.000869958408162483,0.0007236034156976377,0.00044056003284833603,0.0012303069795238921,9.55849303025412e+31,4.311373647370094e+32,9.482560126617253e+32,1.991721486813431e+34,2.4235158722031524e+35,6.835007994226616e+34,7.437834365392726e-7
2023-12-01T22:28:39.408009,-0.077352,0.0,-0.643049,1701469719408009,9.044340316541499,0.017539046549723852,9.044340316541499,9.044340316541499,9.044340316541499,0.017539046549723852,0.017539046549723852,0.017539046549723852,24.503642147436842,26.540630632000695,11.923233873333007,0.00043976746226686496,0.00034783531200788275,0.0018717313182264363,0.0006219251094281988,0.0004919134157138249,0.0026470278153542977,7.502545672262068e+31,4.84076392987292e+32,3.591830866616799e+33,2.1162787087070674e+34,2.1826141531938104e+35,5.592928477556507e+34,2.545175301851955e-6
2023-12-01T22:28:48.910979,-0.080954,0.0,-0.669614,1701469728910979,9.417328658121395,0.010421128980194917,9.417328658121395,9.417328658121395,9.417328658121395,0.010421128980194917,0.010421128980194917,0.010421128980194917,18.84847356517236,28.819698601469824,19.869091519806847,0.0008432988780538284,0.0002675594353239344,0.0007498089582554129,0.001192604710477739,0.000378386182175995,0.001060389997953647,2.8903982437914235e+32,5.380359888942428e+32,1.0895455161968617e+33,2.217200874430138e+34,4.099974791358885e+35,1.0571936107471366e+35,8.966363486918506e-7
2023-12-01T22:28:58.641661,-0.080626,0.0,-0.682317,1701469738641661,9.6158992209127,0.015434780241151538,9.6158992209127,9.6158992209127,9.6158992209127,0.015434780241151538,0.015434780241151538,0.015434780241151538,19.944245992563793,28.46026548438885,13.719542028604613,0.0007433492390073787,0.00027886366225948615,0.0015220471259421299,0.0010512545753839544,0.0003943727732203956,0.0021524996880783504,2.408778889467516e+32,6.0250860158484875e+32,4.2427033216662427e+33,2.3780530331251727e+34,4.226586872779013e+35,9.990721824214916e+34,1.9646403245668797e-6
2023-12-01T22:29:08.251096,-0.078367,0.0,-0.66654,1701469748251096,9.39537773043017,0.008376269711372727,9.39537773043017,9.39537773043017,9.39537773043017,0.008376269711372727,0.008376269711372727,0.008376269711372727,19.205268709077874,28.797371158731554,25.84495421068588,0.0008093600528334525,0.0002682480927795053,0.0003768404296305032,0.0011446079635600735,0.0003793600908894927,0.0005329328464339616,2.5561066395709293e+32,5.1268300469128666e+32,3.853921312862176e+32,2.128657745339187e+34,3.886744894879886e+35,1.4804654080787428e+35,5.793529625376756e-7
2023-12-01T22:29:17.690891,-0.078099,0.0,-0.692022,1701469757690891,9.789979304057978,0.008814094306925393,9.789979304057978,9.789979304057978,9.789979304057978,0.008814094306925393,0.008814094306925393,0.008814094306925393,24.615400300235567,27.479840371795802,19.08104248056195,0.0004341453819806698,0.00031218582676020325,0.0008210187525275848,0.0006139742872387112,0.000441497430184937,0.0011610958547871504,7.526408180370212e+31,6.77684174426178e+32,1.6149082114393994e+33,2.178350690976322e+34,3.793249254187413e+35,1.3069292891089254e+35,6.400093300846966e-7
2023-12-01T22:29:27.827103,-0.079895,0.0,-0.700891,1701469767827103,9.90891795171803,0.007081996620351483,9.90891795171803,9.90891795171803,9.90891795171803,0.007081996620351483,0.007081996620351483,0.007081996620351483,22.906261603858095,28.456315661408187,23.1831156564415,0.0005285573550998692,0.00027899050160756344,0.0005119757819363033,0.0007474929800742871,0.000394552151146689,0.0007240430944208903,1.1435287120143937e+32,4.671456911192952e+32,7.201844772637407e+32,2.2329203608829058e+34,3.2740394907802137e+35,1.4988401633929808e+35,4.1288518593779887e-7
2023-12-01T22:29:37.548876,-0.079598,0.0,-0.714077,1701469777548876,10.11491947880764,0.013039107409343878,10.11491947880764,10.11491947880764,10.11491947880764,0.013039107409343878,0.013039107409343878,0.013039107409343878,23.682363740955367,26.938312339497983,14.930963231283972,0.00048337814834391264,0.0003322688159294936,0.001323905661055681,0.0006835999331427551,0.00046989906584113937,0.001872285341167462,8.655000394839149e+31,6.282837314685288e+32,4.204525353556596e+33,2.0207075592652138e+34,3.1044670045544844e+35,1.3086192325975582e+35,1.3978554664739046e-6
2023-12-01T22:29:47.697084,-0.079331,0.0,-0.710732,1701469787697084,10.066004814463977,0.008861740707230467,10.066004814463977,10.066004814463977,10.066004814463977,0.008861740707230467,0.008861740707230467,0.008861740707230467,22.506215055227837,24.55183534991598,20.63609526139915,0.0005534704619079947,0.0004373341922765746,0.0006864366097772044,0.0007827254336031877,0.0006184839460070147,0.0009707679632563305,1.4270152085299563e+32,6.947005732243887e+32,1.2201986623277262e+33,2.5412658899075574e+34,1.9814412146325085e+35,1.4126678800718996e+35,6.458573114541835e-7
2023-12-01T22:29:57.893972,-0.071355,0.0,-0.730444,1701469797893972,10.448073761406516,0.007655163679694895,10.448073761406516,10.448073761406516,10.448073761406516,0.007655163679694895,0.007655163679694895,0.007655163679694895,24.481520925425833,22.9966068487202,23.333684482984147,0.0004408888893717375,0.0005230881219237995,0.0005031772261138858,0.0006235110468491223,0.0007397583163409084,0.0007116000574475308,6.8707780773808535e+31,6.083378191615154e+32,4.482128827731241e+32,1.9282263519683064e+34,1.2128455564615776e+35,9.657234637680702e+34,4.807943446325844e-7
2023-12-01T22:30:06.907486,-0.071875,0.0,-0.740816,1701469806907486,10.602978040965205,0.00922572623891351,10.602978040965205,10.602978040965205,10.602978040965205,0.00922572623891351,0.00922572623891351,0.00922572623891351,27.049964844616575,23.459304242691204,18.961700228527107,0.00032802501087269886,0.0004959523913504167,0.0008323772260791075,0.00046389741917375274,0.0007013825981391282,0.0011771591621315698,3.750740437382593e+31,6.923777109762043e+32,1.3377549291971183e+33,1.901575157920499e+34,1.5355837332112178e+35,1.0532866573532139e+35,6.976140191595871e-7
2023-12-01T22:32:21.156581,-0.070759,0.0,-0.987502,1701469941156581,14.447546041788591,0.01066840522121166,14.447546041788591,14.447546041788591,14.447546041788591,0.01066840522121166,0.01066840522121166,0.01066840522121166,21.347783706820685,23.358640777168134,18.87728731593777,0.0006324351732159821,0.0005017335724807698,0.0008405060328433811,0.0008943983992838196,0.000709558422900209,0.0011886550309035157,8.074346011351032e+31,4.2192542406222006e+32,1.472709588939496e+33,1.1012495071365477e+34,9.14323270730583e+34,1.1372235539977027e+35,9.054408115474428e-7
2023-12-01T22:32:30.631821,-0.062324,0.0,-0.993155,1701469950631821,14.620225451967817,0.007072336932625774,14.620225451967817,14.620225451967817,14.620225451967817,0.007072336932625774,0.007072336932625774,0.007072336932625774,22.70984136525861,24.81509623611987,26.44700942597757,0.0005406461722182182,0.00042427787887544034,0.00035160474672402315,0.0007645891491961042,0.000600019530520537,0.0004972442014118707,7.408883778327245e+31,5.461147069893281e+32,4.038605293645491e+32,1.3827285137168547e+34,1.6549828433525742e+35,1.782101159609433e+35,3.9729059997074574e-7
2023-12-01T22:32:40.847721,-0.079467,0.0,-0.989751,1701469960847721,14.395985968539378,0.013271277854311897,14.395985968539378,14.395985968539378,14.395985968539378,0.013271277854311897,0.013271277854311897,0.013271277854311897,19.88498283137115,24.295776833939478,16.09812489282431,0.0007484383957768335,0.00045041864430952854,0.0011574412501130374,0.0010584517299083603,0.0006369881555282384,0.0016368691135599273,1.5613082906590465e+32,6.4079460552527106e+32,4.9112439308140124e+33,1.520501836344822e+34,1.7230446450811004e+35,1.999880263398239e+35,1.40180482325191e-6
2023-12-01T22:32:50.184045,-0.068815,0.0,-0.999305,1701469970184045,14.651883353813352,0.005859304520728013,14.651883353813352,14.651883353813352,14.651883353813352,0.005859304520728013,0.005859304520728013,0.005859304520728013,23.229685787868966,29.215443566001994,28.112639651553067,0.0005092381261537835,0.000255642480283143,0.0002902506615101409,0.0007201714644841417,0.0003615330627351174,0.0004104764219954038,8.421419818269566e+31,3.957123796148767e+32,4.560535941303067e+32,1.7715519681382069e+34,3.3031172780907824e+35,2.953111520678982e+35,2.726146622406721e-7
2023-12-01T22:32:59.804973,-0.06061,0.0,-1.006116,1701469979804973,14.840596655196652,0.00851015295661442,14.840596655196652,14.840596655196652,14.840596655196652,0.00851015295661442,0.00851015295661442,0.00851015295661442,21.6790520798217,26.666348995295095,21.651066796841544,0.0006087690950461531,0.00034283705121540976,0.0006107336664242071,0.0008609295105678655,0.0004848448075128319,0.0008637078340549594,1.3376979400402204e+32,6.390084151908269e+32,1.9503355065430324e+33,1.969079570217876e+34,2.9657973787939084e+35,2.852436643979536e+35,5.740884440488963e-7
2023-12-01T22:33:09.137216,-0.073205,0.0,-1.018868,1701469989137216,14.914941112290172,0.008846576417921243,14.914941112290172,14.914941112290172,14.914941112290172,0.008846576417921243,0.008846576417921243,0.008846576417921243,20.058270212372168,22.620979220562106,27.667805871750556,0.0007336546764708506,0.0005462057148384342,0.00030550259754927355,0.0010375443935635223,0.000772451529770205,0.0004320459167943921,1.5100659038203368e+32,1.774735236644925e+33,5.7161669826225215e+32,1.5304633107161508e+34,3.2451254782144985e+35,3.341069380239581e+35,6.199478028927112e-7
2023-12-01T22:33:18.582381,-0.074731,0.0,-1.026468,1701469998582381,15.019015908569052,0.009456945949215095,15.019015908569052,15.019015908569052,15.019015908569052,0.009456945949215095,0.009456945949215095,0.009456945949215095,22.938782714345116,25.802047590657207,19.30000183208096,0.0005265820671860822,0.0003787065540444799,0.0008005806871792004,0.0007446995011170178,0.000535571944889283,0.0011321920655827976,1.1370855737487216e+32,1.0137870901443376e+33,3.6153330872724104e+33,2.2370280054914942e+34,3.856128658399662e+35,3.0771488094509944e+35,7.077578428283553e-7
2023-12-01T22:33:27.940876,-0.064542,0.0,-1.030357,1701470007940876,15.18196990708658,0.011912152066974142,15.18196990708658,15.18196990708658,15.18196990708658,0.011912152066974142,0.011912152066974142,0.011912152066974142,21.55269675489545,26.016922072622414,16.709257336328065,0.000617689705012733,0.00036945291470008877,0.0010788034681878972,0.0008735451581672435,0.0005224853226271358,0.0015256584958464562,1.22291452684569e+32,9.402907989943096e+32,6.207247222570017e+33,1.7485005749263976e+34,3.757979387777791e+35,2.90954297636098e+35,1.1212353005555624e-6
2023-12-01T22:33:37.175050,-0.070389,0.0,-1.045308,1701470017175050,15.358538759338815,0.007286919642636611,15.358538759338815,15.358538759338815,15.358538759338815,0.007286919642636611,0.007286919642636611,0.007286919642636611,21.141235493097035,26.43831947617532,28.075615898137045,0.0006476545577419842,0.0003519566918516276,0.0002914905004684862,0.000915921859291463,0.0004977419269845399,0.0004122298190654542,1.5447508095662398e+32,8.757303084065966e+32,4.844039335720184e+32,2.009009455585686e+34,3.856579853605281e+35,3.110063461304783e+35,4.188644339776502e-7
2023-12-01T22:33:46.849849,-0.098252,0.0,-1.047244,1701470026849849,15.110252690337918,0.007797428199602123,15.110252690337918,15.110252690337918,15.110252690337918,0.007797428199602123,0.007797428199602123,0.007797428199602123,19.96016580954791,30.089270367939392,26.68154081987356,0.0007419880490687759,0.0002311754344062383,0.00034223794525447713,0.0010493295621118164,0.00032693143462479403,0.0004839975437375824,1.802013020491128e+32,3.940891760810029e+32,6.152729793988833e+32,1.7855602355241466e+34,4.022736107135335e+35,2.8656419411364623e+35,4.807434384038718e-7
2023-12-01T22:33:56.196160,-0.066253,0.0,-1.062154,1701470036196160,15.665136870163572,0.006286026221303219,15.665136870163572,15.665136870163572,15.665136870163572,0.006286026221303219,0.006286026221303219,0.006286026221303219,25.293783143780942,29.061049374093248,23.61656659657365,0.0004015281923112708,0.00026022722592732836,0.000487053726985898,0.0005678466152417515,0.0003680168722051553,0.0006887979863078197,8.67933991810681e+31,3.424562867916919e+32,9.940777577249769e+32,2.9367367083140987e+34,2.7587356097014792e+35,2.286004159698107e+35,3.107762875369622e-7
2023-12-01T22:34:05.981969,-0.058616,0.0,-1.075093,1701470045981969,15.945706225936632,0.010723627761610463,15.945706225936632,15.945706225936632,15.945706225936632,0.010723627761610463,0.010723627761610463,0.010723627761610463,22.145554811403628,24.044906077385463,18.309576424118074,0.0005769357622712992,0.00046361758130728214,0.0008972766777125382,0.0008159103796221312,0.0006556542712393696,0.0012689408468221442,1.3777027669311195e+32,7.635534580626795e+32,2.300434968766633e+33,2.2579327966038437e+34,1.937894169680084e+35,1.5587181881552776e+35,9.0193438123442e-7
2023-12-01T22:34:15.455164,-0.067473,0.0,-1.067662,1701470055455164,15.739686200354175,0.014860152672051104,15.739686200354175,15.739686200354175,15.739686200354175,0.014860152672051104,0.014860152672051104,0.014860152672051104,14.083097046700736,26.69393293426221,21.855298346716868,0.0014596554341657594,0.0003417500242657113,0.0005965409801563619,0.0020642645113888056,0.00048330751925790326,0.0008436363446484664,8.509724713483804e+32,4.632821047389453e+32,1.1610174652117296e+33,2.178839378346286e+34,2.163908129025601e+35,1.779789283912253e+35,1.735498804387439e-6
2023-12-01T22:34:25.603125,-0.068701,0.0,-1.086842,1701470065603125,16.029824808024337,0.01564078038920816,16.029824808024337,16.029824808024337,16.029824808024337,0.01564078038920816,0.01564078038920816,0.01564078038920816,18.01070532247322,20.994362569344027,15.38348059776088,0.0009286882155454011,0.0006586991034428858,0.0012566987146976818,0.0013133634696403745,0.0009315412056119274,0.0017772403661422986,3.1555159960764205e+32,1.2341695515860245e+33,3.8719970426970367e+33,1.9959098355386766e+34,1.5517118780705223e+35,1.3374670044804775e+35,1.917091980061446e-6
2023-12-01T22:34:35.054259,-0.057539,0.0,-1.091477,1701470075054259,16.21514675866118,0.007590673834260522,16.21514675866118,16.21514675866118,16.21514675866118,0.007590673834260522,0.007590673834260522,0.007590673834260522,21.112531574235827,25.937258697989783,26.769831504635523,0.0006497983767067596,0.00037285696991917354,0.00033877677198878295,0.0009189536771467209,0.0005272993836850324,0.00047910270556351454,1.7851292542758057e+32,7.78873999638152e+32,5.456682641417207e+32,2.306337309345919e+34,3.056279555293085e+35,2.5936528470800105e+35,4.506866344181247e-7
2023-12-01T22:34:44.710267,-0.060104,0.0,-1.100772,1701470084710267,16.33622374898533,0.0069786563269788725,16.33622374898533,16.33622374898533,16.33622374898533,0.0069786563269788725,0.0069786563269788725,0.0069786563269788725,22.25153574700155,25.766136736487617,27.31343479109964,0.0005699390490590036,0.0003802755157015987,0.00031822438895131704,0.0008060155329052678,0.0005377907917436238,0.0004500372467328435,1.3023385571814808e+32,7.5463978024646e+32,4.351101777392447e+32,2.1871444814614886e+34,2.8467764771979344e+35,2.3439196568799567e+35,3.8047116613855814e-7
2023-12-01T22:34:54.389970,-0.078023,0.0,-1.129053,1701470094389970,16.603178819380933,0.0077587341298643205,16.603178819380933,16.603178819380933,16.603178819380933,0.0077587341298643205,0.0077587341298643205,0.0077587341298643205,25.103971284738428,29.48208404386329,20.614025558213775,0.00041039932381856353,0.00024791396917880285,0.0006881829726207875,0.0005803922897329602,0.0003506032975144085,0.00097323769327455,7.035939587389802e+31,2.9896781909675067e+32,2.167210263465545e+33,2.2788683161116826e+34,2.6535840479797323e+35,2.4963392464121186e+35,4.689898299399374e-7
2023-12-01T22:35:03.807934,-0.060757,0.0,-1.116931,1701470103807934,16.585217151666583,0.013911886474042678,16.585217151666583,16.585217151666583,16.585217151666583,0.013911886474042678,0.013911886474042678,0.013911886474042678,20.245274536225,24.969495120790278,15.401132022263456,0.0007180281550671833,0.00041680262431608865,0.0012541474506292418,0.0010154451550617423,0.0005894479241405105,0.0017736323338955154,2.050209461929568e+32,8.749563776257587e+32,6.025303335350352e+33,2.1693303241951175e+34,2.7474886890573723e+35,2.0897393373079595e+35,1.5081164580171922e-6
2023-12-01T22:35:13.451845,-0.061039,0.0,-1.120876,1701470113451845,16.644819443498797,0.009278144801994681,16.644819443498797,16.644819443498797,16.644819443498797,0.009278144801994681,0.009278144801994681,0.009278144801994681,20.178413213231995,21.95453172330325,26.0914898788249,0.0007235766441788311,0.0005897644828007697,0.00036629476076247046,0.0010232919036141143,0.0008340529301828026,0.000518019018496494,1.978839598499948e+32,1.6526525318233558e+33,4.6365559871131675e+32,2.0618255342720987e+34,2.5919983791073303e+35,1.8851438526635103e+35,6.703714379575957e-7
2023-12-01T22:35:23.052813,-0.083359,0.0,-1.128851,1701470123052813,16.5462480297062,0.009216063813400536,16.5462480297062,16.5462480297062,16.5462480297062,0.009216063813400536,0.009216063813400536,0.009216063813400536,22.13847395282614,26.35591025640528,20.096605027978182,0.000577406280124978,0.00035531184680115044,0.0007304238566104876,0.0008165757923521425,0.0005024868326180184,0.0010329753242994126,1.10722104595745e+32,6.220278858970963e+32,2.0125230053244712e+33,1.8116809908826892e+34,2.687824327747866e+35,2.057791440055208e+35,6.62109020740498e-7
2023-12-01T22:35:32.321307,-0.060773,0.0,-1.12648,1701470132321307,16.736236508324307,0.014641671582871102,16.736236508324307,16.736236508324307,16.736236508324307,0.014641671582871102,0.014641671582871102,0.014641671582871102,14.418020036618731,24.797466135144994,21.94505725163723,0.0014044432623157163,0.0004251399273918866,0.0005904081423137802,0.0019861827091504003,0.0006012386512239189,0.0008349632021956523,6.643847186570142e+32,8.099048742958453e+32,1.3024169597588635e+33,1.8374758441249817e+34,2.4444470045556328e+35,2.0382421014140378e+35,1.6678577396247993e-6
2023-12-01T22:35:41.749751,-0.057391,0.0,-1.123007,1701470141749751,16.715316977564715,0.007141027519201892,16.715316977564715,16.715316977564715,16.715316977564715,0.007141027519201892,0.007141027519201892,0.007141027519201892,21.023540731456475,27.502867525459994,29.087480242644077,0.0006564900742847767,0.0003113592873182412,0.0002594365668600614,0.0009284171666168519,0.00044032852689627794,0.0003668987114290131,2.018958515785307e+32,4.4280223309542715e+32,2.4899988771928363e+32,2.55553285375526e+34,2.4917046056666512e+35,2.018120878961697e+35,3.968207704385932e-7
2023-12-01T22:35:51.027146,-0.063589,0.0,-1.129608,1701470151027146,16.757398630982685,0.008151622148863448,16.757398630982685,16.757398630982685,16.757398630982685,0.008151622148863448,0.008151622148863448,0.008151622148863448,25.56519409892156,24.610830203544868,20.981762285744303,0.0003891755033956045,0.00043437386847002885,0.0006596553461381489,0.0005503772750454404,0.0006142974159307818,0.0009328935370004887,7.279440678779123e+31,6.397468181515504e+32,1.2322247227173284e+33,2.6219078337654083e+34,1.8496568062857585e+35,1.5447782517640137e+35,5.168556038276541e-7
2023-12-01T22:36:00.257412,-0.046517,0.0,-1.131909,1701470160257412,16.966042747712937,0.00956295742890775,16.966042747712937,16.966042747712937,16.966042747712937,0.00956295742890775,0.00956295742890775,0.00956295742890775,23.444289449861028,22.614639679691226,20.216166278039204,0.0004968104568684438,0.0005466045176735072,0.0007204384561456526,0.0007025960860321268,0.000773015522148278,0.0010188538355363163,9.961624834075481e+31,9.567977097238356e+32,1.2978421427587592e+33,2.201704989789411e+34,1.7469645613759595e+35,1.3640757868438044e+35,7.09752465258967e-7
2023-12-01T22:36:10.008178,-0.0466,0.0,-1.128245,1701470170008178,16.907112228211542,0.01279973472131043,16.907112228211542,16.907112228211542,16.907112228211542,0.01279973472131043,0.01279973472131043,0.01279973472131043,16.627394863464108,24.828549839606918,20.019601018284824,0.001089019001766546,0.0004236212221311866,0.0007369281557231626,0.001540105441980259,0.0005990908776469896,0.0010421737923182889,3.9917088908066366e+32,4.6906927654696085e+32,1.1085498101546187e+33,1.8361085277959706e+34,1.4259095315791845e+35,1.1135643369224586e+35,1.2723202884973775e-6
2023-12-01T22:36:19.295283,-0.045984,0.0,-1.129446,1701470179295283,16.93236694928905,0.012813101800625218,16.93236694928905,16.93236694928905,16.93236694928905,0.012813101800625218,0.012813101800625218,0.012813101800625218,16.260135130916858,27.06436485337199,20.257660889162068,0.001136052611186855,0.0003274816411224893,0.0007170049539736032,0.001606621010309819,0.0004631289783036231,0.0010139981301981664,4.3520999473592234e+32,4.650647421782546e+32,1.873925161207311e+33,1.8395532907858777e+34,2.365646787613719e+35,1.9884667411735746e+35,1.2746372431196264e-6
2023-12-01T22:36:28.810377,-0.04823,0.0,-1.129778,1701470188810377,16.91497150807295,0.008267093434952631,16.91497150807295,16.91497150807295,16.91497150807295,0.008267093434952631,0.008267093434952631,0.008267093434952631,20.050506484273672,26.950399773454933,25.70175082781787,0.0007343107338247689,0.0003318067464960618,0.00038310485823432003,0.0010384721987711282,0.0004692456009816221,0.0005417920863259974,1.8943116951800995e+32,5.0433417181520836e+32,4.956282493272926e+32,1.9164702809747767e+34,2.4989546378377667e+35,1.842176062319931e+35,5.307182021555406e-7
2023-12-01T22:36:38.222168,-0.047351,0.0,-1.142379,1701470198222168,17.12372233648134,0.00736761432990736,17.12372233648134,17.12372233648134,17.12372233648134,0.00736761432990736,0.00736761432990736,0.00736761432990736,21.275078877887708,25.213608587810477,29.59333159987459,0.0006377511595276984,0.0004052516309883755,0.00024475897218386377,0.0009019163392232385,0.0005731123527175776,0.0003461414579749193,1.5649655566061678e+32,7.634632667680531e+32,2.136356049803071e+32,2.0990011250950534e+34,2.5359985742885516e+35,1.9453905184239818e+35,4.2057492024144247e-7
2023-12-01T22:36:47.751406,-0.05533,0.0,-1.1441,1701470207751406,17.070460936626628,0.01249404169283841,17.070460936626628,17.070460936626628,17.070460936626628,0.01249404169283841,0.01249404169283841,0.01249404169283841,16.731140135008232,26.934069702816124,19.990085604138013,0.0010760890051222708,0.000332431152807536,0.0007394365616522238,0.0015218196653644864,0.00047012864485574025,0.0010457212140031042,4.0187777806760365e+32,4.924866928141017e+32,1.862659611492069e+33,1.893250176284053e+34,2.4310924269494895e+35,1.8584122442189753e+35,1.2101629646733658e-6
2023-12-01T22:36:57.129540,-0.045647,0.0,-1.139438,1701470217129540,17.09425747528681,0.008236264754741552,17.09425747528681,17.09425747528681,17.09425747528681,0.008236264754741552,0.008236264754741552,0.008236264754741552,23.1295389370301,27.12420307782086,21.16163601229041,0.0005151435351123027,0.0003252333308084201,0.0006461351986593678,0.0007285229739246392,0.0004599493873650431,0.000913773161070712,9.44886889793472e+31,5.425882006655526e+32,1.5458536738681407e+33,1.9423778500834602e+34,2.798276678495724e+35,2.0199098344678354e+35,5.257601841222134e-7
2023-12-01T22:37:07.385592,-0.049954,0.0,-1.152372,1701470227385592,17.256079528639997,0.007549533824448631,17.256079528639997,17.256079528639997,17.256079528639997,0.007549533824448631,0.007549533824448631,0.007549533824448631,28.03774622309828,24.54770554881857,21.521387157838504,0.00029276414654828484,0.00043754217703533693,0.0006199202783650737,0.0004140310266251688,0.0006187780808736233,0.0008766996652539916,2.7910521126164985e+31,4.827838500676428e+32,8.176163245812864e+32,1.7764073757566544e+34,1.3756985789527336e+35,1.1606152422472931e+35,4.409701024781321e-7
2023-12-01T22:37:16.650004,-0.040033,0.0,-1.150463,1701470236650004,17.326041059459374,0.008732325809149871,17.326041059459374,17.326041059459374,17.326041059459374,0.008732325809149871,0.008732325809149871,0.008732325809149871,27.71353903423919,24.007904758303713,19.770326384687802,0.00030389828490232307,0.0004655967743610548,0.0007583835104456749,0.00042977707609078813,0.0006584532728985694,0.0010725162459523914,2.8849676640376286e+31,5.430191163137619e+32,1.0577910640476408e+33,1.7040991239442802e+34,1.3664872834168043e+35,1.003303973778972e+35,5.895200485185985e-7
2023-12-01T22:37:26.514684,-0.053045,0.0,-1.158328,1701470246514684,17.31944603072665,0.006161341650360643,17.31944603072665,17.31944603072665,17.31944603072665,0.006161341650360643,0.006161341650360643,0.006161341650360643,23.3853059285155,26.54341547492876,28.969866924601355,0.0005001956429019812,0.0003477238080076856,0.0002629734200623398,0.0007073834620319113,0.0004917557252444873,0.0003719005771957979,7.149594873862359e+31,5.2424468118172996e+32,2.5472799633016932e+32,1.5588776352366817e+34,2.365241990221359e+35,2.0093859994250137e+35,2.935083649951839e-7
2023-12-01T22:37:36.414792,-0.04892,0.0,-1.161053,1701470256414792,17.404464045367938,0.010194140486532277,17.404464045367938,17.404464045367938,17.404464045367938,0.010194140486532277,0.010194140486532277,0.010194140486532277,22.559798425068067,26.022293028585537,18.530403800301723,0.000550066605208455,0.00036922453257234167,0.0008747521342741057,0.000777911653294324,0.0005221623415246722,0.001237086332005251,9.286352634227128e+31,5.880905983150139e+32,2.3550233315224664e+33,1.6742681428790664e+34,2.3532796504207364e+35,1.67894161603583e+35,8.027275480239477e-7
2023-12-01T22:37:46.608246,-0.036052,0.0,-1.162464,1701470266608246,17.557112939124334,0.0074426265292382365,17.557112939124334,17.557112939124334,17.557112939124334,0.0074426265292382365,0.0074426265292382365,0.0074426265292382365,21.12675650069611,25.82997854511719,28.481614057735307,0.0006487350694682817,0.000377490714668501,0.00027817910012602773,0.000917449933629096,0.0005338524883541064,0.0003934046561669716,1.5182044634671399e+32,4.312338330639959e+32,2.1135229726737014e+32,1.9679130874288255e+34,1.6508616589662513e+35,1.4899386235367235e+35,4.2716002784391906e-7
2023-12-01T22:37:57.271473,-0.039719,0.0,-1.164598,1701470277271473,17.5539397104442,0.01849193442184417,17.5539397104442,17.5539397104442,17.5539397104442,0.01849193442184417,0.01849193442184417,0.01849193442184417,20.445457652523167,23.216080361973045,12.312404948088691,0.0007016690460530053,0.0005100364129126128,0.00178971943151724,0.000992309881225552,0.0007213004124451411,0.002531045492894347,1.745991319314471e+32,5.1090422314514876e+32,4.589489916802644e+33,1.9345851305454863e+34,1.0713898526903822e+35,7.816366502108435e+34,2.6370481574907285e-6
2023-12-01T22:38:06.833160,-0.035651,0.0,-1.15508,1701470286833160,17.44373938290372,0.0076338507723464205,17.44373938290372,17.44373938290372,17.44373938290372,0.0076338507723464205,0.0076338507723464205,0.0076338507723464205,25.95450697904973,24.792747592460525,21.859485898390826,0.0003721172920182754,0.0004253709441281913,0.000596253451277374,0.0005262533211657946,0.0006015653582255362,0.0008432297174082278,4.4317589199545315e+31,7.655680196722842e+32,1.1406163366454036e+33,1.7459299917723774e+34,2.3081208411313457e+35,1.7502020064255883e+35,4.4995326485846875e-7
2023-12-01T22:38:16.136695,-0.041888,0.0,-1.164278,1701470296136695,17.526894123238613,0.007794730938139236,17.526894123238613,17.526894123238613,17.526894123238613,0.007794730938139236,0.007794730938139236,0.007794730938139236,21.88082148252449,29.252701444720863,22.827838191540945,0.0005947906414944935,0.0002545482575678774,0.0005333512179975703,0.0008411609919741061,0.0003599855981309321,0.0007542725260003732,1.1055974599369236e+32,2.8719385901560773e+32,9.847608923102306e+32,1.7048225471496142e+34,2.417938741149721e+35,1.888489664554469e+35,4.686894962531769e-7
2023-12-01T22:38:25.729515,-0.041267,0.0,-1.162867,1701470305729515,17.51073718246947,0.006636448974503608,17.51073718246947,17.51073718246947,17.51073718246947,0.006636448974503608,0.006636448974503608,0.006636448974503608,25.463029127264605,26.118969497158062,23.917866716698217,0.0003937800814099916,0.0003651377423053179,0.00047044825822886466,0.0005568891317223916,0.0005163827473024729,0.0006653143071820605,5.0547149907430715e+31,6.308125188016627e+32,7.933448094841898e+32,1.7782777137218362e+34,2.581054965432414e+35,1.9554587379270616e+35,3.3980659136110454e-7
2023-12-01T22:38:35.082352,-0.028784,0.0,-1.145024,1701470315082352,17.35335868828853,0.012519059275143988,17.35335868828853,17.35335868828853,17.35335868828853,0.012519059275143988,0.012519059275143988,0.012519059275143988,17.505354245580442,23.5310835461851,19.542470780732103,0.0009843226723233974,0.0004918707797577803,0.0007785413104280127,0.0013920424729510768,0.0006956103276684826,0.0011010236800750176,3.575855791265381e+32,9.174639209783755e+32,1.5918422259621282e+33,2.013332112749193e+34,2.0686992136426996e+35,1.4326730745321411e+35,1.2113030395149122e-6
2023-12-01T22:38:44.395000,-0.022709,0.0,-1.139276,1701470324395000,17.323451327511194,0.011047310153317197,17.323451327511194,17.323451327511194,17.323451327511194,0.011047310153317197,0.011047310153317197,0.011047310153317197,19.877463260535407,20.788008679169195,21.356270647647385,0.0007490866163491007,0.0006745354313815472,0.0006318175256612231,0.0010593684522330698,0.0009539371553609704,0.0008935249137351128,1.858783998469243e+32,1.2220995675430186e+33,7.185133582499932e+32,1.8070711449612342e+34,1.465235587877768e+35,9.818879075467352e+34,9.435481284767368e-7
2023-12-01T22:38:54.639918,-0.035034,0.0,-1.142925,1701470334639918,17.256829733685056,0.010943108372411109,17.256829733685056,17.256829733685056,17.256829733685056,0.010943108372411109,0.010943108372411109,0.010943108372411109,24.412703220899967,20.87098725276414,18.64141808394121,0.0004443958961747102,0.0006681221010156542,0.0008636430780821256,0.0006284707034332211,0.0009448673365775453,0.001221375754073388,8.562378414728194e+31,1.302965465847231e+33,1.479727330691276e+33,2.3651829503145e+34,1.5923246948229721e+35,1.0822398060000837e+35,9.265028138144429e-7
2023-12-01T22:39:05.369396,-0.053367,0.0,-1.124654,1701470345369396,16.781963401805854,0.021417604908898463,16.781963401805854,16.781963401805854,16.781963401805854,0.021417604908898463,0.021417604908898463,0.021417604908898463,24.915317652222416,24.634616736355802,10.389676624965073,0.0004194105186295163,0.00043318595174002484,0.002233167863766842,0.0005931360436477956,0.0006126174479802402,0.0031581762799948202,7.530598229851774e+31,4.156651571408566e+32,6.968541391722544e+33,2.335399823751653e+34,1.208384915398225e+35,7.622712611909508e+34,3.5670626397886336e-6
2023-12-01T22:39:14.815875,-0.027203,0.0,-1.122833,1701470354815875,17.017021133094353,0.008582564934112255,17.017021133094353,17.017021133094353,17.017021133094353,0.008582564934112255,0.008582564934112255,0.008582564934112255,19.973300878144865,25.159717580149184,25.84834361563925,0.0007408668399706486,0.00040777380322266405,0.00037669340777119815,0.0010477439329989887,0.0005766792428979492,0.0005327249261265671,2.053284409887504e+32,9.053914353121867e+32,5.8961367686467165e+32,2.040700155070981e+34,2.970353516404532e+35,2.266741054834937e+35,5.713740484140324e-7
2023-12-01T22:39:24.134520,-0.024254,0.0,-1.116659,1701470364134520,16.94886818520135,0.0067830950508187505,16.94886818520135,16.94886818520135,16.94886818520135,0.0067830950508187505,0.0067830950508187505,0.0067830950508187505,25.033228018423543,28.319716901487354,22.831599907219925,0.0004137555190772961,0.00028341273145954195,0.0005331202823842579,0.000585138666585832,0.0004008061285792882,0.0007539459337239918,5.516413086786297e+31,4.413927455078915e+32,1.1953526073836589e+33,1.7578409682929135e+34,2.9977601437115477e+35,2.294330739866676e+35,3.5715576093983465e-7
2023-12-01T22:39:33.337983,-0.026031,0.0,-1.115089,1701470373337983,16.906049087811848,0.008239924698980284,16.906049087811848,16.906049087811848,16.906049087811848,0.008239924698980284,0.008239924698980284,0.008239924698980284,20.573045229116044,25.178459290769844,25.686693116696297,0.0006914375152816038,0.0004068948904330334,0.0003837695783333299,0.0009778403116447983,0.0005754362725107104,0.000542732142505199,1.6261253862085e+32,9.595906586193869e+32,6.576529323324765e+32,1.8554897208196955e+34,3.1617821306808284e+35,2.4359371149181735e+35,5.272855857689668e-7
2023-12-01T22:39:42.664567,-0.02835,0.0,-1.09111,1701470382664567,16.502955523962648,0.008889399264637231,16.502955523962648,16.502955523962648,16.502955523962648,0.008889399264637231,0.008889399264637231,0.008889399264637231,21.605031125958398,23.424474458092508,22.604131758826547,0.0006139791800039505,0.0004979451169769831,0.000547266183077788,0.0008682976833762987,0.0007042007377463068,0.000773951258336765,1.0014201540199071e+32,1.377960200435978e+33,1.3609933929197107e+33,1.4491703510602833e+34,3.0316853133073496e+35,2.478958137067474e+35,6.162800320933839e-7
2023-12-01T22:39:51.998414,-0.031274,0.0,-1.121148,1701470391998414,16.949215011418186,0.012146118300505571,16.949215011418186,16.949215011418186,16.949215011418186,0.012146118300505571,0.012146118300505571,0.012146118300505571,16.91986611637978,25.385729027387136,20.824377694724102,0.0010529600521633395,0.0003973001686602962,0.0006717169634528086,0.0014891103864064766,0.000561867286852509,0.0009499512397910346,2.9792340054354207e+32,9.099659808641523e+32,1.751474449690237e+33,1.4658557268543517e+34,3.1448364118857076e+35,2.1175885290592373e+35,1.1451839829730562e-6
2023-12-01T22:40:01.413499,-0.025861,0.0,-1.11799,1701470401413499,16.95375823627509,0.011761226276165023,16.95375823627509,16.95375823627509,16.95375823627509,0.011761226276165023,0.011761226276165023,0.011761226276165023,16.668504160362602,25.17247639188771,23.054874575617816,0.0010838769804514335,0.0004071752589040151,0.0005195908230458136,0.0015328335256984153,0.0005758327734048345,0.0007348123888359885,2.9548730670281305e+32,9.449611070126604e+32,9.34474557391681e+32,1.3721109986576692e+34,3.1092924567721603e+35,1.888230198601491e+35,1.0737037490729966e-6
2023-12-01T22:40:11.455277,-0.013422,0.0,-1.119322,1701470411455277,17.100448626459485,0.011818444589557312,17.100448626459485,17.100448626459485,17.100448626459485,0.011818444589557312,0.011818444589557312,0.011818444589557312,23.893824193678277,23.03836486373037,16.836692575448346,0.0004717522618585464,0.0005205793749286825,0.0010630913195336883,0.0006671584468005401,0.0007362104123158511,0.0015034381621256518,8.652831804434475e+31,8.70959420171785e+32,1.673337008312137e+33,2.121000062223367e+34,1.7532118894076348e+35,8.077048185397222e+34,1.0824774905584472e-6
2023-12-01T22:40:20.915332,-0.029854,0.0,-1.135833,1701470420915332,17.196554094946634,0.025377987988680142,17.196554094946634,17.196554094946634,17.196554094946634,0.025377987988680142,0.025377987988680142,0.025377987988680142,10.08537746610755,22.674474511027157,14.730568713153996,0.0023127906742612518,0.0005428520412788877,0.0013548049200245015,0.0032707799384702778,0.0007677087191385223,0.0019159834922684465,6.613292922717532e+32,5.7376903251114106e+32,1.6216371547978206e+33,6.744589249478918e+33,1.0621468265764384e+35,4.819595138405646e+34,4.986123608662044e-6
2023-12-01T22:42:56.092344,-0.009797,0.0,-1.12608,1701470576092344,17.244352701122427,0.014935911424811972,17.244352701122427,17.244352701122427,17.244352701122427,0.014935911424811972,0.014935911424811972,0.014935911424811972,21.950117699349853,24.443128533477,14.261184006823202,0.0005900642674209595,0.00044284197004088884,0.0014300328054590518,0.0008344768896584657,0.0006262731200198449,0.002022371788118637,7.75285378532382e+31,6.261334218866304e+32,1.165576019220868e+33,1.2147121162580713e+34,1.7417256178100714e+35,3.1092740645477637e+34,1.7261857832038769e-6
2023-12-01T22:43:05.537179,-0.007743,0.0,-1.15269,1701470585537179,17.688250265144575,0.014268003051992115,17.688250265144575,17.688250265144575,17.688250265144575,0.014268003051992115,0.014268003051992115,0.014268003051992115,15.169078384859528,26.692315984842562,19.768882261342583,0.0012881050460453497,0.00034181364975077125,0.0007585096104109213,0.0018216556258785538,0.0004833974992817876,0.0010726945782334575,4.8776715259727805e+32,7.362227313679436e+32,9.134646175298918e+32,1.6036898814873048e+34,3.437485072840782e+35,8.661237668828982e+34,1.5675920065927755e-6
2023-12-01T22:43:15.307559,-0.007791,0.0,-1.167916,1701470595307559,17.930326871036467,0.016846128330369414,17.930326871036467,17.930326871036467,17.930326871036467,0.016846128330369414,0.016846128330369414,0.016846128330369414,20.924693808684005,28.481338533719715,12.97360407359885,0.0006640037167873326,0.00027818792435032144,0.0016585363605203327,0.0009390430617467895,0.0003934171355046452,0.002345524614736768,1.0756690533674197e+32,4.769098465834397e+32,4.670408643278281e+33,1.3309080600154781e+34,3.361786606584346e+35,9.262224188881294e+34,2.1793548775531756e-6
2023-12-01T22:43:24.920040,-0.003075,0.0,-1.178215,1701470604920040,18.142478912921323,0.01276743733742511,18.142478912921323,18.142478912921323,18.142478912921323,0.01276743733742511,0.01276743733742511,0.01276743733742511,23.44751022386439,27.40629477825653,15.52852897492648,0.0004966262710634214,0.0003148404046307797,0.0012358869659136154,0.0007023356079686676,0.0004452515702118817,0.00174780810875517,7.748249983370908e+31,6.233705908886516e+32,3.185810977480446e+33,1.7137783273603646e+34,3.43064505769676e+35,1.1378182671641739e+35,1.248785817342396e-6
2023-12-01T22:43:34.643416,-0.010053,0.0,-1.185533,1701470614643416,18.188414119219992,0.017168149823480094,18.188414119219992,18.188414119219992,18.188414119219992,0.017168149823480094,0.017168149823480094,0.017168149823480094,20.542414377449223,27.316198132186113,12.892533034965279,0.0006938801791076701,0.00031812316470148614,0.0016740890241594712,0.0009812947599559395,0.00044989409402589156,0.0023675194025862645,1.5190043430637255e+32,7.081683628123216e+32,6.160706823979068e+33,1.721077604245161e+34,3.8173003674140204e+35,1.1991785333673313e+35,2.2568307411262614e-6
2023-12-01T22:43:44.087299,0.002599,0.0,-1.177618,1701470624087299,18.19058554317746,0.00675404531122502,18.19058554317746,18.19058554317746,18.19058554317746,0.00675404531122502,0.00675404531122502,0.00675404531122502,24.46476372433118,28.86896685540887,23.251916120315336,0.00044174029266629103,0.00026604607616031913,0.0005079364680632131,0.000624715112935329,0.0003762459691220687,0.0007183306419588846,7.393154634508825e+31,4.906104372645918e+32,9.672985593035358e+32,2.066836689768239e+34,3.781233254623234e+35,2.045277086701877e+35,3.492763042624896e-7
2023-12-01T22:43:53.260840,-0.007577,0.0,-1.189717,1701470633260840,18.28039093233578,0.00995081247453446,18.28039093233578,18.28039093233578,18.28039093233578,0.00995081247453446,0.00995081247453446,0.00995081247453446,20.541741013796088,27.459373260267345,19.912714900070178,0.000693933973459551,0.0003129223173625666,0.0007460526129816967,0.0009813708366579485,0.00044253898518335956,0.0010550777235226014,1.5394693543251764e+32,6.3547009275881495e+32,1.5133470901136504e+33,1.7439946541400234e+34,3.540237859350148e+35,1.4832352425914416e+35,7.573728250411582e-7
2023-12-01T22:44:02.722380,-0.005708,0.0,-1.208051,1701470642722380,18.592530638054214,0.02314788976754177,18.592530638054214,18.592530638054214,18.592530638054214,0.02314788976754177,0.02314788976754177,0.02314788976754177,10.492815159551581,28.08256113696762,16.684403174710326,0.0022068074570204856,0.0002912575177736936,0.0010818948215262018,0.003120897035264452,0.0004119003317786803,0.0015300303296635737,1.4827689695513504e+33,5.836726321544082e+32,3.143798298716183e+33,1.6609440559954489e+34,3.753405135171975e+35,1.4651935294054632e+35,4.083550999244085e-6
2023-12-01T22:44:12.305121,-0.006808,0.0,-1.217779,1701470652305121,18.737064056176663,0.008799242312813373,18.737064056176663,18.737064056176663,18.737064056176663,0.008799242312813373,0.008799242312813373,0.008799242312813373,19.392103352441904,27.645371245426624,25.264735795771728,0.0007921365146493535,0.00030629269457485076,0.0004028732304860888,0.0011202502022680698,0.00043316328272355407,0.0005697487864704887,2.138540508903665e+32,6.1695645134615544e+32,4.9303497459946646e+32,1.859207302258343e+34,3.587497725785388e+35,1.6571098837571683e+35,5.890682082886971e-7
2023-12-01T22:44:21.902275,0.003866,0.0,-1.206082,1701470661902275,18.658527747337956,0.012673796002991707,18.658527747337956,18.658527747337956,18.658527747337956,0.012673796002991707,0.012673796002991707,0.012673796002991707,19.069793489120556,27.781102805713385,17.082286616449313,0.0008220827328873143,0.0003015435618958798,0.0010334533323409646,0.0011626005502419785,0.0004264469948794441,0.0014615237186762617,2.668377157698944e+32,4.701235253248697e+32,2.0250881356370072e+33,2.153905093077055e+34,2.8204750657115744e+35,1.0343620802612674e+35,1.2231828863726494e-6
2023-12-01T22:44:31.351092,-0.021479,0.0,-1.235711,1701470671351092,18.874799489487454,0.013712750429135877,18.874799489487454,18.874799489487454,18.874799489487454,0.013712750429135877,0.013712750429135877,0.013712750429135877,17.603014670280444,27.72263964909454,16.942698291336367,0.0009733173550567797,0.0003035800431319904,0.0010501958220595926,0.001376478604014407,0.00042932701426307,0.0014852011747042376,2.623004068744396e+32,5.771134333834751e+32,3.146920450975463e+33,1.510429402971699e+34,3.41605731203643e+35,1.5565231845751778e+35,1.428279187276113e-6
2023-12-01T22:44:41.194796,-0.012964,0.0,-1.241749,1701470681194796,19.05854035720499,0.007871529184337978,19.05854035720499,19.05854035720499,19.05854035720499,0.007871529184337978,0.007871529184337978,0.007871529184337978,24.396435784689018,27.019075064229447,21.37148340653447,0.00044522896636532634,0.0003291936487158211,0.0006307119077137011,0.0006296488425951991,0.00046555012266099867,0.0008919613338389241,6.655030632965155e+31,7.379925801682875e+32,1.416648717054904e+33,1.8314439727422718e+34,3.715005848810167e+35,1.9427213514173592e+35,4.695965342516191e-7
2023-12-01T22:44:50.612947,-0.016339,0.0,-1.248346,1701470690612947,19.129954564016455,0.01758989303158381,19.129954564016455,19.129954564016455,19.129954564016455,0.01758989303158381,0.01758989303158381,0.01758989303158381,20.532043288362225,27.952745336726267,12.678193502195601,0.0006947091777948995,0.00029564322694363115,0.0017159140318210894,0.0009824671411426088,0.00041810266116743005,0.0024266688956676836,1.5745895525444677e+32,6.0548052329075234e+32,1.3781579249551298e+34,1.779802016116676e+34,3.77898102521469e+35,2.5533969602260572e+35,2.3429244826337434e-6
