sensor,channel,strike_index,time,sample,global_sample
3dvha,7,0,2023-12-01T21:06:57.981050,59621,8359621
3dvha,7,1,2023-12-01T21:06:59.475200,89504,8389504
3dvha,7,2,2023-12-01T21:07:01.010650,120213,8420213
3dvha,7,3,2023-12-01T21:07:02.554500,151090,8451090
3dvha,7,4,2023-12-01T21:07:04.067250,181345,8481345
3dvha,7,5,2023-12-01T21:07:05.604550,212091,8512091
3dvha,7,6,2023-12-01T21:07:07.146150,242923,8542923
3dvha,7,7,2023-12-01T21:07:08.686650,273733,8573733
3dvha,7,8,2023-12-01T21:07:10.268900,305378,8605378
3dvha,7,9,2023-12-01T21:07:11.792400,335848,8635848
3dvha,7,10,2023-12-01T21:07:13.245250,364905,8664905
3dvha,7,11,2023-12-01T21:07:14.672150,393443,8693443
3dvha,7,12,2023-12-01T21:07:16.096050,421921,8721921
3dvha,7,13,2023-12-01T21:07:17.525000,450500,8750500
3dvha,7,14,2023-12-01T21:07:18.973100,479462,8779462
3dvha,7,15,2023-12-01T21:07:20.425000,508500,8808500
3dvha,7,16,2023-12-01T21:07:21.850200,537004,8837004
3dvha,7,17,2023-12-01T21:07:23.299050,565981,8865981
3dvha,7,18,2023-12-01T21:07:24.721100,594422,8894422
3dvha,7,19,2023-12-01T21:07:26.167150,623343,8923343
3dvha,7,20,2023-12-01T21:07:27.613750,652275,8952275
3dvha,7,21,2023-12-01T21:07:29.027850,680557,8980557
3dvha,7,22,2023-12-01T21:07:30.482850,709657,9009657
3dvha,7,23,2023-12-01T21:07:31.904200,738084,9038084
3dvha,7,24,2023-12-01T21:07:33.395550,767911,9067911
3dvha,7,25,2023-12-01T21:07:34.814650,796293,9096293
3dvha,7,26,2023-12-01T21:07:36.242750,824855,9124855
3dvha,7,27,2023-12-01T21:07:37.674850,853497,9153497
3dvha,7,28,2023-12-01T21:07:39.102600,882052,9182052
3dvha,7,29,2023-12-01T21:07:40.477550,909551,9209551
3dvha,7,30,2023-12-01T21:07:41.839900,936798,9236798
3dvha,7,31,2023-12-01T21:07:43.148250,962965,9262965
3dvha,7,32,2023-12-01T21:07:44.527850,990557,9290557
3dvha,7,33,2023-12-01T21:07:45.888700,1017774,9317774
3dvha,7,34,2023-12-01T21:07:47.239250,1044785,9344785
3dvha,7,35,2023-12-01T21:07:48.617150,1072343,9372343
3dvha,7,36,2023-12-01T21:07:49.957650,1099153,9399153
3dvha,7,37,2023-12-01T21:07:51.328900,1126578,9426578
3dvha,7,38,2023-12-01T21:07:52.790100,1155802,9455802
3dvha,7,39,2023-12-01T21:07:54.046050,1180921,9480921
3dvha,7,40,2023-12-01T21:07:55.397900,1207958,9507958
3dvha,7,41,2023-12-01T21:07:56.763950,1235279,9535279
3dvha,7,42,2023-12-01T21:07:58.101450,1262029,9562029
3dvha,7,43,2023-12-01T21:07:59.442150,1288843,9588843
3dvha,7,44,2023-12-01T21:08:00.802450,1316049,9616049
3dvha,7,45,2023-12-01T21:08:02.168600,1343372,9643372
3dvha,7,46,2023-12-01T21:08:03.537400,1370748,9670748
3dvha,7,47,2023-12-01T21:08:04.774100,1395482,9695482
3dvha,7,48,2023-12-01T21:08:06.039600,1420792,9720792
3dvha,7,49,2023-12-01T21:08:07.335500,1446710,9746710
3dvha,7,50,2023-12-01T21:08:08.636600,1472732,9772732
3dvha,7,51,2023-12-01T21:08:09.899600,1497992,9797992
3dvha,7,52,2023-12-01T21:08:11.187450,1523749,9823749
3dvha,7,53,2023-12-01T21:08:12.499050,1549981,9849981
3dvha,7,54,2023-12-01T21:08:13.830950,1576619,9876619
3dvha,7,55,2023-12-01T21:08:15.071000,1601420,9901420
3dvha,7,56,2023-12-01T21:08:16.381500,1627630,9927630
3dvha,7,57,2023-12-01T21:08:17.676350,1653527,9953527
3dvha,7,58,2023-12-01T21:08:18.973950,1679479,9979479
3dvha,7,59,2023-12-01T21:08:20.256450,1705129,10005129
3dvha,7,60,2023-12-01T21:08:21.574000,1731480,10031480
3dvha,7,61,2023-12-01T21:08:22.837850,1756757,10056757
3dvha,7,62,2023-12-01T21:08:24.126350,1782527,10082527
3dvha,7,63,2023-12-01T21:08:25.425750,1808515,10108515
3dvha,7,64,2023-12-01T21:08:26.670750,1833415,10133415
3dvha,7,65,2023-12-01T21:08:28.001000,1860020,10160020
3dvha,7,66,2023-12-01T21:08:29.292600,1885852,10185852
3dvha,7,67,2023-12-01T21:08:30.588800,1911776,10211776
3dvha,7,68,2023-12-01T21:08:31.881550,1937631,10237631
3dvha,7,69,2023-12-01T21:08:33.187500,1963750,10263750
3dvha,7,70,2023-12-01T21:08:34.482200,1989644,10289644
3dvha,7,71,2023-12-01T21:08:35.778350,2015567,10315567
3dvha,7,72,2023-12-01T21:08:37.085000,2041700,10341700
3dvha,7,73,2023-12-01T21:08:38.383200,2067664,10367664
3dvha,7,74,2023-12-01T21:08:39.682150,2093643,10393643
3dvha,7,75,2023-12-01T21:08:40.967700,2119354,10419354
3dvha,7,76,2023-12-01T21:08:42.297600,2145952,10445952
3dvha,7,77,2023-12-01T21:08:43.620800,2172416,10472416
3dvha,7,78,2023-12-01T21:08:44.926350,2198527,10498527
3dvha,7,79,2023-12-01T21:08:46.252400,2225048,10525048
3dvha,7,80,2023-12-01T21:08:47.545400,2250908,10550908
3dvha,7,81,2023-12-01T21:08:48.868700,2277374,10577374
3dvha,7,82,2023-12-01T21:08:50.173800,2303476,10603476
3dvha,7,83,2023-12-01T21:08:51.454850,2329097,10629097
3dvha,7,84,2023-12-01T21:08:52.752400,2355048,10655048
3dvha,7,85,2023-12-01T21:08:54.110450,2382209,10682209
3dvha,7,86,2023-12-01T21:08:55.423950,2408479,10708479
3dvha,7,87,2023-12-01T21:08:56.714250,2434285,10734285
3dvha,7,88,2023-12-01T21:08:57.980700,2459614,10759614
3dvha,7,89,2023-12-01T21:08:59.238650,2484773,10784773
3dvha,7,90,2023-12-01T21:09:00.488600,2509772,10809772
3dvha,7,91,2023-12-01T21:09:01.741850,2534837,10834837
3dvha,7,92,2023-12-01T21:09:03.015750,2560315,10860315
3dvha,7,93,2023-12-01T21:09:04.288600,2585772,10885772
3dvha,7,94,2023-12-01T21:09:05.519450,2610389,10910389
3dvha,7,95,2023-12-01T21:09:06.789250,2635785,10935785
3dvha,7,96,2023-12-01T21:09:08.011650,2660233,10960233
3dvha,7,97,2023-12-01T21:09:09.324900,2686498,10986498
3dvha,7,98,2023-12-01T21:09:10.538450,2710769,11010769
3dvha,7,99,2023-12-01T21:09:11.808000,2736160,11036160
3dvha,7,100,2023-12-01T21:09:13.063050,2761261,11061261
3dvha,7,101,2023-12-01T21:09:14.327900,2786558,11086558
3dvha,7,102,2023-12-01T21:09:15.656600,2813132,11113132
3dvha,7,103,2023-12-01T21:09:16.889150,2837783,11137783
3dvha,7,104,2023-12-01T21:09:57.634100,152682,11952682
3dvha,7,105,2023-12-01T21:09:58.878300,177566,11977566
3dvha,7,106,2023-12-01T21:10:00.126400,202528,12002528
3dvha,7,107,2023-12-01T21:10:01.369600,227392,12027392
3dvha,7,108,2023-12-01T21:10:02.608800,252176,12052176
3dvha,7,109,2023-12-01T21:10:03.891300,277826,12077826
3dvha,7,110,2023-12-01T21:10:05.127350,302547,12102547
3dvha,7,111,2023-12-01T21:10:06.357750,327155,12127155
3dvha,7,112,2023-12-01T21:10:07.593000,351860,12151860
3dvha,7,113,2023-12-01T21:10:08.849100,376982,12176982
3dvha,7,114,2023-12-01T21:10:10.085750,401715,12201715
3dvha,7,115,2023-12-01T21:10:11.371900,427438,12227438
3dvha,7,116,2023-12-01T21:10:12.539700,450794,12250794
3dvha,7,117,2023-12-01T21:10:13.780950,475619,12275619
3dvha,7,118,2023-12-01T21:10:15.033750,500675,12300675
3dvha,7,119,2023-12-01T21:10:16.264000,525280,12325280
3dvha,7,120,2023-12-01T21:10:17.500850,550017,12350017
3dvha,7,121,2023-12-01T21:10:18.676300,573526,12373526
3dvha,7,122,2023-12-01T21:10:19.915750,598315,12398315
3dvha,7,123,2023-12-01T21:10:21.232800,624656,12424656
3dvha,7,124,2023-12-01T21:10:22.469600,649392,12449392
3dvha,7,125,2023-12-01T21:10:23.715450,674309,12474309
3dvha,7,126,2023-12-01T21:10:24.960050,699201,12499201
3dvha,7,127,2023-12-01T21:10:26.202900,724058,12524058
3dvha,7,128,2023-12-01T21:10:27.431550,748631,12548631
3dvha,7,129,2023-12-01T21:10:28.579250,771585,12571585
3dvha,7,130,2023-12-01T21:10:29.892700,797854,12597854
3dvha,7,131,2023-12-01T21:10:31.122500,822450,12622449
3dvha,7,132,2023-12-01T21:10:32.349600,846992,12646992
3dvha,7,133,2023-12-01T21:10:33.586400,871728,12671728
3dvha,7,134,2023-12-01T21:10:34.777150,895543,12695543
3dvha,7,135,2023-12-01T21:10:35.999250,919985,12719985
3dvha,7,136,2023-12-01T21:10:37.227550,944551,12744550
3dvha,7,137,2023-12-01T21:10:38.459100,969182,12769182
3dvha,7,138,2023-12-01T21:10:39.685900,993718,12793717
3dvha,7,139,2023-12-01T21:10:40.919250,1018385,12818385
3dvha,7,140,2023-12-01T21:10:42.142300,1042846,12842846
3dvha,7,141,2023-12-01T21:10:43.361700,1067234,12867234
3dvha,7,142,2023-12-01T21:10:44.596650,1091933,12891933
3dvha,7,143,2023-12-01T21:10:45.832850,1116657,12916657
3dvha,7,144,2023-12-01T21:10:47.058900,1141178,12941178
3dvha,7,145,2023-12-01T21:10:48.337700,1166754,12966754
3dvha,7,146,2023-12-01T21:10:49.486900,1189738,12989738
3dvha,7,147,2023-12-01T21:10:50.796100,1215922,13015922
3dvha,7,148,2023-12-01T21:10:52.030800,1240616,13040616
3dvha,7,149,2023-12-01T21:10:53.162350,1263247,13063246
3dvha,7,150,2023-12-01T21:10:54.410450,1288209,13088209
3dvha,7,151,2023-12-01T21:10:55.718150,1314363,13114363
3dvha,7,152,2023-12-01T21:10:56.930650,1338613,13138613
3dvha,7,153,2023-12-01T21:10:58.142850,1362857,13162856
3dvha,7,154,2023-12-01T21:10:59.282650,1385653,13185653
3dvha,7,155,2023-12-01T21:11:00.500600,1410012,13210012
3dvha,7,156,2023-12-01T21:11:01.721050,1434421,13234421
3dvha,7,157,2023-12-01T21:11:02.950950,1459019,13259019
3dvha,7,158,2023-12-01T21:11:04.163100,1483262,13283262
3dvha,7,159,2023-12-01T21:11:05.382000,1507640,13307639
3dvha,7,160,2023-12-01T21:11:06.603750,1532075,13332075
3dvha,7,161,2023-12-01T21:11:07.813500,1556270,13356270
3dvha,7,162,2023-12-01T21:11:09.037050,1580741,13380741
3dvha,7,163,2023-12-01T21:11:10.245600,1604912,13404912
3dvha,7,164,2023-12-01T21:11:11.443750,1628875,13428875
3dvha,7,165,2023-12-01T21:11:51.422050,128441,14228441
3dvha,7,166,2023-12-01T21:11:52.612650,152253,14252253
3dvha,7,167,2023-12-01T21:11:53.811700,176234,14276234
3dvha,7,168,2023-12-01T21:11:55.007350,200147,14300147
3dvha,7,169,2023-12-01T21:11:56.190900,223818,14323818
3dvha,7,170,2023-12-01T21:11:57.378150,247563,14347563
3dvha,7,171,2023-12-01T21:11:58.586900,271738,14371738
3dvha,7,172,2023-12-01T21:11:59.776300,295526,14395526
3dvha,7,173,2023-12-01T21:12:00.989000,319780,14419780
3dvha,7,174,2023-12-01T21:12:02.158900,343178,14443178
3dvha,7,175,2023-12-01T21:12:03.349050,366981,14466981
3dvha,7,176,2023-12-01T21:12:04.527500,390550,14490550
3dvha,7,177,2023-12-01T21:12:05.722250,414445,14514445
3dvha,7,178,2023-12-01T21:12:06.917100,438342,14538342
3dvha,7,179,2023-12-01T21:12:08.104400,462088,14562088
3dvha,7,180,2023-12-01T21:12:09.286500,485730,14585730
3dvha,7,181,2023-12-01T21:12:10.486400,509728,14609728
3dvha,7,182,2023-12-01T21:12:11.674900,533498,14633498
3dvha,7,183,2023-12-01T21:12:12.871850,557437,14657437
3dvha,7,184,2023-12-01T21:12:14.049600,580992,14680992
3dvha,7,185,2023-12-01T21:12:15.233150,604663,14704663
3dvha,7,186,2023-12-01T21:12:16.413900,628278,14728278
3dvha,7,187,2023-12-01T21:12:17.667050,653341,14753341
3dvha,7,188,2023-12-01T21:12:18.807150,676143,14776143
3dvha,7,189,2023-12-01T21:12:19.984400,699688,14799688
3dvha,7,190,2023-12-01T21:12:21.158450,723169,14823169
3dvha,7,191,2023-12-01T21:12:22.300350,746007,14846007
3dvha,7,192,2023-12-01T21:12:23.463250,769265,14869265
3dvha,7,193,2023-12-01T21:12:24.561600,791232,14891232
3dvha,7,194,2023-12-01T21:12:25.718250,814365,14914365
3dvha,7,195,2023-12-01T21:12:26.909000,838180,14938180
3dvha,7,196,2023-12-01T21:12:27.985650,859713,14959713
3dvha,7,197,2023-12-01T21:12:29.088950,881779,14981779
3dvha,7,198,2023-12-01T21:12:30.296950,905939,15005939
3dvha,7,199,2023-12-01T21:12:31.462700,929254,15029254
3dvha,7,200,2023-12-01T21:12:32.667800,953356,15053356
3dvha,7,201,2023-12-01T21:12:33.829450,976589,15076588
3dvha,7,202,2023-12-01T21:12:35.038850,1000777,15100777
3dvha,7,203,2023-12-01T21:12:36.242800,1024856,15124856
3dvha,7,204,2023-12-01T21:12:37.442200,1048844,15148844
3dvha,7,205,2023-12-01T21:12:38.659750,1073195,15173195
3dvha,7,206,2023-12-01T21:12:39.861650,1097233,15197233
3dvha,7,207,2023-12-01T21:12:41.057350,1121147,15221147
3dvha,7,208,2023-12-01T21:12:42.261450,1145229,15245229
3dvha,7,209,2023-12-01T21:12:43.482950,1169659,15269659
3dvha,7,210,2023-12-01T21:12:44.666900,1193338,15293338
3dvha,7,211,2023-12-01T21:12:45.861850,1217237,15317237
3dvha,7,212,2023-12-01T21:12:47.062300,1241246,15341246
3dvha,7,213,2023-12-01T21:12:48.250400,1265008,15365008
3dvha,7,214,2023-12-01T21:12:49.440050,1288801,15388801
3dvha,7,215,2023-12-01T21:12:50.638000,1312760,15412760
3dvha,7,216,2023-12-01T21:12:51.820400,1336408,15436407
3dvha,7,217,2023-12-01T21:12:52.903100,1358062,15458062
3dvha,7,218,2023-12-01T21:12:54.116800,1382336,15482336
3dvha,7,219,2023-12-01T21:12:55.397600,1407952,15507952
3dvha,7,220,2023-12-01T21:12:56.605200,1432104,15532104
3dvha,7,221,2023-12-01T21:12:57.795150,1455903,15555903
3dvha,7,222,2023-12-01T21:12:58.973600,1479472,15579472
3dvha,7,223,2023-12-01T21:13:00.108400,1502168,15602168
3dvha,7,224,2023-12-01T21:13:01.340550,1526811,15626811
3dvha,7,225,2023-12-01T21:13:02.472950,1549459,15649459
3dvha,7,226,2023-12-01T21:13:03.650250,1573005,15673005
3dvha,7,227,2023-12-01T21:13:04.834200,1596684,15696684
3dvha,7,228,2023-12-01T21:13:06.056900,1621138,15721138
3dvha,7,229,2023-12-01T21:13:07.226750,1644535,15744535
3dvha,7,230,2023-12-01T21:13:08.425050,1668501,15768501
3dvha,7,231,2023-12-01T21:13:09.621750,1692435,15792435
3dvha,7,232,2023-12-01T21:13:10.821500,1716430,15816430
3dvha,7,233,2023-12-01T21:13:12.023450,1740469,15840469
3dvha,7,234,2023-12-01T21:13:13.243750,1764875,15864875
3dvha,7,235,2023-12-01T21:13:14.444550,1788891,15888891
3dvha,7,236,2023-12-01T21:13:15.642900,1812858,15912858
3dvha,7,237,2023-12-01T21:13:16.834600,1836692,15936692
3dvha,7,238,2023-12-01T21:13:18.021500,1860430,15960429
3dvha,7,239,2023-12-01T21:13:19.221250,1884425,15984425
3dvha,7,240,2023-12-01T21:13:20.398600,1907972,16007972
3dvha,7,241,2023-12-01T21:13:21.649400,1932988,16032988
3dvha,7,242,2023-12-01T21:13:22.853150,1957063,16057063
3dvha,7,243,2023-12-01T21:13:24.002550,1980051,16080051
3dvha,7,244,2023-12-01T21:13:25.197400,2003948,16103948
3dvha,7,245,2023-12-01T21:13:26.390400,2027808,16127808
3dvha,7,246,2023-12-01T21:13:27.557450,2051149,16151149
3dvha,7,247,2023-12-01T21:13:28.814250,2076285,16176285
3dvha,7,248,2023-12-01T21:13:29.976600,2099532,16199532
3dvha,7,249,2023-12-01T21:13:31.223450,2124469,16224469
3dvha,7,250,2023-12-01T21:13:32.411600,2148232,16248232
3dvha,7,251,2023-12-01T21:13:33.599200,2171984,16271984
3dvha,7,252,2023-12-01T21:13:34.792500,2195850,16295850
3dvha,7,253,2023-12-01T21:13:35.896500,2217930,16317929
3dvha,7,254,2023-12-01T21:13:37.118550,2242371,16342371
3dvha,7,255,2023-12-01T21:13:38.340900,2266818,16366818
3dvha,7,256,2023-12-01T21:13:39.466150,2289323,16389323
3dvha,7,257,2023-12-01T21:13:40.668950,2313379,16413379
3dvha,7,258,2023-12-01T21:13:41.850150,2337003,16437003
3dvha,7,259,2023-12-01T21:13:43.037800,2360756,16460755
3dvha,7,260,2023-12-01T21:13:44.227600,2384552,16484552
3dvha,7,261,2023-12-01T21:13:45.459500,2409190,16509190
3dvha,7,262,2023-12-01T21:13:46.646450,2432929,16532929
3dvha,7,263,2023-12-01T21:13:47.829700,2456594,16556594
3dvha,7,264,2023-12-01T21:13:49.060450,2481209,16581208
3dvha,7,265,2023-12-01T21:13:50.130200,2502604,16602603
3dvha,7,266,2023-12-01T21:13:51.313700,2526274,16626274
3dvha,7,267,2023-12-01T21:13:52.512650,2550253,16650253
3dvha,7,268,2023-12-01T21:13:53.774150,2575483,16675483
3dvha,7,269,2023-12-01T21:13:54.951400,2599028,16699028
3dvha,7,270,2023-12-01T21:13:56.215100,2624302,16724302
3dvha,7,271,2023-12-01T21:13:57.444900,2648898,16748898
3dvha,7,272,2023-12-01T21:13:58.678750,2673575,16773575
3dvha,7,273,2023-12-01T21:13:59.902250,2698045,16798045
3dvha,7,274,2023-12-01T21:14:01.110550,2722211,16822211
3dvha,7,275,2023-12-01T21:14:02.314750,2746295,16846295
3dvha,7,276,2023-12-01T21:14:03.539550,2770791,16870791
3dvha,7,277,2023-12-01T21:14:04.768650,2795373,16895373
3dvha,7,278,2023-12-01T21:14:05.997150,2819943,16919943
3dvha,7,279,2023-12-01T21:14:07.250250,2845005,16945005
3dvha,7,280,2023-12-01T21:14:08.478150,2869563,16969563
3dvha,7,281,2023-12-01T21:14:09.699700,2893994,16993994
3dvha,7,282,2023-12-01T21:14:10.895850,2917917,17017917
3dvha,7,283,2023-12-01T21:14:12.148450,2942969,17042969
3dvha,7,284,2023-12-01T21:14:13.361300,2967226,17067226
3dvha,7,285,2023-12-01T21:14:14.600250,2992005,17092005
3dvha,7,286,2023-12-01T21:14:15.821650,3016433,17116433
3dvha,7,287,2023-12-01T21:14:17.042650,3040853,17140853
3dvha,7,288,2023-12-01T21:14:18.267900,3065358,17165358
3dvha,7,289,2023-12-01T21:14:19.480650,3089613,17189613
3dvha,7,290,2023-12-01T21:14:20.689250,3113785,17213785
3dvha,7,291,2023-12-01T21:14:21.931900,3138638,17238638
3dvha,7,292,2023-12-01T21:14:23.148700,3162974,17262974
3dvha,7,293,2023-12-01T21:14:24.282950,3185659,17285659
3dvha,7,294,2023-12-01T21:14:25.507550,3210151,17310151
3dvha,7,295,2023-12-01T21:14:26.738700,3234774,17334774
3dvha,7,296,2023-12-01T21:14:27.967750,3259355,17359355
3dvha,7,297,2023-12-01T21:14:29.182650,3283653,17383653
3dvha,7,298,2023-12-01T21:14:30.392500,3307850,17407850
3dvha,7,299,2023-12-01T21:14:31.617650,3332353,17432353
3dvha,7,300,2023-12-01T21:14:32.838950,3356779,17456779
3dvha,7,301,2023-12-01T21:14:34.049550,3380991,17480991
3dvha,7,302,2023-12-01T21:14:35.261250,3405225,17505225
3dvha,7,303,2023-12-01T21:14:36.463650,3429273,17529273
3dvha,7,304,2023-12-01T21:14:37.698400,3453968,17553968
3dvha,7,305,2023-12-01T21:14:38.920600,3478412,17578412
3dvha,7,306,2023-12-01T21:14:40.140000,3502800,17602800
3dvha,7,307,2023-12-01T21:14:41.311950,3526239,17626239
3dvha,7,308,2023-12-01T21:14:42.506050,3550121,17650121
3dvha,7,309,2023-12-01T21:14:43.729100,3574582,17674582
3dvha,7,310,2023-12-01T21:14:44.949800,3598996,17698996
3dvha,7,311,2023-12-01T21:14:46.158850,3623177,17723177
3dvha,7,312,2023-12-01T21:14:47.369800,3647396,17747396
3dvha,7,313,2023-12-01T21:14:48.573200,3671464,17771464
3dvha,7,314,2023-12-01T21:14:49.865000,3697300,17797300
3dvha,7,315,2023-12-01T21:14:51.081150,3721623,17821623
3dvha,7,316,2023-12-01T21:14:52.286700,3745734,17845734
3dvha,7,317,2023-12-01T21:14:53.482250,3769645,17869645
3dvha,7,318,2023-12-01T21:14:54.690950,3793819,17893819
3dvha,7,319,2023-12-01T21:14:55.893500,3817870,17917870
3dvha,7,320,2023-12-01T21:14:57.057650,3841153,17941153
3dvha,7,321,2023-12-01T21:14:58.300150,3866003,17966003
3dvha,7,322,2023-12-01T21:14:59.435950,3888719,17988719
3dvha,7,323,2023-12-01T21:15:00.643550,3912871,18012871
3dvha,7,324,2023-12-01T21:15:01.850500,3937010,18037010
3dvha,7,325,2023-12-01T21:15:03.059050,3961181,18061181
3dvha,7,326,2023-12-01T21:15:04.264350,3985287,18085287
3dvha,7,327,2023-12-01T21:15:05.455550,4009111,18109111
3dvha,7,328,2023-12-01T21:15:06.664700,4033294,18133294
3dvha,7,329,2023-12-01T21:15:07.856600,4057132,18157132
3dvha,7,330,2023-12-01T21:15:09.074650,4081493,18181493
3dvha,7,331,2023-12-01T21:15:10.278250,4105565,18205565
3dvha,7,332,2023-12-01T21:15:11.498700,4129974,18229974
3dvha,7,333,2023-12-01T21:15:12.697950,4153959,18253959
3dvha,7,334,2023-12-01T21:15:13.888850,4177777,18277777
3dvha,7,335,2023-12-01T21:15:15.119350,4202387,18302387
3dvha,7,336,2023-12-01T21:15:16.261950,4225239,18325239
3dvha,7,337,2023-12-01T21:15:17.423050,4248461,18348461
3dvha,7,338,2023-12-01T21:15:18.608950,4272179,18372179
3dvha,7,339,2023-12-01T21:15:19.802800,4296056,18396056
3dvha,7,340,2023-12-01T21:15:20.988850,4319777,18419777
3dvha,7,341,2023-12-01T21:15:22.201100,4344022,18444022
3dvha,7,342,2023-12-01T21:15:23.387500,4367750,18467750
3dvha,7,343,2023-12-01T21:15:24.611600,4392232,18492232
3dvha,7,344,2023-12-01T21:15:25.768300,4415366,18515366
3dvha,7,345,2023-12-01T21:15:26.940500,4438810,18538810
3dvha,7,346,2023-12-01T21:15:28.141000,4462820,18562820
3dvha,7,347,2023-12-01T21:15:29.333500,4486670,18586670
3dvha,7,348,2023-12-01T21:15:30.519450,4510389,18610389
3dvha,7,349,2023-12-01T21:15:31.712250,4534245,18634245
3dvha,7,350,2023-12-01T21:15:32.899600,4557992,18657992
3dvha,7,351,2023-12-01T21:15:34.127400,4582548,18682548
3dvha,7,352,2023-12-01T21:15:35.312350,4606247,18706247
3dvha,7,353,2023-12-01T21:15:36.510800,4630216,18730216
3dvha,7,354,2023-12-01T21:15:37.647100,4652942,18752942
3dvha,7,355,2023-12-01T21:15:38.829850,4676597,18776597
3dvha,7,356,2023-12-01T21:15:40.016350,4700327,18800327
3dvha,7,357,2023-12-01T21:15:41.217700,4724354,18824354
3dvha,7,358,2023-12-01T21:15:42.399350,4747987,18847987
3dvha,7,359,2023-12-01T21:15:43.624950,4772499,18872499
3dvha,7,360,2023-12-01T21:15:44.807950,4796159,18896159
3dvha,7,361,2023-12-01T21:16:24.454650,189093,19689093
3dvha,7,362,2023-12-01T21:16:25.658900,213178,19713178
3dvha,7,363,2023-12-01T21:16:26.862500,237250,19737250
3dvha,7,364,2023-12-01T21:16:28.062800,261256,19761256
3dvha,7,365,2023-12-01T21:16:29.254100,285082,19785082
3dvha,7,366,2023-12-01T21:16:30.414500,308290,19808290
3dvha,7,367,2023-12-01T21:16:31.618050,332361,19832361
3dvha,7,368,2023-12-01T21:16:32.817000,356340,19856340
3dvha,7,369,2023-12-01T21:16:34.017600,380352,19880352
3dvha,7,370,2023-12-01T21:16:35.221150,404423,19904423
3dvha,7,371,2023-12-01T21:16:36.425850,428517,19928517
3dvha,7,372,2023-12-01T21:16:37.662700,453254,19953254
3dvha,7,373,2023-12-01T21:16:38.861600,477232,19977232
3dvha,7,374,2023-12-01T21:16:40.063450,501269,20001269
3dvha,7,375,2023-12-01T21:16:41.264150,525283,20025283
3dvha,7,376,2023-12-01T21:16:42.456850,549137,20049137
3dvha,7,377,2023-12-01T21:16:43.660150,573203,20073203
3dvha,7,378,2023-12-01T21:16:44.863100,597262,20097262
3dvha,7,379,2023-12-01T21:16:46.059950,621199,20121199
3dvha,7,380,2023-12-01T21:16:47.247800,644956,20144956
3dvha,7,381,2023-12-01T21:16:48.441150,668823,20168823
3dvha,7,382,2023-12-01T21:16:49.641400,692828,20192828
3dvha,7,383,2023-12-01T21:16:50.848200,716964,20216964
3dvha,7,384,2023-12-01T21:16:52.040150,740803,20240803
3dvha,7,385,2023-12-01T21:16:53.244250,764885,20264885
3dvha,7,386,2023-12-01T21:16:54.447600,788952,20288952
3dvha,7,387,2023-12-01T21:16:55.654250,813085,20313085
3dvha,7,388,2023-12-01T21:16:56.850800,837016,20337016
3dvha,7,389,2023-12-01T21:16:58.033050,860661,20360661
3dvha,7,390,2023-12-01T21:16:59.227050,884541,20384541
3dvha,7,391,2023-12-01T21:17:00.425500,908510,20408510
3dvha,7,392,2023-12-01T21:17:01.609350,932187,20432187
3dvha,7,393,2023-12-01T21:17:02.829200,956584,20456584
3dvha,7,394,2023-12-01T21:17:04.038950,980779,20480779
3dvha,7,395,2023-12-01T21:17:05.239950,1004799,20504799
3dvha,7,396,2023-12-01T21:17:06.445400,1028908,20528908
3dvha,7,397,2023-12-01T21:17:07.650450,1053009,20553009
3dvha,7,398,2023-12-01T21:17:08.834100,1076682,20576682
3dvha,7,399,2023-12-01T21:17:10.001650,1100033,20600033
3dvha,7,400,2023-12-01T21:17:11.164400,1123288,20623287
3dvha,7,401,2023-12-01T21:17:12.319400,1146388,20646388
3dvha,7,402,2023-12-01T21:17:13.485750,1169715,20669715
3dvha,7,403,2023-12-01T21:17:14.633650,1192673,20692673
3dvha,7,404,2023-12-01T21:17:15.807550,1216151,20716151
3dvha,7,405,2023-12-01T21:17:16.971550,1239431,20739431
3dvha,7,406,2023-12-01T21:17:18.118150,1262363,20762363
3dvha,7,407,2023-12-01T21:17:19.275650,1285513,20785513
3dvha,7,408,2023-12-01T21:17:20.458050,1309161,20809161
3dvha,7,409,2023-12-01T21:17:21.651100,1333022,20833022
3dvha,7,410,2023-12-01T21:17:22.842450,1356849,20856849
3dvha,7,411,2023-12-01T21:17:24.027050,1380541,20880541
3dvha,7,412,2023-12-01T21:17:25.211050,1404221,20904220
3dvha,7,413,2023-12-01T21:17:26.403600,1428072,20928072
3dvha,7,414,2023-12-01T21:17:27.595050,1451901,20951900
3dvha,7,415,2023-12-01T21:17:28.785150,1475703,20975703
3dvha,7,416,2023-12-01T21:17:29.943100,1498862,20998862
3dvha,7,417,2023-12-01T21:17:31.137700,1522754,21022754
3dvha,7,418,2023-12-01T21:17:32.324150,1546483,21046483
3dvha,7,419,2023-12-01T21:17:33.512500,1570250,21070250
3dvha,7,420,2023-12-01T21:17:34.699350,1593987,21093987
3dvha,7,421,2023-12-01T21:17:35.882300,1617646,21117646
3dvha,7,422,2023-12-01T21:17:37.081550,1641631,21141631
3dvha,7,423,2023-12-01T21:17:38.279350,1665587,21165587
3dvha,7,424,2023-12-01T21:17:39.468750,1689375,21189375
3dvha,7,425,2023-12-01T21:17:40.718950,1714379,21214379
3dvha,7,426,2023-12-01T21:17:41.807450,1736149,21236149
3dvha,7,427,2023-12-01T21:17:42.987200,1759744,21259744
3dvha,7,428,2023-12-01T21:17:44.216200,1784324,21284324
3dvha,7,429,2023-12-01T21:17:45.392150,1807843,21307842
3dvha,7,430,2023-12-01T21:17:46.581000,1831620,21331619
3dvha,7,431,2023-12-01T21:17:47.767550,1855351,21355351
3dvha,7,432,2023-12-01T21:17:48.948950,1878979,21378979
3dvha,7,433,2023-12-01T21:17:50.144950,1902899,21402899
3dvha,7,434,2023-12-01T21:17:51.324900,1926498,21426498
3dvha,7,435,2023-12-01T21:17:52.500350,1950007,21450007
3dvha,7,436,2023-12-01T21:17:53.692350,1973847,21473847
3dvha,7,437,2023-12-01T21:17:54.881500,1997630,21497630
3dvha,7,438,2023-12-01T21:17:56.040350,2020807,21520807
3dvha,7,439,2023-12-01T21:17:57.264550,2045291,21545291
3dvha,7,440,2023-12-01T21:17:58.477250,2069545,21569545
3dvha,7,441,2023-12-01T21:17:59.700200,2094004,21594004
3dvha,7,442,2023-12-01T21:18:00.919400,2118388,21618388
3dvha,7,443,2023-12-01T21:18:02.138350,2142767,21642767
3dvha,7,444,2023-12-01T21:18:03.364300,2167286,21667286
3dvha,7,445,2023-12-01T21:18:04.590600,2191812,21691812
3dvha,7,446,2023-12-01T21:18:05.819750,2216395,21716395
3dvha,7,447,2023-12-01T21:18:07.036850,2240737,21740737
3dvha,7,448,2023-12-01T21:18:08.253850,2265077,21765077
3dvha,7,449,2023-12-01T21:18:48.487300,69746,22569746
3dvha,7,450,2023-12-01T21:18:49.712650,94253,22594253
3dvha,7,451,2023-12-01T21:18:50.937150,118743,22618743
3dvha,7,452,2023-12-01T21:18:52.155800,143116,22643116
3dvha,7,453,2023-12-01T21:18:53.374100,167482,22667482
3dvha,7,454,2023-12-01T21:18:54.593700,191874,22691873
3dvha,7,455,2023-12-01T21:18:55.812400,216248,22716248
3dvha,7,456,2023-12-01T21:18:57.021350,240427,22740427
3dvha,7,457,2023-12-01T21:18:58.241050,264821,22764821
3dvha,7,458,2023-12-01T21:18:59.469400,289388,22789388
3dvha,7,459,2023-12-01T21:19:00.699100,313982,22813982
3dvha,7,460,2023-12-01T21:19:01.922300,338446,22838446
3dvha,7,461,2023-12-01T21:19:03.121100,362422,22862422
3dvha,7,462,2023-12-01T21:19:04.329850,386597,22886597
3dvha,7,463,2023-12-01T21:19:05.523700,410474,22910474
3dvha,7,464,2023-12-01T21:19:06.722700,434454,22934454
3dvha,7,465,2023-12-01T21:19:07.917500,458350,22958350
3dvha,7,466,2023-12-01T21:19:09.112750,482255,22982255
3dvha,7,467,2023-12-01T21:19:10.342400,506848,23006848
3dvha,7,468,2023-12-01T21:19:11.538200,530764,23030764
3dvha,7,469,2023-12-01T21:19:12.728450,554569,23054569
3dvha,7,470,2023-12-01T21:19:13.930450,578609,23078609
3dvha,7,471,2023-12-01T21:19:15.119200,602384,23102384
3dvha,7,472,2023-12-01T21:19:16.313200,626264,23126264
3dvha,7,473,2023-12-01T21:19:17.503100,650062,23150061
3dvha,7,474,2023-12-01T21:19:18.705200,674104,23174104
3dvha,7,475,2023-12-01T21:19:19.895000,697900,23197900
3dvha,7,476,2023-12-01T21:19:21.092300,721846,23221846
3dvha,7,477,2023-12-01T21:19:22.254750,745095,23245095
3dvha,7,478,2023-12-01T21:19:23.425400,768508,23268508
3dvha,7,479,2023-12-01T21:19:24.706500,794130,23294130
3dvha,7,480,2023-12-01T21:19:25.898250,817965,23317965
3dvha,7,481,2023-12-01T21:19:27.006900,840138,23340138
3dvha,7,482,2023-12-01T21:19:28.232850,864657,23364657
3dvha,7,483,2023-12-01T21:19:29.456100,889122,23389122
3dvha,7,484,2023-12-01T21:19:30.690000,913800,23413800
3dvha,7,485,2023-12-01T21:19:31.928550,938571,23438571
3dvha,7,486,2023-12-01T21:19:33.154150,963083,23463083
3dvha,7,487,2023-12-01T21:19:34.358500,987170,23487170
3dvha,7,488,2023-12-01T21:19:35.586000,1011720,23511720
3dvha,7,489,2023-12-01T21:19:36.807100,1036142,23536142
3dvha,7,490,2023-12-01T21:19:38.051450,1061029,23561029
3dvha,7,491,2023-12-01T21:19:39.279800,1085596,23585596
3dvha,7,492,2023-12-01T21:19:40.475550,1109511,23609511
3dvha,7,493,2023-12-01T21:19:41.691600,1133832,23633832
3dvha,7,494,2023-12-01T21:19:42.908900,1158178,23658177
3dvha,7,495,2023-12-01T21:19:44.127000,1182540,23682540
3dvha,7,496,2023-12-01T21:19:45.340450,1206809,23706809
3dvha,7,497,2023-12-01T21:19:46.556200,1231124,23731124
3dvha,7,498,2023-12-01T21:19:47.783400,1255668,23755668
3dvha,7,499,2023-12-01T21:19:49.007200,1280144,23780144
3dvha,7,500,2023-12-01T21:19:50.220250,1304405,23804405
3dvha,7,501,2023-12-01T21:19:51.471700,1329434,23829434
3dvha,7,502,2023-12-01T21:19:52.691850,1353837,23853837
3dvha,7,503,2023-12-01T21:19:53.881250,1377625,23877625
3dvha,7,504,2023-12-01T21:19:55.104050,1402081,23902081
3dvha,7,505,2023-12-01T21:19:56.349850,1426997,23926997
3dvha,7,506,2023-12-01T21:19:57.584500,1451690,23951690
3dvha,7,507,2023-12-01T21:19:58.785350,1475707,23975707
3dvha,7,508,2023-12-01T21:20:00.011950,1500239,24000239
3dvha,7,509,2023-12-01T21:20:01.235600,1524712,24024712
3dvha,7,510,2023-12-01T21:20:02.518650,1550373,24050373
3dvha,7,511,2023-12-01T21:20:03.699450,1573989,24073989
3dvha,7,512,2023-12-01T21:20:04.930450,1598609,24098609
3dvha,7,513,2023-12-01T21:20:06.154000,1623080,24123080
3dvha,7,514,2023-12-01T21:20:07.377300,1647546,24147546
3dvha,7,515,2023-12-01T21:20:08.592850,1671857,24171857
3dvha,7,516,2023-12-01T21:20:09.817950,1696359,24196359
3dvha,7,517,2023-12-01T21:20:11.042450,1720849,24220849
3dvha,7,518,2023-12-01T21:20:12.272950,1745459,24245459
3dvha,7,519,2023-12-01T21:20:13.500250,1770005,24270005
3dvha,7,520,2023-12-01T21:20:14.717650,1794353,24294353
3dvha,7,521,2023-12-01T21:20:15.935600,1818712,24318712
3dvha,7,522,2023-12-01T21:20:17.144650,1842893,24342893
3dvha,7,523,2023-12-01T21:20:18.359200,1867184,24367184
3dvha,7,524,2023-12-01T21:20:19.578300,1891566,24391565
3dvha,7,525,2023-12-01T21:20:20.791400,1915828,24415828
3dvha,7,526,2023-12-01T21:20:22.016100,1940322,24440322
3dvha,7,527,2023-12-01T21:20:23.230800,1964616,24464616
3dvha,7,528,2023-12-01T21:20:24.446150,1988923,24488923
3dvha,7,529,2023-12-01T21:20:25.674150,2013483,24513483
3dvha,7,530,2023-12-01T21:20:26.896550,2037931,24537931
3dvha,7,531,2023-12-01T21:20:28.113350,2062267,24562267
3dvha,7,532,2023-12-01T21:20:29.332600,2086652,24586652
3dvha,7,533,2023-12-01T21:20:30.564700,2111294,24611293
3dvha,7,534,2023-12-01T21:20:31.776700,2135534,24635533
3dvha,7,535,2023-12-01T21:20:33.002300,2160046,24660046
3dvha,7,536,2023-12-01T21:20:34.212300,2184246,24684246
3dvha,7,537,2023-12-01T21:20:35.429250,2208585,24708585
3dvha,7,538,2023-12-01T21:20:36.635900,2232718,24732718
3dvha,7,539,2023-12-01T21:20:37.844650,2256893,24756893
3dvha,7,540,2023-12-01T21:20:39.050100,2281002,24781002
3dvha,7,541,2023-12-01T21:20:40.268750,2305375,24805375
3dvha,7,542,2023-12-01T21:20:41.481200,2329624,24829624
3dvha,7,543,2023-12-01T21:20:42.700550,2354011,24854011
3dvha,7,544,2023-12-01T21:20:43.897500,2377950,24877950
3dvha,7,545,2023-12-01T21:20:45.106350,2402127,24902127
3dvha,7,546,2023-12-01T21:20:46.319750,2426395,24926395
3dvha,7,547,2023-12-01T21:20:47.539950,2450799,24950799
3dvha,7,548,2023-12-01T21:20:48.754850,2475097,24975097
3dvha,7,549,2023-12-01T21:20:49.964100,2499282,24999282
3dvha,7,550,2023-12-01T21:20:51.206750,2524135,25024135
3dvha,7,551,2023-12-01T21:20:52.389300,2547786,25047786
3dvha,7,552,2023-12-01T21:20:53.626600,2572532,25072532
3dvha,7,553,2023-12-01T21:20:54.827100,2596542,25096542
3dvha,7,554,2023-12-01T21:20:56.048450,2620969,25120969
3dvha,7,555,2023-12-01T21:20:57.267150,2645343,25145342
3dvha,7,556,2023-12-01T21:20:58.497350,2669947,25169947
3dvha,7,557,2023-12-01T21:20:59.681400,2693628,25193628
3dvha,7,558,2023-12-01T21:21:00.940350,2718807,25218807
3dvha,7,559,2023-12-01T21:21:02.156300,2743126,25243126
3dvha,7,560,2023-12-01T21:21:03.389800,2767796,25267796
3dvha,7,561,2023-12-01T21:21:04.525850,2790517,25290517
3dvha,7,562,2023-12-01T21:21:05.755900,2815118,25315118
3dvha,7,563,2023-12-01T21:21:07.013350,2840267,25340267
3dvha,7,564,2023-12-01T21:21:08.231250,2864625,25364625
3dvha,7,565,2023-12-01T21:21:09.402850,2888057,25388057
3dvha,7,566,2023-12-01T21:21:10.610300,2912206,25412206
3dvha,7,567,2023-12-01T21:21:11.802900,2936058,25436058
3dvha,7,568,2023-12-01T21:21:13.015600,2960312,25460312
3dvha,7,569,2023-12-01T21:21:14.223950,2984479,25484479
3dvha,7,570,2023-12-01T21:21:15.430400,3008608,25508608
3dvha,7,571,2023-12-01T21:21:16.632350,3032647,25532647
3dvha,7,572,2023-12-01T21:21:17.816100,3056322,25556322
3dvha,7,573,2023-12-01T21:21:19.040600,3080812,25580812
3dvha,7,574,2023-12-01T21:21:20.238050,3104761,25604761
3dvha,7,575,2023-12-01T21:21:21.428400,3128568,25628568
3dvha,7,576,2023-12-01T21:21:22.639700,3152794,25652794
3dvha,7,577,2023-12-01T21:21:23.845300,3176906,25676906
3dvha,7,578,2023-12-01T21:21:25.091650,3201833,25701833
3dvha,7,579,2023-12-01T21:21:26.299650,3225993,25725993
3dvha,7,580,2023-12-01T21:21:27.539450,3250789,25750789
3dvha,7,581,2023-12-01T21:21:28.740600,3274812,25774812
3dvha,7,582,2023-12-01T21:21:29.898100,3297962,25797962
3dvha,7,583,2023-12-01T21:21:31.115250,3322305,25822305
3dvha,7,584,2023-12-01T21:21:32.321500,3346430,25846430
3dvha,7,585,2023-12-01T21:21:33.509350,3370187,25870187
3dvha,7,586,2023-12-01T21:21:34.713850,3394277,25894277
3dvha,7,587,2023-12-01T21:21:35.911250,3418225,25918225
3dvha,7,588,2023-12-01T21:21:37.112200,3442244,25942244
3dvha,7,589,2023-12-01T21:21:38.310850,3466217,25966217
3dvha,7,590,2023-12-01T21:21:39.526150,3490523,25990523
3dvha,7,591,2023-12-01T21:21:40.706800,3514136,26014136
3dvha,7,592,2023-12-01T21:21:41.910450,3538209,26038209
3dvha,7,593,2023-12-01T21:21:43.107800,3562156,26062156
3dvha,7,594,2023-12-01T21:21:44.307250,3586145,26086145
3dvha,7,595,2023-12-01T21:21:45.513100,3610262,26110261
3dvha,7,596,2023-12-01T21:21:46.705700,3634114,26134114
3dvha,7,597,2023-12-01T21:21:47.858850,3657177,26157177
3dvha,7,598,2023-12-01T21:21:49.047400,3680948,26180948
3dvha,7,599,2023-12-01T21:21:50.270950,3705419,26205419
3dvha,7,600,2023-12-01T21:21:51.467300,3729346,26229346
3dvha,7,601,2023-12-01T21:21:52.657550,3753151,26253150
3dvha,7,602,2023-12-01T21:21:53.844900,3776898,26276898
3dvha,7,603,2023-12-01T21:21:55.029800,3800596,26300596
3dvha,7,604,2023-12-01T21:21:56.220550,3824411,26324411
3dvha,7,605,2023-12-01T21:21:57.415800,3848316,26348316
3dvha,7,606,2023-12-01T21:21:58.599750,3871995,26371995
3dvha,7,607,2023-12-01T21:21:59.865100,3897302,26397302
3dvha,7,608,2023-12-01T21:22:00.948000,3918960,26418960
3dvha,7,609,2023-12-01T21:22:02.135900,3942718,26442718
3dvha,7,610,2023-12-01T21:22:03.324900,3966498,26466498
3dvha,7,611,2023-12-01T21:22:04.514200,3990284,26490284
3dvha,7,612,2023-12-01T21:22:05.708600,4014172,26514172
3dvha,7,613,2023-12-01T21:22:06.896750,4037935,26537935
3dvha,7,614,2023-12-01T21:22:08.090950,4061819,26561819
3dvha,7,615,2023-12-01T21:22:09.281450,4085629,26585629
3dvha,7,616,2023-12-01T21:22:10.471600,4109432,26609432
3dvha,7,617,2023-12-01T21:22:11.660650,4133213,26633213
3dvha,7,618,2023-12-01T21:22:12.862650,4157253,26657253
3dvha,7,619,2023-12-01T21:22:14.045050,4180901,26680901
3dvha,7,620,2023-12-01T21:22:15.234800,4204696,26704696
3dvha,7,621,2023-12-01T21:22:16.399200,4227984,26727984
3dvha,7,622,2023-12-01T21:22:17.603950,4252079,26752079
3dvha,7,623,2023-12-01T21:22:18.790050,4275801,26775801
3dvha,7,624,2023-12-01T21:22:19.962200,4299244,26799244
3dvha,7,625,2023-12-01T21:22:21.154100,4323082,26823082
3dvha,7,626,2023-12-01T21:22:22.370200,4347404,26847404
3dvha,7,627,2023-12-01T21:22:23.543400,4370868,26870868
3dvha,7,628,2023-12-01T21:22:24.729650,4394593,26894593
3dvha,7,629,2023-12-01T21:22:25.922000,4418440,26918440
3dvha,7,630,2023-12-01T21:22:27.104100,4442082,26942082
3dvha,7,631,2023-12-01T21:22:28.280500,4465610,26965610
3dvha,7,632,2023-12-01T21:22:29.481900,4489638,26989638
3dvha,7,633,2023-12-01T21:22:30.683100,4513662,27013662
3dvha,7,634,2023-12-01T21:22:31.844050,4536881,27036881
3dvha,7,635,2023-12-01T21:22:33.061200,4561224,27061224
3dvha,7,636,2023-12-01T21:22:34.240750,4584815,27084815
3dvha,7,637,2023-12-01T21:22:35.414350,4608287,27108287
3dvha,7,638,2023-12-01T21:22:36.592500,4631850,27131850
3dvha,7,639,2023-12-01T21:22:37.769000,4655380,27155380
3dvha,7,640,2023-12-01T21:22:38.925900,4678518,27178518
3dvha,7,641,2023-12-01T21:22:40.104650,4702093,27202093
3dvha,7,642,2023-12-01T21:22:41.310850,4726217,27226217
3dvha,7,643,2023-12-01T21:22:42.518950,4750379,27250378
3dvha,7,644,2023-12-01T21:22:43.737150,4774743,27274743
3dvha,7,645,2023-12-01T21:22:44.938450,4798769,27298769
3dvha,7,646,2023-12-01T21:22:46.141200,4822824,27322824
3dvha,7,647,2023-12-01T21:22:47.358350,4847167,27347167
3dvha,7,648,2023-12-01T21:22:48.557700,4871154,27371154
3dvha,7,649,2023-12-01T21:22:49.760950,4895219,27395219
3dvha,7,650,2023-12-01T21:22:50.967450,4919349,27419349
3dvha,7,651,2023-12-01T21:22:52.175450,4943509,27443509
3dvha,7,652,2023-12-01T21:22:53.380700,4967614,27467614
3dvha,7,653,2023-12-01T21:22:54.633700,4992674,27492674
3dvha,7,654,2023-12-01T21:22:55.789350,5015787,27515787
3dvha,7,655,2023-12-01T21:22:57.050800,5041016,27541016
3dvha,7,656,2023-12-01T21:22:58.157800,5063156,27563156
3dvha,7,657,2023-12-01T21:22:59.358350,5087167,27587167
3dvha,7,658,2023-12-01T21:23:00.565500,5111310,27611310
3dvha,7,659,2023-12-01T21:23:01.831950,5136639,27636639
3dvha,7,660,2023-12-01T21:23:03.035550,5160711,27660711
3dvha,7,661,2023-12-01T21:23:04.246400,5184928,27684928
3dvha,7,662,2023-12-01T21:23:05.395600,5207912,27707912
3dvha,7,663,2023-12-01T21:23:06.654850,5233097,27733096
3dvha,7,664,2023-12-01T21:23:07.855500,5257110,27757109
3dvha,7,665,2023-12-01T21:23:09.067150,5281343,27781343
3dvha,7,666,2023-12-01T21:23:10.267800,5305356,27805356
3dvha,7,667,2023-12-01T21:23:11.430000,5328600,27828600
3dvha,7,668,2023-12-01T21:23:12.631500,5352630,27852630
3dvha,7,669,2023-12-01T21:23:13.828100,5376562,27876562
3dvha,7,670,2023-12-01T21:23:15.088600,5401772,27901772
3dvha,7,671,2023-12-01T21:23:16.340400,5426808,27926808
3dvha,7,672,2023-12-01T21:23:17.600500,5452010,27952010
3dvha,7,673,2023-12-01T21:23:18.855500,5477110,27977109
3dvha,7,674,2023-12-01T21:23:20.117950,5502359,28002359
3dvha,7,675,2023-12-01T21:23:21.376600,5527532,28027532
3dvha,7,676,2023-12-01T21:23:22.642700,5552854,28052854
3dvha,7,677,2023-12-01T21:23:23.903600,5578072,28078072
3dvha,7,678,2023-12-01T21:23:25.166650,5603333,28103332
3dvha,7,679,2023-12-01T21:23:26.435800,5628716,28128716
3dvha,7,680,2023-12-01T21:23:27.718350,5654367,28154367
3dvha,7,681,2023-12-01T21:23:28.970150,5679403,28179403
3dvha,7,682,2023-12-01T21:23:30.190400,5703808,28203808
3dvha,7,683,2023-12-01T21:23:31.409300,5728186,28228186
3dvha,7,684,2023-12-01T21:23:32.662000,5753240,28253240
3dvha,7,685,2023-12-01T21:23:33.884650,5777693,28277693
3dvha,7,686,2023-12-01T21:23:35.127950,5802559,28302559
3dvha,7,687,2023-12-01T21:23:36.406150,5828123,28328123
3dvha,7,688,2023-12-01T21:23:37.654150,5853083,28353083
3dvha,7,689,2023-12-01T21:23:38.902950,5878059,28378059
3dvha,7,690,2023-12-01T21:23:40.154000,5903080,28403080
3dvha,7,691,2023-12-01T21:23:41.388800,5927776,28427776
3dvha,7,692,2023-12-01T21:23:42.695600,5953912,28453912
3dvha,7,693,2023-12-01T21:23:43.932450,5978649,28478649
3dvha,7,694,2023-12-01T21:23:45.174800,6003496,28503496
3dvha,7,695,2023-12-01T21:23:46.418400,6028368,28528368
3dvha,7,696,2023-12-01T21:23:47.600850,6052017,28552017
3dvha,7,697,2023-12-01T21:23:48.841900,6076838,28576837
3dvha,7,698,2023-12-01T21:23:50.083500,6101670,28601670
3dvha,7,699,2023-12-01T21:23:51.324150,6126483,28626483
3dvha,7,700,2023-12-01T21:23:52.564800,6151296,28651296
3dvha,7,701,2023-12-01T21:23:53.810700,6176214,28676214
3dvha,7,702,2023-12-01T21:23:55.054800,6201096,28701095
3dvha,7,703,2023-12-01T21:23:56.300050,6226001,28726001
3dvha,7,704,2023-12-01T21:23:57.535000,6250700,28750700
3dvha,7,705,2023-12-01T21:23:58.742850,6274857,28774857
3dvha,7,706,2023-12-01T21:24:00.020400,6300408,28800408
3dvha,7,707,2023-12-01T21:24:01.262800,6325256,28825256
3dvha,7,708,2023-12-01T21:24:02.495350,6349907,28849907
3dvha,7,709,2023-12-01T21:24:03.705450,6374109,28874109
3dvha,7,710,2023-12-01T21:24:04.901700,6398034,28898033
3dvha,7,711,2023-12-01T21:24:06.212500,6424250,28924250
3dvha,7,712,2023-12-01T21:24:07.450550,6449011,28949011
3dvha,7,713,2023-12-01T21:24:08.602250,6472045,28972045
3dvha,7,714,2023-12-01T21:24:09.834500,6496690,28996690
3dvha,7,715,2023-12-01T21:24:11.090650,6521813,29021813
3dvha,7,716,2023-12-01T21:24:12.329300,6546586,29046586
3dvha,7,717,2023-12-01T21:24:13.576600,6571532,29071532
3dvha,7,718,2023-12-01T21:24:14.810700,6596214,29096214
3dvha,7,719,2023-12-01T21:24:16.045000,6620900,29120900
3dvha,7,720,2023-12-01T21:24:17.281950,6645639,29145639
3dvha,7,721,2023-12-01T21:24:18.517700,6670354,29170354
3dvha,7,722,2023-12-01T21:24:19.755850,6695117,29195117
3dvha,7,723,2023-12-01T21:24:20.983450,6719669,29219669
3dvha,7,724,2023-12-01T21:24:22.233200,6744664,29244663
3dvha,7,725,2023-12-01T21:24:23.473250,6769465,29269465
3dvha,7,726,2023-12-01T21:24:24.737150,6794743,29294743
3dvha,7,727,2023-12-01T21:24:25.974250,6819485,29319485
3dvha,7,728,2023-12-01T21:24:27.174250,6843485,29343485
3dvha,7,729,2023-12-01T21:24:28.408950,6868179,29368179
3dvha,7,730,2023-12-01T21:24:29.645600,6892912,29392912
3dvha,7,731,2023-12-01T21:24:30.880300,6917606,29417606
3dvha,7,732,2023-12-01T21:24:32.125450,6942509,29442509
3dvha,7,733,2023-12-01T21:24:33.350300,6967006,29467006
3dvha,7,734,2023-12-01T21:24:34.584150,6991683,29491683
3dvha,7,735,2023-12-01T21:24:35.830700,7016614,29516614
3dvha,7,736,2023-12-01T21:24:37.052550,7041051,29541051
3dvha,7,737,2023-12-01T21:24:38.286850,7065737,29565737
3dvha,7,738,2023-12-01T21:24:39.545300,7090906,29590906
3dvha,7,739,2023-12-01T21:24:40.783950,7115679,29615679
3dvha,7,740,2023-12-01T21:24:42.021400,7140428,29640428
3dvha,7,741,2023-12-01T21:24:43.192700,7163854,29663854
3dvha,7,742,2023-12-01T21:24:44.428350,7188567,29688567
3dvha,7,743,2023-12-01T21:25:25.798850,115977,30515976
3dvha,7,744,2023-12-01T21:25:27.039100,140782,30540782
3dvha,7,745,2023-12-01T21:25:28.271600,165432,30565432
3dvha,7,746,2023-12-01T21:25:29.500350,190007,30590007
3dvha,7,747,2023-12-01T21:25:30.732600,214652,30614652
3dvha,7,748,2023-12-01T21:25:31.966700,239334,30639334
3dvha,7,749,2023-12-01T21:25:33.200500,264010,30664010
3dvha,7,750,2023-12-01T21:25:34.437000,288740,30688739
3dvha,7,751,2023-12-01T21:25:35.710250,314205,30714205
3dvha,7,752,2023-12-01T21:25:36.945050,338901,30738901
3dvha,7,753,2023-12-01T21:25:38.165150,363303,30763303
3dvha,7,754,2023-12-01T21:25:39.446650,388933,30788933
3dvha,7,755,2023-12-01T21:25:40.656500,413130,30813130
3dvha,7,756,2023-12-01T21:25:41.920900,438418,30838418
3dvha,7,757,2023-12-01T21:25:43.170300,463406,30863406
3dvha,7,758,2023-12-01T21:25:44.366500,487330,30887330
3dvha,7,759,2023-12-01T21:25:45.601700,512034,30912034
3dvha,7,760,2023-12-01T21:25:46.834700,536694,30936694
3dvha,7,761,2023-12-01T21:25:48.111150,562223,30962223
3dvha,7,762,2023-12-01T21:25:49.312800,586256,30986256
3dvha,7,763,2023-12-01T21:25:50.538650,610773,31010773
3dvha,7,764,2023-12-01T21:25:51.777350,635547,31035547
3dvha,7,765,2023-12-01T21:25:53.001000,660020,31060020
3dvha,7,766,2023-12-01T21:25:54.232000,684640,31084640
3dvha,7,767,2023-12-01T21:25:55.475800,709516,31109516
3dvha,7,768,2023-12-01T21:25:56.710000,734200,31134200
3dvha,7,769,2023-12-01T21:25:57.941650,758833,31158833
3dvha,7,770,2023-12-01T21:25:59.174950,783499,31183499
3dvha,7,771,2023-12-01T21:26:00.396000,807920,31207920
3dvha,7,772,2023-12-01T21:26:01.656500,833130,31233130
3dvha,7,773,2023-12-01T21:26:02.889450,857789,31257788
3dvha,7,774,2023-12-01T21:26:04.116900,882338,31282338
3dvha,7,775,2023-12-01T21:26:05.393750,907875,31307875
3dvha,7,776,2023-12-01T21:26:06.587150,931743,31331743
3dvha,7,777,2023-12-01T21:26:07.819250,956385,31356385
3dvha,7,778,2023-12-01T21:26:09.055150,981103,31381103
3dvha,7,779,2023-12-01T21:26:10.274400,1005488,31405488
3dvha,7,780,2023-12-01T21:26:11.506200,1030124,31430124
3dvha,7,781,2023-12-01T21:26:12.781800,1055636,31455636
3dvha,7,782,2023-12-01T21:26:13.990000,1079800,31479800
3dvha,7,783,2023-12-01T21:26:15.224200,1104484,31504484
3dvha,7,784,2023-12-01T21:26:16.457300,1129146,31529146
3dvha,7,785,2023-12-01T21:26:17.695050,1153901,31553901
3dvha,7,786,2023-12-01T21:26:18.932050,1178641,31578640
3dvha,7,787,2023-12-01T21:26:20.163200,1203264,31603264
3dvha,7,788,2023-12-01T21:26:21.396700,1227934,31627934
3dvha,7,789,2023-12-01T21:26:22.629300,1252586,31652586
3dvha,7,790,2023-12-01T21:26:23.862700,1277254,31677253
3dvha,7,791,2023-12-01T21:26:25.093200,1301864,31701864
3dvha,7,792,2023-12-01T21:26:26.328650,1326573,31726573
3dvha,7,793,2023-12-01T21:26:27.568900,1351378,31751378
3dvha,7,794,2023-12-01T21:26:28.803450,1376069,31776069
3dvha,7,795,2023-12-01T21:26:30.039200,1400784,31800784
3dvha,7,796,2023-12-01T21:26:31.276900,1425538,31825538
3dvha,7,797,2023-12-01T21:26:32.513550,1450271,31850270
3dvha,7,798,2023-12-01T21:26:33.750750,1475015,31875015
3dvha,7,799,2023-12-01T21:26:34.975900,1499518,31899518
3dvha,7,800,2023-12-01T21:26:36.208850,1524177,31924177
3dvha,7,801,2023-12-01T21:26:37.441800,1548836,31948836
3dvha,7,802,2023-12-01T21:26:38.675400,1573508,31973508
3dvha,7,803,2023-12-01T21:26:39.910000,1598200,31998200
3dvha,7,804,2023-12-01T21:26:41.145400,1622908,32022908
3dvha,7,805,2023-12-01T21:26:42.380400,1647608,32047608
3dvha,7,806,2023-12-01T21:26:43.618200,1672364,32072363
3dvha,7,807,2023-12-01T21:26:44.849850,1696997,32096997
3dvha,7,808,2023-12-01T21:26:46.089850,1721797,32121797
3dvha,7,809,2023-12-01T21:26:47.370900,1747418,32147417
3dvha,7,810,2023-12-01T21:26:48.606750,1772135,32172135
3dvha,7,811,2023-12-01T21:26:49.843450,1796869,32196869
3dvha,7,812,2023-12-01T21:26:51.021700,1820434,32220434
3dvha,7,813,2023-12-01T21:26:52.236050,1844721,32244721
3dvha,7,814,2023-12-01T21:26:53.476000,1869520,32269520
3dvha,7,815,2023-12-01T21:26:54.784200,1895684,32295684
3dvha,7,816,2023-12-01T21:26:55.950450,1919009,32319009
3dvha,7,817,2023-12-01T21:26:57.182750,1943655,32343655
3dvha,7,818,2023-12-01T21:26:58.423100,1968462,32368462
3dvha,7,819,2023-12-01T21:26:59.664650,1993293,32393293
3dvha,7,820,2023-12-01T21:27:00.899750,2017995,32417995
3dvha,7,821,2023-12-01T21:27:02.143800,2042876,32442876
3dvha,7,822,2023-12-01T21:27:03.391050,2067821,32467821
3dvha,7,823,2023-12-01T21:27:04.637050,2092741,32492741
3dvha,7,824,2023-12-01T21:27:05.873400,2117468,32517468
3dvha,7,825,2023-12-01T21:27:07.101500,2142030,32542030
3dvha,7,826,2023-12-01T21:27:08.354200,2167084,32567084
3dvha,7,827,2023-12-01T21:27:09.627800,2192556,32592556
3dvha,7,828,2023-12-01T21:27:10.864300,2217286,32617286
3dvha,7,829,2023-12-01T21:27:12.117900,2242358,32642358
3dvha,7,830,2023-12-01T21:27:13.403550,2268071,32668071
3dvha,7,831,2023-12-01T21:27:14.514800,2290296,32690296
3dvha,7,832,2023-12-01T21:27:15.761250,2315225,32715225
3dvha,7,833,2023-12-01T21:27:16.998150,2339963,32739962
3dvha,7,834,2023-12-01T21:27:18.234850,2364697,32764697
3dvha,7,835,2023-12-01T21:27:19.471250,2389425,32789425
3dvha,7,836,2023-12-01T21:27:20.708650,2414173,32814173
3dvha,7,837,2023-12-01T21:27:21.946300,2438926,32838926
3dvha,7,838,2023-12-01T21:27:23.184350,2463687,32863687
3dvha,7,839,2023-12-01T21:27:24.425650,2488513,32888512
3dvha,7,840,2023-12-01T21:27:25.661500,2513230,32913230
3dvha,7,841,2023-12-01T21:27:26.942150,2538843,32938843
3dvha,7,842,2023-12-01T21:27:28.179050,2563581,32963581
3dvha,7,843,2023-12-01T21:27:29.386750,2587735,32987734
3dvha,7,844,2023-12-01T21:27:30.608050,2612161,33012161
3dvha,7,845,2023-12-01T21:27:31.845900,2636918,33036918
3dvha,7,846,2023-12-01T21:27:33.097700,2661954,33061954
3dvha,7,847,2023-12-01T21:27:34.334950,2686699,33086699
3dvha,7,848,2023-12-01T21:27:35.559650,2711193,33111193
3dvha,7,849,2023-12-01T21:27:36.797750,2735955,33135955
3dvha,7,850,2023-12-01T21:27:38.035150,2760703,33160703
3dvha,7,851,2023-12-01T21:27:39.271150,2785423,33185423
3dvha,7,852,2023-12-01T21:27:40.515750,2810315,33210315
3dvha,7,853,2023-12-01T21:27:41.751700,2835034,33235034
3dvha,7,854,2023-12-01T21:27:42.988300,2859766,33259766
3dvha,7,855,2023-12-01T21:27:44.226200,2884524,33284524
3dvha,7,856,2023-12-01T21:27:45.463000,2909260,33309260
3dvha,7,857,2023-12-01T21:27:46.686050,2933721,33333721
3dvha,7,858,2023-12-01T21:27:47.926000,2958520,33358520
3dvha,7,859,2023-12-01T21:27:49.163850,2983277,33383277
3dvha,7,860,2023-12-01T21:27:50.401450,3008029,33408029
3dvha,7,861,2023-12-01T21:27:51.636950,3032739,33432739
3dvha,7,862,2023-12-01T21:27:52.883800,3057676,33457676
3dvha,7,863,2023-12-01T21:27:54.120650,3082413,33482413
3dvha,7,864,2023-12-01T21:27:55.356300,3107126,33507126
3dvha,7,865,2023-12-01T21:27:56.596450,3131929,33531929
3dvha,7,866,2023-12-01T21:27:57.832200,3156644,33556644
3dvha,7,867,2023-12-01T21:27:59.069250,3181385,33581385
3dvha,7,868,2023-12-01T21:28:00.305350,3206107,33606107
3dvha,7,869,2023-12-01T21:28:01.540400,3230808,33630808
3dvha,7,870,2023-12-01T21:28:02.772400,3255448,33655448
3dvha,7,871,2023-12-01T21:28:04.015250,3280305,33680305
3dvha,7,872,2023-12-01T21:28:05.252350,3305047,33705047
3dvha,7,873,2023-12-01T21:28:06.488200,3329764,33729764
3dvha,7,874,2023-12-01T21:28:07.722400,3354448,33754448
3dvha,7,875,2023-12-01T21:28:08.963250,3379265,33779265
3dvha,7,876,2023-12-01T21:28:10.183900,3403678,33803678
3dvha,7,877,2023-12-01T21:28:11.419950,3428399,33828399
3dvha,7,878,2023-12-01T21:28:12.656750,3453135,33853135
3dvha,7,879,2023-12-01T21:28:13.887600,3477752,33877752
3dvha,7,880,2023-12-01T21:28:15.127900,3502558,33902558
3dvha,7,881,2023-12-01T21:28:16.362900,3527258,33927258
3dvha,7,882,2023-12-01T21:28:17.572500,3551450,33951450
3dvha,7,883,2023-12-01T21:28:18.808500,3576170,33976170
3dvha,7,884,2023-12-01T21:28:20.051300,3601026,34001026
3dvha,7,885,2023-12-01T21:28:21.287950,3625759,34025759
3dvha,7,886,2023-12-01T21:28:22.583850,3651677,34051677
3dvha,7,887,2023-12-01T21:28:23.824300,3676486,34076486
3dvha,7,888,2023-12-01T21:28:25.062050,3701241,34101241
3dvha,7,889,2023-12-01T21:28:26.305150,3726103,34126103
3dvha,7,890,2023-12-01T21:28:27.506350,3750127,34150127
3dvha,7,891,2023-12-01T21:28:28.745800,3774916,34174916
3dvha,7,892,2023-12-01T21:28:29.981550,3799631,34199631
3dvha,7,893,2023-12-01T21:28:31.218000,3824360,34224360
3dvha,7,894,2023-12-01T21:28:32.448600,3848972,34248972
3dvha,7,895,2023-12-01T21:28:33.685650,3873713,34273713
3dvha,7,896,2023-12-01T21:28:34.924100,3898482,34298482
3dvha,7,897,2023-12-01T21:28:36.164250,3923285,34323285
3dvha,7,898,2023-12-01T21:28:37.401650,3948033,34348033
3dvha,7,899,2023-12-01T21:28:38.638750,3972775,34372775
3dvha,7,900,2023-12-01T21:28:39.875300,3997506,34397506
3dvha,7,901,2023-12-01T21:28:41.113250,4022265,34422265
3dvha,7,902,2023-12-01T21:28:42.351800,4047036,34447036
3dvha,7,903,2023-12-01T21:28:43.590200,4071804,34471804
3dvha,7,904,2023-12-01T21:28:44.862050,4097241,34497241
3dvha,7,905,2023-12-01T21:28:46.063500,4121270,34521270
3dvha,7,906,2023-12-01T21:28:47.338500,4146770,34546770
3dvha,7,907,2023-12-01T21:28:48.582150,4171643,34571643
3dvha,7,908,2023-12-01T21:28:49.775900,4195518,34595518
3dvha,7,909,2023-12-01T21:28:51.047650,4220953,34620953
3dvha,7,910,2023-12-01T21:28:52.285750,4245715,34645715
3dvha,7,911,2023-12-01T21:28:53.525450,4270509,34670509
3dvha,7,912,2023-12-01T21:28:54.728350,4294567,34694567
3dvha,7,913,2023-12-01T21:28:55.967100,4319342,34719342
3dvha,7,914,2023-12-01T21:28:57.203050,4344061,34744061
3dvha,7,915,2023-12-01T21:28:58.424400,4368488,34768488
3dvha,7,916,2023-12-01T21:28:59.680400,4393608,34793608
3dvha,7,917,2023-12-01T21:29:00.919700,4418394,34818394
3dvha,7,918,2023-12-01T21:29:02.159200,4443184,34843184
3dvha,7,919,2023-12-01T21:29:03.394850,4467897,34867897
3dvha,7,920,2023-12-01T21:29:04.629950,4492599,34892599
3dvha,7,921,2023-12-01T21:29:05.893100,4517862,34917862
3dvha,7,922,2023-12-01T21:29:07.176550,4543531,34943531
3dvha,7,923,2023-12-01T21:29:08.466800,4569336,34969336
3dvha,7,924,2023-12-01T21:29:09.757850,4595157,34995157
3dvha,7,925,2023-12-01T21:29:11.054000,4621080,35021080
3dvha,7,926,2023-12-01T21:29:12.345800,4646916,35046916
3dvha,7,927,2023-12-01T21:29:13.634850,4672697,35072697
3dvha,7,928,2023-12-01T21:29:14.923950,4698479,35098479
3dvha,7,929,2023-12-01T21:29:16.210600,4724212,35124212
3dvha,7,930,2023-12-01T21:29:17.505900,4750118,35150118
3dvha,7,931,2023-12-01T21:29:18.794100,4775882,35175882
3dvha,7,932,2023-12-01T21:29:20.085600,4801712,35201712
3dvha,7,933,2023-12-01T21:29:21.370000,4827400,35227400
3dvha,7,934,2023-12-01T21:29:22.624900,4852498,35252498
3dvha,7,935,2023-12-01T21:29:23.917250,4878345,35278345
3dvha,7,936,2023-12-01T21:29:25.206700,4904134,35304134
3dvha,7,937,2023-12-01T21:29:26.498700,4929974,35329974
3dvha,7,938,2023-12-01T21:29:27.834900,4956698,35356698
3dvha,7,939,2023-12-01T21:29:29.108600,4982172,35382172
3dvha,7,940,2023-12-01T21:29:30.400650,5008013,35408013
3dvha,7,941,2023-12-01T21:29:31.701200,5034024,35434024
3dvha,7,942,2023-12-01T21:29:32.988450,5059769,35459769
3dvha,7,943,2023-12-01T21:29:34.258850,5085177,35485177
3dvha,7,944,2023-12-01T21:29:35.553800,5111076,35511076
3dvha,7,945,2023-12-01T21:29:36.860350,5137207,35537207
3dvha,7,946,2023-12-01T21:29:38.152100,5163042,35563042
3dvha,7,947,2023-12-01T21:29:39.443100,5188862,35588862
3dvha,7,948,2023-12-01T21:29:40.733600,5214672,35614672
3dvha,7,949,2023-12-01T21:29:42.023300,5240466,35640466
3dvha,7,950,2023-12-01T21:29:43.313800,5266276,35666276
3dvha,7,951,2023-12-01T21:29:44.606350,5292127,35692127
3dvha,7,952,2023-12-01T21:29:45.895000,5317900,35717900
3dvha,7,953,2023-12-01T21:29:47.199350,5343987,35743987
3dvha,7,954,2023-12-01T21:29:48.432700,5368654,35768654
3dvha,7,955,2023-12-01T21:29:49.749900,5394998,35794998
3dvha,7,956,2023-12-01T21:29:51.090850,5421817,35821817
3dvha,7,957,2023-12-01T21:29:52.454650,5449093,35849093
3dvha,7,958,2023-12-01T21:29:53.796550,5475931,35875931
3dvha,7,959,2023-12-01T21:29:55.139950,5502799,35902799
3dvha,7,960,2023-12-01T21:29:56.485650,5529713,35929713
3dvha,7,961,2023-12-01T21:29:57.830200,5556604,35956604
3dvha,7,962,2023-12-01T21:29:59.194150,5583883,35983883
3dvha,7,963,2023-12-01T21:30:00.525400,5610508,36010508
3dvha,7,964,2023-12-01T21:30:01.890200,5637804,36037804
3dvha,7,965,2023-12-01T21:30:03.302900,5666058,36066058
3dvha,7,966,2023-12-01T21:30:04.661250,5693225,36093225
3dvha,7,967,2023-12-01T21:30:06.030000,5720600,36120600
3dvha,7,968,2023-12-01T21:30:07.397550,5747951,36147951
3dvha,7,969,2023-12-01T21:30:08.766500,5775330,36175330
3dvha,7,970,2023-12-01T21:30:10.135200,5802704,36202704
3dvha,7,971,2023-12-01T21:30:11.498550,5829971,36229971
3dvha,7,972,2023-12-01T21:30:12.871850,5857437,36257437
3dvha,7,973,2023-12-01T21:30:14.238150,5884763,36284763
3dvha,7,974,2023-12-01T21:30:15.604300,5912086,36312086
3dvha,7,975,2023-12-01T21:30:16.971350,5939427,36339427
3dvha,7,976,2023-12-01T21:30:18.335800,5966716,36366716
3dvha,7,977,2023-12-01T21:30:19.705550,5994111,36394111
3dvha,7,978,2023-12-01T21:30:21.076200,6021524,36421524
3dvha,7,979,2023-12-01T21:30:22.439450,6048789,36448789
3dvha,7,980,2023-12-01T21:30:23.805900,6076118,36476118
3dvha,7,981,2023-12-01T21:30:25.176000,6103520,36503520
3dvha,7,982,2023-12-01T21:30:26.546450,6130929,36530929
3dvha,7,983,2023-12-01T21:30:27.915150,6158303,36558303
3dvha,7,984,2023-12-01T21:30:29.274500,6185490,36585490
3dvha,7,985,2023-12-01T21:30:30.641400,6212828,36612828
3dvha,7,986,2023-12-01T21:30:32.006050,6240121,36640121
3dvha,7,987,2023-12-01T21:30:33.377450,6267549,36667549
3dvha,7,988,2023-12-01T21:30:34.746800,6294936,36694936
3dvha,7,989,2023-12-01T21:30:36.139650,6322793,36722793
3dvha,7,990,2023-12-01T21:30:37.543350,6350867,36750867
3dvha,7,991,2023-12-01T21:30:38.983500,6379670,36779670
3dvha,7,992,2023-12-01T21:30:40.426950,6408539,36808539
3dvha,7,993,2023-12-01T21:30:41.759050,6435181,36835181
3dvha,7,994,2023-12-01T21:30:43.178900,6463578,36863578
3dvha,7,995,2023-12-01T21:30:44.593500,6491870,36891870
3dvha,7,996,2023-12-01T21:30:46.060650,6521213,36921213
3dvha,7,997,2023-12-01T21:30:47.501350,6550027,36950027
3dvha,7,998,2023-12-01T21:30:48.922800,6578456,36978456
3dvha,7,999,2023-12-01T21:30:50.417600,6608352,37008352
3dvha,7,1000,2023-12-01T21:30:51.862400,6637248,37037248
3dvha,7,1001,2023-12-01T21:30:53.306050,6666121,37066121
3dvha,7,1002,2023-12-01T21:30:54.699100,6693982,37093982
3dvha,7,1003,2023-12-01T21:30:56.118050,6722361,37122361
3dvha,7,1004,2023-12-01T21:30:57.575350,6751507,37151507
3dvha,7,1005,2023-12-01T21:30:59.014700,6780294,37180294
3dvha,7,1006,2023-12-01T21:31:00.454050,6809081,37209081
3dvha,7,1007,2023-12-01T21:31:01.899200,6837984,37237984
3dvha,7,1008,2023-12-01T21:31:03.321050,6866421,37266421
3dvha,7,1009,2023-12-01T21:31:04.758350,6895167,37295167
3dvha,7,1010,2023-12-01T21:31:06.206500,6924130,37324130
3dvha,7,1011,2023-12-01T21:31:07.646750,6952935,37352935
3dvha,7,1012,2023-12-01T21:31:09.079050,6981581,37381581
3dvha,7,1013,2023-12-01T21:31:10.525750,7010515,37410515
3dvha,7,1014,2023-12-01T21:31:11.963500,7039270,37439270
3dvha,7,1015,2023-12-01T21:31:13.403850,7068077,37468077
3dvha,7,1016,2023-12-01T21:31:14.844900,7096898,37496898
3dvha,7,1017,2023-12-01T21:31:16.283700,7125674,37525674
3dvha,7,1018,2023-12-01T21:31:17.727050,7154541,37554541
3dvha,7,1019,2023-12-01T21:31:19.149700,7182994,37582994
3dvha,7,1020,2023-12-01T21:31:20.588750,7211775,37611775
3dvha,7,1021,2023-12-01T21:31:22.032250,7240645,37640645
3dvha,7,1022,2023-12-01T21:31:23.477650,7269553,37669553
3dvha,7,1023,2023-12-01T21:31:24.919450,7298389,37698389
3dvha,7,1024,2023-12-01T21:31:26.362050,7327241,37727241
3dvha,7,1025,2023-12-01T21:31:27.814150,7356283,37756283
3dvha,7,1026,2023-12-01T21:32:01.016250,20325,38420325
3dvha,7,1027,2023-12-01T21:32:02.453900,49078,38449078
3dvha,7,1028,2023-12-01T21:32:03.886750,77735,38477735
3dvha,7,1029,2023-12-01T21:32:05.323650,106473,38506473
3dvha,7,1030,2023-12-01T21:32:06.762850,135257,38535257
3dvha,7,1031,2023-12-01T21:32:08.178150,163563,38563563
3dvha,7,1032,2023-12-01T21:32:09.627100,192542,38592542
3dvha,7,1033,2023-12-01T21:32:11.071700,221434,38621434
3dvha,7,1034,2023-12-01T21:32:12.520600,250412,38650412
3dvha,7,1035,2023-12-01T21:32:13.963650,279273,38679273
3dvha,7,1036,2023-12-01T21:32:15.409050,308181,38708181
3dvha,7,1037,2023-12-01T21:32:16.914900,338298,38738298
3dvha,7,1038,2023-12-01T21:32:18.325100,366502,38766502
3dvha,7,1039,2023-12-01T21:32:19.776250,395525,38795525
3dvha,7,1040,2023-12-01T21:32:21.209650,424193,38824193
3dvha,7,1041,2023-12-01T21:32:22.658350,453167,38853167
3dvha,7,1042,2023-12-01T21:32:24.106350,482127,38882127
3dvha,7,1043,2023-12-01T21:32:25.563950,511279,38911279
3dvha,7,1044,2023-12-01T21:32:27.001700,540034,38940034
3dvha,7,1045,2023-12-01T21:32:28.448300,568966,38968966
3dvha,7,1046,2023-12-01T21:32:29.896650,597933,38997933
3dvha,7,1047,2023-12-01T21:32:31.348600,626972,39026972
3dvha,7,1048,2023-12-01T21:32:32.786850,655737,39055737
3dvha,7,1049,2023-12-01T21:32:34.223700,684474,39084474
3dvha,7,1050,2023-12-01T21:32:35.684800,713696,39113696
3dvha,7,1051,2023-12-01T21:32:37.122650,742453,39142453
3dvha,7,1052,2023-12-01T21:32:38.571000,771420,39171420
3dvha,7,1053,2023-12-01T21:32:40.024050,800481,39200481
3dvha,7,1054,2023-12-01T21:32:41.496550,829931,39229931
3dvha,7,1055,2023-12-01T21:32:42.990750,859815,39259815
3dvha,7,1056,2023-12-01T21:32:44.455750,889115,39289115
3dvha,7,1057,2023-12-01T21:32:45.953600,919072,39319072
3dvha,7,1058,2023-12-01T21:32:47.452350,949047,39349047
3dvha,7,1059,2023-12-01T21:32:48.952700,979054,39379054
3dvha,7,1060,2023-12-01T21:32:50.444650,1008893,39408893
3dvha,7,1061,2023-12-01T21:32:51.942450,1038849,39438849
3dvha,7,1062,2023-12-01T21:32:53.439100,1068782,39468782
3dvha,7,1063,2023-12-01T21:32:54.938650,1098773,39498773
3dvha,7,1064,2023-12-01T21:32:56.459900,1129198,39529198
3dvha,7,1065,2023-12-01T21:32:57.979850,1159597,39559597
3dvha,7,1066,2023-12-01T21:32:59.523900,1190478,39590478
3dvha,7,1067,2023-12-01T21:33:01.047600,1220952,39620952
3dvha,7,1068,2023-12-01T21:33:02.610800,1252216,39652216
3dvha,7,1069,2023-12-01T21:33:04.157250,1283145,39683145
3dvha,7,1070,2023-12-01T21:33:05.679550,1313591,39713591
3dvha,7,1071,2023-12-01T21:33:07.223250,1344465,39744465
3dvha,7,1072,2023-12-01T21:33:08.805500,1376110,39776110
3dvha,7,1073,2023-12-01T21:33:10.354600,1407092,39807092
3dvha,7,1074,2023-12-01T21:33:11.902400,1438048,39838048
3dvha,7,1075,2023-12-01T21:33:13.450850,1469017,39869017
3dvha,7,1076,2023-12-01T21:33:14.993450,1499869,39899869
3dvha,7,1077,2023-12-01T21:33:16.535550,1530711,39930711
3dvha,7,1078,2023-12-01T21:33:18.083100,1561662,39961662
3dvha,7,1079,2023-12-01T21:33:19.660250,1593205,39993205
3dvha,7,1080,2023-12-01T21:33:21.167850,1623357,40023357
3dvha,7,1081,2023-12-01T21:33:22.709200,1654184,40054184
3dvha,7,1082,2023-12-01T21:33:24.252300,1685046,40085046
3dvha,7,1083,2023-12-01T21:33:25.790600,1715812,40115812
3dvha,7,1084,2023-12-01T21:33:27.329400,1746588,40146588
3dvha,7,1085,2023-12-01T21:33:28.880350,1777607,40177607
3dvha,7,1086,2023-12-01T21:33:30.426350,1808527,40208527
3dvha,7,1087,2023-12-01T21:33:31.968000,1839360,40239360
3dvha,7,1088,2023-12-01T21:33:33.483000,1869660,40269660
3dvha,7,1089,2023-12-01T21:33:35.025300,1900506,40300506
3dvha,7,1090,2023-12-01T21:33:36.572950,1931459,40331459
3dvha,7,1091,2023-12-01T21:33:38.116350,1962327,40362327
3dvha,7,1092,2023-12-01T21:33:39.660250,1993205,40393205
3dvha,7,1093,2023-12-01T21:33:41.200000,2024000,40424000
3dvha,7,1094,2023-12-01T21:33:42.744100,2054882,40454882
3dvha,7,1095,2023-12-01T21:33:44.289550,2085791,40485791
3dvha,7,1096,2023-12-01T21:33:45.835450,2116709,40516709
3dvha,7,1097,2023-12-01T21:33:47.384250,2147685,40547685
3dvha,7,1098,2023-12-01T21:33:48.927200,2178544,40578544
3dvha,7,1099,2023-12-01T21:33:50.473300,2209466,40609466
3dvha,7,1100,2023-12-01T21:33:52.015600,2240312,40640312
3dvha,7,1101,2023-12-01T21:33:53.555500,2271110,40671110
3dvha,7,1102,2023-12-01T21:33:55.093150,2301863,40701863
3dvha,7,1103,2023-12-01T21:33:56.641150,2332823,40732823
3dvha,7,1104,2023-12-01T21:33:58.177500,2363550,40763550
3dvha,7,1105,2023-12-01T21:33:59.689150,2393783,40793783
3dvha,7,1106,2023-12-01T21:34:01.316050,2426321,40826321
3dvha,7,1107,2023-12-01T21:34:02.771850,2455437,40855437
3dvha,7,1108,2023-12-01T21:34:04.315800,2486316,40886316
3dvha,7,1109,2023-12-01T21:34:05.868100,2517362,40917362
3dvha,7,1110,2023-12-01T21:34:07.408350,2548167,40948167
3dvha,7,1111,2023-12-01T21:34:08.943100,2578862,40978862
3dvha,7,1112,2023-12-01T21:34:10.484900,2609698,41009698
3dvha,7,1113,2023-12-01T21:34:12.031350,2640627,41040627
3dvha,7,1114,2023-12-01T21:34:13.570150,2671403,41071403
3dvha,7,1115,2023-12-01T21:34:15.111450,2702229,41102229
3dvha,7,1116,2023-12-01T21:34:16.631850,2732637,41132637
3dvha,7,1117,2023-12-01T21:34:18.169850,2763397,41163397
3dvha,7,1118,2023-12-01T21:34:19.713250,2794265,41194264
3dvha,7,1119,2023-12-01T21:34:21.250650,2825013,41225013
3dvha,7,1120,2023-12-01T21:34:22.869600,2857392,41257392
3dvha,7,1121,2023-12-01T21:34:24.362800,2887256,41287256
3dvha,7,1122,2023-12-01T21:34:25.895300,2917906,41317906
3dvha,7,1123,2023-12-01T21:34:27.447900,2948958,41348958
3dvha,7,1124,2023-12-01T21:34:28.986950,2979739,41379739
3dvha,7,1125,2023-12-01T21:34:30.514850,3010297,41410297
3dvha,7,1126,2023-12-01T21:34:32.066050,3041321,41441321
3dvha,7,1127,2023-12-01T21:34:33.597700,3071954,41471953
3dvha,7,1128,2023-12-01T21:34:35.191000,3103820,41503819
3dvha,7,1129,2023-12-01T21:34:36.685500,3133710,41533710
3dvha,7,1130,2023-12-01T21:34:38.224550,3164491,41564491
3dvha,7,1131,2023-12-01T21:34:39.764650,3195293,41595293
3dvha,7,1132,2023-12-01T21:34:41.302400,3226048,41626048
3dvha,7,1133,2023-12-01T21:34:42.860400,3257208,41657208
3dvha,7,1134,2023-12-01T21:34:44.391800,3287836,41687836
3dvha,7,1135,2023-12-01T21:34:45.931750,3318635,41718635
3dvha,7,1136,2023-12-01T21:34:47.472400,3349448,41749448
3dvha,7,1137,2023-12-01T21:34:48.978500,3379570,41779570
3dvha,7,1138,2023-12-01T21:34:50.515700,3410314,41810314
3dvha,7,1139,2023-12-01T21:34:52.050300,3441006,41841006
3dvha,7,1140,2023-12-01T21:34:53.587100,3471742,41871742
3dvha,7,1141,2023-12-01T21:34:55.191350,3503827,41903827
3dvha,7,1142,2023-12-01T21:34:56.750300,3535006,41935006
3dvha,7,1143,2023-12-01T21:34:58.286700,3565734,41965734
3dvha,7,1144,2023-12-01T21:34:59.827200,3596544,41996544
3dvha,7,1145,2023-12-01T21:35:01.374350,3627487,42027487
3dvha,7,1146,2023-12-01T21:35:02.852650,3657053,42057052
3dvha,7,1147,2023-12-01T21:35:04.392050,3687841,42087841
3dvha,7,1148,2023-12-01T21:35:05.920700,3718414,42118414
3dvha,7,1149,2023-12-01T21:35:07.464000,3749280,42149280
3dvha,7,1150,2023-12-01T21:35:09.023950,3780479,42180478
3dvha,7,1151,2023-12-01T21:35:10.566750,3811335,42211335
3dvha,7,1152,2023-12-01T21:35:12.092300,3841846,42241845
3dvha,7,1153,2023-12-01T21:35:13.644850,3872897,42272897
3dvha,7,1154,2023-12-01T21:35:15.183950,3903679,42303679
3dvha,7,1155,2023-12-01T21:35:16.696050,3933921,42333921
3dvha,7,1156,2023-12-01T21:35:18.237550,3964751,42364751
3dvha,7,1157,2023-12-01T21:35:19.774500,3995490,42395490
3dvha,7,1158,2023-12-01T21:35:21.318950,4026379,42426379
3dvha,7,1159,2023-12-01T21:35:22.859800,4057196,42457196
3dvha,7,1160,2023-12-01T21:35:24.401400,4088028,42488028
3dvha,7,1161,2023-12-01T21:35:25.941350,4118827,42518827
3dvha,7,1162,2023-12-01T21:35:27.482950,4149659,42549659
3dvha,7,1163,2023-12-01T21:35:29.019000,4180380,42580379
3dvha,7,1164,2023-12-01T21:35:30.584300,4211686,42611686
3dvha,7,1165,2023-12-01T21:35:32.123750,4242475,42642475
3dvha,7,1166,2023-12-01T21:35:33.635250,4272705,42672705
3dvha,7,1167,2023-12-01T21:35:35.180000,4303600,42703600
3dvha,7,1168,2023-12-01T21:35:36.693200,4333864,42733864
3dvha,7,1169,2023-12-01T21:35:38.234650,4364693,42764693
3dvha,7,1170,2023-12-01T21:35:39.774900,4395498,42795498
3dvha,7,1171,2023-12-01T21:35:41.393350,4427867,42827867
3dvha,7,1172,2023-12-01T21:35:42.931100,4458622,42858621
3dvha,7,1173,2023-12-01T21:35:44.385600,4487712,42887712
3dvha,7,1174,2023-12-01T21:35:45.971150,4519423,42919423
3dvha,7,1175,2023-12-01T21:35:47.510900,4550218,42950218
3dvha,7,1176,2023-12-01T21:35:48.994800,4579896,42979896
3dvha,7,1177,2023-12-01T21:35:50.539650,4610793,43010793
3dvha,7,1178,2023-12-01T21:35:52.073550,4641471,43041471
3dvha,7,1179,2023-12-01T21:35:53.628150,4672563,43072563
3dvha,7,1180,2023-12-01T21:35:55.169800,4703396,43103396
3dvha,7,1181,2023-12-01T21:35:56.709300,4734186,43134186
3dvha,7,1182,2023-12-01T21:35:58.260850,4765217,43165217
3dvha,7,1183,2023-12-01T21:36:25.457700,109154,43709154
3dvha,7,1184,2023-12-01T21:36:26.992750,139855,43739855
3dvha,7,1185,2023-12-01T21:36:28.531350,170627,43770627
3dvha,7,1186,2023-12-01T21:36:30.084650,201693,43801692
3dvha,7,1187,2023-12-01T21:36:31.618550,232371,43832371
3dvha,7,1188,2023-12-01T21:36:33.200650,264013,43864013
3dvha,7,1189,2023-12-01T21:36:34.733050,294661,43894661
3dvha,7,1190,2023-12-01T21:36:36.295100,325902,43925902
3dvha,7,1191,2023-12-01T21:36:37.835550,356711,43956710
3dvha,7,1192,2023-12-01T21:36:39.302600,386052,43986052
3dvha,7,1193,2023-12-01T21:36:40.836950,416739,44016739
3dvha,7,1194,2023-12-01T21:36:42.377050,447541,44047541
3dvha,7,1195,2023-12-01T21:36:43.964050,479281,44079281
3dvha,7,1196,2023-12-01T21:36:45.477700,509554,44109554
3dvha,7,1197,2023-12-01T21:36:47.006550,540131,44140131
3dvha,7,1198,2023-12-01T21:36:48.592100,571842,44171842
3dvha,7,1199,2023-12-01T21:36:50.130850,602617,44202617
3dvha,7,1200,2023-12-01T21:36:51.641150,632823,44232823
3dvha,7,1201,2023-12-01T21:36:53.192900,663858,44263858
3dvha,7,1202,2023-12-01T21:36:54.764400,695288,44295288
3dvha,7,1203,2023-12-01T21:36:56.303450,726069,44326069
3dvha,7,1204,2023-12-01T21:36:57.792400,755848,44355848
3dvha,7,1205,2023-12-01T21:36:59.390250,787805,44387805
3dvha,7,1206,2023-12-01T21:37:00.869100,817382,44417382
3dvha,7,1207,2023-12-01T21:37:02.415600,848312,44448311
3dvha,7,1208,2023-12-01T21:37:03.962000,879240,44479240
3dvha,7,1209,2023-12-01T21:37:05.505950,910119,44510119
3dvha,7,1210,2023-12-01T21:37:07.047800,940956,44540956
3dvha,7,1211,2023-12-01T21:37:08.592200,971844,44571844
3dvha,7,1212,2023-12-01T21:37:10.134600,1002692,44602692
3dvha,7,1213,2023-12-01T21:37:11.655350,1033107,44633107
3dvha,7,1214,2023-12-01T21:37:13.277450,1065549,44665549
3dvha,7,1215,2023-12-01T21:37:14.822000,1096440,44696440
3dvha,7,1216,2023-12-01T21:37:16.358750,1127175,44727175
3dvha,7,1217,2023-12-01T21:37:17.905100,1158102,44758102
3dvha,7,1218,2023-12-01T21:37:19.447350,1188947,44788947
3dvha,7,1219,2023-12-01T21:37:20.910600,1218212,44818212
3dvha,7,1220,2023-12-01T21:37:22.529850,1250597,44850597
3dvha,7,1221,2023-12-01T21:37:24.077400,1281548,44881548
3dvha,7,1222,2023-12-01T21:37:25.534100,1310682,44910682
3dvha,7,1223,2023-12-01T21:37:27.074450,1341489,44941489
3dvha,7,1224,2023-12-01T21:37:28.633650,1372673,44972673
3dvha,7,1225,2023-12-01T21:37:30.179950,1403599,45003599
3dvha,7,1226,2023-12-01T21:37:31.728550,1434571,45034571
3dvha,7,1227,2023-12-01T21:37:33.271750,1465435,45065435
3dvha,7,1228,2023-12-01T21:37:34.810500,1496210,45096210
3dvha,7,1229,2023-12-01T21:37:36.366300,1527326,45127326
3dvha,7,1230,2023-12-01T21:37:37.911250,1558225,45158225
3dvha,7,1231,2023-12-01T21:37:39.454750,1589095,45189095
3dvha,7,1232,2023-12-01T21:37:40.976900,1619538,45219538
3dvha,7,1233,2023-12-01T21:37:42.519900,1650398,45250397
3dvha,7,1234,2023-12-01T21:37:44.068350,1681367,45281367
3dvha,7,1235,2023-12-01T21:37:45.618800,1712376,45312376
3dvha,7,1236,2023-12-01T21:37:47.167100,1743342,45343342
3dvha,7,1237,2023-12-01T21:37:48.719400,1774388,45374388
3dvha,7,1238,2023-12-01T21:37:50.282800,1805656,45405656
3dvha,7,1239,2023-12-01T21:37:51.830050,1836601,45436601
3dvha,7,1240,2023-12-01T21:37:53.356500,1867130,45467130
3dvha,7,1241,2023-12-01T21:37:54.904600,1898092,45498092
3dvha,7,1242,2023-12-01T21:37:56.452350,1929047,45529047
3dvha,7,1243,2023-12-01T21:37:58.000800,1960016,45560015
3dvha,7,1244,2023-12-01T21:37:59.547450,1990949,45590949
3dvha,7,1245,2023-12-01T21:38:01.099850,2021997,45621997
3dvha,7,1246,2023-12-01T21:38:02.652850,2053057,45653057
3dvha,7,1247,2023-12-01T21:38:04.197950,2083959,45683959
3dvha,7,1248,2023-12-01T21:38:05.740150,2114803,45714803
3dvha,7,1249,2023-12-01T21:38:07.288500,2145770,45745770
3dvha,7,1250,2023-12-01T21:38:08.814400,2176288,45776288
3dvha,7,1251,2023-12-01T21:38:10.363200,2207264,45807263
3dvha,7,1252,2023-12-01T21:38:11.910550,2238211,45838211
3dvha,7,1253,2023-12-01T21:38:13.446550,2268931,45868931
3dvha,7,1254,2023-12-01T21:38:14.991650,2299833,45899833
3dvha,7,1255,2023-12-01T21:38:16.535600,2330712,45930712
3dvha,7,1256,2023-12-01T21:38:18.077750,2361555,45961555
3dvha,7,1257,2023-12-01T21:38:19.632700,2392654,45992654
3dvha,7,1258,2023-12-01T21:38:21.204200,2424084,46024084
3dvha,7,1259,2023-12-01T21:38:22.753350,2455067,46055067
3dvha,7,1260,2023-12-01T21:38:24.294600,2485892,46085892
3dvha,7,1261,2023-12-01T21:38:25.834500,2516690,46116690
3dvha,7,1262,2023-12-01T21:38:27.375050,2547501,46147501
3dvha,7,1263,2023-12-01T21:38:28.927000,2578540,46178540
3dvha,7,1264,2023-12-01T21:38:30.477050,2609541,46209541
3dvha,7,1265,2023-12-01T21:38:32.057850,2641157,46241157
3dvha,7,1266,2023-12-01T21:38:33.607050,2672141,46272141
3dvha,7,1267,2023-12-01T21:38:35.148900,2702978,46302978
3dvha,7,1268,2023-12-01T21:38:36.628050,2732561,46332560
3dvha,7,1269,2023-12-01T21:38:38.166150,2763323,46363323
3dvha,7,1270,2023-12-01T21:38:39.702550,2794051,46394051
3dvha,7,1271,2023-12-01T21:38:41.240550,2824811,46424811
3dvha,7,1272,2023-12-01T21:38:42.815550,2856311,46456310
3dvha,7,1273,2023-12-01T21:38:44.323550,2886471,46486471
3dvha,7,1274,2023-12-01T21:38:45.863600,2917272,46517272
3dvha,7,1275,2023-12-01T21:38:47.399750,2947995,46547995
3dvha,7,1276,2023-12-01T21:38:48.941950,2978839,46578839
3dvha,7,1277,2023-12-01T21:38:50.472050,3009441,46609441
3dvha,7,1278,2023-12-01T21:38:52.023600,3040472,46640472
3dvha,7,1279,2023-12-01T21:38:53.562550,3071251,46671251
3dvha,7,1280,2023-12-01T21:38:55.103250,3102065,46702065
3dvha,7,1281,2023-12-01T21:38:56.643500,3132870,46732870
3dvha,7,1282,2023-12-01T21:38:58.184800,3163696,46763696
3dvha,7,1283,2023-12-01T21:38:59.730500,3194610,46794610
3dvha,7,1284,2023-12-01T21:39:01.269850,3225397,46825397
3dvha,7,1285,2023-12-01T21:39:02.818300,3256366,46856366
3dvha,7,1286,2023-12-01T21:39:04.351450,3287029,46887029
3dvha,7,1287,2023-12-01T21:39:05.898500,3317970,46917969
3dvha,7,1288,2023-12-01T21:39:07.448500,3348970,46948970
3dvha,7,1289,2023-12-01T21:39:08.988050,3379761,46979761
3dvha,7,1290,2023-12-01T21:39:10.523300,3410466,47010466
3dvha,7,1291,2023-12-01T21:39:12.081900,3441638,47041638
3dvha,7,1292,2023-12-01T21:39:13.616950,3472339,47072339
3dvha,7,1293,2023-12-01T21:39:15.145700,3502914,47102914
3dvha,7,1294,2023-12-01T21:39:16.686800,3533736,47133736
3dvha,7,1295,2023-12-01T21:39:18.235850,3564717,47164717
3dvha,7,1296,2023-12-01T21:39:19.738500,3594770,47194770
3dvha,7,1297,2023-12-01T21:39:21.278450,3625569,47225568
3dvha,7,1298,2023-12-01T21:39:22.829950,3656599,47256599
3dvha,7,1299,2023-12-01T21:39:24.368650,3687373,47287373
3dvha,7,1300,2023-12-01T21:39:25.910900,3718218,47318218
3dvha,7,1301,2023-12-01T21:39:27.447350,3748947,47348947
3dvha,7,1302,2023-12-01T21:39:28.998500,3779970,47379970
3dvha,7,1303,2023-12-01T21:39:30.546400,3810928,47410928
3dvha,7,1304,2023-12-01T21:39:32.084700,3841694,47441694
3dvha,7,1305,2023-12-01T21:39:33.627800,3872556,47472556
3dvha,7,1306,2023-12-01T21:39:35.172950,3903459,47503459
3dvha,7,1307,2023-12-01T21:39:36.724850,3934497,47534497
3dvha,7,1308,2023-12-01T21:39:38.261850,3965237,47565237
3dvha,7,1309,2023-12-01T21:39:39.763650,3995273,47595273
3dvha,7,1310,2023-12-01T21:39:41.338600,4026772,47626772
3dvha,7,1311,2023-12-01T21:39:42.876000,4057520,47657520
3dvha,7,1312,2023-12-01T21:39:44.394800,4087896,47687896
3dvha,7,1313,2023-12-01T21:39:45.939300,4118786,47718786
3dvha,7,1314,2023-12-01T21:39:47.503950,4150079,47750078
3dvha,7,1315,2023-12-01T21:39:49.015500,4180310,47780310
3dvha,7,1316,2023-12-01T21:39:50.564850,4211297,47811297
3dvha,7,1317,2023-12-01T21:39:52.097250,4241945,47841944
3dvha,7,1318,2023-12-01T21:39:53.634900,4272698,47872698
3dvha,7,1319,2023-12-01T21:39:55.180950,4303619,47903619
3dvha,7,1320,2023-12-01T21:39:56.711050,4334221,47934221
3dvha,7,1321,2023-12-01T21:39:58.253100,4365062,47965062
3dvha,7,1322,2023-12-01T21:39:59.821150,4396423,47996423
3dvha,7,1323,2023-12-01T21:40:01.347500,4426950,48026950
3dvha,7,1324,2023-12-01T21:40:02.866800,4457336,48057335
3dvha,7,1325,2023-12-01T21:40:04.427650,4488553,48088553
3dvha,7,1326,2023-12-01T21:40:05.935150,4518703,48118702
3dvha,7,1327,2023-12-01T21:40:07.477800,4549556,48149556
3dvha,7,1328,2023-12-01T21:40:09.013700,4580274,48180274
3dvha,7,1329,2023-12-01T21:40:10.578250,4611565,48211565
3dvha,7,1330,2023-12-01T21:40:12.116450,4642329,48242329
3dvha,7,1331,2023-12-01T21:40:13.648550,4672971,48272971
3dvha,7,1332,2023-12-01T21:40:15.205750,4704115,48304115
3dvha,7,1333,2023-12-01T21:40:16.740000,4734800,48334799
3dvha,7,1334,2023-12-01T21:40:18.275850,4765517,48365517
3dvha,7,1335,2023-12-01T21:40:19.814000,4796280,48396280
3dvha,7,1336,2023-12-01T21:40:21.362350,4827247,48427247
3dvha,7,1337,2023-12-01T21:40:22.901450,4858029,48458029
3dvha,7,1338,2023-12-01T21:40:24.432650,4888653,48488653
3dvha,7,1339,2023-12-01T21:40:25.972100,4919442,48519442
3dvha,7,1340,2023-12-01T21:40:27.517500,4950350,48550350
3dvha,7,1341,2023-12-01T21:40:29.055800,4981116,48581116
3dvha,7,1342,2023-12-01T21:40:30.592550,5011851,48611851
3dvha,7,1343,2023-12-01T21:40:32.192000,5043840,48643840
3dvha,7,1344,2023-12-01T21:40:33.786000,5075720,48675720
3dvha,7,1345,2023-12-01T21:40:35.336700,5106734,48706734
3dvha,7,1346,2023-12-01T21:40:36.924600,5138492,48738492
3dvha,7,1347,2023-12-01T21:40:38.515650,5170313,48770313
3dvha,7,1348,2023-12-01T21:40:40.160750,5203215,48803215
3dvha,7,1349,2023-12-01T21:40:41.751300,5235026,48835026
3dvha,7,1350,2023-12-01T21:40:43.336000,5266720,48866719
3dvha,7,1351,2023-12-01T21:40:44.862100,5297242,48897242
3dvha,7,1352,2023-12-01T21:40:46.455550,5329111,48929111
3dvha,7,1353,2023-12-01T21:40:48.050250,5361005,48961004
3dvha,7,1354,2023-12-01T21:40:49.628500,5392570,48992569
3dvha,7,1355,2023-12-01T21:40:51.224050,5424481,49024480
3dvha,7,1356,2023-12-01T21:40:52.835250,5456705,49056705
3dvha,7,1357,2023-12-01T21:40:54.421400,5488428,49088428
3dvha,7,1358,2023-12-01T21:40:56.001050,5520021,49120021
3dvha,7,1359,2023-12-01T21:40:57.596000,5551920,49151920
3dvha,7,1360,2023-12-01T21:40:59.185450,5583709,49183709
3dvha,7,1361,2023-12-01T21:41:00.798050,5615961,49215961
3dvha,7,1362,2023-12-01T21:41:02.415700,5648314,49248314
3dvha,7,1363,2023-12-01T21:41:04.013200,5680264,49280264
3dvha,7,1364,2023-12-01T21:41:05.600050,5712001,49312001
3dvha,7,1365,2023-12-01T21:41:07.156100,5743122,49343122
3dvha,7,1366,2023-12-01T21:41:08.749800,5774996,49374996
3dvha,7,1367,2023-12-01T21:41:10.344950,5806899,49406899
3dvha,7,1368,2023-12-01T21:41:11.896550,5837931,49437931
3dvha,7,1369,2023-12-01T21:41:48.704600,174092,50174092
3dvha,7,1370,2023-12-01T21:41:50.306700,206134,50206134
3dvha,7,1371,2023-12-01T21:41:51.900100,238002,50238002
3dvha,7,1372,2023-12-01T21:41:53.453150,269063,50269063
3dvha,7,1373,2023-12-01T21:41:55.109250,302185,50302185
3dvha,7,1374,2023-12-01T21:41:56.652150,333043,50333043
3dvha,7,1375,2023-12-01T21:41:58.198000,363960,50363960
3dvha,7,1376,2023-12-01T21:41:59.786900,395738,50395738
3dvha,7,1377,2023-12-01T21:42:01.376800,427536,50427536
3dvha,7,1378,2023-12-01T21:42:02.977750,459555,50459555
3dvha,7,1379,2023-12-01T21:42:04.562450,491249,50491249
3dvha,7,1380,2023-12-01T21:42:06.151750,523035,50523035
3dvha,7,1381,2023-12-01T21:42:07.742250,554845,50554844
3dvha,7,1382,2023-12-01T21:42:09.331000,586620,50586620
3dvha,7,1383,2023-12-01T21:42:10.915750,618315,50618315
3dvha,7,1384,2023-12-01T21:42:12.509000,650180,50650180
3dvha,7,1385,2023-12-01T21:42:14.084900,681698,50681698
3dvha,7,1386,2023-12-01T21:42:15.668200,713364,50713364
3dvha,7,1387,2023-12-01T21:42:17.234050,744681,50744681
3dvha,7,1388,2023-12-01T21:42:18.848100,776962,50776962
3dvha,7,1389,2023-12-01T21:42:20.432250,808645,50808645
3dvha,7,1390,2023-12-01T21:42:22.017450,840349,50840349
3dvha,7,1391,2023-12-01T21:42:23.604100,872082,50872082
3dvha,7,1392,2023-12-01T21:42:25.196450,903929,50903929
3dvha,7,1393,2023-12-01T21:42:26.798600,935972,50935972
3dvha,7,1394,2023-12-01T21:42:28.357650,967153,50967153
3dvha,7,1395,2023-12-01T21:42:29.963700,999274,50999273
3dvha,7,1396,2023-12-01T21:42:31.552950,1031059,51031058
3dvha,7,1397,2023-12-01T21:42:33.139100,1062782,51062782
3dvha,7,1398,2023-12-01T21:42:34.701050,1094021,51094021
3dvha,7,1399,2023-12-01T21:42:36.291150,1125823,51125823
3dvha,7,1400,2023-12-01T21:42:37.878100,1157562,51157562
3dvha,7,1401,2023-12-01T21:42:39.490900,1189818,51189817
3dvha,7,1402,2023-12-01T21:42:41.078150,1221563,51221563
3dvha,7,1403,2023-12-01T21:42:42.665650,1253313,51253313
3dvha,7,1404,2023-12-01T21:42:44.257250,1285145,51285145
3dvha,7,1405,2023-12-01T21:42:45.847750,1316955,51316955
3dvha,7,1406,2023-12-01T21:42:47.438000,1348760,51348760
3dvha,7,1407,2023-12-01T21:42:49.099400,1381988,51381988
3dvha,7,1408,2023-12-01T21:42:50.612250,1412245,51412245
3dvha,7,1409,2023-12-01T21:42:52.202900,1444058,51444058
3dvha,7,1410,2023-12-01T21:42:53.786800,1475736,51475736
3dvha,7,1411,2023-12-01T21:42:55.370400,1507408,51507407
3dvha,7,1412,2023-12-01T21:42:56.970050,1539401,51539401
3dvha,7,1413,2023-12-01T21:42:58.566000,1571320,51571319
3dvha,7,1414,2023-12-01T21:43:00.138600,1602772,51602772
3dvha,7,1415,2023-12-01T21:43:01.724700,1634494,51634494
3dvha,7,1416,2023-12-01T21:43:03.316050,1666321,51666321
3dvha,7,1417,2023-12-01T21:43:04.904750,1698095,51698095
3dvha,7,1418,2023-12-01T21:43:06.489850,1729797,51729797
3dvha,7,1419,2023-12-01T21:43:08.084550,1761691,51761691
3dvha,7,1420,2023-12-01T21:43:09.672500,1793450,51793450
3dvha,7,1421,2023-12-01T21:43:11.257850,1825157,51825157
3dvha,7,1422,2023-12-01T21:43:12.841200,1856824,51856824
3dvha,7,1423,2023-12-01T21:43:14.430250,1888605,51888605
3dvha,7,1424,2023-12-01T21:43:16.018450,1920369,51920369
3dvha,7,1425,2023-12-01T21:43:17.600950,1952019,51952019
3dvha,7,1426,2023-12-01T21:43:19.217900,1984358,51984358
3dvha,7,1427,2023-12-01T21:43:20.780700,2015614,52015613
3dvha,7,1428,2023-12-01T21:43:22.370150,2047403,52047403
3dvha,7,1429,2023-12-01T21:43:23.979650,2079593,52079593
3dvha,7,1430,2023-12-01T21:43:25.564800,2111296,52111296
3dvha,7,1431,2023-12-01T21:43:27.128300,2142566,52142566
3dvha,7,1432,2023-12-01T21:43:28.713950,2174279,52174279
3dvha,7,1433,2023-12-01T21:43:30.296950,2205939,52205939
3dvha,7,1434,2023-12-01T21:43:31.885450,2237709,52237709
3dvha,7,1435,2023-12-01T21:43:33.502700,2270054,52270054
3dvha,7,1436,2023-12-01T21:43:35.062300,2301246,52301246
3dvha,7,1437,2023-12-01T21:43:36.644700,2332894,52332894
3dvha,7,1438,2023-12-01T21:43:38.228750,2364575,52364575
3dvha,7,1439,2023-12-01T21:43:39.814350,2396287,52396287
3dvha,7,1440,2023-12-01T21:43:41.412750,2428255,52428255
3dvha,7,1441,2023-12-01T21:43:43.003950,2460079,52460078
3dvha,7,1442,2023-12-01T21:43:44.587450,2491749,52491749
3dvha,7,1443,2023-12-01T21:43:46.172350,2523447,52523447
3dvha,7,1444,2023-12-01T21:43:47.745800,2554916,52554916
3dvha,7,1445,2023-12-01T21:43:49.331850,2586637,52586637
3dvha,7,1446,2023-12-01T21:43:50.913950,2618279,52618279
3dvha,7,1447,2023-12-01T21:43:52.500000,2650000,52650000
3dvha,7,1448,2023-12-01T21:43:54.087500,2681750,52681750
3dvha,7,1449,2023-12-01T21:43:55.672050,2713441,52713441
3dvha,7,1450,2023-12-01T21:43:57.254950,2745099,52745099
3dvha,7,1451,2023-12-01T21:43:58.840050,2776801,52776800
3dvha,7,1452,2023-12-01T21:44:00.423800,2808476,52808476
3dvha,7,1453,2023-12-01T21:44:02.004400,2840088,52840087
3dvha,7,1454,2023-12-01T21:44:03.616150,2872323,52872323
3dvha,7,1455,2023-12-01T21:44:05.179250,2903585,52903585
3dvha,7,1456,2023-12-01T21:44:06.765150,2935303,52935303
3dvha,7,1457,2023-12-01T21:44:08.353450,2967069,52967069
3dvha,7,1458,2023-12-01T21:44:09.937200,2998744,52998744
3dvha,7,1459,2023-12-01T21:44:11.528550,3030571,53030571
3dvha,7,1460,2023-12-01T21:44:13.117200,3062344,53062344
3dvha,7,1461,2023-12-01T21:44:14.674600,3093492,53093492
3dvha,7,1462,2023-12-01T21:44:16.261250,3125225,53125225
3dvha,7,1463,2023-12-01T21:44:17.846650,3156933,53156933
3dvha,7,1464,2023-12-01T21:44:19.437500,3188750,53188750
3dvha,7,1465,2023-12-01T21:44:21.021850,3220437,53220437
3dvha,7,1466,2023-12-01T21:44:22.608350,3252167,53252167
3dvha,7,1467,2023-12-01T21:44:24.189600,3283792,53283792
3dvha,7,1468,2023-12-01T21:44:25.802450,3316049,53316049
3dvha,7,1469,2023-12-01T21:44:27.385550,3347711,53347711
3dvha,7,1470,2023-12-01T21:44:28.969700,3379394,53379394
3dvha,7,1471,2023-12-01T21:44:30.546350,3410927,53410927
3dvha,7,1472,2023-12-01T21:44:32.131200,3442624,53442623
3dvha,7,1473,2023-12-01T21:44:33.716600,3474332,53474332
3dvha,7,1474,2023-12-01T21:44:35.298850,3505977,53505977
3dvha,7,1475,2023-12-01T21:44:36.886800,3537736,53537736
3dvha,7,1476,2023-12-01T21:44:38.471950,3569439,53569439
3dvha,7,1477,2023-12-01T21:44:40.050150,3601003,53601003
3dvha,7,1478,2023-12-01T21:44:41.657200,3633144,53633144
3dvha,7,1479,2023-12-01T21:44:43.191250,3663825,53663825
3dvha,7,1480,2023-12-01T21:44:44.823950,3696479,53696479
3dvha,7,1481,2023-12-01T21:44:46.383000,3727660,53727659
3dvha,7,1482,2023-12-01T21:44:47.964300,3759286,53759286
3dvha,7,1483,2023-12-01T21:44:49.551650,3791033,53791033
3dvha,7,1484,2023-12-01T21:44:51.136450,3822729,53822729
3dvha,7,1485,2023-12-01T21:44:52.717000,3854340,53854340
3dvha,7,1486,2023-12-01T21:44:54.294950,3885899,53885899
3dvha,7,1487,2023-12-01T21:44:55.874900,3917498,53917497
3dvha,7,1488,2023-12-01T21:44:57.459000,3949180,53949180
3dvha,7,1489,2023-12-01T21:44:59.015700,3980314,53980314
3dvha,7,1490,2023-12-01T21:45:00.490250,4009805,54009805
3dvha,7,1491,2023-12-01T21:45:37.703250,154065,54754065
3dvha,7,1492,2023-12-01T21:45:39.285450,185709,54785709
3dvha,7,1493,2023-12-01T21:45:40.856550,217131,54817131
3dvha,7,1494,2023-12-01T21:45:42.439550,248791,54848791
3dvha,7,1495,2023-12-01T21:45:44.015550,280311,54880311
3dvha,7,1496,2023-12-01T21:45:45.598100,311962,54911962
3dvha,7,1497,2023-12-01T21:45:47.174050,343481,54943481
3dvha,7,1498,2023-12-01T21:45:48.761050,375221,54975221
3dvha,7,1499,2023-12-01T21:45:50.343450,406869,55006869
3dvha,7,1500,2023-12-01T21:45:51.922450,438449,55038449
3dvha,7,1501,2023-12-01T21:45:53.509000,470180,55070180
3dvha,7,1502,2023-12-01T21:45:55.089200,501784,55101784
3dvha,7,1503,2023-12-01T21:45:56.673650,533473,55133473
3dvha,7,1504,2023-12-01T21:45:58.231100,564622,55164622
3dvha,7,1505,2023-12-01T21:45:59.810800,596216,55196216
3dvha,7,1506,2023-12-01T21:46:01.397350,627947,55227947
3dvha,7,1507,2023-12-01T21:46:02.967950,659359,55259359
3dvha,7,1508,2023-12-01T21:46:04.549450,690989,55290989
3dvha,7,1509,2023-12-01T21:46:06.133950,722679,55322679
3dvha,7,1510,2023-12-01T21:46:07.756900,755138,55355138
3dvha,7,1511,2023-12-01T21:46:09.298600,785972,55385972
3dvha,7,1512,2023-12-01T21:46:10.914800,818296,55418296
3dvha,7,1513,2023-12-01T21:46:12.444350,848887,55448887
3dvha,7,1514,2023-12-01T21:46:14.023850,880477,55480477
3dvha,7,1515,2023-12-01T21:46:15.606450,912129,55512129
3dvha,7,1516,2023-12-01T21:46:17.182750,943655,55543655
3dvha,7,1517,2023-12-01T21:46:18.762500,975250,55575250
3dvha,7,1518,2023-12-01T21:46:20.342250,1006845,55606845
3dvha,7,1519,2023-12-01T21:46:21.921900,1038438,55638438
3dvha,7,1520,2023-12-01T21:46:23.509300,1070186,55670186
3dvha,7,1521,2023-12-01T21:46:25.085600,1101712,55701712
3dvha,7,1522,2023-12-01T21:46:26.664600,1133292,55733292
3dvha,7,1523,2023-12-01T21:46:28.247250,1164945,55764945
3dvha,7,1524,2023-12-01T21:46:29.824900,1196498,55796498
3dvha,7,1525,2023-12-01T21:46:31.412600,1228252,55828252
3dvha,7,1526,2023-12-01T21:46:32.994850,1259897,55859897
3dvha,7,1527,2023-12-01T21:46:34.564500,1291290,55891290
3dvha,7,1528,2023-12-01T21:46:36.142300,1322846,55922846
3dvha,7,1529,2023-12-01T21:46:37.709250,1354185,55954185
3dvha,7,1530,2023-12-01T21:46:39.286700,1385734,55985734
3dvha,7,1531,2023-12-01T21:46:40.866450,1417329,56017329
3dvha,7,1532,2023-12-01T21:46:42.443750,1448875,56048875
3dvha,7,1533,2023-12-01T21:46:44.019550,1480391,56080391
3dvha,7,1534,2023-12-01T21:46:45.597750,1511955,56111955
3dvha,7,1535,2023-12-01T21:46:47.173750,1543475,56143475
3dvha,7,1536,2023-12-01T21:46:48.755750,1575115,56175114
3dvha,7,1537,2023-12-01T21:46:50.329650,1606593,56206593
3dvha,7,1538,2023-12-01T21:46:51.903650,1638073,56238073
3dvha,7,1539,2023-12-01T21:46:53.480500,1669610,56269610
3dvha,7,1540,2023-12-01T21:46:55.061650,1701233,56301233
3dvha,7,1541,2023-12-01T21:46:56.639950,1732799,56332799
3dvha,7,1542,2023-12-01T21:46:58.223800,1764476,56364476
3dvha,7,1543,2023-12-01T21:46:59.661700,1793234,56393234
3dvha,7,1544,2023-12-01T21:51:23.607500,72150,61672150
3dvha,7,1545,2023-12-01T21:51:25.182150,103643,61703643
3dvha,7,1546,2023-12-01T21:51:26.749400,134988,61734988
3dvha,7,1547,2023-12-01T21:51:28.326400,166528,61766528
3dvha,7,1548,2023-12-01T21:51:29.904000,198080,61798080
3dvha,7,1549,2023-12-01T21:51:31.481350,229627,61829627
3dvha,7,1550,2023-12-01T21:51:33.058150,261163,61861163
3dvha,7,1551,2023-12-01T21:51:34.636250,292725,61892725
3dvha,7,1552,2023-12-01T21:51:36.216300,324326,61924326
3dvha,7,1553,2023-12-01T21:51:37.797150,355943,61955943
3dvha,7,1554,2023-12-01T21:51:39.376550,387531,61987531
3dvha,7,1555,2023-12-01T21:51:40.965100,419302,62019302
3dvha,7,1556,2023-12-01T21:51:42.531700,450634,62050634
3dvha,7,1557,2023-12-01T21:51:44.120900,482418,62082418
3dvha,7,1558,2023-12-01T21:51:45.707600,514152,62114152
3dvha,7,1559,2023-12-01T21:51:47.290400,545808,62145808
3dvha,7,1560,2023-12-01T21:51:48.846300,576926,62176926
3dvha,7,1561,2023-12-01T21:51:50.382550,607651,62207650
3dvha,7,1562,2023-12-01T21:51:51.919000,638380,62238380
3dvha,7,1563,2023-12-01T21:51:53.450150,669003,62269003
3dvha,7,1564,2023-12-01T21:51:54.984650,699693,62299693
3dvha,7,1565,2023-12-01T21:51:56.519300,730386,62330386
3dvha,7,1566,2023-12-01T21:51:58.053850,761077,62361076
3dvha,7,1567,2023-12-01T21:51:59.561350,791227,62391227
3dvha,7,1568,2023-12-01T21:52:01.091150,821823,62421823
3dvha,7,1569,2023-12-01T21:52:02.598250,851965,62451965
3dvha,7,1570,2023-12-01T21:52:04.111200,882224,62482224
3dvha,7,1571,2023-12-01T21:52:05.628900,912578,62512578
3dvha,7,1572,2023-12-01T21:52:07.130000,942600,62542600
3dvha,7,1573,2023-12-01T21:52:08.564250,971285,62571285
3dvha,7,1574,2023-12-01T21:52:10.004600,1000092,62600092
3dvha,7,1575,2023-12-01T21:52:11.438750,1028775,62628774
3dvha,7,1576,2023-12-01T21:52:12.873950,1057479,62657479
3dvha,7,1577,2023-12-01T21:52:14.307550,1086151,62686151
3dvha,7,1578,2023-12-01T21:52:15.717750,1114355,62714354
3dvha,7,1579,2023-12-01T21:52:17.176300,1143526,62743526
3dvha,7,1580,2023-12-01T21:52:18.602600,1172052,62772052
3dvha,7,1581,2023-12-01T21:52:20.035250,1200705,62800705
3dvha,7,1582,2023-12-01T21:52:21.471350,1229427,62829426
3dvha,7,1583,2023-12-01T21:52:22.902600,1258052,62858052
3dvha,7,1584,2023-12-01T21:52:24.335450,1286709,62886709
3dvha,7,1585,2023-12-01T21:52:25.767950,1315359,62915359
3dvha,7,1586,2023-12-01T21:52:27.200650,1344013,62944013
3dvha,7,1587,2023-12-01T21:52:28.636250,1372725,62972725
3dvha,7,1588,2023-12-01T21:52:30.056650,1401133,63001133
3dvha,7,1589,2023-12-01T21:52:31.489700,1429794,63029794
3dvha,7,1590,2023-12-01T21:52:32.883450,1457669,63057668
3dvha,7,1591,2023-12-01T21:52:34.273500,1485470,63085469
3dvha,7,1592,2023-12-01T21:52:35.640400,1512808,63112808
3dvha,7,1593,2023-12-01T21:52:37.035000,1540700,63140700
3dvha,7,1594,2023-12-01T21:52:38.422600,1568452,63168452
3dvha,7,1595,2023-12-01T21:52:39.802200,1596044,63196044
3dvha,7,1596,2023-12-01T21:52:41.212200,1624244,63224244
3dvha,7,1597,2023-12-01T21:52:42.581300,1651626,63251626
3dvha,7,1598,2023-12-01T21:52:43.965250,1679305,63279305
3dvha,7,1599,2023-12-01T21:52:45.344550,1706891,63306890
3dvha,7,1600,2023-12-01T21:52:46.752100,1735042,63335042
3dvha,7,1601,2023-12-01T21:52:48.109300,1762186,63362186
3dvha,7,1602,2023-12-01T21:52:49.497350,1789947,63389947
3dvha,7,1603,2023-12-01T21:52:50.877450,1817549,63417549
3dvha,7,1604,2023-12-01T21:52:52.265000,1845300,63445300
3dvha,7,1605,2023-12-01T21:52:53.652350,1873047,63473047
3dvha,7,1606,2023-12-01T21:52:55.038950,1900779,63500779
3dvha,7,1607,2023-12-01T21:52:56.422950,1928459,63528459
3dvha,7,1608,2023-12-01T21:52:57.808300,1956166,63556166
3dvha,7,1609,2023-12-01T21:52:59.199300,1983986,63583986
3dvha,7,1610,2023-12-01T21:53:00.591900,2011838,63611838
3dvha,7,1611,2023-12-01T21:53:01.978450,2039569,63639569
3dvha,7,1612,2023-12-01T21:53:03.347250,2066945,63666944
3dvha,7,1613,2023-12-01T21:53:04.727950,2094559,63694559
3dvha,7,1614,2023-12-01T21:53:06.130900,2122618,63722618
3dvha,7,1615,2023-12-01T21:53:07.516600,2150332,63750332
3dvha,7,1616,2023-12-01T21:53:08.887500,2177750,63777750
3dvha,7,1617,2023-12-01T21:53:10.271250,2205425,63805424
3dvha,7,1618,2023-12-01T21:53:11.653850,2233077,63833077
3dvha,7,1619,2023-12-01T21:53:13.041550,2260831,63860831
3dvha,7,1620,2023-12-01T21:53:14.437750,2288755,63888755
3dvha,7,1621,2023-12-01T21:53:15.821650,2316433,63916433
3dvha,7,1622,2023-12-01T21:53:17.195100,2343902,63943902
3dvha,7,1623,2023-12-01T21:53:18.586700,2371734,63971734
3dvha,7,1624,2023-12-01T21:53:19.969550,2399391,63999390
3dvha,7,1625,2023-12-01T21:53:21.419150,2428383,64028383
3dvha,7,1626,2023-12-01T21:53:22.743450,2454869,64054869
3dvha,7,1627,2023-12-01T21:53:24.127100,2482542,64082542
3dvha,7,1628,2023-12-01T21:53:25.564350,2511287,64111287
3dvha,7,1629,2023-12-01T21:53:26.926000,2538520,64138520
3dvha,7,1630,2023-12-01T21:53:28.232000,2564640,64164640
3dvha,7,1631,2023-12-01T21:53:29.480900,2589618,64189618
3dvha,7,1632,2023-12-01T21:53:30.802550,2616051,64216051
3dvha,7,1633,2023-12-01T21:53:32.126200,2642524,64242524
3dvha,7,1634,2023-12-01T21:53:33.469150,2669383,64269383
3dvha,7,1635,2023-12-01T21:53:34.782900,2695658,64295658
3dvha,7,1636,2023-12-01T21:53:36.084250,2721685,64321685
3dvha,7,1637,2023-12-01T21:53:37.399800,2747996,64347996
3dvha,7,1638,2023-12-01T21:53:38.688250,2773765,64373765
3dvha,7,1639,2023-12-01T21:53:40.010000,2800200,64400200
3dvha,7,1640,2023-12-01T21:53:41.319750,2826395,64426395
3dvha,7,1641,2023-12-01T21:53:42.629250,2852585,64452585
3dvha,7,1642,2023-12-01T21:53:43.917300,2878346,64478346
3dvha,7,1643,2023-12-01T21:53:45.204300,2904086,64504086
3dvha,7,1644,2023-12-01T21:53:46.488600,2929772,64529772
3dvha,7,1645,2023-12-01T21:53:47.775350,2955507,64555507
3dvha,7,1646,2023-12-01T21:53:49.070000,2981400,64581400
3dvha,7,1647,2023-12-01T21:53:50.361100,3007222,64607222
3dvha,7,1648,2023-12-01T21:53:51.651150,3033023,64633023
3dvha,7,1649,2023-12-01T21:53:52.934250,3058685,64658684
3dvha,7,1650,2023-12-01T21:53:54.220850,3084417,64684417
3dvha,7,1651,2023-12-01T21:53:55.489400,3109788,64709788
3dvha,7,1652,2023-12-01T21:53:56.783700,3135674,64735674
3dvha,7,1653,2023-12-01T21:53:58.071650,3161433,64761433
3dvha,7,1654,2023-12-01T21:53:59.424400,3188488,64788488
3dvha,7,1655,2023-12-01T21:54:00.684750,3213695,64813695
3dvha,7,1656,2023-12-01T21:54:01.868700,3237374,64837374
3dvha,7,1657,2023-12-01T21:54:03.108800,3262176,64862176
3dvha,7,1658,2023-12-01T21:54:04.348950,3286979,64886979
3dvha,7,1659,2023-12-01T21:54:05.585150,3311703,64911703
3dvha,7,1660,2023-12-01T21:54:06.822800,3336456,64936456
3dvha,7,1661,2023-12-01T21:54:08.071850,3361437,64961436
3dvha,7,1662,2023-12-01T21:54:09.309450,3386189,64986189
3dvha,7,1663,2023-12-01T21:54:10.547850,3410957,65010957
3dvha,7,1664,2023-12-01T21:54:11.790950,3435819,65035819
3dvha,7,1665,2023-12-01T21:54:13.026950,3460539,65060539
3dvha,7,1666,2023-12-01T21:54:14.254750,3485095,65085095
3dvha,7,1667,2023-12-01T21:54:15.494050,3509881,65109880
3dvha,7,1668,2023-12-01T21:54:16.736600,3534732,65134732
3dvha,7,1669,2023-12-01T21:54:17.978050,3559561,65159561
3dvha,7,1670,2023-12-01T21:54:19.224200,3584484,65184484
3dvha,7,1671,2023-12-01T21:54:20.466200,3609324,65209324
3dvha,7,1672,2023-12-01T21:54:21.708050,3634161,65234161
3dvha,7,1673,2023-12-01T21:54:22.949750,3658995,65258995
3dvha,7,1674,2023-12-01T21:54:24.194450,3683889,65283889
3dvha,7,1675,2023-12-01T21:54:25.439150,3708783,65308783
3dvha,7,1676,2023-12-01T21:54:26.680550,3733611,65333611
3dvha,7,1677,2023-12-01T21:54:27.925000,3758500,65358500
3dvha,7,1678,2023-12-01T21:54:29.172750,3783455,65383455
3dvha,7,1679,2023-12-01T21:54:30.423400,3808468,65408468
3dvha,7,1680,2023-12-01T21:54:31.664150,3833283,65433283
3dvha,7,1681,2023-12-01T21:54:32.905450,3858109,65458109
3dvha,7,1682,2023-12-01T21:54:34.150250,3883005,65483005
3dvha,7,1683,2023-12-01T21:54:35.403200,3908064,65508064
3dvha,7,1684,2023-12-01T21:54:36.648700,3932974,65532974
3dvha,7,1685,2023-12-01T21:54:37.873800,3957476,65557476
3dvha,7,1686,2023-12-01T21:54:39.095150,3981903,65581903
3dvha,7,1687,2023-12-01T21:54:40.314100,4006282,65606282
3dvha,7,1688,2023-12-01T21:54:41.527150,4030543,65630543
3dvha,7,1689,2023-12-01T21:54:42.747450,4054949,65654949
3dvha,7,1690,2023-12-01T21:54:43.967150,4079343,65679343
3dvha,7,1691,2023-12-01T21:54:45.186600,4103732,65703732
3dvha,7,1692,2023-12-01T21:54:46.406350,4128127,65728127
3dvha,7,1693,2023-12-01T21:54:47.609950,4152199,65752199
3dvha,7,1694,2023-12-01T21:54:48.828600,4176572,65776572
3dvha,7,1695,2023-12-01T21:54:50.047550,4200951,65800950
3dvha,7,1696,2023-12-01T21:54:51.271250,4225425,65825424
3dvha,7,1697,2023-12-01T21:54:52.497550,4249951,65849951
3dvha,7,1698,2023-12-01T21:54:53.721750,4274435,65874435
3dvha,7,1699,2023-12-01T21:54:54.945150,4298903,65898903
3dvha,7,1700,2023-12-01T21:54:56.163950,4323279,65923279
3dvha,7,1701,2023-12-01T21:54:57.350150,4347003,65947003
3dvha,7,1702,2023-12-01T21:54:58.568950,4371379,65971379
3dvha,7,1703,2023-12-01T21:54:59.793900,4395878,65995878
3dvha,7,1704,2023-12-01T21:55:01.021550,4420431,66020431
3dvha,7,1705,2023-12-01T21:55:02.241450,4444829,66044829
3dvha,7,1706,2023-12-01T21:55:03.465400,4469308,66069308
3dvha,7,1707,2023-12-01T21:55:04.640050,4492801,66092801
3dvha,7,1708,2023-12-01T21:55:05.799900,4515998,66115998
3dvha,7,1709,2023-12-01T21:55:06.958850,4539177,66139177
3dvha,7,1710,2023-12-01T21:55:08.093900,4561878,66161878
3dvha,7,1711,2023-12-01T21:55:09.256800,4585136,66185136
3dvha,7,1712,2023-12-01T21:55:10.430450,4608609,66208609
3dvha,7,1713,2023-12-01T21:55:11.580950,4631619,66231619
3dvha,7,1714,2023-12-01T21:55:12.739550,4654791,66254790
3dvha,7,1715,2023-12-01T21:55:13.899200,4677984,66277984
3dvha,7,1716,2023-12-01T21:55:15.058350,4701167,66301166
3dvha,7,1717,2023-12-01T21:55:16.222400,4724448,66324448
3dvha,7,1718,2023-12-01T21:55:17.425100,4748502,66348502
3dvha,7,1719,2023-12-01T21:55:18.589700,4771794,66371794
3dvha,7,1720,2023-12-01T21:55:19.703200,4794064,66394064
3dvha,7,1721,2023-12-01T21:55:20.862100,4817242,66417242
3dvha,7,1722,2023-12-01T21:55:22.024400,4840488,66440487
3dvha,7,1723,2023-12-01T21:55:23.190600,4863812,66463812
3dvha,7,1724,2023-12-01T21:55:24.349150,4886983,66486983
3dvha,7,1725,2023-12-01T21:55:25.513950,4910279,66510279
3dvha,7,1726,2023-12-01T21:55:26.740350,4934807,66534807
3dvha,7,1727,2023-12-01T21:55:27.848950,4956979,66556979
3dvha,7,1728,2023-12-01T21:55:29.011050,4980221,66580221
3dvha,7,1729,2023-12-01T21:55:30.148100,5002962,66602962
3dvha,7,1730,2023-12-01T21:55:31.378400,5027568,66627568
3dvha,7,1731,2023-12-01T21:55:32.544400,5050888,66650888
3dvha,7,1732,2023-12-01T21:55:33.630000,5072600,66672600
3dvha,7,1733,2023-12-01T21:55:34.784800,5095696,66695696
3dvha,7,1734,2023-12-01T21:55:35.941850,5118837,66718837
3dvha,7,1735,2023-12-01T21:55:37.099550,5141991,66741991
3dvha,7,1736,2023-12-01T21:55:38.258000,5165160,66765159
3dvha,7,1737,2023-12-01T21:55:39.422450,5188449,66788449
3dvha,7,1738,2023-12-01T21:55:40.582250,5211645,66811645
3dvha,7,1739,2023-12-01T21:55:41.745850,5234917,66834916
3dvha,7,1740,2023-12-01T21:55:42.910000,5258200,66858200
3dvha,7,1741,2023-12-01T21:55:44.095250,5281905,66881905
3dvha,7,1742,2023-12-01T21:55:45.285650,5305713,66905712
3dvha,7,1743,2023-12-01T21:55:46.451300,5329026,66929026
3dvha,7,1744,2023-12-01T21:55:47.692300,5353846,66953846
3dvha,7,1745,2023-12-01T21:55:48.880250,5377605,66977605
3dvha,7,1746,2023-12-01T21:55:50.058950,5401179,67001179
3dvha,7,1747,2023-12-01T21:55:51.250850,5425017,67025017
3dvha,7,1748,2023-12-01T21:55:52.444100,5448882,67048882
3dvha,7,1749,2023-12-01T21:55:53.638700,5472774,67072774
3dvha,7,1750,2023-12-01T21:55:54.828650,5496573,67096573
3dvha,7,1751,2023-12-01T21:55:56.014350,5520287,67120287
3dvha,7,1752,2023-12-01T21:55:57.207600,5544152,67144152
3dvha,7,1753,2023-12-01T21:55:58.400050,5568001,67168001
3dvha,7,1754,2023-12-01T21:55:59.578200,5591564,67191564
3dvha,7,1755,2023-12-01T21:56:00.768700,5615374,67215374
3dvha,7,1756,2023-12-01T21:56:01.957500,5639150,67239150
3dvha,7,1757,2023-12-01T21:56:03.144200,5662884,67262884
3dvha,7,1758,2023-12-01T21:56:04.346950,5686939,67286939
3dvha,7,1759,2023-12-01T21:56:05.533100,5710662,67310662
3dvha,7,1760,2023-12-01T21:56:06.725400,5734508,67334508
3dvha,7,1761,2023-12-01T21:56:07.917700,5758354,67358354
3dvha,7,1762,2023-12-01T21:56:09.109000,5782180,67382180
3dvha,7,1763,2023-12-01T21:56:10.296150,5805923,67405923
3dvha,7,1764,2023-12-01T21:56:11.483950,5829679,67429679
3dvha,7,1765,2023-12-01T21:56:12.660250,5853205,67453205
3dvha,7,1766,2023-12-01T21:56:13.857500,5877150,67477150
3dvha,7,1767,2023-12-01T21:56:15.042250,5900845,67500845
3dvha,7,1768,2023-12-01T21:56:16.227300,5924546,67524546
3dvha,7,1769,2023-12-01T21:56:17.411200,5948224,67548224
3dvha,7,1770,2023-12-01T21:56:18.607650,5972153,67572153
3dvha,7,1771,2023-12-01T21:56:19.793850,5995877,67595877
3dvha,7,1772,2023-12-01T21:56:20.983800,6019676,67619676
3dvha,7,1773,2023-12-01T21:56:22.169150,6043383,67643383
3dvha,7,1774,2023-12-01T21:56:23.350800,6067016,67667016
3dvha,7,1775,2023-12-01T21:56:24.613250,6092265,67692265
3dvha,7,1776,2023-12-01T21:56:25.883750,6117675,67717675
3dvha,7,1777,2023-12-01T21:56:27.156850,6143137,67743137
3dvha,7,1778,2023-12-01T21:56:28.417550,6168351,67768351
3dvha,7,1779,2023-12-01T21:56:29.694750,6193895,67793895
3dvha,7,1780,2023-12-01T21:56:30.979800,6219596,67819596
3dvha,7,1781,2023-12-01T21:56:32.257350,6245147,67845147
3dvha,7,1782,2023-12-01T21:56:33.532950,6270659,67870659
3dvha,7,1783,2023-12-01T21:56:34.807450,6296149,67896149
3dvha,7,1784,2023-12-01T21:56:36.088100,6321762,67921762
3dvha,7,1785,2023-12-01T21:56:37.383600,6347672,67947672
3dvha,7,1786,2023-12-01T21:56:38.604050,6372081,67972081
3dvha,7,1787,2023-12-01T21:56:39.907800,6398156,67998156
3dvha,7,1788,2023-12-01T21:56:41.173950,6423479,68023479
3dvha,7,1789,2023-12-01T21:56:42.448700,6448974,68048974
3dvha,7,1790,2023-12-01T21:56:43.720700,6474414,68074414
3dvha,7,1791,2023-12-01T21:56:44.991600,6499832,68099832
3dvha,7,1792,2023-12-01T21:56:46.259900,6525198,68125198
3dvha,7,1793,2023-12-01T21:56:47.524200,6550484,68150484
3dvha,7,1794,2023-12-01T21:56:48.793050,6575861,68175861
3dvha,7,1795,2023-12-01T21:56:50.059350,6601187,68201187
3dvha,7,1796,2023-12-01T21:56:51.323650,6626473,68226473
3dvha,7,1797,2023-12-01T21:56:52.558750,6651175,68251175
3dvha,7,1798,2023-12-01T21:56:53.815650,6676313,68276313
3dvha,7,1799,2023-12-01T21:56:55.071100,6701422,68301422
3dvha,7,1800,2023-12-01T21:56:56.328350,6726567,68326567
3dvha,7,1801,2023-12-01T21:56:57.608000,6752160,68352160
3dvha,7,1802,2023-12-01T21:56:58.867800,6777356,68377356
3dvha,7,1803,2023-12-01T21:57:00.118100,6802362,68402362
3dvha,7,1804,2023-12-01T21:57:01.355900,6827118,68427118
3dvha,7,1805,2023-12-01T21:57:02.612400,6852248,68452248
3dvha,7,1806,2023-12-01T21:57:03.877400,6877548,68477548
3dvha,7,1807,2023-12-01T21:57:05.131000,6902620,68502620
3dvha,7,1808,2023-12-01T21:57:06.376300,6927526,68527526
3dvha,7,1809,2023-12-01T21:57:07.642250,6952845,68552845
3dvha,7,1810,2023-12-01T21:57:08.900250,6978005,68578005
3dvha,7,1811,2023-12-01T21:57:10.179550,7003591,68603591
3dvha,7,1812,2023-12-01T21:57:11.480050,7029601,68629601
3dvha,7,1813,2023-12-01T21:57:12.780250,7055605,68655605
3dvha,7,1814,2023-12-01T21:57:14.098050,7081961,68681961
3dvha,7,1815,2023-12-01T21:57:15.389050,7107781,68707781
3dvha,7,1816,2023-12-01T21:57:16.694200,7133884,68733884
3dvha,7,1817,2023-12-01T21:57:18.001350,7160027,68760027
3dvha,7,1818,2023-12-01T21:57:19.304500,7186090,68786090
3dvha,7,1819,2023-12-01T21:57:20.609700,7212194,68812194
3dvha,7,1820,2023-12-01T21:57:21.912350,7238247,68838247
3dvha,7,1821,2023-12-01T21:57:23.200300,7264006,68864006
3dvha,7,1822,2023-12-01T21:57:24.506500,7290130,68890130
3dvha,7,1823,2023-12-01T21:57:25.809550,7316191,68916191
3dvha,7,1824,2023-12-01T21:57:27.123250,7342465,68942465
3dvha,7,1825,2023-12-01T21:57:28.423150,7368463,68968463
3dvha,7,1826,2023-12-01T21:57:29.734150,7394683,68994683
3dvha,7,1827,2023-12-01T21:57:31.035350,7420707,69020707
3dvha,7,1828,2023-12-01T21:57:32.341150,7446823,69046823
3dvha,7,1829,2023-12-01T21:57:33.645650,7472913,69072913
3dvha,7,1830,2023-12-01T21:57:34.949450,7498989,69098989
3dvha,7,1831,2023-12-01T21:57:36.251050,7525021,69125021
3dvha,7,1832,2023-12-01T21:57:37.553000,7551060,69151060
3dvha,7,1833,2023-12-01T21:57:38.856450,7577129,69177129
3dvha,7,1834,2023-12-01T21:57:40.161700,7603234,69203234
3dvha,7,1835,2023-12-01T21:57:41.470050,7629401,69229401
3dvha,7,1836,2023-12-01T21:57:42.774350,7655487,69255487
3dvha,7,1837,2023-12-01T21:57:44.076850,7681537,69281537
3dvha,7,1838,2023-12-01T21:57:45.473900,7709478,69309478
3dvha,7,1839,2023-12-01T21:57:46.677500,7733550,69333550
3dvha,7,1840,2023-12-01T21:57:47.989600,7759792,69359792
3dvha,7,1841,2023-12-01T21:57:49.289300,7785786,69385786
3dvha,7,1842,2023-12-01T21:57:50.598700,7811974,69411974
3dvha,7,1843,2023-12-01T21:57:51.907000,7838140,69438140
3dvha,7,1844,2023-12-01T21:57:53.219500,7864390,69464390
3dvha,7,1845,2023-12-01T21:57:54.501350,7890027,69490027
3dvha,7,1846,2023-12-01T21:57:55.811100,7916222,69516222
3dvha,7,1847,2023-12-01T21:57:57.113200,7942264,69542264
3dvha,7,1848,2023-12-01T21:57:58.419950,7968399,69568399
3dvha,7,1849,2023-12-01T21:57:59.725500,7994510,69594510
3dvha,7,1850,2023-12-01T21:58:01.029700,8020594,69620594
3dvha,7,1851,2023-12-01T21:58:02.334950,8046699,69646699
3dvha,7,1852,2023-12-01T21:58:03.638600,8072772,69672772
3dvha,7,1853,2023-12-01T21:58:04.950250,8099005,69699005
3dvha,7,1854,2023-12-01T21:58:06.257500,8125150,69725150
3dvha,7,1855,2023-12-01T21:58:07.547150,8150943,69750943
3dvha,7,1856,2023-12-01T21:58:08.835550,8176711,69776711
3dvha,7,1857,2023-12-01T21:58:10.219600,8204392,69804392
3dvha,7,1858,2023-12-01T21:58:11.454100,8229082,69829082
3dvha,7,1859,2023-12-01T21:58:12.757900,8255158,69855158
3dvha,7,1860,2023-12-01T21:58:14.063600,8281272,69881272
3dvha,7,1861,2023-12-01T21:58:15.379700,8307594,69907594
3dvha,7,1862,2023-12-01T21:58:16.684550,8333691,69933691
3dvha,7,1863,2023-12-01T21:58:17.989250,8359785,69959785
3dvha,7,1864,2023-12-01T21:58:19.295150,8385903,69985903
3dvha,7,1865,2023-12-01T21:58:20.601900,8412038,70012038
3dvha,7,1866,2023-12-01T21:58:21.907050,8438141,70038141
3dvha,7,1867,2023-12-01T21:58:23.209600,8464192,70064192
3dvha,7,1868,2023-12-01T21:58:24.514350,8490287,70090287
3dvha,7,1869,2023-12-01T21:58:25.827800,8516556,70116556
3dvha,7,1870,2023-12-01T21:58:27.138650,8542773,70142773
3dvha,7,1871,2023-12-01T21:58:28.437950,8568759,70168759
3dvha,7,1872,2023-12-01T21:58:29.739000,8594780,70194780
3dvha,7,1873,2023-12-01T21:58:31.053500,8621070,70221070
3dvha,7,1874,2023-12-01T21:58:32.360600,8647212,70247212
3dvha,7,1875,2023-12-01T21:58:33.664000,8673280,70273280
3dvha,7,1876,2023-12-01T21:58:34.965500,8699310,70299310
3dvha,7,1877,2023-12-01T21:58:36.279550,8725591,70325591
3dvha,7,1878,2023-12-01T21:58:37.560200,8751204,70351204
3dvha,7,1879,2023-12-01T21:58:38.935150,8778703,70378703
3dvha,7,1880,2023-12-01T21:58:40.193850,8803877,70403877
3dvha,7,1881,2023-12-01T21:58:41.498950,8829979,70429979
3dvha,7,1882,2023-12-01T21:58:42.804900,8856098,70456098
3dvha,7,1883,2023-12-01T21:58:44.110750,8882215,70482215
3dvha,7,1884,2023-12-01T21:58:45.444400,8908888,70508888
3dvha,7,1885,2023-12-01T21:58:46.689550,8933791,70533791
3dvha,7,1886,2023-12-01T21:58:48.019650,8960393,70560393
3dvha,7,1887,2023-12-01T21:58:49.325400,8986508,70586508
3dvha,7,1888,2023-12-01T21:58:50.632800,9012656,70612656
3dvha,7,1889,2023-12-01T21:58:51.946150,9038923,70638923
3dvha,7,1890,2023-12-01T21:58:53.249400,9064988,70664988
3dvha,7,1891,2023-12-01T21:58:54.553650,9091073,70691073
3dvha,7,1892,2023-12-01T21:58:55.854050,9117081,70717081
3dvha,7,1893,2023-12-01T21:58:57.169750,9143395,70743395
3dvha,7,1894,2023-12-01T21:58:58.479150,9169583,70769583
3dvha,7,1895,2023-12-01T21:58:59.790750,9195815,70795815
3dvha,7,1896,2023-12-01T21:59:01.091850,9221837,70821837
3dvha,7,1897,2023-12-01T21:59:02.402350,9248047,70848047
3dvha,7,1898,2023-12-01T21:59:03.717850,9274357,70874357
3dvha,7,1899,2023-12-01T21:59:05.021500,9300430,70900430
3dvha,7,1900,2023-12-01T21:59:06.328350,9326567,70926567
3dvha,7,1901,2023-12-01T21:59:07.637550,9352751,70952751
3dvha,7,1902,2023-12-01T21:59:08.942900,9378858,70978858
3dvha,7,1903,2023-12-01T21:59:10.248900,9404978,71004978
3dvha,7,1904,2023-12-01T21:59:11.557400,9431148,71031148
3dvha,7,1905,2023-12-01T21:59:12.864450,9457289,71057289
3dvha,7,1906,2023-12-01T21:59:14.171000,9483420,71083420
3dvha,7,1907,2023-12-01T21:59:15.472050,9509441,71109441
3dvha,7,1908,2023-12-01T21:59:16.780650,9535613,71135613
3dvha,7,1909,2023-12-01T21:59:18.092650,9561853,71161853
3dvha,7,1910,2023-12-01T21:59:19.399400,9587988,71187988
3dvha,7,1911,2023-12-01T21:59:20.706000,9614120,71214120
3dvha,7,1912,2023-12-01T21:59:22.012350,9640247,71240247
3dvha,7,1913,2023-12-01T21:59:23.324750,9666495,71266495
3dvha,7,1914,2023-12-01T21:59:24.632550,9692651,71292651
3dvha,7,1915,2023-12-01T21:59:25.932950,9718659,71318659
3dvha,7,1916,2023-12-01T21:59:27.239650,9744793,71344793
3dvha,7,1917,2023-12-01T21:59:28.556500,9771130,71371130
3dvha,7,1918,2023-12-01T21:59:29.865200,9797304,71397304
3dvha,7,1919,2023-12-01T21:59:31.169900,9823398,71423398
3dvha,7,1920,2023-12-01T21:59:32.466900,9849338,71449338
3dvha,7,1921,2023-12-01T21:59:33.775600,9875512,71475512
3dvha,7,1922,2023-12-01T21:59:35.077000,9901540,71501540
3dvha,7,1923,2023-12-01T21:59:36.384850,9927697,71527697
3dvha,7,1924,2023-12-01T21:59:37.692450,9953849,71553849
3dvha,7,1925,2023-12-01T21:59:39.001100,9980022,71580022
3dvha,7,1926,2023-12-01T21:59:40.308750,10006175,71606175
3dvha,7,1927,2023-12-01T21:59:41.616450,10032329,71632329
3dvha,7,1928,2023-12-01T21:59:42.928200,10058564,71658564
3dvha,7,1929,2023-12-01T21:59:44.232500,10084650,71684650
3dvha,7,1930,2023-12-01T21:59:45.540450,10110809,71710809
3dvha,7,1931,2023-12-01T21:59:46.848700,10136974,71736974
3dvha,7,1932,2023-12-01T21:59:48.156350,10163127,71763127
3dvha,7,1933,2023-12-01T21:59:49.463000,10189260,71789260
3dvha,7,1934,2023-12-01T21:59:50.772750,10215455,71815455
3dvha,7,1935,2023-12-01T21:59:52.080700,10241614,71841614
3dvha,7,1936,2023-12-01T21:59:53.390900,10267818,71867818
3dvha,7,1937,2023-12-01T21:59:54.708650,10294173,71894173
3dvha,7,1938,2023-12-01T21:59:56.001800,10320036,71920036
3dvha,7,1939,2023-12-01T21:59:57.322500,10346450,71946450
3dvha,7,1940,2023-12-01T21:59:58.619950,10372399,71972399
3dvha,7,1941,2023-12-01T21:59:59.929050,10398581,71998581
3dvha,7,1942,2023-12-01T22:00:01.192350,10423847,72023847
3dvha,7,1943,2023-12-01T22:00:02.456300,10449126,72049126
3dvha,7,1944,2023-12-01T22:00:03.708650,10474173,72074173
3dvha,7,1945,2023-12-01T22:00:04.971250,10499425,72099425
3dvha,7,1946,2023-12-01T22:00:06.238750,10524775,72124775
3dvha,7,1947,2023-12-01T22:00:07.501450,10550029,72150029
3dvha,7,1948,2023-12-01T22:00:08.764300,10575286,72175286
3dvha,7,1949,2023-12-01T22:00:10.022000,10600440,72200440
3dvha,7,1950,2023-12-01T22:00:11.301300,10626026,72226026
3dvha,7,1951,2023-12-01T22:00:12.565400,10651308,72251308
3dvha,7,1952,2023-12-01T22:00:13.828150,10676563,72276563
3dvha,7,1953,2023-12-01T22:00:15.092150,10701843,72301843
3dvha,7,1954,2023-12-01T22:00:16.342300,10726846,72326846
3dvha,7,1955,2023-12-01T22:00:17.604300,10752086,72352086
3dvha,7,1956,2023-12-01T22:00:18.888850,10777777,72377777
3dvha,7,1957,2023-12-01T22:00:20.154150,10803083,72403083
3dvha,7,1958,2023-12-01T22:00:21.394600,10827892,72427892
3dvha,7,1959,2023-12-01T22:00:22.656600,10853132,72453132
3dvha,7,1960,2023-12-01T22:00:23.920750,10878415,72478415
3dvha,7,1961,2023-12-01T22:00:25.159700,10903194,72503194
3dvha,7,1962,2023-12-01T22:00:26.370500,10927410,72527410
3dvha,7,1963,2023-12-01T22:00:27.582000,10951640,72551640
3dvha,7,1964,2023-12-01T22:00:28.791100,10975822,72575822
3dvha,7,1965,2023-12-01T22:00:30.003450,11000069,72600069
3dvha,7,1966,2023-12-01T22:00:31.213900,11024278,72624278
3dvha,7,1967,2023-12-01T22:00:32.425550,11048511,72648511
3dvha,7,1968,2023-12-01T22:00:33.642850,11072857,72672857
3dvha,7,1969,2023-12-01T22:00:34.851850,11097037,72697037
3dvha,7,1970,2023-12-01T22:00:36.062950,11121259,72721259
3dvha,7,1971,2023-12-01T22:00:37.275000,11145500,72745500
3dvha,7,1972,2023-12-01T22:00:38.486150,11169723,72769723
3dvha,7,1973,2023-12-01T22:00:39.693050,11193861,72793861
3dvha,7,1974,2023-12-01T22:00:40.897800,11217956,72817956
3dvha,7,1975,2023-12-01T22:00:42.111550,11242231,72842231
3dvha,7,1976,2023-12-01T22:00:43.328650,11266573,72866573
3dvha,7,1977,2023-12-01T22:00:44.555800,11291116,72891116
3dvha,7,1978,2023-12-01T22:00:45.742300,11314846,72914846
3dvha,7,1979,2023-12-01T22:00:46.954100,11339082,72939082
3dvha,7,1980,2023-12-01T22:00:48.112300,11362246,72962246
3dvha,7,1981,2023-12-01T22:00:49.281250,11385625,72985625
3dvha,7,1982,2023-12-01T22:00:50.427600,11408552,73008552
3dvha,7,1983,2023-12-01T22:00:51.579000,11431580,73031580
3dvha,7,1984,2023-12-01T22:00:52.740400,11454808,73054808
3dvha,7,1985,2023-12-01T22:00:53.894800,11477896,73077896
3dvha,7,1986,2023-12-01T22:00:55.051450,11501029,73101029
3dvha,7,1987,2023-12-01T22:00:56.205200,11524104,73124104
3dvha,7,1988,2023-12-01T22:00:57.361300,11547226,73147226
3dvha,7,1989,2023-12-01T22:00:58.516000,11570320,73170320
3dvha,7,1990,2023-12-01T22:00:59.688450,11593769,73193769
3dvha,7,1991,2023-12-01T22:01:00.844750,11616895,73216895
3dvha,7,1992,2023-12-01T22:01:01.999250,11639985,73239985
3dvha,7,1993,2023-12-01T22:01:03.154900,11663098,73263098
3dvha,7,1994,2023-12-01T22:01:04.311600,11686232,73286232
3dvha,7,1995,2023-12-01T22:01:05.442950,11708859,73308859
3dvha,7,1996,2023-12-01T22:01:06.595050,11731901,73331901
3dvha,7,1997,2023-12-01T22:01:07.780300,11755606,73355606
3dvha,7,1998,2023-12-01T22:01:08.951450,11779029,73379029
3dvha,7,1999,2023-12-01T22:01:10.091150,11801823,73401823
3dvha,7,2000,2023-12-01T22:01:11.257550,11825151,73425151
3dvha,7,2001,2023-12-01T22:01:12.477400,11849548,73449548
3dvha,7,2002,2023-12-01T22:01:13.659300,11873186,73473186
3dvha,7,2003,2023-12-01T22:01:14.868200,11897364,73497364
3dvha,7,2004,2023-12-01T22:01:16.107300,11922146,73522146
3dvha,7,2005,2023-12-01T22:01:17.335600,11946712,73546712
3dvha,7,2006,2023-12-01T22:01:18.518050,11970361,73570361
3dvha,7,2007,2023-12-01T22:01:19.732250,11994645,73594645
3dvha,7,2008,2023-12-01T22:01:20.975900,12019518,73619518
3dvha,7,2009,2023-12-01T22:01:22.203650,12044073,73644073
3dvha,7,2010,2023-12-01T22:01:23.425200,12068504,73668504
3dvha,7,2011,2023-12-01T22:01:24.633600,12092672,73692672
3dvha,7,2012,2023-12-01T22:01:25.857700,12117154,73717154
3dvha,7,2013,2023-12-01T22:01:27.083200,12141664,73741664
3dvha,7,2014,2023-12-01T22:01:28.300400,12166008,73766008
3dvha,7,2015,2023-12-01T22:01:29.517650,12190353,73790353
3dvha,7,2016,2023-12-01T22:01:30.742400,12214848,73814848
3dvha,7,2017,2023-12-01T22:01:31.962400,12239248,73839248
3dvha,7,2018,2023-12-01T22:01:33.173450,12263469,73863469
3dvha,7,2019,2023-12-01T22:01:34.394550,12287891,73887891
3dvha,7,2020,2023-12-01T22:01:35.625450,12312509,73912509
3dvha,7,2021,2023-12-01T22:01:36.834950,12336699,73936699
3dvha,7,2022,2023-12-01T22:01:38.046600,12360932,73960932
3dvha,7,2023,2023-12-01T22:01:39.269650,12385393,73985393
3dvha,7,2024,2023-12-01T22:01:40.492000,12409840,74009840
3dvha,7,2025,2023-12-01T22:01:41.713350,12434267,74034267
3dvha,7,2026,2023-12-01T22:01:42.931350,12458627,74058627
3dvha,7,2027,2023-12-01T22:01:44.143900,12482878,74082878
3dvha,7,2028,2023-12-01T22:01:45.364000,12507280,74107280
3dvha,7,2029,2023-12-01T22:01:46.582600,12531652,74131652
3dvha,7,2030,2023-12-01T22:01:47.808500,12556170,74156170
3dvha,7,2031,2023-12-01T22:01:49.025650,12580513,74180513
3dvha,7,2032,2023-12-01T22:01:50.329950,12606599,74206599
3dvha,7,2033,2023-12-01T22:01:51.457350,12629147,74229147
3dvha,7,2034,2023-12-01T22:01:52.680400,12653608,74253608
3dvha,7,2035,2023-12-01T22:01:53.905400,12678108,74278108
3dvha,7,2036,2023-12-01T22:01:55.124100,12702482,74302482
3dvha,7,2037,2023-12-01T22:01:56.352050,12727041,74327041
3dvha,7,2038,2023-12-01T22:01:57.579550,12751591,74351591
3dvha,7,2039,2023-12-01T22:01:58.801250,12776025,74376025
3dvha,7,2040,2023-12-01T22:02:00.028150,12800563,74400563
3dvha,7,2041,2023-12-01T22:02:01.250200,12825004,74425004
3dvha,7,2042,2023-12-01T22:02:02.475600,12849512,74449512
3dvha,7,2043,2023-12-01T22:02:03.702750,12874055,74474055
3dvha,7,2044,2023-12-01T22:02:04.904900,12898098,74498098
3dvha,7,2045,2023-12-01T22:02:06.131400,12922628,74522628
3dvha,7,2046,2023-12-01T22:02:07.358900,12947178,74547178
3dvha,7,2047,2023-12-01T22:02:08.586900,12971738,74571738
3dvha,7,2048,2023-12-01T22:02:09.814350,12996287,74596287
3dvha,7,2049,2023-12-01T22:02:11.041650,13020833,74620833
3dvha,7,2050,2023-12-01T22:02:12.301250,13046025,74646025
3dvha,7,2051,2023-12-01T22:02:13.526600,13070532,74670532
3dvha,7,2052,2023-12-01T22:02:14.754000,13095080,74695080
3dvha,7,2053,2023-12-01T22:02:15.980900,13119618,74719618
3dvha,7,2054,2023-12-01T22:02:17.202950,13144059,74744059
3dvha,7,2055,2023-12-01T22:02:18.430850,13168617,74768617
3dvha,7,2056,2023-12-01T22:02:19.655050,13193101,74793101
3dvha,7,2057,2023-12-01T22:02:20.876900,13217538,74817538
3dvha,7,2058,2023-12-01T22:02:22.151350,13243027,74843027
3dvha,7,2059,2023-12-01T22:02:23.430000,13268600,74868600
3dvha,7,2060,2023-12-01T22:02:24.706550,13294131,74894131
3dvha,7,2061,2023-12-01T22:02:25.991050,13319821,74919821
3dvha,7,2062,2023-12-01T22:02:27.274750,13345495,74945495
3dvha,7,2063,2023-12-01T22:02:28.550300,13371006,74971006
3dvha,7,2064,2023-12-01T22:02:29.828600,13396572,74996572
3dvha,7,2065,2023-12-01T22:02:31.098850,13421977,75021977
3dvha,7,2066,2023-12-01T22:02:32.369850,13447397,75047397
3dvha,7,2067,2023-12-01T22:02:33.640150,13472803,75072803
3dvha,7,2068,2023-12-01T22:02:34.912000,13498240,75098240
3dvha,7,2069,2023-12-01T22:02:36.182550,13523651,75123651
3dvha,7,2070,2023-12-01T22:02:37.454900,13549098,75149098
3dvha,7,2071,2023-12-01T22:02:38.721850,13574437,75174437
3dvha,7,2072,2023-12-01T22:02:39.992150,13599843,75199843
3dvha,7,2073,2023-12-01T22:02:41.260900,13625218,75225218
3dvha,7,2074,2023-12-01T22:02:42.531750,13650635,75250635
3dvha,7,2075,2023-12-01T22:02:43.805350,13676107,75276107
3dvha,7,2076,2023-12-01T22:02:45.078850,13701577,75301577
3dvha,7,2077,2023-12-01T22:02:46.354600,13727092,75327092
3dvha,7,2078,2023-12-01T22:02:47.628450,13752569,75352569
3dvha,7,2079,2023-12-01T22:02:48.901150,13778023,75378023
3dvha,7,2080,2023-12-01T22:02:50.175250,13803505,75403505
3dvha,7,2081,2023-12-01T22:02:51.448150,13828963,75428963
3dvha,7,2082,2023-12-01T22:02:52.723200,13854464,75454464
3dvha,7,2083,2023-12-01T22:02:53.994150,13879883,75479883
3dvha,7,2084,2023-12-01T22:02:55.297550,13905951,75505951
3dvha,7,2085,2023-12-01T22:02:56.550050,13931001,75531001
3dvha,7,2086,2023-12-01T22:02:57.827850,13956557,75556557
3dvha,7,2087,2023-12-01T22:02:59.121100,13982422,75582422
3dvha,7,2088,2023-12-01T22:03:00.399300,14007986,75607986
3dvha,7,2089,2023-12-01T22:03:01.676150,14033523,75633523
3dvha,7,2090,2023-12-01T22:03:02.931050,14058621,75658621
3dvha,7,2091,2023-12-01T22:03:04.207050,14084141,75684141
3dvha,7,2092,2023-12-01T22:03:05.507850,14110157,75710157
3dvha,7,2093,2023-12-01T22:03:06.779450,14135589,75735589
3dvha,7,2094,2023-12-01T22:03:08.008000,14160160,75760160
3dvha,7,2095,2023-12-01T22:03:09.328450,14186569,75786569
3dvha,7,2096,2023-12-01T22:03:10.603350,14212067,75812067
3dvha,7,2097,2023-12-01T22:03:11.873550,14237471,75837471
3dvha,7,2098,2023-12-01T22:03:13.119450,14262389,75862389
3dvha,7,2099,2023-12-01T22:03:14.394600,14287892,75887892
3dvha,7,2100,2023-12-01T22:03:15.666300,14313326,75913326
3dvha,7,2101,2023-12-01T22:03:16.954800,14339096,75939096
3dvha,7,2102,2023-12-01T22:03:18.216650,14364333,75964333
3dvha,7,2103,2023-12-01T22:03:19.493750,14389875,75989875
3dvha,7,2104,2023-12-01T22:03:20.769850,14415397,76015397
3dvha,7,2105,2023-12-01T22:03:22.041650,14440833,76040833
3dvha,7,2106,2023-12-01T22:03:23.315200,14466304,76066304
3dvha,7,2107,2023-12-01T22:03:24.591250,14491825,76091825
3dvha,7,2108,2023-12-01T22:03:25.884550,14517691,76117691
3dvha,7,2109,2023-12-01T22:03:27.182300,14543646,76143646
3dvha,7,2110,2023-12-01T22:03:28.499850,14569997,76169997
3dvha,7,2111,2023-12-01T22:03:29.822250,14596445,76196445
3dvha,7,2112,2023-12-01T22:03:31.148200,14622964,76222964
3dvha,7,2113,2023-12-01T22:03:32.442450,14648849,76248849
3dvha,7,2114,2023-12-01T22:03:33.810350,14676207,76276207
3dvha,7,2115,2023-12-01T22:03:35.152750,14703055,76303055
3dvha,7,2116,2023-12-01T22:03:36.500700,14730014,76330014
3dvha,7,2117,2023-12-01T22:03:37.840700,14756814,76356814
3dvha,7,2118,2023-12-01T22:03:39.208200,14784164,76384164
3dvha,7,2119,2023-12-01T22:03:40.574100,14811482,76411482
3dvha,7,2120,2023-12-01T22:03:41.939900,14838798,76438798
3dvha,7,2121,2023-12-01T22:03:43.315700,14866314,76466314
3dvha,7,2122,2023-12-01T22:03:44.686750,14893735,76493735
3dvha,7,2123,2023-12-01T22:03:46.051650,14921033,76521033
3dvha,7,2124,2023-12-01T22:03:47.411950,14948239,76548239
3dvha,7,2125,2023-12-01T22:03:48.782450,14975649,76575649
3dvha,7,2126,2023-12-01T22:03:50.143600,15002872,76602872
3dvha,7,2127,2023-12-01T22:03:51.508700,15030174,76630174
3dvha,7,2128,2023-12-01T22:03:52.875100,15057502,76657502
3dvha,7,2129,2023-12-01T22:03:54.240350,15084807,76684807
3dvha,7,2130,2023-12-01T22:03:55.602850,15112057,76712057
3dvha,7,2131,2023-12-01T22:03:56.969200,15139384,76739384
3dvha,7,2132,2023-12-01T22:03:58.333700,15166674,76766674
3dvha,7,2133,2023-12-01T22:03:59.699100,15193982,76793982
3dvha,7,2134,2023-12-01T22:04:01.065800,15221316,76821316
3dvha,7,2135,2023-12-01T22:04:02.438700,15248774,76848774
3dvha,7,2136,2023-12-01T22:04:03.791650,15275833,76875833
3dvha,7,2137,2023-12-01T22:04:05.161200,15303224,76903224
3dvha,7,2138,2023-12-01T22:04:06.532450,15330649,76930649
3dvha,7,2139,2023-12-01T22:04:07.899200,15357984,76957984
3dvha,7,2140,2023-12-01T22:04:09.264750,15385295,76985295
3dvha,7,2141,2023-12-01T22:04:10.629600,15412592,77012592
3dvha,7,2142,2023-12-01T22:04:11.994300,15439886,77039886
3dvha,7,2143,2023-12-01T22:04:13.395650,15467913,77067913
3dvha,7,2144,2023-12-01T22:04:14.724300,15494486,77094486
3dvha,7,2145,2023-12-01T22:04:16.084950,15521699,77121699
3dvha,7,2146,2023-12-01T22:04:17.448700,15548974,77148974
3dvha,7,2147,2023-12-01T22:04:18.812300,15576246,77176246
3dvha,7,2148,2023-12-01T22:04:20.176700,15603534,77203534
3dvha,7,2149,2023-12-01T22:04:21.540150,15630803,77230803
3dvha,7,2150,2023-12-01T22:04:22.909200,15658184,77258184
3dvha,7,2151,2023-12-01T22:04:24.273000,15685460,77285460
3dvha,7,2152,2023-12-01T22:04:25.635700,15712714,77312714
3dvha,7,2153,2023-12-01T22:04:27.024250,15740485,77340485
3dvha,7,2154,2023-12-01T22:04:28.359100,15767182,77367182
3dvha,7,2155,2023-12-01T22:04:29.727900,15794558,77394558
3dvha,7,2156,2023-12-01T22:04:31.127150,15822543,77422543
3dvha,7,2157,2023-12-01T22:04:32.546050,15850921,77450921
3dvha,7,2158,2023-12-01T22:04:33.911100,15878222,77478222
3dvha,7,2159,2023-12-01T22:04:35.329750,15906595,77506595
3dvha,7,2160,2023-12-01T22:04:36.744850,15934897,77534897
3dvha,7,2161,2023-12-01T22:04:38.161700,15963234,77563234
3dvha,7,2162,2023-12-01T22:04:39.578150,15991563,77591563
3dvha,7,2163,2023-12-01T22:04:40.993550,16019871,77619871
3dvha,7,2164,2023-12-01T22:04:42.409400,16048188,77648188
3dvha,7,2165,2023-12-01T22:04:43.825250,16076505,77676505
3dvha,7,2166,2023-12-01T22:04:45.241450,16104829,77704829
3dvha,7,2167,2023-12-01T22:04:46.660500,16133210,77733210
3dvha,7,2168,2023-12-01T22:04:48.071850,16161437,77761437
3dvha,7,2169,2023-12-01T22:04:49.488350,16189767,77789767
3dvha,7,2170,2023-12-01T22:04:50.954050,16219081,77819081
3dvha,7,2171,2023-12-01T22:04:52.449450,16248989,77848989
3dvha,7,2172,2023-12-01T22:04:53.966150,16279323,77879323
3dvha,7,2173,2023-12-01T22:04:55.461100,16309222,77909222
3dvha,7,2174,2023-12-01T22:04:56.907000,16338140,77938140
3dvha,7,2175,2023-12-01T22:04:58.405450,16368109,77968109
3dvha,7,2176,2023-12-01T22:04:59.928850,16398577,77998577
3dvha,7,2177,2023-12-01T22:05:01.469800,16429396,78029396
3dvha,7,2178,2023-12-01T22:05:03.019300,16460386,78060386
3dvha,7,2179,2023-12-01T22:05:04.566550,16491331,78091331
3dvha,7,2180,2023-12-01T22:05:06.115400,16522308,78122308
3dvha,7,2181,2023-12-01T22:05:07.655900,16553118,78153118
3dvha,7,2182,2023-12-01T22:05:09.208950,16584179,78184179
3dvha,7,2183,2023-12-01T22:05:10.757950,16615159,78215159
3dvha,7,2184,2023-12-01T22:05:12.302100,16646042,78246042
3dvha,7,2185,2023-12-01T22:05:13.852400,16677048,78277048
3dvha,7,2186,2023-12-01T22:05:15.401700,16708034,78308034
3dvha,7,2187,2023-12-01T22:05:16.940800,16738816,78338816
3dvha,7,2188,2023-12-01T22:05:18.488700,16769774,78369774
3dvha,7,2189,2023-12-01T22:05:20.042300,16800846,78400846
3dvha,7,2190,2023-12-01T22:05:21.582650,16831653,78431653
3dvha,7,2191,2023-12-01T22:05:23.173450,16863469,78463469
3dvha,7,2192,2023-12-01T22:05:24.775900,16895518,78495518
3dvha,7,2193,2023-12-01T22:05:26.369400,16927388,78527388
3dvha,7,2194,2023-12-01T22:05:27.962450,16959249,78559249
3dvha,7,2195,2023-12-01T22:05:29.550850,16991017,78591017
3dvha,7,2196,2023-12-01T22:05:31.156200,17023124,78623124
3dvha,7,2197,2023-12-01T22:05:32.743350,17054867,78654867
3dvha,7,2198,2023-12-01T22:05:34.331250,17086625,78686625
3dvha,7,2199,2023-12-01T22:05:35.938450,17118769,78718769
3dvha,7,2200,2023-12-01T22:05:37.529550,17150591,78750591
3dvha,7,2201,2023-12-01T22:05:39.119400,17182388,78782388
3dvha,7,2202,2023-12-01T22:05:40.717050,17214341,78814341
3dvha,7,2203,2023-12-01T22:05:42.306500,17246130,78846130
3dvha,7,2204,2023-12-01T22:05:43.888300,17277766,78877766
3dvha,7,2205,2023-12-01T22:05:45.474000,17309480,78909480
3dvha,7,2206,2023-12-01T22:05:47.064850,17341297,78941297
3dvha,7,2207,2023-12-01T22:05:48.655150,17373103,78973103
3dvha,7,2208,2023-12-01T22:05:50.240250,17404805,79004805
3dvha,7,2209,2023-12-01T22:05:51.819650,17436393,79036393
3dvha,7,2210,2023-12-01T22:05:53.413500,17468270,79068270
3dvha,7,2211,2023-12-01T22:05:55.005100,17500102,79100102
3dvha,7,2212,2023-12-01T22:05:56.592350,17531847,79131847
3dvha,7,2213,2023-12-01T22:05:58.216150,17564323,79164323
3dvha,7,2214,2023-12-01T22:05:59.772750,17595455,79195455
3dvha,7,2215,2023-12-01T22:06:01.367250,17627345,79227345
3dvha,7,2216,2023-12-01T22:06:02.952600,17659052,79259052
3dvha,7,2217,2023-12-01T22:06:04.546150,17690923,79290923
3dvha,7,2218,2023-12-01T22:06:06.138050,17722761,79322761
3dvha,7,2219,2023-12-01T22:06:07.728750,17754575,79354575
3dvha,7,2220,2023-12-01T22:06:09.316250,17786325,79386325
3dvha,7,2221,2023-12-01T22:06:10.907450,17818149,79418149
3dvha,7,2222,2023-12-01T22:06:12.490550,17849811,79449811
3dvha,7,2223,2023-12-01T22:06:14.091850,17881837,79481837
3dvha,7,2224,2023-12-01T22:06:15.681250,17913625,79513625
3dvha,7,2225,2023-12-01T22:06:17.278050,17945561,79545561
3dvha,7,2226,2023-12-01T22:06:18.864750,17977295,79577295
3dvha,7,2227,2023-12-01T22:06:20.449500,18008990,79608990
3dvha,7,2228,2023-12-01T22:06:22.041150,18040823,79640823
3dvha,7,2229,2023-12-01T22:06:23.636000,18072720,79672720
3dvha,7,2230,2023-12-01T22:06:25.226950,18104539,79704539
3dvha,7,2231,2023-12-01T22:06:26.819500,18136390,79736390
3dvha,7,2232,2023-12-01T22:06:28.416450,18168329,79768329
3dvha,7,2233,2023-12-01T22:06:30.003150,18200063,79800063
3dvha,7,2234,2023-12-01T22:06:31.601700,18232034,79832034
3dvha,7,2235,2023-12-01T22:06:33.198150,18263963,79863963
3dvha,7,2236,2023-12-01T22:06:34.789950,18295799,79895799
3dvha,7,2237,2023-12-01T22:06:36.387600,18327752,79927752
3dvha,7,2238,2023-12-01T22:06:37.984100,18359682,79959682
3dvha,7,2239,2023-12-01T22:06:39.583500,18391670,79991670
3dvha,7,2240,2023-12-01T22:06:41.188250,18423765,80023765
3dvha,7,2241,2023-12-01T22:06:42.779950,18455599,80055599
3dvha,7,2242,2023-12-01T22:06:44.368200,18487364,80087364
3dvha,7,2243,2023-12-01T22:06:45.961150,18519223,80119223
3dvha,7,2244,2023-12-01T22:06:47.552350,18551047,80151047
3dvha,7,2245,2023-12-01T22:06:49.145750,18582915,80182915
3dvha,7,2246,2023-12-01T22:06:50.745300,18614906,80214906
3dvha,7,2247,2023-12-01T22:06:52.341000,18646820,80246820
3dvha,7,2248,2023-12-01T22:06:53.932450,18678649,80278649
3dvha,7,2249,2023-12-01T22:06:55.530400,18710608,80310608
3dvha,7,2250,2023-12-01T22:06:57.105950,18742119,80342119
3dvha,7,2251,2023-12-01T22:06:58.696950,18773939,80373939
3dvha,7,2252,2023-12-01T22:07:00.295750,18805915,80405915
3dvha,7,2253,2023-12-01T22:07:01.890200,18837804,80437804
3dvha,7,2254,2023-12-01T22:07:03.503850,18870077,80470077
3dvha,7,2255,2023-12-01T22:07:05.096350,18901927,80501927
3dvha,7,2256,2023-12-01T22:07:06.693550,18933871,80533871
3dvha,7,2257,2023-12-01T22:07:08.286200,18965724,80565724
3dvha,7,2258,2023-12-01T22:07:09.878850,18997577,80597577
3dvha,7,2259,2023-12-01T22:07:11.474650,19029493,80629493
3dvha,7,2260,2023-12-01T22:07:13.067600,19061352,80661352
3dvha,7,2261,2023-12-01T22:07:14.658850,19093177,80693177
3dvha,7,2262,2023-12-01T22:07:16.259350,19125187,80725187
3dvha,7,2263,2023-12-01T22:07:17.855850,19157117,80757117
3dvha,7,2264,2023-12-01T22:07:19.451950,19189039,80789039
3dvha,7,2265,2023-12-01T22:07:21.043750,19220875,80820875
3dvha,7,2266,2023-12-01T22:07:22.633050,19252661,80852661
3dvha,7,2267,2023-12-01T22:07:24.221400,19284428,80884428
3dvha,7,2268,2023-12-01T22:07:25.820200,19316404,80916404
3dvha,7,2269,2023-12-01T22:07:27.450250,19349005,80949005
3dvha,7,2270,2023-12-01T22:07:29.107350,19382147,80982147
3dvha,7,2271,2023-12-01T22:07:30.625900,19412518,81012518
3dvha,7,2272,2023-12-01T22:07:32.220600,19444412,81044412
3dvha,7,2273,2023-12-01T22:07:33.814250,19476285,81076285
3dvha,7,2274,2023-12-01T22:07:35.404600,19508092,81108092
3dvha,7,2275,2023-12-01T22:07:37.018150,19540363,81140363
3dvha,7,2276,2023-12-01T22:07:38.575700,19571514,81171514
3dvha,7,2277,2023-12-01T22:07:40.157050,19603141,81203141
3dvha,7,2278,2023-12-01T22:07:41.710650,19634213,81234213
3dvha,7,2279,2023-12-01T22:07:43.298200,19665964,81265964
3dvha,7,2280,2023-12-01T22:07:44.885450,19697709,81297709
3dvha,7,2281,2023-12-01T22:07:46.506200,19730124,81330124
3dvha,7,2282,2023-12-01T22:07:48.084000,19761680,81361680
3dvha,7,2283,2023-12-01T22:07:49.669300,19793386,81393386
3dvha,7,2284,2023-12-01T22:07:51.252000,19825040,81425040
3dvha,7,2285,2023-12-01T22:07:52.836650,19856733,81456733
3dvha,7,2286,2023-12-01T22:07:54.419000,19888380,81488380
3dvha,7,2287,2023-12-01T22:07:55.979650,19919593,81519593
3dvha,7,2288,2023-12-01T22:07:57.595550,19951911,81551911
3dvha,7,2289,2023-12-01T22:07:59.193250,19983865,81583865
3dvha,7,2290,2023-12-01T22:08:00.741950,20014839,81614839
3dvha,7,2291,2023-12-01T22:08:02.367300,20047346,81647346
3dvha,7,2292,2023-12-01T22:08:04.014700,20080294,81680294
3dvha,7,2293,2023-12-01T22:08:05.604500,20112090,81712090
3dvha,7,2294,2023-12-01T22:08:07.199150,20143983,81743983
3dvha,7,2295,2023-12-01T22:08:08.735150,20174703,81774703
3dvha,7,2296,2023-12-01T22:08:10.304500,20206090,81806090
3dvha,7,2297,2023-12-01T22:08:11.907150,20238143,81838143
3dvha,7,2298,2023-12-01T22:08:13.525700,20270514,81870514
3dvha,7,2299,2023-12-01T22:08:15.112300,20302246,81902246
3dvha,7,2300,2023-12-01T22:08:16.713000,20334260,81934260
3dvha,7,2301,2023-12-01T22:08:18.311700,20366234,81966234
3dvha,7,2302,2023-12-01T22:08:19.891150,20397823,81997823
3dvha,7,2303,2023-12-01T22:08:21.511600,20430232,82030232
3dvha,7,2304,2023-12-01T22:08:23.090500,20461810,82061810
3dvha,7,2305,2023-12-01T22:08:24.687600,20493752,82093752
3dvha,7,2306,2023-12-01T22:08:26.278800,20525576,82125576
3dvha,7,2307,2023-12-01T22:08:27.874300,20557486,82157486
3dvha,7,2308,2023-12-01T22:08:29.467150,20589343,82189343
3dvha,7,2309,2023-12-01T22:08:31.084700,20621694,82221694
3dvha,7,2310,2023-12-01T22:08:32.716000,20654320,82254320
3dvha,7,2311,2023-12-01T22:08:34.250300,20685006,82285006
3dvha,7,2312,2023-12-01T22:08:35.821350,20716427,82316427
3dvha,7,2313,2023-12-01T22:08:37.441800,20748836,82348835
3dvha,7,2314,2023-12-01T22:08:39.037550,20780751,82380751
3dvha,7,2315,2023-12-01T22:08:40.602250,20812045,82412045
3dvha,7,2316,2023-12-01T22:08:42.228600,20844572,82444572
3dvha,7,2317,2023-12-01T22:08:43.822350,20876447,82476447
3dvha,7,2318,2023-12-01T22:08:45.400400,20908008,82508008
3dvha,7,2319,2023-12-01T22:08:46.991900,20939838,82539838
3dvha,7,2320,2023-12-01T22:08:48.592650,20971853,82571852
3dvha,7,2321,2023-12-01T22:08:50.187000,21003740,82603740
3dvha,7,2322,2023-12-01T22:08:51.782850,21035657,82635656
3dvha,7,2323,2023-12-01T22:08:53.465350,21069307,82669307
3dvha,7,2324,2023-12-01T22:08:54.929950,21098599,82698599
3dvha,7,2325,2023-12-01T22:08:56.629950,21132599,82732598
3dvha,7,2326,2023-12-01T22:08:58.158500,21163170,82763169
3dvha,7,2327,2023-12-01T22:08:59.752550,21195051,82795051
3dvha,7,2328,2023-12-01T22:09:01.338300,21226766,82826766
3dvha,7,2329,2023-12-01T22:09:02.930450,21258609,82858609
3dvha,7,2330,2023-12-01T22:09:04.529650,21290593,82890593
3dvha,7,2331,2023-12-01T22:09:06.119150,21322383,82922383
3dvha,7,2332,2023-12-01T22:09:07.692800,21353856,82953856
3dvha,7,2333,2023-12-01T22:09:09.288450,21385769,82985769
3dvha,7,2334,2023-12-01T22:09:10.906950,21418139,83018138
3dvha,7,2335,2023-12-01T22:09:12.500300,21450006,83050006
3dvha,7,2336,2023-12-01T22:09:14.086200,21481724,83081724
3dvha,7,2337,2023-12-01T22:09:15.680550,21513611,83113611
3dvha,7,2338,2023-12-01T22:09:17.293600,21545872,83145872
3dvha,7,2339,2023-12-01T22:09:18.888050,21577761,83177760
3dvha,7,2340,2023-12-01T22:09:20.482200,21609644,83209644
3dvha,7,2341,2023-12-01T22:09:22.078250,21641565,83241564
3dvha,7,2342,2023-12-01T22:09:23.655750,21673115,83273115
3dvha,7,2343,2023-12-01T22:09:25.248450,21704969,83304969
3dvha,7,2344,2023-12-01T22:09:26.848250,21736965,83336965
3dvha,7,2345,2023-12-01T22:09:28.443850,21768877,83368877
3dvha,7,2346,2023-12-01T22:09:30.040800,21800816,83400816
3dvha,7,2347,2023-12-01T22:09:31.634350,21832687,83432687
3dvha,7,2348,2023-12-01T22:09:33.229850,21864597,83464597
3dvha,7,2349,2023-12-01T22:09:34.826700,21896534,83496533
3dvha,7,2350,2023-12-01T22:09:36.420000,21928400,83528400
3dvha,7,2351,2023-12-01T22:09:38.030450,21960609,83560609
3dvha,7,2352,2023-12-01T22:09:39.624350,21992487,83592487
3dvha,7,2353,2023-12-01T22:09:41.221150,22024423,83624423
3dvha,7,2354,2023-12-01T22:09:42.780600,22055612,83655612
3dvha,7,2355,2023-12-01T22:09:44.400350,22088007,83688007
3dvha,7,2356,2023-12-01T22:09:45.993800,22119876,83719876
3dvha,7,2357,2023-12-01T22:09:47.559950,22151199,83751199
3dvha,7,2358,2023-12-01T22:09:49.150600,22183012,83783012
3dvha,7,2359,2023-12-01T22:09:50.724600,22214492,83814491
3dvha,7,2360,2023-12-01T22:09:52.316100,22246322,83846322
3dvha,7,2361,2023-12-01T22:09:53.906500,22278130,83878130
3dvha,7,2362,2023-12-01T22:09:55.501600,22310032,83910031
3dvha,7,2363,2023-12-01T22:09:57.145450,22342909,83942909
3dvha,7,2364,2023-12-01T22:09:58.738650,22374773,83974773
3dvha,7,2365,2023-12-01T22:10:00.318050,22406361,84006361
3dvha,7,2366,2023-12-01T22:10:01.913950,22438279,84038279
3dvha,7,2367,2023-12-01T22:10:03.522550,22470451,84070451
3dvha,7,2368,2023-12-01T22:10:05.097000,22501940,84101940
3dvha,7,2369,2023-12-01T22:10:06.702700,22534054,84134054
3dvha,7,2370,2023-12-01T22:10:08.299250,22565985,84165985
3dvha,7,2371,2023-12-01T22:10:09.886150,22597723,84197723
3dvha,7,2372,2023-12-01T22:10:11.478350,22629567,84229567
3dvha,7,2373,2023-12-01T22:10:13.064000,22661280,84261280
3dvha,7,2374,2023-12-01T22:10:14.658800,22693176,84293176
3dvha,7,2375,2023-12-01T22:10:16.245650,22724913,84324913
3dvha,7,2376,2023-12-01T22:10:17.837900,22756758,84356758
3dvha,7,2377,2023-12-01T22:10:19.419500,22788390,84388390
3dvha,7,2378,2023-12-01T22:10:21.011100,22820222,84420222
3dvha,7,2379,2023-12-01T22:10:22.583150,22851663,84451663
3dvha,7,2380,2023-12-01T22:10:24.171950,22883439,84483439
3dvha,7,2381,2023-12-01T22:10:25.763400,22915268,84515268
3dvha,7,2382,2023-12-01T22:10:27.365500,22947310,84547310
3dvha,7,2383,2023-12-01T22:10:28.942850,22978857,84578857
3dvha,7,2384,2023-12-01T22:10:30.532300,23010646,84610646
3dvha,7,2385,2023-12-01T22:10:32.129500,23042590,84642590
3dvha,7,2386,2023-12-01T22:10:33.703200,23074064,84674064
3dvha,7,2387,2023-12-01T22:10:35.256350,23105127,84705127
3dvha,7,2388,2023-12-01T22:10:36.822550,23136451,84736451
3dvha,7,2389,2023-12-01T22:10:38.400000,23168000,84768000
3dvha,7,2390,2023-12-01T22:10:39.974850,23199497,84799496
3dvha,7,2391,2023-12-01T22:10:41.550200,23231004,84831004
3dvha,7,2392,2023-12-01T22:10:43.074000,23261480,84861479
3dvha,7,2393,2023-12-01T22:10:44.642850,23292857,84892857
3dvha,7,2394,2023-12-01T22:10:46.218900,23324378,84924378
3dvha,7,2395,2023-12-01T22:10:47.846750,23356935,84956935
3dvha,7,2396,2023-12-01T22:10:49.384300,23387686,84987686
3dvha,7,2397,2023-12-01T22:10:50.960150,23419203,85019203
3dvha,7,2398,2023-12-01T22:10:52.635750,23452715,85052715
3dvha,7,2399,2023-12-01T22:10:54.115450,23482309,85082309
3dvha,7,2400,2023-12-01T22:10:55.698650,23513973,85113973
3dvha,7,2401,2023-12-01T22:10:57.290350,23545807,85145807
3dvha,7,2402,2023-12-01T22:10:58.869550,23577391,85177391
3dvha,7,2403,2023-12-01T22:11:00.443050,23608861,85208861
3dvha,7,2404,2023-12-01T22:11:02.009550,23640191,85240191
3dvha,7,2405,2023-12-01T22:11:03.642100,23672842,85272842
3dvha,7,2406,2023-12-01T22:11:05.231700,23704634,85304634
3dvha,7,2407,2023-12-01T22:11:06.732150,23734643,85334643
3dvha,7,2408,2023-12-01T22:11:08.320750,23766415,85366415
3dvha,7,2409,2023-12-01T22:11:09.946350,23798927,85398927
3dvha,7,2410,2023-12-01T22:11:11.533650,23830673,85430673
3dvha,7,2411,2023-12-01T22:11:13.119350,23862387,85462387
3dvha,7,2412,2023-12-01T22:11:14.710200,23894204,85494204
3dvha,7,2413,2023-12-01T22:11:16.296750,23925935,85525935
3dvha,7,2414,2023-12-01T22:11:17.876750,23957535,85557535
3dvha,7,2415,2023-12-01T22:11:19.428150,23988563,85588563
3dvha,7,2416,2023-12-01T22:11:21.015400,24020308,85620308
3dvha,7,2417,2023-12-01T22:11:22.605950,24052119,85652119
3dvha,7,2418,2023-12-01T22:11:24.185850,24083717,85683717
3dvha,7,2419,2023-12-01T22:11:25.762450,24115249,85715249
3dvha,7,2420,2023-12-01T22:11:27.356350,24147127,85747127
3dvha,7,2421,2023-12-01T22:11:28.924850,24178497,85778497
3dvha,7,2422,2023-12-01T22:11:30.442750,24208855,85808855
3dvha,7,2423,2023-12-01T22:11:32.027250,24240545,85840545
3dvha,7,2424,2023-12-01T22:11:33.621700,24272434,85872434
3dvha,7,2425,2023-12-01T22:11:35.171200,24303424,85903424
3dvha,7,2426,2023-12-01T22:11:36.766550,24335331,85935331
3dvha,7,2427,2023-12-01T22:11:38.342100,24366842,85966842
3dvha,7,2428,2023-12-01T22:11:39.914450,24398289,85998289
3dvha,7,2429,2023-12-01T22:11:41.502000,24430040,86030040
3dvha,7,2430,2023-12-01T22:11:43.077700,24461554,86061554
3dvha,7,2431,2023-12-01T22:11:44.656650,24493133,86093133
3dvha,7,2432,2023-12-01T22:11:46.227450,24524549,86124549
3dvha,7,2433,2023-12-01T22:11:47.811200,24556224,86156224
3dvha,7,2434,2023-12-01T22:11:49.396800,24587936,86187936
3dvha,7,2435,2023-12-01T22:11:50.984500,24619690,86219689
3dvha,7,2436,2023-12-01T22:11:52.570950,24651419,86251419
3dvha,7,2437,2023-12-01T22:11:54.160600,24683212,86283212
3dvha,7,2438,2023-12-01T22:11:55.723600,24714472,86314472
3dvha,7,2439,2023-12-01T22:11:57.323800,24746476,86346476
3dvha,7,2440,2023-12-01T22:11:58.901550,24778031,86378030
3dvha,7,2441,2023-12-01T22:12:00.495100,24809902,86409902
3dvha,7,2442,2023-12-01T22:12:02.072850,24841457,86441456
3dvha,7,2443,2023-12-01T22:12:03.658600,24873172,86473172
3dvha,7,2444,2023-12-01T22:12:05.245450,24904909,86504909
3dvha,7,2445,2023-12-01T22:12:06.828950,24936579,86536579
3dvha,7,2446,2023-12-01T22:12:08.404450,24968089,86568089
3dvha,7,2447,2023-12-01T22:12:09.991950,24999839,86599839
3dvha,7,2448,2023-12-01T22:12:11.581400,25031628,86631628
3dvha,7,2449,2023-12-01T22:12:13.161600,25063232,86663232
3dvha,7,2450,2023-12-01T22:12:14.752000,25095040,86695040
3dvha,7,2451,2023-12-01T22:12:16.346150,25126923,86726923
3dvha,7,2452,2023-12-01T22:12:17.955700,25159114,86759114
3dvha,7,2453,2023-12-01T22:12:19.593050,25191861,86791861
3dvha,7,2454,2023-12-01T22:12:21.221350,25224427,86824427
3dvha,7,2455,2023-12-01T22:12:22.880750,25257615,86857615
3dvha,7,2456,2023-12-01T22:12:24.514300,25290286,86890286
3dvha,7,2457,2023-12-01T22:12:26.099850,25321997,86921996
3dvha,7,2458,2023-12-01T22:12:27.731900,25354638,86954638
3dvha,7,2459,2023-12-01T22:12:29.363650,25387273,86987273
3dvha,7,2460,2023-12-01T22:12:30.995800,25419916,87019916
3dvha,7,2461,2023-12-01T22:12:32.626800,25452536,87052536
3dvha,7,2462,2023-12-01T22:12:34.256150,25485123,87085123
3dvha,7,2463,2023-12-01T22:12:35.888600,25517772,87117772
3dvha,7,2464,2023-12-01T22:12:37.519100,25550382,87150382
3dvha,7,2465,2023-12-01T22:12:39.150750,25583015,87183015
3dvha,7,2466,2023-12-01T22:12:40.787450,25615749,87215749
3dvha,7,2467,2023-12-01T22:12:42.417750,25648355,87248354
3dvha,7,2468,2023-12-01T22:12:44.053100,25681062,87281062
3dvha,7,2469,2023-12-01T22:12:45.686000,25713720,87313720
3dvha,7,2470,2023-12-01T22:12:47.295450,25745909,87345908
3dvha,7,2471,2023-12-01T22:12:48.930050,25778601,87378601
3dvha,7,2472,2023-12-01T22:12:50.584800,25811696,87411696
3dvha,7,2473,2023-12-01T22:12:52.209000,25844180,87444180
3dvha,7,2474,2023-12-01T22:12:53.848900,25876978,87476978
3dvha,7,2475,2023-12-01T22:12:55.480400,25909608,87509608
3dvha,7,2476,2023-12-01T22:12:57.108250,25942165,87542165
3dvha,7,2477,2023-12-01T22:12:58.741250,25974825,87574825
3dvha,7,2478,2023-12-01T22:13:00.377200,26007544,87607544
3dvha,7,2479,2023-12-01T22:13:02.012500,26040250,87640250
3dvha,7,2480,2023-12-01T22:13:03.641950,26072839,87672839
3dvha,7,2481,2023-12-01T22:13:05.282700,26105654,87705654
3dvha,7,2482,2023-12-01T22:13:06.911500,26138230,87738230
3dvha,7,2483,2023-12-01T22:13:08.546750,26170935,87770935
3dvha,7,2484,2023-12-01T22:13:10.179350,26203587,87803587
3dvha,7,2485,2023-12-01T22:13:11.804500,26236090,87836090
3dvha,7,2486,2023-12-01T22:13:13.432900,26268658,87868658
3dvha,7,2487,2023-12-01T22:13:15.071750,26301435,87901435
3dvha,7,2488,2023-12-01T22:13:16.701550,26334031,87934031
3dvha,7,2489,2023-12-01T22:13:18.329100,26366582,87966582
3dvha,7,2490,2023-12-01T22:13:19.965500,26399310,87999310
3dvha,7,2491,2023-12-01T22:13:21.596800,26431936,88031936
3dvha,7,2492,2023-12-01T22:13:23.228250,26464565,88064565
3dvha,7,2493,2023-12-01T22:13:24.860450,26497209,88097209
3dvha,7,2494,2023-12-01T22:13:26.507200,26530144,88130144
3dvha,7,2495,2023-12-01T22:13:28.130900,26562618,88162618
3dvha,7,2496,2023-12-01T22:13:29.767650,26595353,88195353
3dvha,7,2497,2023-12-01T22:13:31.401400,26628028,88228028
3dvha,7,2498,2023-12-01T22:13:33.081000,26661620,88261620
3dvha,7,2499,2023-12-01T22:13:34.712400,26694248,88294248
3dvha,7,2500,2023-12-01T22:13:36.303250,26726065,88326065
3dvha,7,2501,2023-12-01T22:13:37.934050,26758681,88358681
3dvha,7,2502,2023-12-01T22:13:39.563200,26791264,88391263
3dvha,7,2503,2023-12-01T22:13:41.200900,26824018,88424018
3dvha,7,2504,2023-12-01T22:13:42.838450,26856769,88456769
3dvha,7,2505,2023-12-01T22:13:44.500950,26890019,88490019
3dvha,7,2506,2023-12-01T22:13:46.104350,26922087,88522086
3dvha,7,2507,2023-12-01T22:13:47.730500,26954610,88554610
3dvha,7,2508,2023-12-01T22:13:49.371750,26987435,88587435
3dvha,7,2509,2023-12-01T22:13:51.003350,27020067,88620067
3dvha,7,2510,2023-12-01T22:13:52.639750,27052795,88652795
3dvha,7,2511,2023-12-01T22:13:54.281700,27085634,88685633
3dvha,7,2512,2023-12-01T22:13:55.917550,27118351,88718351
3dvha,7,2513,2023-12-01T22:13:57.555050,27151101,88751101
3dvha,7,2514,2023-12-01T22:13:59.201700,27184034,88784033
3dvha,7,2515,2023-12-01T22:14:00.843600,27216872,88816872
3dvha,7,2516,2023-12-01T22:14:02.479950,27249599,88849599
3dvha,7,2517,2023-12-01T22:14:04.117250,27282345,88882345
3dvha,7,2518,2023-12-01T22:14:05.753550,27315071,88915071
3dvha,7,2519,2023-12-01T22:14:07.392100,27347842,88947842
3dvha,7,2520,2023-12-01T22:14:09.008150,27380163,88980163
3dvha,7,2521,2023-12-01T22:14:10.617700,27412354,89012354
3dvha,7,2522,2023-12-01T22:14:12.268500,27445370,89045370
3dvha,7,2523,2023-12-01T22:14:13.953350,27479067,89079067
3dvha,7,2524,2023-12-01T22:14:15.539150,27510783,89110782
3dvha,7,2525,2023-12-01T22:14:17.304900,27546098,89146098
3dvha,7,2526,2023-12-01T22:14:18.807600,27576152,89176152
3dvha,7,2527,2023-12-01T22:14:20.490150,27609803,89209803
3dvha,7,2528,2023-12-01T22:14:22.067400,27641348,89241348
3dvha,7,2529,2023-12-01T22:14:23.786700,27675734,89275734
3dvha,7,2530,2023-12-01T22:14:25.432150,27708643,89308643
3dvha,7,2531,2023-12-01T22:14:26.971150,27739423,89339423
3dvha,7,2532,2023-12-01T22:14:28.605800,27772116,89372116
3dvha,7,2533,2023-12-01T22:14:30.241200,27804824,89404824
3dvha,7,2534,2023-12-01T22:14:31.907750,27838155,89438155
3dvha,7,2535,2023-12-01T22:14:33.543050,27870861,89470861
3dvha,7,2536,2023-12-01T22:14:35.181300,27903626,89503626
3dvha,7,2537,2023-12-01T22:14:36.815650,27936313,89536312
3dvha,7,2538,2023-12-01T22:14:38.445550,27968911,89568911
3dvha,7,2539,2023-12-01T22:14:40.060150,28001203,89601203
3dvha,7,2540,2023-12-01T22:14:41.719650,28034393,89634393
3dvha,7,2541,2023-12-01T22:14:43.323300,28066466,89666466
3dvha,7,2542,2023-12-01T22:14:44.954700,28099094,89699094
3dvha,7,2543,2023-12-01T22:14:46.617400,28132348,89732348
3dvha,7,2544,2023-12-01T22:14:48.239100,28164782,89764782
3dvha,7,2545,2023-12-01T22:14:49.915300,28198306,89798306
3dvha,7,2546,2023-12-01T22:14:51.512550,28230251,89830251
3dvha,7,2547,2023-12-01T22:14:53.143050,28262861,89862861
3dvha,7,2548,2023-12-01T22:14:54.782650,28295653,89895653
3dvha,7,2549,2023-12-01T22:14:56.420600,28328412,89928412
3dvha,7,2550,2023-12-01T22:14:58.058400,28361168,89961168
3dvha,7,2551,2023-12-01T22:14:59.673900,28393478,89993478
3dvha,7,2552,2023-12-01T22:15:01.307900,28426158,90026158
3dvha,7,2553,2023-12-01T22:15:02.980950,28459619,90059619
3dvha,7,2554,2023-12-01T22:15:04.613500,28492270,90092270
3dvha,7,2555,2023-12-01T22:15:06.243250,28524865,90124865
3dvha,7,2556,2023-12-01T22:15:07.876200,28557524,90157524
3dvha,7,2557,2023-12-01T22:15:09.487100,28589742,90189742
3dvha,7,2558,2023-12-01T22:15:11.124500,28622490,90222490
3dvha,7,2559,2023-12-01T22:15:12.767400,28655348,90255348
3dvha,7,2560,2023-12-01T22:15:14.403350,28688067,90288066
3dvha,7,2561,2023-12-01T22:15:16.041850,28720837,90320836
3dvha,7,2562,2023-12-01T22:15:17.754000,28755080,90355080
3dvha,7,2563,2023-12-01T22:15:19.390950,28787819,90387819
3dvha,7,2564,2023-12-01T22:15:20.989600,28819792,90419792
3dvha,7,2565,2023-12-01T22:15:22.618500,28852370,90452369
3dvha,7,2566,2023-12-01T22:15:24.253100,28885062,90485062
3dvha,7,2567,2023-12-01T22:15:25.889150,28917783,90517783
3dvha,7,2568,2023-12-01T22:15:27.518350,28950367,90550367
3dvha,7,2569,2023-12-01T22:15:29.185700,28983714,90583714
3dvha,7,2570,2023-12-01T22:15:30.739000,29014780,90614779
3dvha,7,2571,2023-12-01T22:15:32.413700,29048274,90648274
3dvha,7,2572,2023-12-01T22:15:33.980950,29079619,90679619
3dvha,7,2573,2023-12-01T22:15:35.638400,29112768,90712768
3dvha,7,2574,2023-12-01T22:15:37.270950,29145419,90745419
3dvha,7,2575,2023-12-01T22:15:38.901600,29178032,90778032
3dvha,7,2576,2023-12-01T22:15:40.530300,29210606,90810606
3dvha,7,2577,2023-12-01T22:15:42.156500,29243130,90843130
3dvha,7,2578,2023-12-01T22:15:43.787550,29275751,90875751
3dvha,7,2579,2023-12-01T22:15:45.420550,29308411,90908411
3dvha,7,2580,2023-12-01T22:15:47.099850,29341997,90941996
3dvha,7,2581,2023-12-01T22:15:48.686150,29373723,90973723
3dvha,7,2582,2023-12-01T22:15:50.314350,29406287,91006287
3dvha,7,2583,2023-12-01T22:15:51.953600,29439072,91039072
3dvha,7,2584,2023-12-01T22:15:53.580850,29471617,91071617
3dvha,7,2585,2023-12-01T22:15:55.213450,29504269,91104269
3dvha,7,2586,2023-12-01T22:15:56.848850,29536977,91136977
3dvha,7,2587,2023-12-01T22:15:58.458600,29569172,91169172
3dvha,7,2588,2023-12-01T22:16:00.090750,29601815,91201815
3dvha,7,2589,2023-12-01T22:16:01.820900,29636418,91236418
3dvha,7,2590,2023-12-01T22:16:03.355150,29667103,91267103
3dvha,7,2591,2023-12-01T22:16:04.987500,29699750,91299750
3dvha,7,2592,2023-12-01T22:16:06.619100,29732382,91332382
3dvha,7,2593,2023-12-01T22:16:08.250750,29765015,91365015
3dvha,7,2594,2023-12-01T22:16:09.882650,29797653,91397652
3dvha,7,2595,2023-12-01T22:16:11.515100,29830302,91430301
3dvha,7,2596,2023-12-01T22:16:13.145650,29862913,91462913
3dvha,7,2597,2023-12-01T22:16:14.772650,29895453,91495453
3dvha,7,2598,2023-12-01T22:16:16.451650,29929033,91529033
3dvha,7,2599,2023-12-01T22:16:18.083900,29961678,91561678
3dvha,7,2600,2023-12-01T22:16:19.683550,29993671,91593671
3dvha,7,2601,2023-12-01T22:16:21.318050,30026361,91626361
3dvha,7,2602,2023-12-01T22:16:22.974200,30059484,91659484
3dvha,7,2603,2023-12-01T22:16:24.587400,30091748,91691748
3dvha,7,2604,2023-12-01T22:16:26.218850,30124377,91724377
3dvha,7,2605,2023-12-01T22:16:27.847850,30156957,91756957
3dvha,7,2606,2023-12-01T22:16:29.451200,30189024,91789024
3dvha,7,2607,2023-12-01T22:16:31.090750,30221815,91821815
3dvha,7,2608,2023-12-01T22:16:32.811200,30256224,91856224
3dvha,7,2609,2023-12-01T22:16:34.441000,30288820,91888820
3dvha,7,2610,2023-12-01T22:16:35.990350,30319807,91919807
3dvha,7,2611,2023-12-01T22:16:37.624100,30352482,91952482
3dvha,7,2612,2023-12-01T22:16:39.289750,30385795,91985795
3dvha,7,2613,2023-12-01T22:16:40.853600,30417072,92017072
3dvha,7,2614,2023-12-01T22:16:42.475300,30449506,92049506
3dvha,7,2615,2023-12-01T22:16:44.110300,30482206,92082206
3dvha,7,2616,2023-12-01T22:16:45.808250,30516165,92116165
3dvha,7,2617,2023-12-01T22:16:47.399500,30547990,92147990
3dvha,7,2618,2023-12-01T22:16:49.071000,30581420,92181420
3dvha,7,2619,2023-12-01T22:16:50.654750,30613095,92213095
3dvha,7,2620,2023-12-01T22:16:52.279000,30645580,92245580
3dvha,7,2621,2023-12-01T22:16:53.951250,30679025,92279025
3dvha,7,2622,2023-12-01T22:16:55.574200,30711484,92311484
3dvha,7,2623,2023-12-01T22:16:57.207750,30744155,92344154
3dvha,7,2624,2023-12-01T22:16:58.844450,30776889,92376888
3dvha,7,2625,2023-12-01T22:17:00.446750,30808935,92408935
3dvha,7,2626,2023-12-01T22:17:02.079800,30841596,92441596
3dvha,7,2627,2023-12-01T22:17:03.651900,30873038,92473038
3dvha,7,2628,2023-12-01T22:17:05.363700,30907274,92507274
3dvha,7,2629,2023-12-01T22:17:06.931750,30938635,92538635
3dvha,7,2630,2023-12-01T22:17:08.572000,30971440,92571440
3dvha,7,2631,2023-12-01T22:17:10.197650,31003953,92603953
3dvha,7,2632,2023-12-01T22:17:11.836850,31036737,92636737
3dvha,7,2633,2023-12-01T22:17:13.452150,31069043,92669043
3dvha,7,2634,2023-12-01T22:17:15.087000,31101740,92701740
3dvha,7,2635,2023-12-01T22:17:16.713300,31134266,92734266
3dvha,7,2636,2023-12-01T22:17:18.386800,31167736,92767736
3dvha,7,2637,2023-12-01T22:17:20.028650,31200573,92800573
3dvha,7,2638,2023-12-01T22:17:21.655100,31233102,92833102
3dvha,7,2639,2023-12-01T22:17:23.274300,31265486,92865486
3dvha,7,2640,2023-12-01T22:17:24.853200,31297064,92897063
3dvha,7,2641,2023-12-01T22:17:26.469550,31329391,92929391
3dvha,7,2642,2023-12-01T22:17:28.097700,31361954,92961954
3dvha,7,2643,2023-12-01T22:17:29.731650,31394633,92994633
3dvha,7,2644,2023-12-01T22:17:31.366500,31427330,93027330
3dvha,7,2645,2023-12-01T22:17:32.984750,31459695,93059694
3dvha,7,2646,2023-12-01T22:17:34.686600,31493732,93093732
3dvha,7,2647,2023-12-01T22:17:36.309400,31526188,93126188
3dvha,7,2648,2023-12-01T22:17:37.948950,31558979,93158979
3dvha,7,2649,2023-12-01T22:17:39.488900,31589778,93189778
3dvha,7,2650,2023-12-01T22:17:41.119600,31622392,93222392
3dvha,7,2651,2023-12-01T22:17:42.762450,31655249,93255249
3dvha,7,2652,2023-12-01T22:17:44.378400,31687568,93287567
3dvha,7,2653,2023-12-01T22:17:46.015850,31720317,93320317
3dvha,7,2654,2023-12-01T22:17:47.632350,31752647,93352647
3dvha,7,2655,2023-12-01T22:17:49.262700,31785254,93385254
3dvha,7,2656,2023-12-01T22:17:50.886200,31817724,93417724
3dvha,7,2657,2023-12-01T22:17:52.514100,31850282,93450282
3dvha,7,2658,2023-12-01T22:17:54.139150,31882783,93482783
3dvha,7,2659,2023-12-01T22:17:55.782950,31915659,93515659
3dvha,7,2660,2023-12-01T22:17:57.415950,31948319,93548318
3dvha,7,2661,2023-12-01T22:17:59.038550,31980771,93580771
3dvha,7,2662,2023-12-01T22:18:00.645900,32012918,93612918
3dvha,7,2663,2023-12-01T22:18:02.230350,32044607,93644607
3dvha,7,2664,2023-12-01T22:18:03.852750,32077055,93677055
3dvha,7,2665,2023-12-01T22:18:05.512200,32110244,93710244
3dvha,7,2666,2023-12-01T22:18:07.134750,32142695,93742695
3dvha,7,2667,2023-12-01T22:18:08.733350,32174667,93774667
3dvha,7,2668,2023-12-01T22:18:10.364700,32207294,93807294
3dvha,7,2669,2023-12-01T22:18:12.016100,32240322,93840322
3dvha,7,2670,2023-12-01T22:18:13.633650,32272673,93872673
3dvha,7,2671,2023-12-01T22:18:15.252500,32305050,93905049
3dvha,7,2672,2023-12-01T22:18:16.875900,32337518,93937518
3dvha,7,2673,2023-12-01T22:18:18.499150,32369983,93969983
3dvha,7,2674,2023-12-01T22:18:20.123150,32402463,94002463
3dvha,7,2675,2023-12-01T22:18:21.780900,32435618,94035618
3dvha,7,2676,2023-12-01T22:18:23.345050,32466901,94066901
3dvha,7,2677,2023-12-01T22:18:24.967850,32499357,94099357
3dvha,7,2678,2023-12-01T22:18:26.590450,32531809,94131809
3dvha,7,2679,2023-12-01T22:18:28.236050,32564721,94164721
3dvha,7,2680,2023-12-01T22:18:29.821300,32596426,94196425
3dvha,7,2681,2023-12-01T22:18:31.438400,32628768,94228768
3dvha,7,2682,2023-12-01T22:18:33.057850,32661157,94261157
3dvha,7,2683,2023-12-01T22:18:34.680850,32693617,94293617
3dvha,7,2684,2023-12-01T22:18:36.293300,32725866,94325866
3dvha,7,2685,2023-12-01T22:18:37.912850,32758257,94358257
3dvha,7,2686,2023-12-01T22:18:39.531700,32790634,94390633
3dvha,7,2687,2023-12-01T22:18:41.148000,32822960,94422960
3dvha,7,2688,2023-12-01T22:18:42.758050,32855161,94455161
3dvha,7,2689,2023-12-01T22:18:44.366400,32887328,94487328
3dvha,7,2690,2023-12-01T22:18:45.977600,32919552,94519552
3dvha,7,2691,2023-12-01T22:18:47.616150,32952323,94552323
3dvha,7,2692,2023-12-01T22:18:49.230500,32984610,94584610
3dvha,7,2693,2023-12-01T22:18:50.843450,33016869,94616869
3dvha,7,2694,2023-12-01T22:18:52.400000,33048000,94648000
3dvha,7,2695,2023-12-01T22:18:53.994800,33079896,94679896
3dvha,7,2696,2023-12-01T22:18:55.554150,33111083,94711083
3dvha,7,2697,2023-12-01T22:18:57.092300,33141846,94741846
3dvha,7,2698,2023-12-01T22:18:58.673800,33173476,94773475
3dvha,7,2699,2023-12-01T22:19:00.272000,33205440,94805440
3dvha,7,2700,2023-12-01T22:19:01.836300,33236726,94836726
3dvha,7,2701,2023-12-01T22:19:03.354750,33267095,94867095
3dvha,7,2702,2023-12-01T22:19:04.923300,33298466,94898466
3dvha,7,2703,2023-12-01T22:19:06.487450,33329749,94929748
3dvha,7,2704,2023-12-01T22:19:08.051900,33361038,94961038
3dvha,7,2705,2023-12-01T22:19:09.618650,33392373,94992373
3dvha,7,2706,2023-12-01T22:19:11.176350,33423527,95023527
3dvha,7,2707,2023-12-01T22:19:12.736550,33454731,95054730
3dvha,7,2708,2023-12-01T22:19:14.302700,33486054,95086054
3dvha,7,2709,2023-12-01T22:19:15.857050,33517141,95117140
3dvha,7,2710,2023-12-01T22:19:17.390800,33547816,95147816
3dvha,7,2711,2023-12-01T22:19:18.971800,33579436,95179436
3dvha,7,2712,2023-12-01T22:19:20.498100,33609962,95209962
3dvha,7,2713,2023-12-01T22:19:22.050700,33641014,95241014
3dvha,7,2714,2023-12-01T22:19:23.599450,33671989,95271989
3dvha,7,2715,2023-12-01T22:19:25.176900,33703538,95303538
3dvha,7,2716,2023-12-01T22:19:26.720800,33734416,95334416
3dvha,7,2717,2023-12-01T22:19:28.269400,33765388,95365388
3dvha,7,2718,2023-12-01T22:19:29.818950,33796379,95396379
3dvha,7,2719,2023-12-01T22:19:31.366250,33827325,95427325
3dvha,7,2720,2023-12-01T22:19:32.916750,33858335,95458335
3dvha,7,2721,2023-12-01T22:19:34.465350,33889307,95489307
3dvha,7,2722,2023-12-01T22:19:36.023550,33920471,95520471
3dvha,7,2723,2023-12-01T22:19:37.582500,33951650,95551650
3dvha,7,2724,2023-12-01T22:19:39.122150,33982443,95582443
3dvha,7,2725,2023-12-01T22:19:40.662100,34013242,95613241
3dvha,7,2726,2023-12-01T22:19:42.213850,34044277,95644277
3dvha,7,2727,2023-12-01T22:19:43.758150,34075163,95675163
3dvha,7,2728,2023-12-01T22:19:45.311350,34106227,95706227
3dvha,7,2729,2023-12-01T22:19:46.863000,34137260,95737260
3dvha,7,2730,2023-12-01T22:19:48.408600,34168172,95768172
3dvha,7,2731,2023-12-01T22:19:49.956400,34199128,95799128
3dvha,7,2732,2023-12-01T22:19:51.501700,34230034,95830034
3dvha,7,2733,2023-12-01T22:19:53.043200,34260864,95860864
3dvha,7,2734,2023-12-01T22:19:54.587350,34291747,95891747
3dvha,7,2735,2023-12-01T22:19:56.131400,34322628,95922628
3dvha,7,2736,2023-12-01T22:19:57.672500,34353450,95953450
3dvha,7,2737,2023-12-01T22:19:59.234500,34384690,95984689
3dvha,7,2738,2023-12-01T22:20:00.736000,34414720,96014720
3dvha,7,2739,2023-12-01T22:20:02.285050,34445701,96045701
3dvha,7,2740,2023-12-01T22:20:03.899150,34477983,96077983
3dvha,7,2741,2023-12-01T22:20:05.373700,34507474,96107474
3dvha,7,2742,2023-12-01T22:20:06.927200,34538544,96138544
3dvha,7,2743,2023-12-01T22:20:08.483000,34569660,96169660
3dvha,7,2744,2023-12-01T22:20:10.086500,34601730,96201730
3dvha,7,2745,2023-12-01T22:20:11.658400,34633168,96233168
3dvha,7,2746,2023-12-01T22:20:13.174500,34663490,96263490
3dvha,7,2747,2023-12-01T22:20:14.678300,34693566,96293565
3dvha,7,2748,2023-12-01T22:20:16.219100,34724382,96324382
3dvha,7,2749,2023-12-01T22:20:17.847750,34756955,96356955
3dvha,7,2750,2023-12-01T22:20:19.388250,34787765,96387765
3dvha,7,2751,2023-12-01T22:20:20.881450,34817629,96417629
3dvha,7,2752,2023-12-01T22:20:22.412450,34848249,96448249
3dvha,7,2753,2023-12-01T22:20:23.956300,34879126,96479126
3dvha,7,2754,2023-12-01T22:20:25.705550,34914111,96514111
3dvha,7,2755,2023-12-01T22:20:27.171600,34943432,96543432
3dvha,7,2756,2023-12-01T22:20:28.798700,34975974,96575974
3dvha,7,2757,2023-12-01T22:20:30.387750,35007755,96607755
3dvha,7,2758,2023-12-01T22:20:32.041400,35040828,96640828
3dvha,7,2759,2023-12-01T22:20:33.637300,35072746,96672746
3dvha,7,2760,2023-12-01T22:20:35.262300,35105246,96705246
3dvha,7,2761,2023-12-01T22:20:36.941750,35138835,96738835
3dvha,7,2762,2023-12-01T22:20:38.498100,35169962,96769962
3dvha,7,2763,2023-12-01T22:20:40.121200,35202424,96802423
3dvha,7,2764,2023-12-01T22:20:41.742000,35234840,96834840
3dvha,7,2765,2023-12-01T22:20:43.380900,35267618,96867618
3dvha,7,2766,2023-12-01T22:20:45.010750,35300215,96900215
3dvha,7,2767,2023-12-01T22:20:46.661750,35333235,96933235
3dvha,7,2768,2023-12-01T22:20:48.337250,35366745,96966744
3dvha,7,2769,2023-12-01T22:20:50.010650,35400213,97000213
3dvha,7,2770,2023-12-01T22:20:51.683700,35433674,97033673
3dvha,7,2771,2023-12-01T22:20:53.347600,35466952,97066952
3dvha,7,2772,2023-12-01T22:20:55.085950,35501719,97101719
3dvha,7,2773,2023-12-01T22:20:56.737400,35534748,97134748
3dvha,7,2774,2023-12-01T22:20:58.448000,35568960,97168960
3dvha,7,2775,2023-12-01T22:21:00.168600,35603372,97203372
3dvha,7,2776,2023-12-01T22:21:01.881650,35637633,97237633
3dvha,7,2777,2023-12-01T22:21:03.598150,35671963,97271963
3dvha,7,2778,2023-12-01T22:21:05.320000,35706400,97306400
3dvha,7,2779,2023-12-01T22:21:07.032900,35740658,97340658
3dvha,7,2780,2023-12-01T22:21:08.739850,35774797,97374797
3dvha,7,2781,2023-12-01T22:21:10.482700,35809654,97409653
3dvha,7,2782,2023-12-01T22:21:12.180250,35843605,97443605
3dvha,7,2783,2023-12-01T22:21:13.882600,35877652,97477652
3dvha,7,2784,2023-12-01T22:21:15.618400,35912368,97512368
3dvha,7,2785,2023-12-01T22:21:17.363850,35947277,97547277
3dvha,7,2786,2023-12-01T22:21:19.113150,35982263,97582263
3dvha,7,2787,2023-12-01T22:21:20.836250,36016725,97616725
3dvha,7,2788,2023-12-01T22:21:22.590450,36051809,97651809
3dvha,7,2789,2023-12-01T22:21:24.339750,36086795,97686795
3dvha,7,2790,2023-12-01T22:21:26.101250,36122025,97722025
3dvha,7,2791,2023-12-01T22:21:27.947950,36158959,97758959
3dvha,7,2792,2023-12-01T22:21:29.704400,36194088,97794087
3dvha,7,2793,2023-12-01T22:21:31.452250,36229045,97829045
3dvha,7,2794,2023-12-01T22:21:33.237950,36264759,97864759
3dvha,7,2795,2023-12-01T22:21:35.044750,36300895,97900895
3dvha,7,2796,2023-12-01T22:21:36.840950,36336819,97936819
3dvha,7,2797,2023-12-01T22:21:38.641900,36372838,97972837
3dvha,7,2798,2023-12-01T22:21:40.396750,36407935,98007935
3dvha,7,2799,2023-12-01T22:21:42.230750,36444615,98044615
3dvha,7,2800,2023-12-01T22:21:44.000550,36480011,98080011
3dvha,7,2801,2023-12-01T22:21:45.792700,36515854,98115854
3dvha,7,2802,2023-12-01T22:21:47.614450,36552289,98152289
3dvha,7,2803,2023-12-01T22:21:49.347600,36586952,98186952
3dvha,7,2804,2023-12-01T22:21:51.135650,36622713,98222713
3dvha,7,2805,2023-12-01T22:21:53.019650,36660393,98260393
3dvha,7,2806,2023-12-01T22:21:54.864550,36697291,98297291
3dvha,7,2807,2023-12-01T22:21:56.687850,36733757,98333757
3dvha,7,2808,2023-12-01T22:21:58.534800,36770696,98370696
3dvha,7,2809,2023-12-01T22:22:00.409000,36808180,98408180
3dvha,7,2810,2023-12-01T22:22:02.292450,36845849,98445849
3dvha,7,2811,2023-12-01T22:22:04.147950,36882959,98482958
3dvha,7,2812,2023-12-01T22:22:06.004850,36920097,98520097
3dvha,7,2813,2023-12-01T22:22:07.870300,36957406,98557405
3dvha,7,2814,2023-12-01T22:22:09.730650,36994613,98594613
3dvha,7,2815,2023-12-01T22:22:11.587650,37031753,98631753
3dvha,7,2816,2023-12-01T22:22:13.441450,37068829,98668829
3dvha,7,2817,2023-12-01T22:22:15.307400,37106148,98706148
3dvha,7,2818,2023-12-01T22:22:17.168900,37143378,98743378
3dvha,7,2819,2023-12-01T22:22:19.025350,37180507,98780507
3dvha,7,2820,2023-12-01T22:22:20.907150,37218143,98818143
3dvha,7,2821,2023-12-01T22:22:22.751800,37255036,98855036
3dvha,7,2822,2023-12-01T22:22:24.615350,37292307,98892307
3dvha,7,2823,2023-12-01T22:22:26.473350,37329467,98929467
3dvha,7,2824,2023-12-01T22:22:28.327250,37366545,98966545
3dvha,7,2825,2023-12-01T22:22:30.286850,37405737,99005737
3dvha,7,2826,2023-12-01T22:22:32.075450,37441509,99041509
3dvha,7,2827,2023-12-01T22:22:34.012750,37480255,99080255
3dvha,7,2828,2023-12-01T22:22:35.832850,37516657,99116657
3dvha,7,2829,2023-12-01T22:22:37.631200,37552624,99152624
3dvha,7,2830,2023-12-01T22:22:39.491150,37589823,99189823
3dvha,7,2831,2023-12-01T22:22:41.345500,37626910,99226910
3dvha,7,2832,2023-12-01T22:22:43.208250,37664165,99264165
3dvha,7,2833,2023-12-01T22:22:45.075500,37701510,99301510
3dvha,7,2834,2023-12-01T22:22:46.934350,37738687,99338687
3dvha,7,2835,2023-12-01T22:22:48.785400,37775708,99375708
3dvha,7,2836,2023-12-01T22:22:50.640050,37812801,99412801
3dvha,7,2837,2023-12-01T22:22:52.516350,37850327,99450327
3dvha,7,2838,2023-12-01T22:22:54.380700,37887614,99487614
3dvha,7,2839,2023-12-01T22:22:56.323100,37926462,99526461
3dvha,7,2840,2023-12-01T22:22:58.158000,37963160,99563160
3dvha,7,2841,2023-12-01T22:23:00.076100,38001522,99601522
3dvha,7,2842,2023-12-01T22:23:01.943100,38038862,99638862
3dvha,7,2843,2023-12-01T22:23:03.776200,38075524,99675524
3dvha,7,2844,2023-12-01T22:23:05.675500,38113510,99713510
3dvha,7,2845,2023-12-01T22:23:07.546000,38150920,99750920
3dvha,7,2846,2023-12-01T22:23:09.412950,38188259,99788259
3dvha,7,2847,2023-12-01T22:23:11.279100,38225582,99825582
3dvha,7,2848,2023-12-01T22:23:13.163500,38263270,99863270
3dvha,7,2849,2023-12-01T22:23:15.011900,38300238,99900238
3dvha,7,2850,2023-12-01T22:23:16.875950,38337519,99937519
3dvha,7,2851,2023-12-01T22:23:18.745700,38374914,99974914
3dvha,7,2852,2023-12-01T22:23:20.599800,38411996,100011996
3dvha,7,2853,2023-12-01T22:23:22.466000,38449320,100049320
3dvha,7,2854,2023-12-01T22:23:24.327450,38486549,100086549
3dvha,7,2855,2023-12-01T22:23:26.228850,38524577,100124577
3dvha,7,2856,2023-12-01T22:23:28.086550,38561731,100161731
3dvha,7,2857,2023-12-01T22:23:29.892750,38597855,100197855
3dvha,7,2858,2023-12-01T22:23:31.760300,38635206,100235206
3dvha,7,2859,2023-12-01T22:23:33.642600,38672852,100272852
3dvha,7,2860,2023-12-01T22:23:35.508250,38710165,100310165
3dvha,7,2861,2023-12-01T22:23:37.375600,38747512,100347512
3dvha,7,2862,2023-12-01T22:23:39.247400,38784948,100384948
3dvha,7,2863,2023-12-01T22:23:41.115150,38822303,100422303
3dvha,7,2864,2023-12-01T22:23:43.005350,38860107,100460107
3dvha,7,2865,2023-12-01T22:23:44.894300,38897886,100497886
3dvha,7,2866,2023-12-01T22:23:46.727950,38934559,100534559
3dvha,7,2867,2023-12-01T22:23:48.553500,38971070,100571070
3dvha,7,2868,2023-12-01T22:23:50.409850,39008197,100608197
3dvha,7,2869,2023-12-01T22:23:52.272150,39045443,100645443
3dvha,7,2870,2023-12-01T22:23:54.224700,39084494,100684494
3dvha,7,2871,2023-12-01T22:23:56.016600,39120332,100720332
3dvha,7,2872,2023-12-01T22:23:57.918100,39158362,100758362
3dvha,7,2873,2023-12-01T22:23:59.784450,39195689,100795689
3dvha,7,2874,2023-12-01T22:24:01.642800,39232856,100832855
3dvha,7,2875,2023-12-01T22:24:03.407750,39268155,100868155
3dvha,7,2876,2023-12-01T22:24:05.269850,39305397,100905397
3dvha,7,2877,2023-12-01T22:24:07.192450,39343849,100943848
3dvha,7,2878,2023-12-01T22:24:09.088550,39381771,100981771
3dvha,7,2879,2023-12-01T22:24:10.945250,39418905,101018905
3dvha,7,2880,2023-12-01T22:24:12.807600,39456152,101056152
3dvha,7,2881,2023-12-01T22:24:14.556050,39491121,101091121
3dvha,7,2882,2023-12-01T22:24:16.415700,39528314,101128313
3dvha,7,2883,2023-12-01T22:24:18.268950,39565379,101165379
3dvha,7,2884,2023-12-01T22:24:20.124250,39602485,101202485
3dvha,7,2885,2023-12-01T22:24:22.000200,39640004,101240004
3dvha,7,2886,2023-12-01T22:24:23.849950,39676999,101276999
3dvha,7,2887,2023-12-01T22:24:25.702850,39714057,101314057
3dvha,7,2888,2023-12-01T22:24:27.548000,39750960,101350960
3dvha,7,2889,2023-12-01T22:24:29.430600,39788612,101388612
3dvha,7,2890,2023-12-01T22:24:31.221250,39824425,101424424
3dvha,7,2891,2023-12-01T22:24:33.067300,39861346,101461346
3dvha,7,2892,2023-12-01T22:24:34.917650,39898353,101498353
3dvha,7,2893,2023-12-01T22:24:36.767350,39935347,101535347
3dvha,7,2894,2023-12-01T22:24:38.618550,39972371,101572371
3dvha,7,2895,2023-12-01T22:24:40.462300,40009246,101609246
3dvha,7,2896,2023-12-01T22:24:42.301150,40046023,101646023
3dvha,7,2897,2023-12-01T22:24:44.164400,40083288,101683288
3dvha,7,2898,2023-12-01T22:24:46.002250,40120045,101720044
3dvha,7,2899,2023-12-01T22:24:47.844750,40156895,101756895
3dvha,7,2900,2023-12-01T22:24:49.686300,40193726,101793726
3dvha,7,2901,2023-12-01T22:24:51.562650,40231253,101831253
3dvha,7,2902,2023-12-01T22:24:53.403450,40268069,101868069
3dvha,7,2903,2023-12-01T22:24:55.249200,40304984,101904984
3dvha,7,2904,2023-12-01T22:24:57.095450,40341909,101941909
3dvha,7,2905,2023-12-01T22:24:58.903500,40378070,101978070
3dvha,7,2906,2023-12-01T22:25:00.777350,40415547,102015547
3dvha,7,2907,2023-12-01T22:25:02.620850,40452417,102052417
3dvha,7,2908,2023-12-01T22:25:04.401150,40488023,102088023
3dvha,7,2909,2023-12-01T22:25:06.300450,40526009,102126009
3dvha,7,2910,2023-12-01T22:25:08.120650,40562413,102162413
3dvha,7,2911,2023-12-01T22:25:09.940500,40598810,102198810
3dvha,7,2912,2023-12-01T22:25:11.785900,40635718,102235718
3dvha,7,2913,2023-12-01T22:25:13.629300,40672586,102272585
3dvha,7,2914,2023-12-01T22:25:15.486000,40709720,102309720
3dvha,7,2915,2023-12-01T22:25:17.364250,40747285,102347285
3dvha,7,2916,2023-12-01T22:25:19.214900,40784298,102384298
3dvha,7,2917,2023-12-01T22:25:21.068050,40821361,102421361
3dvha,7,2918,2023-12-01T22:25:22.919850,40858397,102458397
3dvha,7,2919,2023-12-01T22:25:24.769500,40895390,102495390
3dvha,7,2920,2023-12-01T22:25:26.623300,40932466,102532466
3dvha,7,2921,2023-12-01T22:25:28.468150,40969363,102569363
3dvha,7,2922,2023-12-01T22:25:30.337500,41006750,102606750
3dvha,7,2923,2023-12-01T22:25:32.223450,41044469,102644469
3dvha,7,2924,2023-12-01T22:25:34.076200,41081524,102681524
3dvha,7,2925,2023-12-01T22:25:35.822750,41116455,102716455
3dvha,7,2926,2023-12-01T22:25:37.685500,41153710,102753709
3dvha,7,2927,2023-12-01T22:25:38.910350,41178207,102778207
vla1,3,0,2023-12-01T21:06:59.335638,84680,8190149
vla1,3,1,2023-12-01T21:07:00.830268,113872,8219341
vla1,3,2,2023-12-01T21:07:02.386287,144263,8249732
vla1,3,3,2023-12-01T21:07:03.924028,174297,8279766
vla1,3,4,2023-12-01T21:07:05.474313,204576,8310045
vla1,3,5,2023-12-01T21:07:06.959574,233585,8339054
vla1,3,6,2023-12-01T21:07:08.501103,263693,8369162
vla1,3,7,2023-12-01T21:07:10.041455,293778,8399247
vla1,3,8,2023-12-01T21:07:11.589743,324018,8429487
vla1,3,9,2023-12-01T21:07:13.174793,354976,8460445
vla1,3,10,2023-12-01T21:07:14.653807,383863,8489332
vla1,3,11,2023-12-01T21:07:16.080905,411736,8517205
vla1,3,12,2023-12-01T21:07:17.451170,438499,8543968
vla1,3,13,2023-12-01T21:07:18.880316,466412,8571881
vla1,3,14,2023-12-01T21:07:20.380988,495722,8601191
vla1,3,15,2023-12-01T21:07:21.780233,523051,8628520
vla1,3,16,2023-12-01T21:07:23.205538,550889,8656358
vla1,3,17,2023-12-01T21:07:24.654140,579182,8684651
vla1,3,18,2023-12-01T21:07:26.076066,606954,8712423
vla1,3,19,2023-12-01T21:07:27.522210,635199,8740668
vla1,3,20,2023-12-01T21:07:28.969071,663458,8768927
vla1,3,21,2023-12-01T21:07:30.383471,691083,8796552
vla1,3,22,2023-12-01T21:07:31.849020,719707,8825176
vla1,3,23,2023-12-01T21:07:33.279855,747653,8853122
vla1,3,24,2023-12-01T21:07:34.712277,775630,8881099
vla1,3,25,2023-12-01T21:07:36.126626,803254,8908723
vla1,3,26,2023-12-01T21:07:37.571081,831466,8936935
vla1,3,27,2023-12-01T21:07:39.034377,860046,8965515
vla1,3,28,2023-12-01T21:07:40.451849,887731,8993200
vla1,3,29,2023-12-01T21:07:41.825801,914566,9020035
vla1,3,30,2023-12-01T21:07:43.151113,940451,9045920
vla1,3,31,2023-12-01T21:07:44.540425,967586,9073055
vla1,3,32,2023-12-01T21:07:45.883196,993812,9099281
vla1,3,33,2023-12-01T21:07:47.263394,1020769,9126238
vla1,3,34,2023-12-01T21:07:48.668885,1048220,9153689
vla1,3,35,2023-12-01T21:07:50.036949,1074940,9180409
vla1,3,36,2023-12-01T21:07:51.349820,1100582,9206051
vla1,3,37,2023-12-01T21:07:52.721468,1127372,9232841
vla1,3,38,2023-12-01T21:07:54.090709,1154115,9259584
vla1,3,39,2023-12-01T21:07:55.411311,1179908,9285377
vla1,3,40,2023-12-01T21:07:56.896930,1208924,9314393
vla1,3,41,2023-12-01T21:07:58.119125,1232795,9338264
vla1,3,42,2023-12-01T21:07:59.494101,1259650,9365119
vla1,3,43,2023-12-01T21:08:00.800879,1285173,9390642
vla1,3,44,2023-12-01T21:08:02.157628,1311672,9417141
vla1,3,45,2023-12-01T21:08:03.523849,1338356,9443825
vla1,3,46,2023-12-01T21:08:04.896623,1365168,9470637
vla1,3,47,2023-12-01T21:08:06.129263,1389243,9494712
vla1,3,48,2023-12-01T21:08:07.394620,1413957,9519426
vla1,3,49,2023-12-01T21:08:08.822895,1441853,9547322
vla1,3,50,2023-12-01T21:08:10.080521,1466416,9571885
vla1,3,51,2023-12-01T21:08:11.266569,1489581,9595050
vla1,3,52,2023-12-01T21:08:12.537813,1514410,9619879
vla1,3,53,2023-12-01T21:08:13.964501,1542275,9647744
vla1,3,54,2023-12-01T21:08:15.185929,1566131,9671600
vla1,3,55,2023-12-01T21:08:16.425839,1590348,9695817
vla1,3,56,2023-12-01T21:08:17.709116,1615412,9720881
vla1,3,57,2023-12-01T21:08:19.061308,1641822,9747291
vla1,3,58,2023-12-01T21:08:20.328712,1666576,9772045
vla1,3,59,2023-12-01T21:08:21.611324,1691627,9797096
vla1,3,60,2023-12-01T21:08:22.880879,1716423,9821892
vla1,3,61,2023-12-01T21:08:24.179874,1741794,9847263
vla1,3,62,2023-12-01T21:08:25.481532,1767217,9872686
vla1,3,63,2023-12-01T21:08:26.749244,1791977,9897446
vla1,3,64,2023-12-01T21:08:28.060783,1817593,9923062
vla1,3,65,2023-12-01T21:08:29.355426,1842879,9948348
vla1,3,66,2023-12-01T21:08:30.651093,1868185,9973654
vla1,3,67,2023-12-01T21:08:31.947324,1893502,9998971
vla1,3,68,2023-12-01T21:08:33.230242,1918559,10024028
vla1,3,69,2023-12-01T21:08:34.536917,1944080,10049549
vla1,3,70,2023-12-01T21:08:35.836680,1969466,10074935
vla1,3,71,2023-12-01T21:08:37.132604,1994777,10100246
vla1,3,72,2023-12-01T21:08:38.439176,2020296,10125765
vla1,3,73,2023-12-01T21:08:39.726191,2045433,10150902
vla1,3,74,2023-12-01T21:08:41.025032,2070801,10176270
vla1,3,75,2023-12-01T21:08:42.322748,2096147,10201616
vla1,3,76,2023-12-01T21:08:43.652207,2122113,10227582
vla1,3,77,2023-12-01T21:08:44.975676,2147962,10253431
vla1,3,78,2023-12-01T21:08:46.298991,2173808,10279277
vla1,3,79,2023-12-01T21:08:47.607356,2199362,10304831
vla1,3,80,2023-12-01T21:08:48.917461,2224950,10330419
vla1,3,81,2023-12-01T21:08:50.241135,2250803,10356272
vla1,3,82,2023-12-01T21:08:51.529071,2275958,10381427
vla1,3,83,2023-12-01T21:08:52.810146,2300979,10406448
vla1,3,84,2023-12-01T21:08:54.151740,2327182,10432651
vla1,3,85,2023-12-01T21:08:55.465992,2352851,10458320
vla1,3,86,2023-12-01T21:08:56.779119,2378498,10483967
vla1,3,87,2023-12-01T21:08:58.069615,2403703,10509172
vla1,3,88,2023-12-01T21:08:59.335893,2428435,10533904
vla1,3,89,2023-12-01T21:09:00.593877,2453005,10558474
vla1,3,90,2023-12-01T21:09:01.843823,2477418,10582887
vla1,3,91,2023-12-01T21:09:03.101448,2501981,10607450
vla1,3,92,2023-12-01T21:09:04.371055,2526778,10632247
vla1,3,93,2023-12-01T21:09:05.644450,2551649,10657118
vla1,3,94,2023-12-01T21:09:06.874120,2575666,10681135
vla1,3,95,2023-12-01T21:09:08.117820,2599957,10705426
vla1,3,96,2023-12-01T21:09:09.383074,2624669,10730138
vla1,3,97,2023-12-01T21:09:10.653346,2649479,10754948
vla1,3,98,2023-12-01T21:09:11.894024,2673711,10779180
vla1,3,99,2023-12-01T21:09:13.221999,2699648,10805117
vla1,3,100,2023-12-01T21:09:14.476859,2724157,10829626
vla1,3,101,2023-12-01T21:09:15.742114,2748869,10854338
vla1,3,102,2023-12-01T21:09:17.011208,2773656,10879125
vla1,3,103,2023-12-01T21:09:18.271035,2798262,10903731
vla1,3,104,2023-12-01T21:09:58.988861,175564,11699001
vla1,3,105,2023-12-01T21:10:00.232612,199856,11723293
vla1,3,106,2023-12-01T21:10:01.481431,224247,11747684
vla1,3,107,2023-12-01T21:10:02.728100,248596,11772033
vla1,3,108,2023-12-01T21:10:03.963607,272727,11796164
vla1,3,109,2023-12-01T21:10:05.250468,297861,11821298
vla1,3,110,2023-12-01T21:10:06.443786,321168,11844605
vla1,3,111,2023-12-01T21:10:07.712932,345956,11869393
vla1,3,112,2023-12-01T21:10:08.947978,370078,11893515
vla1,3,113,2023-12-01T21:10:10.204119,394612,11918049
vla1,3,114,2023-12-01T21:10:11.485348,419636,11943073
vla1,3,115,2023-12-01T21:10:12.738519,444112,11967549
vla1,3,116,2023-12-01T21:10:13.981808,468395,11991832
vla1,3,117,2023-12-01T21:10:15.136112,490940,12014377
vla1,3,118,2023-12-01T21:10:16.458506,516768,12040205
vla1,3,119,2023-12-01T21:10:17.618544,539425,12062862
vla1,3,120,2023-12-01T21:10:18.855280,563580,12087017
vla1,3,121,2023-12-01T21:10:20.107991,588047,12111484
vla1,3,122,2023-12-01T21:10:21.347082,612248,12135685
vla1,3,123,2023-12-01T21:10:22.575780,636246,12159683
vla1,3,124,2023-12-01T21:10:23.828336,660710,12184147
vla1,3,125,2023-12-01T21:10:25.070653,684974,12208411
vla1,3,126,2023-12-01T21:10:26.319063,709357,12232794
vla1,3,127,2023-12-01T21:10:27.502653,732474,12255911
vla1,3,128,2023-12-01T21:10:28.800010,757813,12281250
vla1,3,129,2023-12-01T21:10:29.934551,779972,12303409
vla1,3,130,2023-12-01T21:10:31.208151,804847,12328284
vla1,3,131,2023-12-01T21:10:32.437616,828860,12352297
vla1,3,132,2023-12-01T21:10:33.632164,852191,12375628
vla1,3,133,2023-12-01T21:10:34.945392,877840,12401277
vla1,3,134,2023-12-01T21:10:36.180234,901958,12425395
vla1,3,135,2023-12-01T21:10:37.354608,924895,12448332
vla1,3,136,2023-12-01T21:10:38.582896,948885,12472322
vla1,3,137,2023-12-01T21:10:39.814512,972940,12496377
vla1,3,138,2023-12-01T21:10:41.041315,996901,12520338
vla1,3,139,2023-12-01T21:10:42.274672,1020990,12544427
vla1,3,140,2023-12-01T21:10:43.497738,1044878,12568315
vla1,3,141,2023-12-01T21:10:44.717117,1068694,12592131
vla1,3,142,2023-12-01T21:10:46.055587,1094836,12618273
vla1,3,143,2023-12-01T21:10:47.254999,1118262,12641699
vla1,3,144,2023-12-01T21:10:48.481443,1142216,12665653
vla1,3,145,2023-12-01T21:10:49.692528,1165870,12689307
vla1,3,146,2023-12-01T21:10:50.928189,1190004,12713441
vla1,3,147,2023-12-01T21:10:52.151767,1213902,12737339
vla1,3,148,2023-12-01T21:10:53.379543,1237882,12761319
vla1,3,149,2023-12-01T21:10:54.606090,1261838,12785275
vla1,3,150,2023-12-01T21:10:55.843338,1286003,12809440
vla1,3,151,2023-12-01T21:10:57.077463,1310107,12833544
vla1,3,152,2023-12-01T21:10:58.290647,1333802,12857239
vla1,3,153,2023-12-01T21:10:59.497789,1357379,12880816
vla1,3,154,2023-12-01T21:11:00.637808,1379645,12903082
vla1,3,155,2023-12-01T21:11:01.852221,1403364,12926801
vla1,3,156,2023-12-01T21:11:03.072829,1427204,12950641
vla1,3,157,2023-12-01T21:11:04.306032,1451290,12974727
vla1,3,158,2023-12-01T21:11:05.515120,1474905,12998342
vla1,3,159,2023-12-01T21:11:06.736957,1498769,13022206
vla1,3,160,2023-12-01T21:11:07.958589,1522629,13046066
vla1,3,161,2023-12-01T21:11:09.168496,1546260,13069697
vla1,3,162,2023-12-01T21:11:10.391971,1570156,13093593
vla1,3,163,2023-12-01T21:11:11.597475,1593701,13117138
vla1,3,164,2023-12-01T21:11:12.798832,1617165,13140602
vla1,3,165,2023-12-01T21:11:52.772714,151811,13921342
vla1,3,166,2023-12-01T21:11:53.967824,175153,13944684
vla1,3,167,2023-12-01T21:11:55.166928,198573,13968104
vla1,3,168,2023-12-01T21:11:56.400234,222661,13992192
vla1,3,169,2023-12-01T21:11:57.583824,245778,14015309
vla1,3,170,2023-12-01T21:11:58.749085,268537,14038068
vla1,3,171,2023-12-01T21:11:59.958327,292155,14061686
vla1,3,172,2023-12-01T21:12:01.143658,315306,14084837
vla1,3,173,2023-12-01T21:12:02.326480,338408,14107939
vla1,3,174,2023-12-01T21:12:03.495581,361242,14130773
vla1,3,175,2023-12-01T21:12:04.677840,384333,14153864
vla1,3,176,2023-12-01T21:12:05.882115,407854,14177385
vla1,3,177,2023-12-01T21:12:07.076919,431190,14200721
vla1,3,178,2023-12-01T21:12:08.272029,454532,14224063
vla1,3,179,2023-12-01T21:12:09.586589,480207,14249738
vla1,3,180,2023-12-01T21:12:10.689795,501754,14271285
vla1,3,181,2023-12-01T21:12:11.872567,524855,14294386
vla1,3,182,2023-12-01T21:12:13.073565,548312,14317843
vla1,3,183,2023-12-01T21:12:14.253930,571366,14340897
vla1,3,184,2023-12-01T21:12:15.448887,594705,14364236
vla1,3,185,2023-12-01T21:12:16.631709,617807,14387338
vla1,3,186,2023-12-01T21:12:17.772855,640095,14409626
vla1,3,187,2023-12-01T21:12:19.021930,664491,14434022
vla1,3,188,2023-12-01T21:12:20.225693,688002,14457533
vla1,3,189,2023-12-01T21:12:21.343594,709836,14479367
vla1,3,190,2023-12-01T21:12:22.514026,732696,14502227
vla1,3,191,2023-12-01T21:12:23.655735,754995,14524526
vla1,3,192,2023-12-01T21:12:24.835741,778042,14547573
vla1,3,193,2023-12-01T21:12:25.960656,800013,14569544
vla1,3,194,2023-12-01T21:12:27.094275,822154,14591685
vla1,3,195,2023-12-01T21:12:28.192003,843594,14613125
vla1,3,196,2023-12-01T21:12:29.260189,864457,14633988
vla1,3,197,2023-12-01T21:12:30.458320,887858,14657389
vla1,3,198,2023-12-01T21:12:31.651894,911170,14680701
vla1,3,199,2023-12-01T21:12:32.776656,933138,14702669
vla1,3,200,2023-12-01T21:12:33.982723,956694,14726225
vla1,3,201,2023-12-01T21:12:35.184746,980171,14749702
vla1,3,202,2023-12-01T21:12:36.389482,1003701,14773232
vla1,3,203,2023-12-01T21:12:37.597546,1027296,14796827
vla1,3,204,2023-12-01T21:12:38.797008,1050723,14820254
vla1,3,205,2023-12-01T21:12:40.014749,1074507,14844038
vla1,3,206,2023-12-01T21:12:41.216874,1097986,14867517
vla1,3,207,2023-12-01T21:12:42.412496,1121338,14890869
vla1,3,208,2023-12-01T21:12:43.616720,1144858,14914389
vla1,3,209,2023-12-01T21:12:44.786538,1167706,14937237
vla1,3,210,2023-12-01T21:12:46.032797,1192047,14961578
vla1,3,211,2023-12-01T21:12:47.227805,1215387,14984918
vla1,3,212,2023-12-01T21:12:48.514666,1240521,15010052
vla1,3,213,2023-12-01T21:12:49.647210,1262641,15032172
vla1,3,214,2023-12-01T21:12:50.836842,1285876,15055407
vla1,3,215,2023-12-01T21:12:51.965750,1307925,15077456
vla1,3,216,2023-12-01T21:12:53.148266,1331021,15100552
vla1,3,217,2023-12-01T21:12:54.354538,1354581,15124112
vla1,3,218,2023-12-01T21:12:55.552669,1377982,15147513
vla1,3,219,2023-12-01T21:12:56.716240,1400708,15170239
vla1,3,220,2023-12-01T21:12:57.914730,1424116,15193647
vla1,3,221,2023-12-01T21:12:59.153258,1448306,15217837
vla1,3,222,2023-12-01T21:13:00.331728,1471323,15240854
vla1,3,223,2023-12-01T21:13:01.512810,1494391,15263922
vla1,3,224,2023-12-01T21:13:02.699165,1517562,15287093
vla1,3,225,2023-12-01T21:13:03.828227,1539614,15309145
vla1,3,226,2023-12-01T21:13:05.005571,1562609,15332140
vla1,3,227,2023-12-01T21:13:06.189520,1585733,15355264
vla1,3,228,2023-12-01T21:13:07.375466,1608896,15378427
vla1,3,229,2023-12-01T21:13:08.578717,1632397,15401928
vla1,3,230,2023-12-01T21:13:09.777104,1655803,15425334
vla1,3,231,2023-12-01T21:13:11.033603,1680344,15449875
vla1,3,232,2023-12-01T21:13:12.233168,1703773,15473304
vla1,3,233,2023-12-01T21:13:13.435037,1727247,15496778
vla1,3,234,2023-12-01T21:13:14.625795,1750504,15520035
vla1,3,235,2023-12-01T21:13:15.822902,1773885,15543416
vla1,3,236,2023-12-01T21:13:16.998454,1796845,15566376
vla1,3,237,2023-12-01T21:13:18.190186,1820121,15589652
vla1,3,238,2023-12-01T21:13:19.377258,1843306,15612837
vla1,3,239,2023-12-01T21:13:20.576925,1866737,15636268
vla1,3,240,2023-12-01T21:13:21.767786,1889996,15659527
vla1,3,241,2023-12-01T21:13:22.960080,1913283,15682814
vla1,3,242,2023-12-01T21:13:24.211920,1937733,15707264
vla1,3,243,2023-12-01T21:13:25.405238,1961040,15730571
vla1,3,244,2023-12-01T21:13:26.551914,1983436,15752967
vla1,3,245,2023-12-01T21:13:27.745078,2006740,15776271
vla1,3,246,2023-12-01T21:13:28.942339,2030124,15799655
vla1,3,247,2023-12-01T21:13:30.141750,2053550,15823081
vla1,3,248,2023-12-01T21:13:31.331587,2076789,15846320
vla1,3,249,2023-12-01T21:13:32.478621,2099192,15868723
vla1,3,250,2023-12-01T21:13:33.708137,2123206,15892737
vla1,3,251,2023-12-01T21:13:34.959414,2147645,15917176
vla1,3,252,2023-12-01T21:13:36.113769,2170191,15939722
vla1,3,253,2023-12-01T21:13:37.299613,2193352,15962883
vla1,3,254,2023-12-01T21:13:38.491344,2216628,15986159
vla1,3,255,2023-12-01T21:13:39.676982,2239785,16009316
vla1,3,256,2023-12-01T21:13:40.854326,2262780,16032311
vla1,3,257,2023-12-01T21:13:42.062544,2286378,16055909
vla1,3,258,2023-12-01T21:13:43.238198,2309340,16078871
vla1,3,259,2023-12-01T21:13:44.425833,2332536,16102067
vla1,3,260,2023-12-01T21:13:45.615619,2355774,16125305
vla1,3,261,2023-12-01T21:13:46.814006,2379180,16148711
vla1,3,262,2023-12-01T21:13:48.001488,2402373,16171904
vla1,3,263,2023-12-01T21:13:49.209296,2425963,16195494
vla1,3,264,2023-12-01T21:13:50.415721,2449526,16219057
vla1,3,265,2023-12-01T21:13:51.609193,2472836,16242367
vla1,3,266,2023-12-01T21:13:52.828777,2496656,16266187
vla1,3,267,2023-12-01T21:13:53.867779,2516949,16286480
vla1,3,268,2023-12-01T21:13:55.242909,2543807,16313338
vla1,3,269,2023-12-01T21:13:56.306896,2564588,16334119
vla1,3,270,2023-12-01T21:13:57.563958,2589140,16358671
vla1,3,271,2023-12-01T21:13:58.800029,2613282,16382813
vla1,3,272,2023-12-01T21:14:00.033897,2637381,16406912
vla1,3,273,2023-12-01T21:14:01.257321,2661276,16430807
vla1,3,274,2023-12-01T21:14:02.465693,2684877,16454408
vla1,3,275,2023-12-01T21:14:03.670019,2708399,16477930
vla1,3,276,2023-12-01T21:14:04.899433,2732411,16501942
vla1,3,277,2023-12-01T21:14:06.175286,2757330,16526861
vla1,3,278,2023-12-01T21:14:07.403677,2781322,16550853
vla1,3,279,2023-12-01T21:14:08.605238,2804790,16574321
vla1,3,280,2023-12-01T21:14:09.833885,2828787,16598318
vla1,3,281,2023-12-01T21:14:11.055005,2852637,16622168
vla1,3,282,2023-12-01T21:14:12.262147,2876214,16645745
vla1,3,283,2023-12-01T21:14:13.499139,2900374,16669905
vla1,3,284,2023-12-01T21:14:14.722256,2924263,16693794
vla1,3,285,2023-12-01T21:14:15.955613,2948352,16717883
vla1,3,286,2023-12-01T21:14:17.176937,2972206,16741737
vla1,3,287,2023-12-01T21:14:18.397853,2996052,16765583
vla1,3,288,2023-12-01T21:14:19.622915,3019979,16789510
vla1,3,289,2023-12-01T21:14:20.848029,3043907,16813438
vla1,3,290,2023-12-01T21:14:22.044265,3067271,16836802
vla1,3,291,2023-12-01T21:14:23.298717,3091772,16861303
vla1,3,292,2023-12-01T21:14:24.514614,3115520,16885051
vla1,3,293,2023-12-01T21:14:25.724163,3139144,16908675
vla1,3,294,2023-12-01T21:14:26.863056,3161388,16930919
vla1,3,295,2023-12-01T21:14:28.126569,3186066,16955597
vla1,3,296,2023-12-01T21:14:29.323011,3209434,16978965
vla1,3,297,2023-12-01T21:14:30.537885,3233162,17002693
vla1,3,298,2023-12-01T21:14:31.764483,3257119,17026650
vla1,3,299,2023-12-01T21:14:32.972496,3280713,17050244
vla1,3,300,2023-12-01T21:14:34.194128,3304573,17074104
vla1,3,301,2023-12-01T21:14:35.404905,3328221,17097752
vla1,3,302,2023-12-01T21:14:36.616348,3351882,17121413
vla1,3,303,2023-12-01T21:14:37.818627,3375364,17144895
vla1,3,304,2023-12-01T21:14:39.053366,3399480,17169011
vla1,3,305,2023-12-01T21:14:40.275561,3423351,17192882
vla1,3,306,2023-12-01T21:14:41.498883,3447244,17216775
vla1,3,307,2023-12-01T21:14:42.700240,3470708,17240239
vla1,3,308,2023-12-01T21:14:43.894275,3494029,17263560
vla1,3,309,2023-12-01T21:14:45.117392,3517918,17287449
vla1,3,310,2023-12-01T21:14:46.334313,3541686,17311217
vla1,3,311,2023-12-01T21:14:47.543094,3565295,17334826
vla1,3,312,2023-12-01T21:14:48.753923,3588944,17358475
vla1,3,313,2023-12-01T21:14:49.957532,3612452,17381983
vla1,3,314,2023-12-01T21:14:51.172048,3636173,17405704
vla1,3,315,2023-12-01T21:14:52.392963,3660019,17429550
vla1,3,316,2023-12-01T21:14:53.565443,3682919,17452450
vla1,3,317,2023-12-01T21:14:54.848259,3707974,17477505
vla1,3,318,2023-12-01T21:14:56.063491,3731709,17501240
vla1,3,319,2023-12-01T21:14:57.266281,3755201,17524732
vla1,3,320,2023-12-01T21:14:58.408553,3777511,17547042
vla1,3,321,2023-12-01T21:14:59.607401,3800926,17570457
vla1,3,322,2023-12-01T21:15:00.791196,3824047,17593578
vla1,3,323,2023-12-01T21:15:01.998800,3847633,17617164
vla1,3,324,2023-12-01T21:15:03.209270,3871275,17640806
vla1,3,325,2023-12-01T21:15:04.417897,3894881,17664412
vla1,3,326,2023-12-01T21:15:05.619459,3918349,17687880
vla1,3,327,2023-12-01T21:15:06.810832,3941618,17711149
vla1,3,328,2023-12-01T21:15:08.019868,3965232,17734763
vla1,3,329,2023-12-01T21:15:09.215696,3988588,17758119
vla1,3,330,2023-12-01T21:15:10.429494,4012295,17781826
vla1,3,331,2023-12-01T21:15:11.633104,4035803,17805334
vla1,3,332,2023-12-01T21:15:12.818998,4058965,17828496
vla1,3,333,2023-12-01T21:15:14.017948,4082382,17851913
vla1,3,334,2023-12-01T21:15:15.212598,4105715,17875246
vla1,3,335,2023-12-01T21:15:16.424246,4129380,17898911
vla1,3,336,2023-12-01T21:15:17.642192,4153168,17922699
vla1,3,337,2023-12-01T21:15:18.826294,4176295,17945826
vla1,3,338,2023-12-01T21:15:20.012649,4199466,17968997
vla1,3,339,2023-12-01T21:15:21.206992,4222793,17992324
vla1,3,340,2023-12-01T21:15:22.341379,4244949,18014480
vla1,3,341,2023-12-01T21:15:23.656297,4270631,18040162
vla1,3,342,2023-12-01T21:15:24.783209,4292641,18062172
vla1,3,343,2023-12-01T21:15:26.029622,4316985,18086516
vla1,3,344,2023-12-01T21:15:27.202512,4339893,18109424
vla1,3,345,2023-12-01T21:15:28.332496,4361963,18131494
vla1,3,346,2023-12-01T21:15:29.532931,4385409,18154940
vla1,3,347,2023-12-01T21:15:30.725379,4408699,18178230
vla1,3,348,2023-12-01T21:15:31.911427,4431864,18201395
vla1,3,349,2023-12-01T21:15:33.100803,4455094,18224625
vla1,3,350,2023-12-01T21:15:34.288540,4478292,18247823
vla1,3,351,2023-12-01T21:15:35.482934,4501620,18271151
vla1,3,352,2023-12-01T21:15:36.672771,4524859,18294390
vla1,3,353,2023-12-01T21:15:37.903004,4548887,18318418
vla1,3,354,2023-12-01T21:15:39.095350,4572175,18341706
vla1,3,355,2023-12-01T21:15:40.230403,4594344,18363875
vla1,3,356,2023-12-01T21:15:41.417321,4617526,18387057
vla1,3,357,2023-12-01T21:15:42.618166,4640980,18410511
vla1,3,358,2023-12-01T21:15:43.947523,4666944,18436475
vla1,3,359,2023-12-01T21:15:44.975823,4687028,18456559
vla1,3,360,2023-12-01T21:15:46.162793,4710211,18479742
vla1,3,361,2023-12-01T21:16:25.809670,211126,19254095
vla1,3,362,2023-12-01T21:16:27.014252,234653,19277622
vla1,3,363,2023-12-01T21:16:28.217708,258158,19301127
vla1,3,364,2023-12-01T21:16:29.417939,281600,19324569
vla1,3,365,2023-12-01T21:16:30.700806,306656,19349625
vla1,3,366,2023-12-01T21:16:31.769555,327530,19370499
vla1,3,367,2023-12-01T21:16:33.018067,351915,19394884
vla1,3,368,2023-12-01T21:16:34.300166,376956,19419925
vla1,3,369,2023-12-01T21:16:35.401017,398457,19441426
vla1,3,370,2023-12-01T21:16:36.609081,422052,19465021
vla1,3,371,2023-12-01T21:16:37.804806,445406,19488375
vla1,3,372,2023-12-01T21:16:39.018399,469109,19512078
vla1,3,373,2023-12-01T21:16:40.217401,492527,19535496
vla1,3,374,2023-12-01T21:16:41.418963,515995,19558964
vla1,3,375,2023-12-01T21:16:42.623955,539530,19582499
vla1,3,376,2023-12-01T21:16:43.812460,562743,19605712
vla1,3,377,2023-12-01T21:16:45.015609,586242,19629211
vla1,3,378,2023-12-01T21:16:46.218553,609737,19652706
vla1,3,379,2023-12-01T21:16:47.415404,633113,19676082
vla1,3,380,2023-12-01T21:16:48.599302,656236,19699205
vla1,3,381,2023-12-01T21:16:49.800556,679698,19722667
vla1,3,382,2023-12-01T21:16:50.996742,703061,19746030
vla1,3,383,2023-12-01T21:16:52.207571,726710,19769679
vla1,3,384,2023-12-01T21:16:53.395308,749908,19792877
vla1,3,385,2023-12-01T21:16:54.599481,773427,19816396
vla1,3,386,2023-12-01T21:16:55.802937,796932,19839901
vla1,3,387,2023-12-01T21:16:57.009567,820499,19863468
vla1,3,388,2023-12-01T21:16:58.211180,843968,19886937
vla1,3,389,2023-12-01T21:16:59.412998,867441,19910410
vla1,3,390,2023-12-01T21:17:00.606982,890761,19933730
vla1,3,391,2023-12-01T21:17:01.814995,914355,19957324
vla1,3,392,2023-12-01T21:17:02.994796,937398,19980367
vla1,3,393,2023-12-01T21:17:04.184326,960631,20003600
vla1,3,394,2023-12-01T21:17:05.481273,985962,20028931
vla1,3,395,2023-12-01T21:17:06.595180,1007718,20050687
vla1,3,396,2023-12-01T21:17:07.800684,1031263,20074232
vla1,3,397,2023-12-01T21:17:09.005779,1054800,20097769
vla1,3,398,2023-12-01T21:17:10.189625,1077922,20120891
vla1,3,399,2023-12-01T21:17:11.357139,1100725,20143694
vla1,3,400,2023-12-01T21:17:12.519737,1123432,20166401
vla1,3,401,2023-12-01T21:17:13.674553,1145987,20188956
vla1,3,402,2023-12-01T21:17:14.840735,1168764,20211733
vla1,3,403,2023-12-01T21:17:15.996934,1191346,20234315
vla1,3,404,2023-12-01T21:17:17.167007,1214199,20257168
vla1,3,405,2023-12-01T21:17:18.330988,1236933,20279902
vla1,3,406,2023-12-01T21:17:19.481657,1259407,20302376
vla1,3,407,2023-12-01T21:17:20.639494,1282021,20324990
vla1,3,408,2023-12-01T21:17:21.822009,1305117,20348086
vla1,3,409,2023-12-01T21:17:23.006623,1328254,20371223
vla1,3,410,2023-12-01T21:17:24.197740,1351518,20394487
vla1,3,411,2023-12-01T21:17:25.382355,1374655,20417624
vla1,3,412,2023-12-01T21:17:26.566457,1397782,20440751
vla1,3,413,2023-12-01T21:17:27.758956,1421073,20464042
vla1,3,414,2023-12-01T21:17:28.950380,1444343,20487312
vla1,3,415,2023-12-01T21:17:30.144825,1467672,20510641
vla1,3,416,2023-12-01T21:17:31.298310,1490201,20533170
vla1,3,417,2023-12-01T21:17:32.485587,1513390,20556359
vla1,3,418,2023-12-01T21:17:33.671839,1536559,20579528
vla1,3,419,2023-12-01T21:17:34.859987,1559765,20602734
vla1,3,420,2023-12-01T21:17:36.129235,1584555,20627524
vla1,3,421,2023-12-01T21:17:37.312006,1607656,20650625
vla1,3,422,2023-12-01T21:17:38.485510,1630576,20673545
vla1,3,423,2023-12-01T21:17:39.683590,1653976,20696945
vla1,3,424,2023-12-01T21:17:40.823967,1676249,20719218
vla1,3,425,2023-12-01T21:17:42.021996,1699648,20742617
vla1,3,426,2023-12-01T21:17:43.181983,1722304,20765273
vla1,3,427,2023-12-01T21:17:44.386310,1745826,20788795
vla1,3,428,2023-12-01T21:17:45.599084,1769513,20812482
vla1,3,429,2023-12-01T21:17:46.751903,1792029,20834998
vla1,3,430,2023-12-01T21:17:47.940614,1815246,20858215
vla1,3,431,2023-12-01T21:17:49.127174,1838421,20881390
vla1,3,432,2023-12-01T21:17:50.308563,1861495,20904464
vla1,3,433,2023-12-01T21:17:51.504748,1884858,20927827
vla1,3,434,2023-12-01T21:17:52.684140,1907893,20950862
vla1,3,435,2023-12-01T21:17:53.852166,1930706,20973675
vla1,3,436,2023-12-01T21:17:55.047737,1954057,20997026
vla1,3,437,2023-12-01T21:17:56.236959,1977284,21020253
vla1,3,438,2023-12-01T21:17:57.395820,1999918,21042887
vla1,3,439,2023-12-01T21:17:58.620063,2023829,21066798
vla1,3,440,2023-12-01T21:17:59.836934,2047596,21090565
vla1,3,441,2023-12-01T21:18:01.060102,2071486,21114455
vla1,3,442,2023-12-01T21:18:02.274873,2095212,21138181
vla1,3,443,2023-12-01T21:18:03.493535,2119014,21161983
vla1,3,444,2023-12-01T21:18:04.719315,2142955,21185924
vla1,3,445,2023-12-01T21:18:05.949958,2166991,21209960
vla1,3,446,2023-12-01T21:18:07.175327,2190924,21233893
vla1,3,447,2023-12-01T21:18:08.392403,2214695,21257664
vla1,3,448,2023-12-01T21:18:09.613574,2238546,21281515
vla1,3,449,2023-12-01T21:18:49.842635,94583,22067238
vla1,3,450,2023-12-01T21:18:51.067902,118514,22091169
vla1,3,451,2023-12-01T21:18:52.292402,142430,22115085
vla1,3,452,2023-12-01T21:18:53.511166,166234,22138889
vla1,3,453,2023-12-01T21:18:54.733003,190098,22162753
vla1,3,454,2023-12-01T21:18:55.952587,213918,22186573
vla1,3,455,2023-12-01T21:18:57.167870,237654,22210309
vla1,3,456,2023-12-01T21:18:58.376805,261266,22233921
vla1,3,457,2023-12-01T21:18:59.596542,285089,22257744
vla1,3,458,2023-12-01T21:19:00.828261,309146,22281801
vla1,3,459,2023-12-01T21:19:02.054398,333094,22305749
vla1,3,460,2023-12-01T21:19:03.281816,357067,22329722
vla1,3,461,2023-12-01T21:19:04.586136,382542,22355197
vla1,3,462,2023-12-01T21:19:05.759026,405450,22378105
vla1,3,463,2023-12-01T21:19:06.878872,427322,22399977
vla1,3,464,2023-12-01T21:19:08.074546,450675,22423330
vla1,3,465,2023-12-01T21:19:09.269349,474011,22446666
vla1,3,466,2023-12-01T21:19:10.501221,498071,22470726
vla1,3,467,2023-12-01T21:19:11.698123,521448,22494103
vla1,3,468,2023-12-01T21:19:12.897944,544882,22517537
vla1,3,469,2023-12-01T21:19:14.083992,568047,22540702
vla1,3,470,2023-12-01T21:19:15.289854,591599,22564254
vla1,3,471,2023-12-01T21:19:16.474213,614731,22587386
vla1,3,472,2023-12-01T21:19:17.668350,638054,22610709
vla1,3,473,2023-12-01T21:19:18.858392,661297,22633952
vla1,3,474,2023-12-01T21:19:20.056677,684701,22657356
vla1,3,475,2023-12-01T21:19:21.217688,707377,22680032
vla1,3,476,2023-12-01T21:19:22.414539,730753,22703408
vla1,3,477,2023-12-01T21:19:23.688395,755633,22728288
vla1,3,478,2023-12-01T21:19:24.924005,779766,22752421
vla1,3,479,2023-12-01T21:19:26.062386,802000,22774655
vla1,3,480,2023-12-01T21:19:27.137227,822993,22795648
vla1,3,481,2023-12-01T21:19:28.365566,846984,22819639
vla1,3,482,2023-12-01T21:19:29.591653,870931,22843586
vla1,3,483,2023-12-01T21:19:30.815230,894829,22867484
vla1,3,484,2023-12-01T21:19:32.049304,918932,22891587
vla1,3,485,2023-12-01T21:19:33.283480,943037,22915692
vla1,3,486,2023-12-01T21:19:34.508952,966972,22939627
vla1,3,487,2023-12-01T21:19:35.741950,991054,22963709
vla1,3,488,2023-12-01T21:19:36.941208,1014477,22987132
vla1,3,489,2023-12-01T21:19:38.162379,1038328,23010983
vla1,3,490,2023-12-01T21:19:39.406488,1062627,23035282
vla1,3,491,2023-12-01T21:19:40.606667,1086068,23058723
vla1,3,492,2023-12-01T21:19:41.830757,1109976,23082631
vla1,3,493,2023-12-01T21:19:43.046706,1133725,23106380
vla1,3,494,2023-12-01T21:19:44.264139,1157503,23130158
vla1,3,495,2023-12-01T21:19:45.527448,1182177,23154832
vla1,3,496,2023-12-01T21:19:46.745496,1205967,23178622
vla1,3,497,2023-12-01T21:19:47.939480,1229287,23201942
vla1,3,498,2023-12-01T21:19:49.162750,1253179,23225834
vla1,3,499,2023-12-01T21:19:50.386584,1277082,23249737
vla1,3,500,2023-12-01T21:19:51.604120,1300862,23273517
vla1,3,501,2023-12-01T21:19:52.826930,1324745,23297400
vla1,3,502,2023-12-01T21:19:54.047077,1348576,23321231
vla1,3,503,2023-12-01T21:19:55.265893,1372381,23345036
vla1,3,504,2023-12-01T21:19:56.538725,1397241,23369896
vla1,3,505,2023-12-01T21:19:57.694309,1419811,23392466
vla1,3,506,2023-12-01T21:19:58.911026,1443575,23416230
vla1,3,507,2023-12-01T21:20:00.140542,1467589,23440244
vla1,3,508,2023-12-01T21:20:01.367090,1491545,23464200
vla1,3,509,2023-12-01T21:20:02.590616,1515442,23488097
vla1,3,510,2023-12-01T21:20:03.827198,1539594,23512249
vla1,3,511,2023-12-01T21:20:05.058558,1563644,23536299
vla1,3,512,2023-12-01T21:20:06.285515,1587608,23560263
vla1,3,513,2023-12-01T21:20:07.504485,1611416,23584071
vla1,3,514,2023-12-01T21:20:08.728165,1635316,23607971
vla1,3,515,2023-12-01T21:20:09.948158,1659144,23631799
vla1,3,516,2023-12-01T21:20:11.168817,1682985,23655640
vla1,3,517,2023-12-01T21:20:12.393573,1706906,23679561
vla1,3,518,2023-12-01T21:20:13.623857,1730935,23703590
vla1,3,519,2023-12-01T21:20:14.855320,1754987,23727642
vla1,3,520,2023-12-01T21:20:16.072856,1778767,23751422
vla1,3,521,2023-12-01T21:20:17.295409,1802645,23775300
vla1,3,522,2023-12-01T21:20:18.504549,1826261,23798916
vla1,3,523,2023-12-01T21:20:19.719013,1849981,23822636
vla1,3,524,2023-12-01T21:20:20.938085,1873791,23846446
vla1,3,525,2023-12-01T21:20:22.150961,1897480,23870135
vla1,3,526,2023-12-01T21:20:23.405259,1921978,23894633
vla1,3,527,2023-12-01T21:20:24.628990,1945879,23918534
vla1,3,528,2023-12-01T21:20:25.850059,1969728,23942383
vla1,3,529,2023-12-01T21:20:27.078347,1993718,23966373
vla1,3,530,2023-12-01T21:20:28.301054,2017599,23990254
vla1,3,531,2023-12-01T21:20:29.522737,2041460,24014115
vla1,3,532,2023-12-01T21:20:30.741963,2065273,24037928
vla1,3,533,2023-12-01T21:20:31.929137,2088460,24061115
vla1,3,534,2023-12-01T21:20:33.141041,2112130,24084785
vla1,3,535,2023-12-01T21:20:34.362264,2135982,24108637
vla1,3,536,2023-12-01T21:20:35.576369,2159695,24132350
vla1,3,537,2023-12-01T21:20:36.784741,2183296,24155951
vla1,3,538,2023-12-01T21:20:37.991422,2206864,24179519
vla1,3,539,2023-12-01T21:20:39.200101,2230471,24203126
vla1,3,540,2023-12-01T21:20:40.405451,2254013,24226668
vla1,3,541,2023-12-01T21:20:41.623755,2277808,24250463
vla1,3,542,2023-12-01T21:20:42.839960,2301562,24274217
vla1,3,543,2023-12-01T21:20:44.055909,2325311,24297966
vla1,3,544,2023-12-01T21:20:45.273393,2349090,24321745
vla1,3,545,2023-12-01T21:20:46.461489,2372295,24344950
vla1,3,546,2023-12-01T21:20:47.674878,2395994,24368649
vla1,3,547,2023-12-01T21:20:48.895179,2419828,24392483
vla1,3,548,2023-12-01T21:20:50.113944,2443632,24416287
vla1,3,549,2023-12-01T21:20:51.319448,2467177,24439832
vla1,3,550,2023-12-01T21:20:52.561509,2491436,24464091
vla1,3,551,2023-12-01T21:20:53.753752,2514722,24487377
vla1,3,552,2023-12-01T21:20:54.981323,2538698,24511353
vla1,3,553,2023-12-01T21:20:56.186929,2562245,24534900
vla1,3,554,2023-12-01T21:20:57.404056,2586017,24558672
vla1,3,555,2023-12-01T21:20:58.622462,2609814,24582469
vla1,3,556,2023-12-01T21:20:59.852235,2633833,24606488
vla1,3,557,2023-12-01T21:21:01.076581,2657746,24630401
vla1,3,558,2023-12-01T21:21:02.295345,2681550,24654205
vla1,3,559,2023-12-01T21:21:03.511294,2705299,24677954
vla1,3,560,2023-12-01T21:21:04.745009,2729395,24702050
vla1,3,561,2023-12-01T21:21:05.954456,2753017,24725672
vla1,3,562,2023-12-01T21:21:07.155659,2776478,24749133
vla1,3,563,2023-12-01T21:21:08.347697,2799760,24772415
vla1,3,564,2023-12-01T21:21:09.564209,2823520,24796175
vla1,3,565,2023-12-01T21:21:10.792037,2847501,24820156
vla1,3,566,2023-12-01T21:21:11.999845,2871091,24843746
vla1,3,567,2023-12-01T21:21:13.206731,2894663,24867318
vla1,3,568,2023-12-01T21:21:14.370712,2917397,24890052
vla1,3,569,2023-12-01T21:21:15.609035,2941583,24914238
vla1,3,570,2023-12-01T21:21:16.815205,2965141,24937796
vla1,3,571,2023-12-01T21:21:18.021528,2988702,24961357
vla1,3,572,2023-12-01T21:21:19.221041,3012130,24984785
vla1,3,573,2023-12-01T21:21:20.400075,3035158,25007813
vla1,3,574,2023-12-01T21:21:21.612645,3058841,25031496
vla1,3,575,2023-12-01T21:21:22.783947,3081718,25054373
vla1,3,576,2023-12-01T21:21:24.089137,3107210,25079865
vla1,3,577,2023-12-01T21:21:25.239243,3129673,25102328
vla1,3,578,2023-12-01T21:21:26.450737,3153335,25125990
vla1,3,579,2023-12-01T21:21:27.654757,3176851,25149506
vla1,3,580,2023-12-01T21:21:28.859697,3200385,25173040
vla1,3,581,2023-12-01T21:21:30.040523,3223448,25196103
vla1,3,582,2023-12-01T21:21:31.249253,3247056,25219711
vla1,3,583,2023-12-01T21:21:32.492337,3271335,25243990
vla1,3,584,2023-12-01T21:21:33.702398,3294969,25267624
vla1,3,585,2023-12-01T21:21:34.874417,3317860,25290515
vla1,3,586,2023-12-01T21:21:36.078693,3341381,25314036
vla1,3,587,2023-12-01T21:21:37.276005,3364766,25337421
vla1,3,588,2023-12-01T21:21:38.467326,3388034,25360689
vla1,3,589,2023-12-01T21:21:39.665816,3411442,25384097
vla1,3,590,2023-12-01T21:21:40.881560,3435187,25407842
vla1,3,591,2023-12-01T21:21:42.082097,3458635,25431290
vla1,3,592,2023-12-01T21:21:43.285912,3482147,25454802
vla1,3,593,2023-12-01T21:21:44.483429,3505536,25478191
vla1,3,594,2023-12-01T21:21:45.666046,3528634,25501289
vla1,3,595,2023-12-01T21:21:46.868427,3552118,25524773
vla1,3,596,2023-12-01T21:21:48.060875,3575408,25548063
vla1,3,597,2023-12-01T21:21:49.257317,3598776,25571431
vla1,3,598,2023-12-01T21:21:50.436145,3621800,25594455
vla1,3,599,2023-12-01T21:21:51.625880,3645037,25617692
vla1,3,600,2023-12-01T21:21:52.822373,3668406,25641061
vla1,3,601,2023-12-01T21:21:54.012824,3691657,25664312
vla1,3,602,2023-12-01T21:21:55.200203,3714848,25687503
vla1,3,603,2023-12-01T21:21:56.404171,3738363,25711018
vla1,3,604,2023-12-01T21:21:57.594981,3761621,25734276
vla1,3,605,2023-12-01T21:21:58.786609,3784895,25757550
vla1,3,606,2023-12-01T21:22:00.003326,3808659,25781314
vla1,3,607,2023-12-01T21:22:01.140683,3830873,25803528
vla1,3,608,2023-12-01T21:22:02.303179,3853578,25826233
vla1,3,609,2023-12-01T21:22:03.491224,3876782,25849437
vla1,3,610,2023-12-01T21:22:04.704664,3900482,25873137
vla1,3,611,2023-12-01T21:22:05.869464,3923232,25895887
vla1,3,612,2023-12-01T21:22:07.063960,3946562,25919217
vla1,3,613,2023-12-01T21:22:08.252158,3969769,25942424
vla1,3,614,2023-12-01T21:22:09.476555,3993683,25966338
vla1,3,615,2023-12-01T21:22:10.666699,4016928,25989583
vla1,3,616,2023-12-01T21:22:11.856894,4040174,26012829
vla1,3,617,2023-12-01T21:22:13.046065,4063400,26036055
vla1,3,618,2023-12-01T21:22:14.233803,4086598,26059253
vla1,3,619,2023-12-01T21:22:15.416216,4109692,26082347
vla1,3,620,2023-12-01T21:22:16.639128,4133577,26106232
vla1,3,621,2023-12-01T21:22:17.819441,4156630,26129285
vla1,3,622,2023-12-01T21:22:18.958744,4178882,26151537
vla1,3,623,2023-12-01T21:22:20.145099,4202053,26174708
vla1,3,624,2023-12-01T21:22:21.337393,4225340,26197995
vla1,3,625,2023-12-01T21:22:22.524516,4248526,26221181
vla1,3,626,2023-12-01T21:22:23.731403,4272098,26244753
vla1,3,627,2023-12-01T21:22:24.903166,4294984,26267639
vla1,3,628,2023-12-01T21:22:26.089163,4318148,26290803
vla1,3,629,2023-12-01T21:22:27.281560,4341437,26314092
vla1,3,630,2023-12-01T21:22:28.463819,4364528,26337183
vla1,3,631,2023-12-01T21:22:29.655755,4387808,26360463
vla1,3,632,2023-12-01T21:22:30.841547,4410968,26383623
vla1,3,633,2023-12-01T21:22:32.028363,4434148,26406803
vla1,3,634,2023-12-01T21:22:33.219633,4457415,26430070
vla1,3,635,2023-12-01T21:22:34.386481,4480205,26452860
vla1,3,636,2023-12-01T21:22:35.565873,4503240,26475895
vla1,3,637,2023-12-01T21:22:36.775064,4526857,26499512
vla1,3,638,2023-12-01T21:22:37.952715,4549858,26522513
vla1,3,639,2023-12-01T21:22:39.123710,4572729,26545384
vla1,3,640,2023-12-01T21:22:40.281547,4595343,26567998
vla1,3,641,2023-12-01T21:22:41.463755,4618433,26591088
vla1,3,642,2023-12-01T21:22:42.666443,4641923,26614578
vla1,3,643,2023-12-01T21:22:43.890072,4665822,26638477
vla1,3,644,2023-12-01T21:22:45.092248,4689302,26661957
vla1,3,645,2023-12-01T21:22:46.293553,4712765,26685420
vla1,3,646,2023-12-01T21:22:47.496241,4736255,26708910
vla1,3,647,2023-12-01T21:22:48.718488,4760127,26732782
vla1,3,648,2023-12-01T21:22:49.918104,4783557,26756212
vla1,3,649,2023-12-01T21:22:51.121252,4807056,26779711
vla1,3,650,2023-12-01T21:22:52.327524,4830616,26803271
vla1,3,651,2023-12-01T21:22:53.531032,4854122,26826777
vla1,3,652,2023-12-01T21:22:54.735972,4877656,26850311
vla1,3,653,2023-12-01T21:22:55.943320,4901237,26873892
vla1,3,654,2023-12-01T21:22:57.134539,4924503,26897158
vla1,3,655,2023-12-01T21:22:58.332568,4947902,26920557
vla1,3,656,2023-12-01T21:22:59.577188,4972211,26944866
vla1,3,657,2023-12-01T21:23:00.713368,4994402,26967057
vla1,3,658,2023-12-01T21:23:01.920715,5017983,26990638
vla1,3,659,2023-12-01T21:23:03.137790,5041754,27014409
vla1,3,660,2023-12-01T21:23:04.360907,5065643,27038298
vla1,3,661,2023-12-01T21:23:05.571736,5089292,27061947
vla1,3,662,2023-12-01T21:23:06.775704,5112807,27085462
vla1,3,663,2023-12-01T21:23:07.963953,5136015,27108670
vla1,3,664,2023-12-01T21:23:09.165208,5159477,27132132
vla1,3,665,2023-12-01T21:23:10.376753,5183140,27155795
vla1,3,666,2023-12-01T21:23:11.577035,5206583,27179238
vla1,3,667,2023-12-01T21:23:12.784996,5230176,27202831
vla1,3,668,2023-12-01T21:23:13.986660,5253646,27226301
vla1,3,669,2023-12-01T21:23:15.183563,5277023,27249678
vla1,3,670,2023-12-01T21:23:16.443800,5301637,27274292
vla1,3,671,2023-12-01T21:23:17.691083,5325998,27298653
vla1,3,672,2023-12-01T21:23:18.955416,5350692,27323347
vla1,3,673,2023-12-01T21:23:20.215243,5375298,27347953
vla1,3,674,2023-12-01T21:23:21.477732,5399956,27372611
vla1,3,675,2023-12-01T21:23:22.736331,5424538,27397193
vla1,3,676,2023-12-01T21:23:23.997745,5449175,27421830
vla1,3,677,2023-12-01T21:23:25.258238,5473794,27446449
vla1,3,678,2023-12-01T21:23:26.521854,5498474,27471129
vla1,3,679,2023-12-01T21:23:27.790641,5523255,27495910
vla1,3,680,2023-12-01T21:23:29.044683,5547748,27520403
vla1,3,681,2023-12-01T21:23:30.296472,5572197,27544852
vla1,3,682,2023-12-01T21:23:31.540888,5596502,27569157
vla1,3,683,2023-12-01T21:23:32.830257,5621685,27594340
vla1,3,684,2023-12-01T21:23:34.067249,5645845,27618500
vla1,3,685,2023-12-01T21:23:35.319243,5670298,27642953
vla1,3,686,2023-12-01T21:23:36.517784,5693707,27666362
vla1,3,687,2023-12-01T21:23:37.770545,5718175,27690830
vla1,3,688,2023-12-01T21:23:39.018136,5742542,27715197
vla1,3,689,2023-12-01T21:23:40.262756,5766851,27739506
vla1,3,690,2023-12-01T21:23:41.513470,5791279,27763934
vla1,3,691,2023-12-01T21:23:42.760856,5815642,27788297
vla1,3,692,2023-12-01T21:23:43.980081,5839455,27812110
vla1,3,693,2023-12-01T21:23:45.242980,5864121,27836776
vla1,3,694,2023-12-01T21:23:46.470040,5888087,27860742
vla1,3,695,2023-12-01T21:23:47.713329,5912370,27885025
vla1,3,696,2023-12-01T21:23:48.956158,5936644,27909299
vla1,3,697,2023-12-01T21:23:50.200625,5960950,27933605
vla1,3,698,2023-12-01T21:23:51.438897,5985135,27957790
vla1,3,699,2023-12-01T21:23:52.682904,6009432,27982087
vla1,3,700,2023-12-01T21:23:53.923019,6033653,28006308
vla1,3,701,2023-12-01T21:23:55.165643,6057923,28030578
vla1,3,702,2023-12-01T21:23:56.409649,6082220,28054875
vla1,3,703,2023-12-01T21:23:57.650020,6106446,28079101
vla1,3,704,2023-12-01T21:23:58.900888,6130877,28103532
vla1,3,705,2023-12-01T21:24:00.133528,6154952,28127607
vla1,3,706,2023-12-01T21:24:01.379428,6179286,28151941
vla1,3,707,2023-12-01T21:24:02.618110,6203479,28176134
vla1,3,708,2023-12-01T21:24:03.850494,6227549,28200204
vla1,3,709,2023-12-01T21:24:05.084568,6251652,28224307
vla1,3,710,2023-12-01T21:24:06.312548,6275636,28248291
vla1,3,711,2023-12-01T21:24:07.567460,6300146,28272801
vla1,3,712,2023-12-01T21:24:08.805476,6324326,28296981
vla1,3,713,2023-12-01T21:24:10.021579,6348078,28320733
vla1,3,714,2023-12-01T21:24:11.230052,6371681,28344336
vla1,3,715,2023-12-01T21:24:12.445847,6395427,28368082
vla1,3,716,2023-12-01T21:24:13.693079,6419787,28392442
vla1,3,717,2023-12-01T21:24:14.931659,6443978,28416633
vla1,3,718,2023-12-01T21:24:16.166244,6468091,28440746
vla1,3,719,2023-12-01T21:24:17.400727,6492202,28464857
vla1,3,720,2023-12-01T21:24:18.652363,6516648,28489303
vla1,3,721,2023-12-01T21:24:19.910449,6541220,28513875
vla1,3,722,2023-12-01T21:24:21.144574,6565324,28537979
vla1,3,723,2023-12-01T21:24:22.357502,6589014,28561669
vla1,3,724,2023-12-01T21:24:23.592958,6613144,28585799
vla1,3,725,2023-12-01T21:24:24.833278,6637369,28610024
vla1,3,726,2023-12-01T21:24:26.079639,6661712,28634367
vla1,3,727,2023-12-01T21:24:27.300503,6685557,28658212
vla1,3,728,2023-12-01T21:24:28.535089,6709670,28682325
vla1,3,729,2023-12-01T21:24:29.774027,6733868,28706523
vla1,3,730,2023-12-01T21:24:31.010711,6758022,28730677
vla1,3,731,2023-12-01T21:24:32.244939,6782128,28754783
vla1,3,732,2023-12-01T21:24:33.480139,6806253,28778908
vla1,3,733,2023-12-01T21:24:34.715031,6830372,28803027
vla1,3,734,2023-12-01T21:24:35.969278,6854869,28827524
vla1,3,735,2023-12-01T21:24:37.201611,6878938,28851593
vla1,3,736,2023-12-01T21:24:38.403223,6902407,28875062
vla1,3,737,2023-12-01T21:24:39.663307,6927018,28899673
vla1,3,738,2023-12-01T21:24:40.900196,6951176,28923831
vla1,3,739,2023-12-01T21:24:42.083070,6974279,28946934
vla1,3,740,2023-12-01T21:24:43.316273,6998365,28971020
vla1,3,741,2023-12-01T21:24:44.547940,7022421,28995076
vla1,3,742,2023-12-01T21:24:45.783550,7046554,29019209
vla1,3,743,2023-12-01T21:25:27.154179,139730,29827230
vla1,3,744,2023-12-01T21:25:28.391222,163891,29851391
vla1,3,745,2023-12-01T21:25:29.653353,188542,29876042
vla1,3,746,2023-12-01T21:25:30.852559,211964,29899464
vla1,3,747,2023-12-01T21:25:32.124367,236804,29924304
vla1,3,748,2023-12-01T21:25:33.358390,260906,29948406
vla1,3,749,2023-12-01T21:25:34.592463,285009,29972509
vla1,3,750,2023-12-01T21:25:35.829046,309161,29996661
vla1,3,751,2023-12-01T21:25:37.065372,333308,30020808
vla1,3,752,2023-12-01T21:25:38.300214,357426,30044926
vla1,3,753,2023-12-01T21:25:39.536591,381574,30069074
vla1,3,754,2023-12-01T21:25:40.801846,406286,30093786
vla1,3,755,2023-12-01T21:25:42.039145,430452,30117952
vla1,3,756,2023-12-01T21:25:43.276137,454612,30142112
vla1,3,757,2023-12-01T21:25:44.520297,478912,30166412
vla1,3,758,2023-12-01T21:25:45.721910,502381,30189881
vla1,3,759,2023-12-01T21:25:46.957161,526507,30214007
vla1,3,760,2023-12-01T21:25:48.233628,551438,30238938
vla1,3,761,2023-12-01T21:25:49.465859,575505,30263005
vla1,3,762,2023-12-01T21:25:50.667625,598977,30286477
vla1,3,763,2023-12-01T21:25:51.893660,622923,30310423
vla1,3,764,2023-12-01T21:25:53.132239,647114,30334614
vla1,3,765,2023-12-01T21:25:54.366569,671222,30358722
vla1,3,766,2023-12-01T21:25:55.640835,696110,30383610
vla1,3,767,2023-12-01T21:25:56.831081,719357,30406857
vla1,3,768,2023-12-01T21:25:58.054607,743254,30430754
vla1,3,769,2023-12-01T21:25:59.285967,767304,30454804
vla1,3,770,2023-12-01T21:26:00.530127,791604,30479104
vla1,3,771,2023-12-01T21:26:01.804649,816497,30503997
vla1,3,772,2023-12-01T21:26:03.039900,840623,30528123
vla1,3,773,2023-12-01T21:26:04.244431,864149,30551649
vla1,3,774,2023-12-01T21:26:05.482089,888322,30575822
vla1,3,775,2023-12-01T21:26:06.720003,912500,30600000
vla1,3,776,2023-12-01T21:26:07.941583,936359,30623859
vla1,3,777,2023-12-01T21:26:09.174019,960430,30647930
vla1,3,778,2023-12-01T21:26:10.410038,984571,30672071
vla1,3,779,2023-12-01T21:26:11.655017,1008887,30696387
vla1,3,780,2023-12-01T21:26:12.886633,1032942,30720442
vla1,3,781,2023-12-01T21:26:14.147228,1057563,30745063
vla1,3,782,2023-12-01T21:26:15.379561,1081632,30769132
vla1,3,783,2023-12-01T21:26:16.579279,1105064,30792564
vla1,3,784,2023-12-01T21:26:17.850831,1129899,30817399
vla1,3,785,2023-12-01T21:26:19.084239,1153989,30841489
vla1,3,786,2023-12-01T21:26:20.321283,1178150,30865650
vla1,3,787,2023-12-01T21:26:21.518646,1201536,30889036
vla1,3,788,2023-12-01T21:26:22.790761,1226382,30913882
vla1,3,789,2023-12-01T21:26:23.978703,1249584,30937084
vla1,3,790,2023-12-01T21:26:25.240732,1274233,30961733
vla1,3,791,2023-12-01T21:26:26.442140,1297698,30985198
vla1,3,792,2023-12-01T21:26:27.677494,1321826,31009326
vla1,3,793,2023-12-01T21:26:28.913155,1345960,31033460
vla1,3,794,2023-12-01T21:26:30.147843,1370075,31057575
vla1,3,795,2023-12-01T21:26:31.394307,1394420,31081920
vla1,3,796,2023-12-01T21:26:32.621571,1418390,31105890
vla1,3,797,2023-12-01T21:26:33.857897,1442537,31130037
vla1,3,798,2023-12-01T21:26:35.094991,1466699,31154199
vla1,3,799,2023-12-01T21:26:36.331369,1490847,31178347
vla1,3,800,2023-12-01T21:26:37.564316,1514928,31202428
vla1,3,801,2023-12-01T21:26:38.797059,1539005,31226505
vla1,3,802,2023-12-01T21:26:40.030671,1563099,31250599
vla1,3,803,2023-12-01T21:26:41.265513,1587217,31274717
vla1,3,804,2023-12-01T21:26:42.500611,1611340,31298840
vla1,3,805,2023-12-01T21:26:43.735657,1635462,31322962
vla1,3,806,2023-12-01T21:26:44.973622,1659641,31347141
vla1,3,807,2023-12-01T21:26:46.209948,1683788,31371288
vla1,3,808,2023-12-01T21:26:47.405110,1707131,31394631
vla1,3,809,2023-12-01T21:26:48.670364,1731843,31419343
vla1,3,810,2023-12-01T21:26:49.877404,1755418,31442918
vla1,3,811,2023-12-01T21:26:51.113628,1779563,31467063
vla1,3,812,2023-12-01T21:26:52.352361,1803757,31491257
vla1,3,813,2023-12-01T21:26:53.588227,1827895,31515395
vla1,3,814,2023-12-01T21:26:54.828188,1852113,31539613
vla1,3,815,2023-12-01T21:26:56.116483,1877275,31564775
vla1,3,816,2023-12-01T21:26:57.302377,1900437,31587937
vla1,3,817,2023-12-01T21:26:58.542083,1924650,31612150
vla1,3,818,2023-12-01T21:26:59.788035,1948985,31636485
vla1,3,819,2023-12-01T21:27:01.024668,1973138,31660638
vla1,3,820,2023-12-01T21:27:02.324585,1998527,31686027
vla1,3,821,2023-12-01T21:27:03.495273,2021392,31708892
vla1,3,822,2023-12-01T21:27:04.755868,2046013,31733513
vla1,3,823,2023-12-01T21:27:05.992553,2070167,31757667
vla1,3,824,2023-12-01T21:27:07.228572,2094308,31781808
vla1,3,825,2023-12-01T21:27:08.456553,2118292,31805792
vla1,3,826,2023-12-01T21:27:09.698358,2142546,31830046
vla1,3,827,2023-12-01T21:27:10.982812,2167633,31855133
vla1,3,828,2023-12-01T21:27:12.219139,2191780,31879280
vla1,3,829,2023-12-01T21:27:13.411843,2215075,31902575
vla1,3,830,2023-12-01T21:27:14.652879,2239314,31926814
vla1,3,831,2023-12-01T21:27:15.890230,2263481,31950981
vla1,3,832,2023-12-01T21:27:17.126454,2287626,31975126
vla1,3,833,2023-12-01T21:27:18.363599,2311789,31999289
vla1,3,834,2023-12-01T21:27:19.599721,2335932,32023432
vla1,3,835,2023-12-01T21:27:20.875523,2360850,32048350
vla1,3,836,2023-12-01T21:27:22.113078,2385021,32072521
vla1,3,837,2023-12-01T21:27:23.327081,2408732,32096232
vla1,3,838,2023-12-01T21:27:24.565097,2432912,32120412
vla1,3,839,2023-12-01T21:27:25.802294,2457076,32144576
vla1,3,840,2023-12-01T21:27:27.061199,2481664,32169164
vla1,3,841,2023-12-01T21:27:28.297526,2505811,32193311
vla1,3,842,2023-12-01T21:27:29.505283,2529400,32216900
vla1,3,843,2023-12-01T21:27:30.741865,2553552,32241052
vla1,3,844,2023-12-01T21:27:31.979011,2577715,32265215
vla1,3,845,2023-12-01T21:27:33.221379,2601980,32289480
vla1,3,846,2023-12-01T21:27:34.457551,2626124,32313624
vla1,3,847,2023-12-01T21:27:35.694953,2650292,32337792
vla1,3,848,2023-12-01T21:27:36.935324,2674518,32362018
vla1,3,849,2023-12-01T21:27:38.173596,2698703,32386203
vla1,3,850,2023-12-01T21:27:39.390467,2722470,32409970
vla1,3,851,2023-12-01T21:27:40.626383,2746609,32434109
vla1,3,852,2023-12-01T21:27:41.870953,2770917,32458417
vla1,3,853,2023-12-01T21:27:43.106870,2795056,32482556
vla1,3,854,2023-12-01T21:27:44.343503,2819209,32506709
vla1,3,855,2023-12-01T21:27:45.585411,2843465,32530965
vla1,3,856,2023-12-01T21:27:46.827471,2867724,32555224
vla1,3,857,2023-12-01T21:27:48.066767,2891929,32579429
vla1,3,858,2023-12-01T21:27:49.286710,2915756,32603256
vla1,3,859,2023-12-01T21:27:50.567529,2940772,32628272
vla1,3,860,2023-12-01T21:27:51.800425,2964852,32652352
vla1,3,861,2023-12-01T21:27:53.041206,2989086,32676586
vla1,3,862,2023-12-01T21:27:54.277686,3013236,32700736
vla1,3,863,2023-12-01T21:27:55.470748,3036538,32724038
vla1,3,864,2023-12-01T21:27:56.745577,3061437,32748937
vla1,3,865,2023-12-01T21:27:57.981391,3085574,32773074
vla1,3,866,2023-12-01T21:27:59.221507,3109795,32797295
vla1,3,867,2023-12-01T21:28:00.424246,3133286,32820786
vla1,3,868,2023-12-01T21:28:01.660367,3157429,32844929
vla1,3,869,2023-12-01T21:28:02.925059,3182130,32869630
vla1,3,870,2023-12-01T21:28:04.161795,3206285,32893785
vla1,3,871,2023-12-01T21:28:05.380303,3230084,32917584
vla1,3,872,2023-12-01T21:28:06.617551,3254249,32941749
vla1,3,873,2023-12-01T21:28:07.848348,3278288,32965788
vla1,3,874,2023-12-01T21:28:09.082780,3302398,32989898
vla1,3,875,2023-12-01T21:28:10.303286,3326236,33013736
vla1,3,876,2023-12-01T21:28:11.538998,3350371,33037871
vla1,3,877,2023-12-01T21:28:12.774556,3374503,33062003
vla1,3,878,2023-12-01T21:28:14.011395,3398660,33086160
vla1,3,879,2023-12-01T21:28:15.247567,3422804,33110304
vla1,3,880,2023-12-01T21:28:16.483382,3446941,33134441
vla1,3,881,2023-12-01T21:28:17.718070,3471056,33158556
vla1,3,882,2023-12-01T21:28:18.953526,3495186,33182686
vla1,3,883,2023-12-01T21:28:20.189238,3519321,33206821
vla1,3,884,2023-12-01T21:28:21.460790,3544156,33231656
vla1,3,885,2023-12-01T21:28:22.707561,3568507,33256007
vla1,3,886,2023-12-01T21:28:23.949059,3592755,33280255
vla1,3,887,2023-12-01T21:28:25.159427,3616395,33303895
vla1,3,888,2023-12-01T21:28:26.397033,3640567,33328067
vla1,3,889,2023-12-01T21:28:27.636124,3664768,33352268
vla1,3,890,2023-12-01T21:28:28.872041,3688907,33376407
vla1,3,891,2023-12-01T21:28:30.115843,3713200,33400700
vla1,3,892,2023-12-01T21:28:31.355241,3737407,33424907
vla1,3,893,2023-12-01T21:28:32.567503,3761084,33448584
vla1,3,894,2023-12-01T21:28:33.803727,3785229,33472729
vla1,3,895,2023-12-01T21:28:35.040771,3809390,33496890
vla1,3,896,2023-12-01T21:28:36.279401,3833582,33521082
vla1,3,897,2023-12-01T21:28:37.519619,3857805,33545305
vla1,3,898,2023-12-01T21:28:38.757071,3881974,33569474
vla1,3,899,2023-12-01T21:28:39.994063,3906134,33593634
vla1,3,900,2023-12-01T21:28:41.230441,3930282,33617782
vla1,3,901,2023-12-01T21:28:42.468406,3954461,33641961
vla1,3,902,2023-12-01T21:28:43.706780,3978648,33666148
vla1,3,903,2023-12-01T21:28:44.945103,4002834,33690334
vla1,3,904,2023-12-01T21:28:46.222236,4027778,33715278
vla1,3,905,2023-12-01T21:28:47.462249,4051997,33739497
vla1,3,906,2023-12-01T21:28:48.654390,4075281,33762781
vla1,3,907,2023-12-01T21:28:49.893481,4099482,33786982
vla1,3,908,2023-12-01T21:28:51.163907,4124295,33811795
vla1,3,909,2023-12-01T21:28:52.403100,4148498,33835998
vla1,3,910,2023-12-01T21:28:53.641423,4172684,33860184
vla1,3,911,2023-12-01T21:28:54.846518,4196221,33883721
vla1,3,912,2023-12-01T21:28:56.083612,4220383,33907883
vla1,3,913,2023-12-01T21:28:57.322396,4244578,33932078
vla1,3,914,2023-12-01T21:28:58.562767,4268804,33956304
vla1,3,915,2023-12-01T21:28:59.795663,4292884,33980384
vla1,3,916,2023-12-01T21:29:01.035625,4317102,34004602
vla1,3,917,2023-12-01T21:29:02.274870,4341306,34028806
vla1,3,918,2023-12-01T21:29:03.514985,4365527,34053027
vla1,3,919,2023-12-01T21:29:04.734620,4389348,34076848
vla1,3,920,2023-12-01T21:29:05.951081,4413107,34100607
vla1,3,921,2023-12-01T21:29:07.248643,4438450,34125950
vla1,3,922,2023-12-01T21:29:08.531510,4463506,34151006
vla1,3,923,2023-12-01T21:29:09.821852,4488708,34176208
vla1,3,924,2023-12-01T21:29:11.113014,4513926,34201426
vla1,3,925,2023-12-01T21:29:12.409193,4539242,34226742
vla1,3,926,2023-12-01T21:29:13.700969,4564472,34251972
vla1,3,927,2023-12-01T21:29:14.990031,4589649,34277149
vla1,3,928,2023-12-01T21:29:16.283446,4614911,34302411
vla1,3,929,2023-12-01T21:29:17.570102,4640041,34327541
vla1,3,930,2023-12-01T21:29:18.861161,4665257,34352757
vla1,3,931,2023-12-01T21:29:20.149455,4690419,34377919
vla1,3,932,2023-12-01T21:29:21.440668,4715638,34403138
vla1,3,933,2023-12-01T21:29:22.729987,4740820,34428320
vla1,3,934,2023-12-01T21:29:24.014748,4765913,34453413
vla1,3,935,2023-12-01T21:29:25.350812,4792008,34479508
vla1,3,936,2023-12-01T21:29:26.605366,4816511,34504011
vla1,3,937,2023-12-01T21:29:27.897551,4841749,34529249
vla1,3,938,2023-12-01T21:29:29.189532,4866983,34554483
vla1,3,939,2023-12-01T21:29:30.469174,4891976,34579476
vla1,3,940,2023-12-01T21:29:31.765711,4917299,34604799
vla1,3,941,2023-12-01T21:29:33.057027,4942520,34630020
vla1,3,942,2023-12-01T21:29:34.344041,4967657,34655157
vla1,3,943,2023-12-01T21:29:35.634537,4992862,34680362
vla1,3,944,2023-12-01T21:29:36.928617,5018137,34705637
vla1,3,945,2023-12-01T21:29:38.215734,5043276,34730776
vla1,3,946,2023-12-01T21:29:39.507612,5068508,34756008
vla1,3,947,2023-12-01T21:29:40.798262,5093716,34781216
vla1,3,948,2023-12-01T21:29:42.117020,5119473,34806973
vla1,3,949,2023-12-01T21:29:43.368399,5143914,34831414
vla1,3,950,2023-12-01T21:29:44.659459,5169130,34856630
vla1,3,951,2023-12-01T21:29:45.916675,5193685,34881185
vla1,3,952,2023-12-01T21:29:47.204969,5218847,34906347
vla1,3,953,2023-12-01T21:29:48.534121,5244807,34932307
vla1,3,954,2023-12-01T21:29:49.788163,5269300,34956800
vla1,3,955,2023-12-01T21:29:51.105436,5295028,34982528
vla1,3,956,2023-12-01T21:29:52.446364,5321218,35008718
vla1,3,957,2023-12-01T21:29:53.792105,5347502,35035002
vla1,3,958,2023-12-01T21:29:55.134006,5373711,35061211
vla1,3,959,2023-12-01T21:29:56.477084,5399943,35087443
vla1,3,960,2023-12-01T21:29:57.822723,5426225,35113725
vla1,3,961,2023-12-01T21:29:59.166979,5452480,35139980
vla1,3,962,2023-12-01T21:30:00.549071,5479474,35166974
vla1,3,963,2023-12-01T21:30:01.915036,5506153,35193653
vla1,3,964,2023-12-01T21:30:03.304451,5533290,35220790
vla1,3,965,2023-12-01T21:30:04.652649,5559622,35247122
vla1,3,966,2023-12-01T21:30:06.016771,5586265,35273765
vla1,3,967,2023-12-01T21:30:07.385500,5612998,35300498
vla1,3,968,2023-12-01T21:30:08.757148,5639788,35327288
vla1,3,969,2023-12-01T21:30:10.126083,5666525,35354025
vla1,3,970,2023-12-01T21:30:11.494659,5693255,35380755
vla1,3,971,2023-12-01T21:30:12.858063,5719884,35407384
vla1,3,972,2023-12-01T21:30:14.227254,5746626,35434126
vla1,3,973,2023-12-01T21:30:15.593628,5773313,35460813
vla1,3,974,2023-12-01T21:30:16.959439,5799989,35487489
vla1,3,975,2023-12-01T21:30:18.321667,5826595,35514095
vla1,3,976,2023-12-01T21:30:19.691062,5853341,35540841
vla1,3,977,2023-12-01T21:30:21.060815,5880094,35567594
vla1,3,978,2023-12-01T21:30:22.431542,5906866,35594366
vla1,3,979,2023-12-01T21:30:23.784655,5933294,35620794
vla1,3,980,2023-12-01T21:30:25.155791,5960074,35647574
vla1,3,981,2023-12-01T21:30:26.530972,5986933,35674433
vla1,3,982,2023-12-01T21:30:27.891510,6013506,35701006
vla1,3,983,2023-12-01T21:30:29.259727,6040229,35727729
vla1,3,984,2023-12-01T21:30:30.629839,6066989,35754489
vla1,3,985,2023-12-01T21:30:31.997084,6093693,35781193
vla1,3,986,2023-12-01T21:30:33.361769,6120347,35807847
vla1,3,987,2023-12-01T21:30:34.737667,6147220,35834720
vla1,3,988,2023-12-01T21:30:36.102403,6173875,35861375
vla1,3,989,2023-12-01T21:30:37.495094,6201076,35888576
vla1,3,990,2023-12-01T21:30:38.898793,6228492,35915992
vla1,3,991,2023-12-01T21:30:40.339203,6256625,35944125
vla1,3,992,2023-12-01T21:30:41.782582,6284816,35972316
vla1,3,993,2023-12-01T21:30:43.198774,6312476,35999976
vla1,3,994,2023-12-01T21:30:44.534428,6338563,36026063
vla1,3,995,2023-12-01T21:30:45.982569,6366847,36054347
vla1,3,996,2023-12-01T21:30:47.420419,6394930,36082430
vla1,3,997,2023-12-01T21:30:48.881615,6423469,36110969
vla1,3,998,2023-12-01T21:30:50.337027,6451895,36139395
vla1,3,999,2023-12-01T21:30:51.777743,6480034,36167534
vla1,3,1000,2023-12-01T21:30:53.176988,6507363,36194863
vla1,3,1001,2023-12-01T21:30:54.615913,6535467,36222967
vla1,3,1002,2023-12-01T21:30:56.054326,6563561,36251061
vla1,3,1003,2023-12-01T21:30:57.479324,6591393,36278893
vla1,3,1004,2023-12-01T21:30:58.919939,6619530,36307030
vla1,3,1005,2023-12-01T21:31:00.359683,6647650,36335150
vla1,3,1006,2023-12-01T21:31:01.799887,6675779,36363279
vla1,3,1007,2023-12-01T21:31:03.244035,6703985,36391485
vla1,3,1008,2023-12-01T21:31:04.680809,6732047,36419547
vla1,3,1009,2023-12-01T21:31:06.117737,6760112,36447612
vla1,3,1010,2023-12-01T21:31:07.576937,6788612,36476112
vla1,3,1011,2023-12-01T21:31:09.001475,6816435,36503935
vla1,3,1012,2023-12-01T21:31:10.433948,6844413,36531913
vla1,3,1013,2023-12-01T21:31:11.876201,6872582,36560082
vla1,3,1014,2023-12-01T21:31:13.318607,6900754,36588254
vla1,3,1015,2023-12-01T21:31:14.753283,6928775,36616275
vla1,3,1016,2023-12-01T21:31:16.199017,6957012,36644512
vla1,3,1017,2023-12-01T21:31:17.642550,6985206,36672706
vla1,3,1018,2023-12-01T21:31:19.066627,7013020,36700520
vla1,3,1019,2023-12-01T21:31:20.509596,7041203,36728703
vla1,3,1020,2023-12-01T21:31:21.949033,7069317,36756817
vla1,3,1021,2023-12-01T21:31:23.392668,7097513,36785013
vla1,3,1022,2023-12-01T21:31:24.833539,7125655,36813155
vla1,3,1023,2023-12-01T21:31:26.275075,7153810,36841310
vla1,3,1024,2023-12-01T21:31:27.717379,7181980,36869480
vla1,3,1025,2023-12-01T21:31:29.169001,7210332,36897832
vla1,3,1026,2023-12-01T21:32:02.381266,46509,37546509
vla1,3,1027,2023-12-01T21:32:03.813433,74481,37574481
vla1,3,1028,2023-12-01T21:32:05.251692,102572,37602572
vla1,3,1029,2023-12-01T21:32:06.684114,130549,37630549
vla1,3,1030,2023-12-01T21:32:08.123142,158655,37658655
vla1,3,1031,2023-12-01T21:32:09.567750,186870,37686870
vla1,3,1032,2023-12-01T21:32:11.012460,215087,37715087
vla1,3,1033,2023-12-01T21:32:12.457068,243302,37743302
vla1,3,1034,2023-12-01T21:32:13.947398,272410,37772410
vla1,3,1035,2023-12-01T21:32:15.391238,300610,37800610
vla1,3,1036,2023-12-01T21:32:16.836409,328836,37828836
vla1,3,1037,2023-12-01T21:32:18.247532,356397,37856397
vla1,3,1038,2023-12-01T21:32:19.690706,384584,37884584
vla1,3,1039,2023-12-01T21:32:21.131526,412725,37912725
vla1,3,1040,2023-12-01T21:32:22.569990,440820,37940820
vla1,3,1041,2023-12-01T21:32:24.018642,469114,37969114
vla1,3,1042,2023-12-01T21:32:25.471340,497487,37997487
vla1,3,1043,2023-12-01T21:32:26.919686,525775,38025775
vla1,3,1044,2023-12-01T21:32:28.371308,554127,38054127
vla1,3,1045,2023-12-01T21:32:29.808236,582192,38082192
vla1,3,1046,2023-12-01T21:32:31.256530,610479,38110479
vla1,3,1047,2023-12-01T21:32:32.704057,638751,38138751
vla1,3,1048,2023-12-01T21:32:34.147129,666936,38166936
vla1,3,1049,2023-12-01T21:32:35.583750,694995,38194995
vla1,3,1050,2023-12-01T21:32:37.030559,723253,38223253
vla1,3,1051,2023-12-01T21:32:38.478444,751532,38251532
vla1,3,1052,2023-12-01T21:32:39.930937,779901,38279901
vla1,3,1053,2023-12-01T21:32:41.379282,808189,38308189
vla1,3,1054,2023-12-01T21:32:42.851897,836951,38336951
vla1,3,1055,2023-12-01T21:32:44.346220,866137,38366137
vla1,3,1056,2023-12-01T21:32:45.845100,895412,38395412
vla1,3,1057,2023-12-01T21:32:47.347564,924757,38424757
vla1,3,1058,2023-12-01T21:32:48.838303,953873,38453873
vla1,3,1059,2023-12-01T21:32:50.342713,983256,38483256
vla1,3,1060,2023-12-01T21:32:51.804319,1011803,38511803
vla1,3,1061,2023-12-01T21:32:53.332434,1041649,38541649
vla1,3,1062,2023-12-01T21:32:54.794655,1070208,38570208
vla1,3,1063,2023-12-01T21:32:56.294201,1099496,38599496
vla1,3,1064,2023-12-01T21:32:57.796511,1128838,38628838
vla1,3,1065,2023-12-01T21:32:59.335737,1158901,38658901
vla1,3,1066,2023-12-01T21:33:00.883718,1189135,38689135
vla1,3,1067,2023-12-01T21:33:02.442246,1219575,38719575
vla1,3,1068,2023-12-01T21:33:03.986438,1249735,38749735
vla1,3,1069,2023-12-01T21:33:05.533394,1279949,38779949
vla1,3,1070,2023-12-01T21:33:07.108204,1310707,38810707
vla1,3,1071,2023-12-01T21:33:08.623314,1340299,38840299
vla1,3,1072,2023-12-01T21:33:10.161260,1370337,38870337
vla1,3,1073,2023-12-01T21:33:11.710316,1400592,38900592
vla1,3,1074,2023-12-01T21:33:13.257734,1430815,38930815
vla1,3,1075,2023-12-01T21:33:14.806636,1461067,38961067
vla1,3,1076,2023-12-01T21:33:16.349343,1491198,38991198
vla1,3,1077,2023-12-01T21:33:17.891487,1521318,39021318
vla1,3,1078,2023-12-01T21:33:19.476741,1552280,39052280
vla1,3,1079,2023-12-01T21:33:21.020319,1582428,39082428
vla1,3,1080,2023-12-01T21:33:22.523244,1611782,39111782
vla1,3,1081,2023-12-01T21:33:24.064773,1641890,39141890
vla1,3,1082,2023-12-01T21:33:25.607583,1672023,39172023
vla1,3,1083,2023-12-01T21:33:27.150393,1702156,39202156
vla1,3,1084,2023-12-01T21:33:28.689157,1732210,39232210
vla1,3,1085,2023-12-01T21:33:30.235858,1762419,39262419
vla1,3,1086,2023-12-01T21:33:31.781842,1792614,39292614
vla1,3,1087,2023-12-01T21:33:33.323474,1822724,39322724
vla1,3,1088,2023-12-01T21:33:34.838687,1852318,39352318
vla1,3,1089,2023-12-01T21:33:36.380933,1882440,39382440
vla1,3,1090,2023-12-01T21:33:37.928658,1912669,39412669
vla1,3,1091,2023-12-01T21:33:39.471877,1942810,39442810
vla1,3,1092,2023-12-01T21:33:41.031071,1973263,39473263
vla1,3,1093,2023-12-01T21:33:42.579359,2003503,39503503
vla1,3,1094,2023-12-01T21:33:44.123602,2033664,39533664
vla1,3,1095,2023-12-01T21:33:45.653765,2063550,39563550
vla1,3,1096,2023-12-01T21:33:47.195807,2093668,39593668
vla1,3,1097,2023-12-01T21:33:48.744505,2123916,39623916
vla1,3,1098,2023-12-01T21:33:50.287314,2154049,39654049
vla1,3,1099,2023-12-01T21:33:51.843385,2184441,39684441
vla1,3,1100,2023-12-01T21:33:53.424389,2215320,39715320
vla1,3,1101,2023-12-01T21:33:54.915385,2244441,39744441
vla1,3,1102,2023-12-01T21:33:56.453228,2274477,39774477
vla1,3,1103,2023-12-01T21:33:57.996959,2304628,39804628
vla1,3,1104,2023-12-01T21:33:59.537925,2334725,39834725
vla1,3,1105,2023-12-01T21:34:01.045100,2364162,39864162
vla1,3,1106,2023-12-01T21:34:02.672492,2395947,39895947
vla1,3,1107,2023-12-01T21:34:04.127647,2424368,39924368
vla1,3,1108,2023-12-01T21:34:05.671634,2454524,39954524
vla1,3,1109,2023-12-01T21:34:07.224018,2484844,39984844
vla1,3,1110,2023-12-01T21:34:08.764473,2514931,40014931
vla1,3,1111,2023-12-01T21:34:10.299193,2544906,40044906
vla1,3,1112,2023-12-01T21:34:11.840773,2575015,40075015
vla1,3,1113,2023-12-01T21:34:13.387013,2605215,40105215
vla1,3,1114,2023-12-01T21:34:14.925932,2635272,40135272
vla1,3,1115,2023-12-01T21:34:16.496645,2665950,40165950
vla1,3,1116,2023-12-01T21:34:17.987180,2695062,40195062
vla1,3,1117,2023-12-01T21:34:19.645753,2727456,40227456
vla1,3,1118,2023-12-01T21:34:21.110073,2756056,40256056
vla1,3,1119,2023-12-01T21:34:22.631378,2785769,40285769
vla1,3,1120,2023-12-01T21:34:24.174853,2815915,40315915
vla1,3,1121,2023-12-01T21:34:25.718277,2846060,40346060
vla1,3,1122,2023-12-01T21:34:27.251052,2875997,40375997
vla1,3,1123,2023-12-01T21:34:28.803794,2906324,40406324
vla1,3,1124,2023-12-01T21:34:30.352645,2936575,40436575
vla1,3,1125,2023-12-01T21:34:31.881529,2966436,40466436
vla1,3,1126,2023-12-01T21:34:33.421778,2996519,40496519
vla1,3,1127,2023-12-01T21:34:34.963564,3026632,40526632
vla1,3,1128,2023-12-01T21:34:36.546207,3057543,40557543
vla1,3,1129,2023-12-01T21:34:38.086354,3087624,40587624
vla1,3,1130,2023-12-01T21:34:39.580268,3116802,40616802
vla1,3,1131,2023-12-01T21:34:41.120364,3146882,40646882
vla1,3,1132,2023-12-01T21:34:42.658053,3176915,40676915
vla1,3,1133,2023-12-01T21:34:44.201733,3207065,40707065
vla1,3,1134,2023-12-01T21:34:45.746847,3237243,40737243
vla1,3,1135,2023-12-01T21:34:47.286943,3267323,40767323
vla1,3,1136,2023-12-01T21:34:48.861701,3298080,40798080
vla1,3,1137,2023-12-01T21:34:50.360479,3327353,40827353
vla1,3,1138,2023-12-01T21:34:51.897759,3357378,40857378
vla1,3,1139,2023-12-01T21:34:53.391161,3386546,40886546
vla1,3,1140,2023-12-01T21:34:54.927417,3416551,40916551
vla1,3,1141,2023-12-01T21:34:56.593413,3449090,40949090
vla1,3,1142,2023-12-01T21:34:58.045036,3477442,40977442
vla1,3,1143,2023-12-01T21:34:59.564447,3507118,41007118
vla1,3,1144,2023-12-01T21:35:01.124869,3537595,41037595
vla1,3,1145,2023-12-01T21:35:02.672389,3567820,41067820
vla1,3,1146,2023-12-01T21:35:04.168351,3597038,41097038
vla1,3,1147,2023-12-01T21:35:05.752121,3627971,41127971
vla1,3,1148,2023-12-01T21:35:07.296978,3658144,41158144
vla1,3,1149,2023-12-01T21:35:08.819820,3687887,41187887
vla1,3,1150,2023-12-01T21:35:10.347628,3717727,41217727
vla1,3,1151,2023-12-01T21:35:11.906258,3748169,41248169
vla1,3,1152,2023-12-01T21:35:13.431711,3777963,41277963
vla1,3,1153,2023-12-01T21:35:14.972165,3808050,41308050
vla1,3,1154,2023-12-01T21:35:16.543186,3838734,41338734
vla1,3,1155,2023-12-01T21:35:18.051641,3868196,41368196
vla1,3,1156,2023-12-01T21:35:19.596703,3898373,41398373
vla1,3,1157,2023-12-01T21:35:21.133573,3928390,41428390
vla1,3,1158,2023-12-01T21:35:22.674489,3958486,41458486
vla1,3,1159,2023-12-01T21:35:24.215404,3988582,41488582
vla1,3,1160,2023-12-01T21:35:25.757240,4018696,41518696
vla1,3,1161,2023-12-01T21:35:27.297234,4048774,41548774
vla1,3,1162,2023-12-01T21:35:28.843013,4078965,41578965
vla1,3,1163,2023-12-01T21:35:30.374610,4108879,41608879
vla1,3,1164,2023-12-01T21:35:31.977989,4140195,41640195
vla1,3,1165,2023-12-01T21:35:33.456338,4169069,41669069
vla1,3,1166,2023-12-01T21:35:34.990802,4199039,41699039
vla1,3,1167,2023-12-01T21:35:36.535404,4229207,41729207
vla1,3,1168,2023-12-01T21:35:38.048722,4258764,41758764
vla1,3,1169,2023-12-01T21:35:39.590354,4288874,41788874
vla1,3,1170,2023-12-01T21:35:41.130655,4318958,41818958
vla1,3,1171,2023-12-01T21:35:42.753900,4350662,41850662
vla1,3,1172,2023-12-01T21:35:44.291948,4380702,41880702
vla1,3,1173,2023-12-01T21:35:45.741266,4409009,41909009
vla1,3,1174,2023-12-01T21:35:47.326572,4439972,41939972
vla1,3,1175,2023-12-01T21:35:48.866616,4470051,41970051
vla1,3,1176,2023-12-01T21:35:50.405842,4500114,42000114
vla1,3,1177,2023-12-01T21:35:51.981266,4530884,42030884
vla1,3,1178,2023-12-01T21:35:53.433452,4559247,42059247
vla1,3,1179,2023-12-01T21:35:54.984248,4589536,42089536
vla1,3,1180,2023-12-01T21:35:56.525676,4619642,42119642
vla1,3,1181,2023-12-01T21:35:58.064952,4649706,42149706
vla1,3,1182,2023-12-01T21:35:59.621074,4680099,42180099
vla1,3,1183,2023-12-01T21:36:26.823577,133273,42711397
vla1,3,1184,2023-12-01T21:36:28.353126,163147,42741271
vla1,3,1185,2023-12-01T21:36:29.891993,193203,42771327
vla1,3,1186,2023-12-01T21:36:31.440179,223441,42801565
vla1,3,1187,2023-12-01T21:36:33.018368,254265,42832390
vla1,3,1188,2023-12-01T21:36:34.557132,284319,42862443
vla1,3,1189,2023-12-01T21:36:36.088985,314238,42892362
vla1,3,1190,2023-12-01T21:36:37.641011,344551,42922675
vla1,3,1191,2023-12-01T21:36:39.119001,373418,42951542
vla1,3,1192,2023-12-01T21:36:40.658534,403487,42981611
vla1,3,1193,2023-12-01T21:36:42.197299,433541,43011665
vla1,3,1194,2023-12-01T21:36:43.732940,463534,43041658
vla1,3,1195,2023-12-01T21:36:45.324748,494624,43072748
vla1,3,1196,2023-12-01T21:36:46.871859,524841,43102965
vla1,3,1197,2023-12-01T21:36:48.362291,553951,43132075
vla1,3,1198,2023-12-01T21:36:49.908121,584143,43162267
vla1,3,1199,2023-12-01T21:36:51.451392,614285,43192410
vla1,3,1200,2023-12-01T21:36:52.996556,644464,43222588
vla1,3,1201,2023-12-01T21:36:54.548633,674778,43252902
vla1,3,1202,2023-12-01T21:36:56.120012,705469,43283593
vla1,3,1203,2023-12-01T21:36:57.658931,735526,43313650
vla1,3,1204,2023-12-01T21:36:59.142451,764501,43342625
vla1,3,1205,2023-12-01T21:37:00.684032,794610,43372735
vla1,3,1206,2023-12-01T21:37:02.224998,824707,43402831
vla1,3,1207,2023-12-01T21:37:03.771494,854912,43433036
vla1,3,1208,2023-12-01T21:37:05.317683,885111,43463235
vla1,3,1209,2023-12-01T21:37:06.861670,915267,43493391
vla1,3,1210,2023-12-01T21:37:08.403456,945380,43523505
vla1,3,1211,2023-12-01T21:37:09.947801,975543,43553667
vla1,3,1212,2023-12-01T21:37:11.469568,1005265,43583390
vla1,3,1213,2023-12-01T21:37:13.091276,1036939,43615063
vla1,3,1214,2023-12-01T21:37:14.633676,1067064,43645188
vla1,3,1215,2023-12-01T21:37:16.178124,1097229,43675353
vla1,3,1216,2023-12-01T21:37:17.725542,1127452,43705576
vla1,3,1217,2023-12-01T21:37:19.276646,1157747,43735871
vla1,3,1218,2023-12-01T21:37:20.722278,1185982,43764106
vla1,3,1219,2023-12-01T21:37:22.270617,1216223,43794347
vla1,3,1220,2023-12-01T21:37:23.804774,1246187,43824311
vla1,3,1221,2023-12-01T21:37:25.355776,1276480,43854605
vla1,3,1222,2023-12-01T21:37:26.898380,1306609,43884733
vla1,3,1223,2023-12-01T21:37:28.438630,1336692,43914816
vla1,3,1224,2023-12-01T21:37:30.004070,1367267,43945391
vla1,3,1225,2023-12-01T21:37:31.535462,1397177,43975301
vla1,3,1226,2023-12-01T21:37:33.088256,1427505,44005630
vla1,3,1227,2023-12-01T21:37:34.623232,1457485,44035610
vla1,3,1228,2023-12-01T21:37:36.176076,1487814,44065938
vla1,3,1229,2023-12-01T21:37:37.722009,1518008,44096132
vla1,3,1230,2023-12-01T21:37:39.267020,1548184,44126308
vla1,3,1231,2023-12-01T21:37:40.785868,1577849,44155973
vla1,3,1232,2023-12-01T21:37:42.337024,1608145,44186270
vla1,3,1233,2023-12-01T21:37:43.879936,1638280,44216405
vla1,3,1234,2023-12-01T21:37:45.428172,1668519,44246643
vla1,3,1235,2023-12-01T21:37:46.978816,1698805,44276930
vla1,3,1236,2023-12-01T21:37:48.527052,1729044,44307168
vla1,3,1237,2023-12-01T21:37:50.074982,1759277,44337401
vla1,3,1238,2023-12-01T21:37:51.638732,1789819,44367943
vla1,3,1239,2023-12-01T21:37:53.190144,1820120,44398245
vla1,3,1240,2023-12-01T21:37:54.712064,1849845,44427970
vla1,3,1241,2023-12-01T21:37:56.274944,1880370,44458494
vla1,3,1242,2023-12-01T21:37:57.807769,1910308,44488432
vla1,3,1243,2023-12-01T21:37:59.356262,1940552,44518676
vla1,3,1244,2023-12-01T21:38:00.903116,1970764,44548888
vla1,3,1245,2023-12-01T21:38:02.460569,2001183,44579307
vla1,3,1246,2023-12-01T21:38:04.008396,2031414,44609538
vla1,3,1247,2023-12-01T21:38:05.553459,2061591,44639715
vla1,3,1248,2023-12-01T21:38:07.100364,2091804,44669928
vla1,3,1249,2023-12-01T21:38:08.648704,2122045,44700170
vla1,3,1250,2023-12-01T21:38:10.194944,2152245,44730370
vla1,3,1251,2023-12-01T21:38:11.719065,2182013,44760137
vla1,3,1252,2023-12-01T21:38:13.266483,2212236,44790360
vla1,3,1253,2023-12-01T21:38:14.806681,2242318,44820442
vla1,3,1254,2023-12-01T21:38:16.347187,2272406,44850530
vla1,3,1255,2023-12-01T21:38:17.890969,2302558,44880682
vla1,3,1256,2023-12-01T21:38:19.437465,2332763,44910887
vla1,3,1257,2023-12-01T21:38:21.013350,2363542,44941666
vla1,3,1258,2023-12-01T21:38:22.559334,2393737,44971861
vla1,3,1259,2023-12-01T21:38:24.108441,2423993,45002117
vla1,3,1260,2023-12-01T21:38:25.650124,2454104,45032228
vla1,3,1261,2023-12-01T21:38:27.189964,2484179,45062303
vla1,3,1262,2023-12-01T21:38:28.734873,2514353,45092477
vla1,3,1263,2023-12-01T21:38:30.281984,2544570,45122695
vla1,3,1264,2023-12-01T21:38:31.832217,2574848,45152972
vla1,3,1265,2023-12-01T21:38:33.413478,2605732,45183856
vla1,3,1266,2023-12-01T21:38:34.911948,2634999,45213123
vla1,3,1267,2023-12-01T21:38:36.453376,2665105,45243230
vla1,3,1268,2023-12-01T21:38:37.979136,2694905,45273030
vla1,3,1269,2023-12-01T21:38:39.546572,2725519,45303643
vla1,3,1270,2023-12-01T21:38:41.057740,2755034,45333158
vla1,3,1271,2023-12-01T21:38:42.620569,2785558,45363682
vla1,3,1272,2023-12-01T21:38:44.170956,2815839,45393963
vla1,3,1273,2023-12-01T21:38:45.739008,2846465,45424590
vla1,3,1274,2023-12-01T21:38:47.219353,2875378,45453502
vla1,3,1275,2023-12-01T21:38:48.755302,2905377,45483501
vla1,3,1276,2023-12-01T21:38:50.297856,2935505,45513630
vla1,3,1277,2023-12-01T21:38:51.847372,2965769,45543893
vla1,3,1278,2023-12-01T21:38:53.365196,2995414,45573538
vla1,3,1279,2023-12-01T21:38:54.918195,3025746,45603870
vla1,3,1280,2023-12-01T21:38:56.464128,3055940,45634065
vla1,3,1281,2023-12-01T21:38:58.018611,3086301,45664425
vla1,3,1282,2023-12-01T21:38:59.560345,3116413,45694537
vla1,3,1283,2023-12-01T21:39:01.106534,3146612,45724736
vla1,3,1284,2023-12-01T21:39:02.640947,3176581,45754705
vla1,3,1285,2023-12-01T21:39:04.189337,3206823,45784947
vla1,3,1286,2023-12-01T21:39:05.722316,3236764,45814888
vla1,3,1287,2023-12-01T21:39:07.269324,3266979,45845103
vla1,3,1288,2023-12-01T21:39:08.809062,3297052,45875176
vla1,3,1289,2023-12-01T21:39:10.343833,3327028,45905152
vla1,3,1290,2023-12-01T21:39:11.888486,3357197,45935321
vla1,3,1291,2023-12-01T21:39:13.441536,3387530,45965655
vla1,3,1292,2023-12-01T21:39:14.972620,3417434,45995558
vla1,3,1293,2023-12-01T21:39:16.501760,3447300,46025425
vla1,3,1294,2023-12-01T21:39:18.042521,3477393,46055517
vla1,3,1295,2023-12-01T21:39:19.591424,3507645,46085770
vla1,3,1296,2023-12-01T21:39:21.098240,3537075,46115199
vla1,3,1297,2023-12-01T21:39:22.634188,3567074,46145198
vla1,3,1298,2023-12-01T21:39:24.181248,3597290,46175415
vla1,3,1299,2023-12-01T21:39:25.724006,3627422,46205546
vla1,3,1300,2023-12-01T21:39:27.262464,3657470,46235595
vla1,3,1301,2023-12-01T21:39:28.803072,3687560,46265685
vla1,3,1302,2023-12-01T21:39:30.350028,3717774,46295898
vla1,3,1303,2023-12-01T21:39:31.921868,3748474,46326598
vla1,3,1304,2023-12-01T21:39:33.460940,3778534,46356658
vla1,3,1305,2023-12-01T21:39:34.983526,3808272,46386396
vla1,3,1306,2023-12-01T21:39:36.532787,3838531,46416655
vla1,3,1307,2023-12-01T21:39:38.041190,3867992,46446116
vla1,3,1308,2023-12-01T21:39:39.578316,3898014,46476138
vla1,3,1309,2023-12-01T21:39:41.116006,3928047,46506171
vla1,3,1310,2023-12-01T21:39:42.694092,3958869,46536993
vla1,3,1311,2023-12-01T21:39:44.231372,3988894,46567018
vla1,3,1312,2023-12-01T21:39:45.750272,4018560,46596685
vla1,3,1313,2023-12-01T21:39:47.354521,4049893,46628017
vla1,3,1314,2023-12-01T21:39:48.859443,4079286,46657410
vla1,3,1315,2023-12-01T21:39:50.400870,4109392,46687516
vla1,3,1316,2023-12-01T21:39:51.920588,4139074,46717198
vla1,3,1317,2023-12-01T21:39:53.477939,4169491,46747615
vla1,3,1318,2023-12-01T21:39:55.015936,4199530,46777654
vla1,3,1319,2023-12-01T21:39:56.536729,4229233,46807357
vla1,3,1320,2023-12-01T21:39:58.076057,4259298,46837422
vla1,3,1321,2023-12-01T21:39:59.618201,4289418,46867542
vla1,3,1322,2023-12-01T21:40:01.161164,4319554,46897678
vla1,3,1323,2023-12-01T21:40:02.703308,4349674,46927798
vla1,3,1324,2023-12-01T21:40:04.222003,4379336,46957460
vla1,3,1325,2023-12-01T21:40:05.778329,4409733,46987857
vla1,3,1326,2023-12-01T21:40:07.290777,4439273,47017397
vla1,3,1327,2023-12-01T21:40:08.829081,4469318,47047442
vla1,3,1328,2023-12-01T21:40:10.369484,4499404,47077528
vla1,3,1329,2023-12-01T21:40:11.908505,4529463,47107587
vla1,3,1330,2023-12-01T21:40:13.476300,4560084,47138208
vla1,3,1331,2023-12-01T21:40:15.008409,4590008,47168132
vla1,3,1332,2023-12-01T21:40:16.556697,4620248,47198372
vla1,3,1333,2023-12-01T21:40:18.124134,4650862,47228986
vla1,3,1334,2023-12-01T21:40:19.605248,4679790,47257915
vla1,3,1335,2023-12-01T21:40:21.147494,4709912,47288036
vla1,3,1336,2023-12-01T21:40:22.717952,4740585,47318710
vla1,3,1337,2023-12-01T21:40:24.256972,4770644,47348768
vla1,3,1338,2023-12-01T21:40:25.788416,4800555,47378680
vla1,3,1339,2023-12-01T21:40:27.332249,4830708,47408832
vla1,3,1340,2023-12-01T21:40:28.873062,4860802,47438926
vla1,3,1341,2023-12-01T21:40:30.421196,4891039,47469163
vla1,3,1342,2023-12-01T21:40:31.952640,4920950,47499075
vla1,3,1343,2023-12-01T21:40:33.557862,4952302,47530426
vla1,3,1344,2023-12-01T21:40:35.137126,4983147,47561271
vla1,3,1345,2023-12-01T21:40:36.692428,5013524,47591648
vla1,3,1346,2023-12-01T21:40:38.280448,5044540,47622665
vla1,3,1347,2023-12-01T21:40:39.880089,5075783,47653907
vla1,3,1348,2023-12-01T21:40:41.517004,5107754,47685878
vla1,3,1349,2023-12-01T21:40:43.107532,5138819,47716943
vla1,3,1350,2023-12-01T21:40:44.696985,5169863,47747987
vla1,3,1351,2023-12-01T21:40:46.217472,5199560,47777685
vla1,3,1352,2023-12-01T21:40:47.811174,5230687,47808811
vla1,3,1353,2023-12-01T21:40:49.405593,5261828,47839952
vla1,3,1354,2023-12-01T21:40:50.997555,5292921,47871045
vla1,3,1355,2023-12-01T21:40:52.660019,5325391,47903515
vla1,3,1356,2023-12-01T21:40:54.258534,5356612,47934736
vla1,3,1357,2023-12-01T21:40:55.776716,5386264,47964388
vla1,3,1358,2023-12-01T21:40:57.369446,5417372,47995496
vla1,3,1359,2023-12-01T21:40:58.951731,5448276,48026400
vla1,3,1360,2023-12-01T21:41:00.540928,5479315,48057440
vla1,3,1361,2023-12-01T21:41:02.130483,5510361,48088485
vla1,3,1362,2023-12-01T21:41:03.736217,5541723,48119847
vla1,3,1363,2023-12-01T21:41:05.338828,5573024,48151148
vla1,3,1364,2023-12-01T21:41:06.955468,5604599,48182723
vla1,3,1365,2023-12-01T21:41:08.516044,5635079,48213203
vla1,3,1366,2023-12-01T21:41:10.105446,5666122,48244246
vla1,3,1367,2023-12-01T21:41:11.733862,5697927,48276051
vla1,3,1368,2023-12-01T21:41:13.251891,5727576,48305700
vla1,3,1369,2023-12-01T21:41:50.056604,196418,49024543
vla1,3,1370,2023-12-01T21:41:51.662441,227782,49055907
vla1,3,1371,2023-12-01T21:41:53.256041,258907,49087032
vla1,3,1372,2023-12-01T21:41:54.838070,289806,49117931
vla1,3,1373,2023-12-01T21:41:56.423017,320762,49148887
vla1,3,1374,2023-12-01T21:41:58.008067,351720,49179845
vla1,3,1375,2023-12-01T21:41:59.588713,382592,49210717
vla1,3,1376,2023-12-01T21:42:01.142223,412934,49241059
vla1,3,1377,2023-12-01T21:42:02.750313,444342,49272467
vla1,3,1378,2023-12-01T21:42:04.333263,475259,49303384
vla1,3,1379,2023-12-01T21:42:05.922358,506296,49334421
vla1,3,1380,2023-12-01T21:42:07.503209,537172,49365297
vla1,3,1381,2023-12-01T21:42:09.112630,568606,49396731
vla1,3,1382,2023-12-01T21:42:10.701673,599642,49427767
vla1,3,1383,2023-12-01T21:42:12.287081,630607,49458732
vla1,3,1384,2023-12-01T21:42:13.841103,660959,49489084
vla1,3,1385,2023-12-01T21:42:15.482831,693024,49521149
vla1,3,1386,2023-12-01T21:42:17.004905,722752,49550877
vla1,3,1387,2023-12-01T21:42:18.589801,753707,49581832
vla1,3,1388,2023-12-01T21:42:20.181404,784793,49612918
vla1,3,1389,2023-12-01T21:42:21.787753,816167,49644292
vla1,3,1390,2023-12-01T21:42:23.372700,847123,49675248
vla1,3,1391,2023-12-01T21:42:24.959337,878112,49706237
vla1,3,1392,2023-12-01T21:42:26.551810,909215,49737340
vla1,3,1393,2023-12-01T21:42:28.154370,940515,49768640
vla1,3,1394,2023-12-01T21:42:29.728105,971252,49799377
vla1,3,1395,2023-12-01T21:42:31.319145,1002327,49830452
vla1,3,1396,2023-12-01T21:42:32.908495,1033369,49861494
vla1,3,1397,2023-12-01T21:42:34.494466,1064345,49892470
vla1,3,1398,2023-12-01T21:42:36.084431,1095399,49923524
vla1,3,1399,2023-12-01T21:42:37.650793,1125992,49954117
vla1,3,1400,2023-12-01T21:42:39.246953,1157167,49985292
vla1,3,1401,2023-12-01T21:42:40.841679,1188314,50016439
vla1,3,1402,2023-12-01T21:42:42.433282,1219400,50047525
vla1,3,1403,2023-12-01T21:42:44.021302,1250416,50078541
vla1,3,1404,2023-12-01T21:42:45.612751,1281499,50109624
vla1,3,1405,2023-12-01T21:42:47.203330,1312565,50140690
vla1,3,1406,2023-12-01T21:42:48.872092,1345158,50173283
vla1,3,1407,2023-12-01T21:42:50.455350,1376081,50204206
vla1,3,1408,2023-12-01T21:42:52.048233,1407192,50235317
vla1,3,1409,2023-12-01T21:42:53.558223,1436684,50264809
vla1,3,1410,2023-12-01T21:42:55.162626,1468020,50296145
vla1,3,1411,2023-12-01T21:42:56.745986,1498945,50327070
vla1,3,1412,2023-12-01T21:42:58.340764,1530093,50358218
vla1,3,1413,2023-12-01T21:42:59.926479,1561064,50389189
vla1,3,1414,2023-12-01T21:43:01.514703,1592084,50420209
vla1,3,1415,2023-12-01T21:43:03.079990,1622656,50450781
vla1,3,1416,2023-12-01T21:43:04.671183,1653734,50481859
vla1,3,1417,2023-12-01T21:43:06.264630,1684856,50512981
vla1,3,1418,2023-12-01T21:43:07.849781,1715816,50543941
vla1,3,1419,2023-12-01T21:43:09.444252,1746958,50575083
vla1,3,1420,2023-12-01T21:43:11.028124,1777893,50606018
vla1,3,1421,2023-12-01T21:43:12.613788,1808863,50636988
vla1,3,1422,2023-12-01T21:43:14.197148,1839788,50667913
vla1,3,1423,2023-12-01T21:43:15.790543,1870909,50699034
vla1,3,1424,2023-12-01T21:43:17.404469,1902431,50730556
vla1,3,1425,2023-12-01T21:43:18.991772,1933433,50761558
vla1,3,1426,2023-12-01T21:43:20.546153,1963792,50791917
vla1,3,1427,2023-12-01T21:43:22.135913,1994842,50822967
vla1,3,1428,2023-12-01T21:43:23.725724,2025893,50854018
vla1,3,1429,2023-12-01T21:43:25.426793,2059117,50887242
vla1,3,1430,2023-12-01T21:43:27.044815,2090719,50918844
vla1,3,1431,2023-12-01T21:43:28.483637,2118821,50946946
vla1,3,1432,2023-12-01T21:43:30.069404,2149793,50977918
vla1,3,1433,2023-12-01T21:43:31.652661,2180716,51008841
vla1,3,1434,2023-12-01T21:43:33.240732,2211733,51039858
vla1,3,1435,2023-12-01T21:43:34.971753,2245542,51073667
vla1,3,1436,2023-12-01T21:43:36.417743,2273784,51101909
vla1,3,1437,2023-12-01T21:43:38.000079,2304689,51132814
vla1,3,1438,2023-12-01T21:43:39.583797,2335621,51163746
vla1,3,1439,2023-12-01T21:43:41.169666,2366595,51194720
vla1,3,1440,2023-12-01T21:43:42.767925,2397811,51225936
vla1,3,1441,2023-12-01T21:43:44.359273,2428892,51257017
vla1,3,1442,2023-12-01T21:43:45.947241,2459907,51288032
vla1,3,1443,2023-12-01T21:43:47.532034,2490860,51318985
vla1,3,1444,2023-12-01T21:43:49.101570,2521515,51349640
vla1,3,1445,2023-12-01T21:43:50.687593,2552492,51380617
vla1,3,1446,2023-12-01T21:43:52.269570,2583390,51411515
vla1,3,1447,2023-12-01T21:43:53.855695,2614369,51442494
vla1,3,1448,2023-12-01T21:43:55.443407,2645379,51473504
vla1,3,1449,2023-12-01T21:43:57.027586,2676320,51504445
vla1,3,1450,2023-12-01T21:43:58.636239,2707739,51535864
vla1,3,1451,2023-12-01T21:44:00.195791,2738199,51566324
vla1,3,1452,2023-12-01T21:44:01.779407,2769129,51597254
vla1,3,1453,2023-12-01T21:44:03.386114,2800510,51628635
vla1,3,1454,2023-12-01T21:44:04.971676,2831478,51659603
vla1,3,1455,2023-12-01T21:44:06.561896,2862537,51690662
vla1,3,1456,2023-12-01T21:44:08.120527,2892979,51721104
vla1,3,1457,2023-12-01T21:44:09.708853,2924001,51752126
vla1,3,1458,2023-12-01T21:44:11.296309,2955006,51783131
vla1,3,1459,2023-12-01T21:44:12.883663,2986009,51814134
vla1,3,1460,2023-12-01T21:44:14.444700,3016498,51844623
vla1,3,1461,2023-12-01T21:44:16.030159,3047464,51875589
vla1,3,1462,2023-12-01T21:44:17.616847,3078454,51906579
vla1,3,1463,2023-12-01T21:44:19.202255,3109419,51937544
vla1,3,1464,2023-12-01T21:44:20.793192,3140492,51968617
vla1,3,1465,2023-12-01T21:44:22.377320,3171432,51999557
vla1,3,1466,2023-12-01T21:44:23.963855,3202419,52030544
vla1,3,1467,2023-12-01T21:44:25.549468,3233388,52061513
vla1,3,1468,2023-12-01T21:44:27.158069,3264806,52092931
vla1,3,1469,2023-12-01T21:44:28.740866,3295720,52123845
vla1,3,1470,2023-12-01T21:44:30.315266,3326470,52154595
vla1,3,1471,2023-12-01T21:44:31.902005,3357461,52185586
vla1,3,1472,2023-12-01T21:44:33.486696,3388412,52216537
vla1,3,1473,2023-12-01T21:44:35.072002,3419375,52247500
vla1,3,1474,2023-12-01T21:44:36.659151,3450374,52278499
vla1,3,1475,2023-12-01T21:44:38.238568,3481222,52309347
vla1,3,1476,2023-12-01T21:44:39.848348,3512663,52340788
vla1,3,1477,2023-12-01T21:44:41.434677,3543646,52371771
vla1,3,1478,2023-12-01T21:44:43.017218,3574555,52402680
vla1,3,1479,2023-12-01T21:44:44.599964,3605468,52433593
vla1,3,1480,2023-12-01T21:44:46.183580,3636398,52464523
vla1,3,1481,2023-12-01T21:44:47.738575,3666769,52494894
vla1,3,1482,2023-12-01T21:44:49.319989,3697656,52525781
vla1,3,1483,2023-12-01T21:44:50.907343,3728659,52556784
vla1,3,1484,2023-12-01T21:44:52.488296,3759537,52587662
vla1,3,1485,2023-12-01T21:44:54.072732,3790483,52618608
vla1,3,1486,2023-12-01T21:44:55.654453,3821376,52649501
vla1,3,1487,2023-12-01T21:44:57.230031,3852149,52680274
vla1,3,1488,2023-12-01T21:44:58.783183,3882484,52710609
vla1,3,1489,2023-12-01T21:45:00.420917,3914471,52742596
vla1,3,1490,2023-12-01T21:45:01.845915,3942303,52770428
vla1,3,1491,2023-12-01T21:45:39.063564,177023,53497335
vla1,3,1492,2023-12-01T21:45:40.645695,207924,53528236
vla1,3,1493,2023-12-01T21:45:42.216870,238611,53558923
vla1,3,1494,2023-12-01T21:45:43.795263,269439,53589751
vla1,3,1495,2023-12-01T21:45:45.375910,300311,53620623
vla1,3,1496,2023-12-01T21:45:46.958195,331215,53651527
vla1,3,1497,2023-12-01T21:45:48.539507,362100,53682412
vla1,3,1498,2023-12-01T21:45:50.121433,392997,53713309
vla1,3,1499,2023-12-01T21:45:51.703564,423898,53744210
vla1,3,1500,2023-12-01T21:45:53.281958,454726,53775038
vla1,3,1501,2023-12-01T21:45:54.864345,485632,53805944
vla1,3,1502,2023-12-01T21:45:56.444479,516494,53836806
vla1,3,1503,2023-12-01T21:45:58.003980,546953,53867265
vla1,3,1504,2023-12-01T21:45:59.586675,577865,53898177
vla1,3,1505,2023-12-01T21:46:01.166246,608716,53929028
vla1,3,1506,2023-12-01T21:46:02.757235,639790,53960102
vla1,3,1507,2023-12-01T21:46:04.337830,670661,53990973
vla1,3,1508,2023-12-01T21:46:05.904806,701266,54021578
vla1,3,1509,2023-12-01T21:46:07.499583,732414,54052726
vla1,3,1510,2023-12-01T21:46:09.079052,763263,54083575
vla1,3,1511,2023-12-01T21:46:10.663538,794210,54114522
vla1,3,1512,2023-12-01T21:46:12.275161,825687,54145999
vla1,3,1513,2023-12-01T21:46:13.859186,856625,54176937
vla1,3,1514,2023-12-01T21:46:15.379570,886320,54206632
vla1,3,1515,2023-12-01T21:46:16.957708,917143,54237455
vla1,3,1516,2023-12-01T21:46:18.533951,947929,54268241
vla1,3,1517,2023-12-01T21:46:20.113881,978787,54299099
vla1,3,1518,2023-12-01T21:46:21.697343,1009714,54330026
vla1,3,1519,2023-12-01T21:46:23.276914,1040565,54360877
vla1,3,1520,2023-12-01T21:46:24.864729,1071577,54391889
vla1,3,1521,2023-12-01T21:46:26.441023,1102364,54422676
vla1,3,1522,2023-12-01T21:46:28.020134,1133206,54453518
vla1,3,1523,2023-12-01T21:46:29.607897,1164217,54484529
vla1,3,1524,2023-12-01T21:46:31.175999,1194844,54515156
vla1,3,1525,2023-12-01T21:46:32.768524,1225948,54546260
vla1,3,1526,2023-12-01T21:46:34.350655,1256849,54577161
vla1,3,1527,2023-12-01T21:46:35.920242,1287505,54607817
vla1,3,1528,2023-12-01T21:46:37.483890,1318045,54638357
vla1,3,1529,2023-12-01T21:46:39.069094,1349006,54669318
vla1,3,1530,2023-12-01T21:46:40.646463,1379814,54700126
vla1,3,1531,2023-12-01T21:46:42.226290,1410670,54730982
vla1,3,1532,2023-12-01T21:46:43.803302,1441471,54761783
vla1,3,1533,2023-12-01T21:46:45.375039,1472169,54792481
vla1,3,1534,2023-12-01T21:46:46.953228,1502993,54823305
vla1,3,1535,2023-12-01T21:46:48.533260,1533853,54854165
vla1,3,1536,2023-12-01T21:46:50.111602,1564680,54884992
vla1,3,1537,2023-12-01T21:46:51.685439,1595419,54915731
vla1,3,1538,2023-12-01T21:46:53.259378,1626160,54946472
vla1,3,1539,2023-12-01T21:46:54.836287,1656959,54977271
vla1,3,1540,2023-12-01T21:46:56.417394,1687840,55008152
vla1,3,1541,2023-12-01T21:46:57.995173,1718656,55038968
vla1,3,1542,2023-12-01T21:46:59.575052,1749513,55069825
vla1,3,1543,2023-12-01T21:47:01.021298,1777760,55098072
vla1,3,1544,2023-12-01T21:51:24.967576,97023,60253272
vla1,3,1545,2023-12-01T21:51:26.537471,127685,60283934
vla1,3,1546,2023-12-01T21:51:28.104754,158296,60314545
vla1,3,1547,2023-12-01T21:51:29.681970,189101,60345350
vla1,3,1548,2023-12-01T21:51:31.259595,219914,60376163
vla1,3,1549,2023-12-01T21:51:32.836607,250715,60406964
vla1,3,1550,2023-12-01T21:51:34.413259,281509,60437758
vla1,3,1551,2023-12-01T21:51:35.991448,312333,60468582
vla1,3,1552,2023-12-01T21:51:37.567538,343116,60499365
vla1,3,1553,2023-12-01T21:51:39.152843,374079,60530328
vla1,3,1554,2023-12-01T21:51:40.737023,405020,60561269
vla1,3,1555,2023-12-01T21:51:42.306661,435677,60591926
vla1,3,1556,2023-12-01T21:51:43.891762,466636,60622885
vla1,3,1557,2023-12-01T21:51:45.476453,497587,60653836
vla1,3,1558,2023-12-01T21:51:47.063090,528576,60684825
vla1,3,1559,2023-12-01T21:51:48.641842,559411,60715660
vla1,3,1560,2023-12-01T21:51:50.206258,589966,60746215
vla1,3,1561,2023-12-01T21:51:51.742411,619969,60776218
vla1,3,1562,2023-12-01T21:51:53.279026,649981,60806230
vla1,3,1563,2023-12-01T21:51:54.810315,679889,60836138
vla1,3,1564,2023-12-01T21:51:56.344728,709858,60866107
vla1,3,1565,2023-12-01T21:51:57.879141,739827,60896076
vla1,3,1566,2023-12-01T21:51:59.409611,769719,60925968
vla1,3,1567,2023-12-01T21:52:00.916888,799158,60955407
vla1,3,1568,2023-12-01T21:52:02.446642,829036,60985285
vla1,3,1569,2023-12-01T21:52:03.953867,858474,61014723
vla1,3,1570,2023-12-01T21:52:05.476351,888210,61044459
vla1,3,1571,2023-12-01T21:52:06.984600,917668,61073917
vla1,3,1572,2023-12-01T21:52:08.494847,947165,61103414
vla1,3,1573,2023-12-01T21:52:09.919794,974996,61131245
vla1,3,1574,2023-12-01T21:52:11.360255,1003130,61159379
vla1,3,1575,2023-12-01T21:52:12.794520,1031143,61187392
vla1,3,1576,2023-12-01T21:52:14.230015,1059180,61215429
vla1,3,1577,2023-12-01T21:52:15.667813,1087262,61243511
vla1,3,1578,2023-12-01T21:52:17.131467,1115849,61272098
vla1,3,1579,2023-12-01T21:52:18.516632,1142903,61299152
vla1,3,1580,2023-12-01T21:52:19.952792,1170953,61327202
vla1,3,1581,2023-12-01T21:52:21.390744,1199038,61355287
vla1,3,1582,2023-12-01T21:52:22.827109,1227092,61383341
vla1,3,1583,2023-12-01T21:52:24.267979,1255234,61411483
vla1,3,1584,2023-12-01T21:52:25.691237,1283032,61439281
vla1,3,1585,2023-12-01T21:52:27.124018,1311016,61467265
vla1,3,1586,2023-12-01T21:52:28.556594,1338996,61495245
vla1,3,1587,2023-12-01T21:52:29.977343,1366745,61522994
vla1,3,1588,2023-12-01T21:52:31.412479,1394775,61551024
vla1,3,1589,2023-12-01T21:52:32.845567,1422765,61579014
vla1,3,1590,2023-12-01T21:52:34.239384,1449988,61606237
vla1,3,1591,2023-12-01T21:52:35.633458,1477216,61633465
vla1,3,1592,2023-12-01T21:52:37.001010,1503926,61660175
vla1,3,1593,2023-12-01T21:52:38.451864,1532263,61688512
vla1,3,1594,2023-12-01T21:52:39.778559,1558175,61714424
vla1,3,1595,2023-12-01T21:52:41.182258,1585591,61741840
vla1,3,1596,2023-12-01T21:52:42.552421,1612352,61768601
vla1,3,1597,2023-12-01T21:52:43.937023,1639395,61795644
vla1,3,1598,2023-12-01T21:52:45.320907,1666424,61822673
vla1,3,1599,2023-12-01T21:52:46.719435,1693739,61849988
vla1,3,1600,2023-12-01T21:52:48.111717,1720932,61877181
vla1,3,1601,2023-12-01T21:52:49.473586,1747531,61903780
vla1,3,1602,2023-12-01T21:52:50.853477,1774482,61930731
vla1,3,1603,2023-12-01T21:52:52.233471,1801435,61957684
vla1,3,1604,2023-12-01T21:52:53.625650,1828626,61984875
vla1,3,1605,2023-12-01T21:52:55.008357,1855632,62011881
vla1,3,1606,2023-12-01T21:52:56.394699,1882709,62038958
vla1,3,1607,2023-12-01T21:52:57.778687,1909740,62065989
vla1,3,1608,2023-12-01T21:52:59.168203,1936879,62093128
vla1,3,1609,2023-12-01T21:53:00.555160,1963968,62120217
vla1,3,1610,2023-12-01T21:53:01.951487,1991240,62147489
vla1,3,1611,2023-12-01T21:53:03.334347,2018249,62174498
vla1,3,1612,2023-12-01T21:53:04.716901,2045252,62201501
vla1,3,1613,2023-12-01T21:53:06.097765,2072222,62228471
vla1,3,1614,2023-12-01T21:53:07.486616,2099348,62255597
vla1,3,1615,2023-12-01T21:53:08.872549,2126417,62282666
vla1,3,1616,2023-12-01T21:53:10.243378,2153191,62309440
vla1,3,1617,2023-12-01T21:53:11.626955,2180214,62336463
vla1,3,1618,2023-12-01T21:53:13.009509,2207217,62363466
vla1,3,1619,2023-12-01T21:53:14.397131,2234319,62390568
vla1,3,1620,2023-12-01T21:53:15.793714,2261596,62417845
vla1,3,1621,2023-12-01T21:53:17.177650,2288626,62444875
vla1,3,1622,2023-12-01T21:53:18.546738,2315366,62471615
vla1,3,1623,2023-12-01T21:53:19.937893,2342537,62498786
vla1,3,1624,2023-12-01T21:53:21.325362,2369636,62525885
vla1,3,1625,2023-12-01T21:53:22.714008,2396758,62553007
vla1,3,1626,2023-12-01T21:53:24.093695,2423705,62579954
vla1,3,1627,2023-12-01T21:53:25.477835,2450739,62606988
vla1,3,1628,2023-12-01T21:53:26.859723,2477729,62633978
vla1,3,1629,2023-12-01T21:53:28.206027,2504024,62660273
vla1,3,1630,2023-12-01T21:53:29.517720,2529643,62685892
vla1,3,1631,2023-12-01T21:53:30.837093,2555412,62711661
vla1,3,1632,2023-12-01T21:53:32.168088,2581408,62737657
vla1,3,1633,2023-12-01T21:53:33.485771,2607144,62763393
vla1,3,1634,2023-12-01T21:53:34.802021,2632852,62789101
vla1,3,1635,2023-12-01T21:53:36.171826,2659606,62815855
vla1,3,1636,2023-12-01T21:53:37.439845,2684372,62840621
vla1,3,1637,2023-12-01T21:53:38.755583,2710070,62866319
vla1,3,1638,2023-12-01T21:53:40.067736,2735698,62891947
vla1,3,1639,2023-12-01T21:53:41.365912,2761053,62917302
vla1,3,1640,2023-12-01T21:53:42.689944,2786913,62943162
vla1,3,1641,2023-12-01T21:53:43.985048,2812208,62968457
vla1,3,1642,2023-12-01T21:53:45.273087,2837365,62993614
vla1,3,1643,2023-12-01T21:53:46.560050,2862501,63018750
vla1,3,1644,2023-12-01T21:53:47.844299,2887584,63043833
vla1,3,1645,2023-12-01T21:53:49.140223,2912895,63069144
vla1,3,1646,2023-12-01T21:53:50.425906,2938006,63094255
vla1,3,1647,2023-12-01T21:53:51.721471,2963310,63119559
vla1,3,1648,2023-12-01T21:53:53.011813,2988512,63144761
vla1,3,1649,2023-12-01T21:53:54.299647,3013665,63169914
vla1,3,1650,2023-12-01T21:53:55.586815,3038805,63195054
vla1,3,1651,2023-12-01T21:53:56.845464,3063388,63219637
vla1,3,1652,2023-12-01T21:53:58.139851,3088669,63244918
vla1,3,1653,2023-12-01T21:53:59.497880,3115193,63271442
vla1,3,1654,2023-12-01T21:54:00.784843,3140329,63296578
vla1,3,1655,2023-12-01T21:54:01.983077,3163732,63319981
vla1,3,1656,2023-12-01T21:54:03.224216,3187973,63344222
vla1,3,1657,2023-12-01T21:54:04.464383,3212195,63368444
vla1,3,1658,2023-12-01T21:54:05.704242,3236411,63392660
vla1,3,1659,2023-12-01T21:54:06.940619,3260559,63416808
vla1,3,1660,2023-12-01T21:54:08.178379,3284734,63440983
vla1,3,1661,2023-12-01T21:54:09.427711,3309135,63465384
vla1,3,1662,2023-12-01T21:54:10.665368,3333308,63489557
vla1,3,1663,2023-12-01T21:54:11.903691,3357494,63513743
vla1,3,1664,2023-12-01T21:54:13.150975,3381855,63538104
vla1,3,1665,2023-12-01T21:54:14.377419,3405809,63562058
vla1,3,1666,2023-12-01T21:54:15.615640,3429993,63586242
vla1,3,1667,2023-12-01T21:54:16.850072,3454103,63610352
vla1,3,1668,2023-12-01T21:54:18.092645,3478372,63634621
vla1,3,1669,2023-12-01T21:54:19.334040,3502618,63658867
vla1,3,1670,2023-12-01T21:54:20.575640,3526868,63683117
vla1,3,1671,2023-12-01T21:54:21.817599,3551125,63707374
vla1,3,1672,2023-12-01T21:54:23.063704,3575463,63731712
vla1,3,1673,2023-12-01T21:54:24.305611,3599719,63755968
vla1,3,1674,2023-12-01T21:54:25.550232,3624028,63780277
vla1,3,1675,2023-12-01T21:54:26.794699,3648334,63804583
vla1,3,1676,2023-12-01T21:54:28.036248,3672583,63828832
vla1,3,1677,2023-12-01T21:54:29.281074,3696896,63853145
vla1,3,1678,2023-12-01T21:54:30.538751,3721460,63877709
vla1,3,1679,2023-12-01T21:54:31.789157,3745882,63902131
vla1,3,1680,2023-12-01T21:54:33.029835,3770114,63926363
vla1,3,1681,2023-12-01T21:54:34.271435,3794364,63950613
vla1,3,1682,2023-12-01T21:54:35.516466,3818681,63974930
vla1,3,1683,2023-12-01T21:54:36.769227,3843149,63999398
vla1,3,1684,2023-12-01T21:54:38.014719,3867475,64023724
vla1,3,1685,2023-12-01T21:54:39.229387,3891199,64047448
vla1,3,1686,2023-12-01T21:54:40.446667,3914974,64071223
vla1,3,1687,2023-12-01T21:54:41.665842,3938786,64095035
vla1,3,1688,2023-12-01T21:54:42.887576,3962648,64118897
vla1,3,1689,2023-12-01T21:54:44.107519,3986475,64142724
vla1,3,1690,2023-12-01T21:54:45.322904,4010213,64166462
vla1,3,1691,2023-12-01T21:54:46.542386,4034031,64190280
vla1,3,1692,2023-12-01T21:54:47.767090,4057951,64214200
vla1,3,1693,2023-12-01T21:54:48.965426,4081356,64237605
vla1,3,1694,2023-12-01T21:54:50.198936,4105448,64261697
vla1,3,1695,2023-12-01T21:54:51.412581,4129152,64285401
vla1,3,1696,2023-12-01T21:54:52.631346,4152956,64309205
vla1,3,1697,2023-12-01T21:54:53.853285,4176822,64333071
vla1,3,1698,2023-12-01T21:54:55.072408,4200633,64356882
vla1,3,1699,2023-12-01T21:54:56.300287,4224615,64380864
vla1,3,1700,2023-12-01T21:54:57.519051,4248419,64404668
vla1,3,1701,2023-12-01T21:54:58.706226,4271606,64427855
vla1,3,1702,2023-12-01T21:54:59.933951,4295585,64451834
vla1,3,1703,2023-12-01T21:55:01.154456,4319423,64475672
vla1,3,1704,2023-12-01T21:55:02.377266,4343306,64499555
vla1,3,1705,2023-12-01T21:55:03.597362,4367136,64523385
vla1,3,1706,2023-12-01T21:55:04.826367,4391140,64547389
vla1,3,1707,2023-12-01T21:55:05.996287,4413990,64570239
vla1,3,1708,2023-12-01T21:55:07.160626,4436731,64592980
vla1,3,1709,2023-12-01T21:55:08.319487,4459365,64615614
vla1,3,1710,2023-12-01T21:55:09.449471,4481435,64637684
vla1,3,1711,2023-12-01T21:55:10.612427,4504149,64660398
vla1,3,1712,2023-12-01T21:55:11.786392,4527078,64683327
vla1,3,1713,2023-12-01T21:55:12.946533,4549737,64705986
vla1,3,1714,2023-12-01T21:55:14.095256,4572173,64728422
vla1,3,1715,2023-12-01T21:55:15.254783,4594820,64751069
vla1,3,1716,2023-12-01T21:55:16.413899,4617459,64773708
vla1,3,1717,2023-12-01T21:55:17.587967,4640390,64796639
vla1,3,1718,2023-12-01T21:55:18.754354,4663171,64819420
vla1,3,1719,2023-12-01T21:55:19.914341,4685827,64842076
vla1,3,1720,2023-12-01T21:55:21.105611,4709094,64865343
vla1,3,1721,2023-12-01T21:55:22.208408,4730633,64886882
vla1,3,1722,2023-12-01T21:55:23.370597,4753332,64909581
vla1,3,1723,2023-12-01T21:55:24.545995,4776289,64932538
vla1,3,1724,2023-12-01T21:55:25.691032,4798653,64954902
vla1,3,1725,2023-12-01T21:55:26.880971,4821894,64978143
vla1,3,1726,2023-12-01T21:55:28.043672,4844603,65000852
vla1,3,1727,2023-12-01T21:55:29.204786,4867281,65023530
vla1,3,1728,2023-12-01T21:55:30.366565,4889972,65046221
vla1,3,1729,2023-12-01T21:55:31.507659,4912259,65068508
vla1,3,1730,2023-12-01T21:55:32.662936,4934823,65091072
vla1,3,1731,2023-12-01T21:55:33.819954,4957421,65113670
vla1,3,1732,2023-12-01T21:55:34.985624,4980188,65136437
vla1,3,1733,2023-12-01T21:55:36.140491,5002744,65158993
vla1,3,1734,2023-12-01T21:55:37.301707,5025424,65181673
vla1,3,1735,2023-12-01T21:55:38.459186,5048031,65204280
vla1,3,1736,2023-12-01T21:55:39.613797,5070582,65226831
vla1,3,1737,2023-12-01T21:55:40.778341,5093327,65249576
vla1,3,1738,2023-12-01T21:55:41.937919,5115975,65272224
vla1,3,1739,2023-12-01T21:55:43.101592,5138703,65294952
vla1,3,1740,2023-12-01T21:55:44.265675,5161439,65317688
vla1,3,1741,2023-12-01T21:55:45.481727,5185190,65341439
vla1,3,1742,2023-12-01T21:55:46.612581,5207277,65363526
vla1,3,1743,2023-12-01T21:55:47.956069,5233517,65389766
vla1,3,1744,2023-12-01T21:55:49.047807,5254840,65411089
vla1,3,1745,2023-12-01T21:55:50.240613,5278137,65434386
vla1,3,1746,2023-12-01T21:55:51.418776,5301148,65457397
vla1,3,1747,2023-12-01T21:55:52.610610,5324426,65480675
vla1,3,1748,2023-12-01T21:55:53.799832,5347653,65503902
vla1,3,1749,2023-12-01T21:55:54.994482,5370986,65527235
vla1,3,1750,2023-12-01T21:55:56.184267,5394224,65550473
vla1,3,1751,2023-12-01T21:55:57.369855,5417380,65573629
vla1,3,1752,2023-12-01T21:55:58.563378,5440691,65596940
vla1,3,1753,2023-12-01T21:55:59.777074,5464396,65620645
vla1,3,1754,2023-12-01T21:56:00.933938,5486991,65643240
vla1,3,1755,2023-12-01T21:56:02.124184,5510238,65666487
vla1,3,1756,2023-12-01T21:56:03.353496,5534248,65690497
vla1,3,1757,2023-12-01T21:56:04.540363,5557429,65713678
vla1,3,1758,2023-12-01T21:56:05.708031,5580235,65736484
vla1,3,1759,2023-12-01T21:56:06.894181,5603402,65759651
vla1,3,1760,2023-12-01T21:56:08.112127,5627190,65783439
vla1,3,1761,2023-12-01T21:56:09.268120,5649768,65806017
vla1,3,1762,2023-12-01T21:56:10.490930,5673651,65829900
vla1,3,1763,2023-12-01T21:56:11.651531,5696319,65852568
vla1,3,1764,2023-12-01T21:56:12.839423,5719520,65875769
vla1,3,1765,2023-12-01T21:56:14.019890,5742576,65898825
vla1,3,1766,2023-12-01T21:56:15.204043,5765704,65921953
vla1,3,1767,2023-12-01T21:56:16.393317,5788932,65945181
vla1,3,1768,2023-12-01T21:56:17.578341,5812077,65968326
vla1,3,1769,2023-12-01T21:56:18.766795,5835289,65991538
vla1,3,1770,2023-12-01T21:56:19.958475,5858564,66014813
vla1,3,1771,2023-12-01T21:56:21.144933,5881737,66037986
vla1,3,1772,2023-12-01T21:56:22.339275,5905064,66061313
vla1,3,1773,2023-12-01T21:56:23.524811,5928219,66084468
vla1,3,1774,2023-12-01T21:56:24.706149,5951292,66107541
vla1,3,1775,2023-12-01T21:56:25.968434,5975946,66132195
vla1,3,1776,2023-12-01T21:56:27.239269,6000767,66157016
vla1,3,1777,2023-12-01T21:56:28.512767,6025640,66181889
vla1,3,1778,2023-12-01T21:56:29.782578,6050441,66206690
vla1,3,1779,2023-12-01T21:56:31.050802,6075211,66231460
vla1,3,1780,2023-12-01T21:56:32.335359,6100300,66256549
vla1,3,1781,2023-12-01T21:56:33.613362,6125261,66281510
vla1,3,1782,2023-12-01T21:56:34.888805,6150172,66306421
vla1,3,1783,2023-12-01T21:56:36.163224,6175063,66331312
vla1,3,1784,2023-12-01T21:56:37.443839,6200075,66356324
vla1,3,1785,2023-12-01T21:56:38.771352,6226003,66382252
vla1,3,1786,2023-12-01T21:56:40.039064,6250763,66407012
vla1,3,1787,2023-12-01T21:56:41.263563,6274679,66430928
vla1,3,1788,2023-12-01T21:56:42.515762,6299136,66455385
vla1,3,1789,2023-12-01T21:56:43.800421,6324227,66480476
vla1,3,1790,2023-12-01T21:56:45.072383,6349070,66505319
vla1,3,1791,2023-12-01T21:56:46.343115,6373889,66530138
vla1,3,1792,2023-12-01T21:56:47.611595,6398664,66554913
vla1,3,1793,2023-12-01T21:56:48.875621,6423352,66579601
vla1,3,1794,2023-12-01T21:56:50.148760,6448218,66604467
vla1,3,1795,2023-12-01T21:56:51.415039,6472950,66629199
vla1,3,1796,2023-12-01T21:56:52.679679,6497650,66653899
vla1,3,1797,2023-12-01T21:56:53.919077,6521857,66678106
vla1,3,1798,2023-12-01T21:56:55.175679,6546400,66702649
vla1,3,1799,2023-12-01T21:56:56.431307,6570924,66727173
vla1,3,1800,2023-12-01T21:56:57.684171,6595394,66751643
vla1,3,1801,2023-12-01T21:56:58.989362,6620886,66777135
vla1,3,1802,2023-12-01T21:57:00.209509,6644717,66800966
vla1,3,1803,2023-12-01T21:57:01.449983,6668945,66825194
vla1,3,1804,2023-12-01T21:57:02.707864,6693513,66849762
vla1,3,1805,2023-12-01T21:57:03.964261,6718052,66874301
vla1,3,1806,2023-12-01T21:57:05.237144,6742913,66899162
vla1,3,1807,2023-12-01T21:57:06.486680,6767318,66923567
vla1,3,1808,2023-12-01T21:57:07.740978,6791816,66948065
vla1,3,1809,2023-12-01T21:57:08.997835,6816364,66972613
vla1,3,1810,2023-12-01T21:57:10.256024,6840938,66997187
vla1,3,1811,2023-12-01T21:57:11.535154,6865921,67022170
vla1,3,1812,2023-12-01T21:57:12.835583,6891320,67047569
vla1,3,1813,2023-12-01T21:57:14.149938,6916991,67073240
vla1,3,1814,2023-12-01T21:57:15.453797,6942457,67098706
vla1,3,1815,2023-12-01T21:57:16.744600,6967668,67123917
vla1,3,1816,2023-12-01T21:57:18.040933,6992987,67149236
vla1,3,1817,2023-12-01T21:57:19.357183,7018695,67174944
vla1,3,1818,2023-12-01T21:57:20.660427,7044149,67200398
vla1,3,1819,2023-12-01T21:57:21.950923,7069354,67225603
vla1,3,1820,2023-12-01T21:57:23.268043,7095079,67251328
vla1,3,1821,2023-12-01T21:57:24.570418,7120516,67276765
vla1,3,1822,2023-12-01T21:57:25.872434,7145946,67302195
vla1,3,1823,2023-12-01T21:57:27.165080,7171193,67327442
vla1,3,1824,2023-12-01T21:57:28.474059,7196759,67353008
vla1,3,1825,2023-12-01T21:57:29.778533,7222237,67378486
vla1,3,1826,2023-12-01T21:57:31.089765,7247847,67404096
vla1,3,1827,2023-12-01T21:57:32.391064,7273263,67429512
vla1,3,1828,2023-12-01T21:57:33.696920,7298768,67455017
vla1,3,1829,2023-12-01T21:57:35.001445,7324247,67480496
vla1,3,1830,2023-12-01T21:57:36.304997,7349707,67505956
vla1,3,1831,2023-12-01T21:57:37.602149,7375042,67531291
vla1,3,1832,2023-12-01T21:57:38.904114,7400471,67556720
vla1,3,1833,2023-12-01T21:57:40.211711,7426010,67582259
vla1,3,1834,2023-12-01T21:57:41.517055,7451505,67607754
vla1,3,1835,2023-12-01T21:57:42.820760,7476968,67633217
vla1,3,1836,2023-12-01T21:57:44.124875,7502439,67658688
vla1,3,1837,2023-12-01T21:57:45.427352,7527878,67684127
vla1,3,1838,2023-12-01T21:57:46.732645,7553372,67709621
vla1,3,1839,2023-12-01T21:57:48.033279,7578775,67735024
vla1,3,1840,2023-12-01T21:57:49.336267,7604224,67760473
vla1,3,1841,2023-12-01T21:57:50.640792,7629703,67785952
vla1,3,1842,2023-12-01T21:57:51.963698,7655541,67811790
vla1,3,1843,2023-12-01T21:57:53.272370,7681101,67837350
vla1,3,1844,2023-12-01T21:57:54.575000,7706543,67862792
vla1,3,1845,2023-12-01T21:57:55.877119,7731975,67888224
vla1,3,1846,2023-12-01T21:57:57.166795,7757164,67913413
vla1,3,1847,2023-12-01T21:57:58.468914,7782596,67938845
vla1,3,1848,2023-12-01T21:57:59.775691,7808119,67964368
vla1,3,1849,2023-12-01T21:58:01.080984,7833613,67989862
vla1,3,1850,2023-12-01T21:58:02.385304,7859088,68015337
vla1,3,1851,2023-12-01T21:58:03.690699,7884584,68040833
vla1,3,1852,2023-12-01T21:58:04.998911,7910135,68066384
vla1,3,1853,2023-12-01T21:58:06.306200,7935668,68091917
vla1,3,1854,2023-12-01T21:58:07.613336,7961198,68117447
vla1,3,1855,2023-12-01T21:58:08.943205,7987172,68143421
vla1,3,1856,2023-12-01T21:58:10.224383,8012195,68168444
vla1,3,1857,2023-12-01T21:58:11.551128,8038108,68194357
vla1,3,1858,2023-12-01T21:58:12.806194,8062621,68218870
vla1,3,1859,2023-12-01T21:58:14.110002,8088086,68244335
vla1,3,1860,2023-12-01T21:58:15.428402,8113836,68270085
vla1,3,1861,2023-12-01T21:58:16.735333,8139362,68295611
vla1,3,1862,2023-12-01T21:58:18.040267,8164849,68321098
vla1,3,1863,2023-12-01T21:58:19.345048,8190333,68346582
vla1,3,1864,2023-12-01T21:58:20.650853,8215837,68372086
vla1,3,1865,2023-12-01T21:58:21.957631,8241360,68397609
vla1,3,1866,2023-12-01T21:58:23.262565,8266847,68423096
vla1,3,1867,2023-12-01T21:58:24.565042,8292286,68448535
vla1,3,1868,2023-12-01T21:58:25.870130,8317776,68474025
vla1,3,1869,2023-12-01T21:58:27.183563,8343429,68499678
vla1,3,1870,2023-12-01T21:58:28.490290,8368951,68525200
vla1,3,1871,2023-12-01T21:58:29.793688,8394408,68550657
vla1,3,1872,2023-12-01T21:58:31.094680,8419818,68576067
vla1,3,1873,2023-12-01T21:58:32.404581,8445402,68601651
vla1,3,1874,2023-12-01T21:58:33.725797,8471207,68627456
vla1,3,1875,2023-12-01T21:58:35.029195,8496664,68652913
vla1,3,1876,2023-12-01T21:58:36.330495,8522080,68678329
vla1,3,1877,2023-12-01T21:58:37.635685,8547572,68703821
vla1,3,1878,2023-12-01T21:58:38.940875,8573064,68729313
vla1,3,1879,2023-12-01T21:58:40.220978,8598066,68754315
vla1,3,1880,2023-12-01T21:58:41.534360,8623718,68779967
vla1,3,1881,2023-12-01T21:58:42.839755,8649214,68805463
vla1,3,1882,2023-12-01T21:58:44.165067,8675099,68831348
vla1,3,1883,2023-12-01T21:58:45.470872,8700603,68856852
vla1,3,1884,2023-12-01T21:58:46.782411,8726219,68882468
vla1,3,1885,2023-12-01T21:58:48.147813,8752887,68909136
vla1,3,1886,2023-12-01T21:58:49.375128,8776858,68933107
vla1,3,1887,2023-12-01T21:58:50.680984,8802363,68958612
vla1,3,1888,2023-12-01T21:58:51.993650,8828001,68984250
vla1,3,1889,2023-12-01T21:58:53.306776,8853648,69009897
vla1,3,1890,2023-12-01T21:58:54.619698,8879291,69035540
vla1,3,1891,2023-12-01T21:58:55.924376,8904773,69061022
vla1,3,1892,2023-12-01T21:58:57.224907,8930174,69086423
vla1,3,1893,2023-12-01T21:58:58.540543,8955870,69112119
vla1,3,1894,2023-12-01T21:58:59.858994,8981621,69137870
vla1,3,1895,2023-12-01T21:59:01.166693,9007162,69163411
vla1,3,1896,2023-12-01T21:59:02.471986,9032656,69188905
vla1,3,1897,2023-12-01T21:59:03.778405,9058172,69214421
vla1,3,1898,2023-12-01T21:59:05.069055,9083380,69239629
vla1,3,1899,2023-12-01T21:59:06.376856,9108923,69265172
vla1,3,1900,2023-12-01T21:59:07.683685,9134447,69290696
vla1,3,1901,2023-12-01T21:59:08.988773,9159937,69316186
vla1,3,1902,2023-12-01T21:59:10.294168,9185433,69341682
vla1,3,1903,2023-12-01T21:59:11.609445,9211122,69367371
vla1,3,1904,2023-12-01T21:59:12.912997,9236582,69392831
vla1,3,1905,2023-12-01T21:59:14.215730,9262026,69418275
vla1,3,1906,2023-12-01T21:59:15.526655,9287630,69443879
vla1,3,1907,2023-12-01T21:59:16.831947,9313124,69469373
vla1,3,1908,2023-12-01T21:59:18.140619,9338684,69494933
vla1,3,1909,2023-12-01T21:59:19.448421,9364227,69520476
vla1,3,1910,2023-12-01T21:59:20.754994,9389746,69545995
vla1,3,1911,2023-12-01T21:59:22.066533,9415362,69571611
vla1,3,1912,2023-12-01T21:59:23.373003,9440879,69597128
vla1,3,1913,2023-12-01T21:59:24.685157,9466507,69622756
vla1,3,1914,2023-12-01T21:59:25.997771,9492144,69648393
vla1,3,1915,2023-12-01T21:59:27.298149,9517542,69673791
vla1,3,1916,2023-12-01T21:59:28.604773,9543062,69699311
vla1,3,1917,2023-12-01T21:59:29.912575,9568605,69724854
vla1,3,1918,2023-12-01T21:59:31.221042,9594161,69750410
vla1,3,1919,2023-12-01T21:59:32.535499,9619834,69776083
vla1,3,1920,2023-12-01T21:59:33.846475,9645439,69801688
vla1,3,1921,2023-12-01T21:59:35.126936,9670448,69826697
vla1,3,1922,2023-12-01T21:59:36.432434,9695946,69852195
vla1,3,1923,2023-12-01T21:59:37.744587,9721574,69877823
vla1,3,1924,2023-12-01T21:59:39.048191,9747035,69903284
vla1,3,1925,2023-12-01T21:59:40.361163,9772679,69928928
vla1,3,1926,2023-12-01T21:59:41.664511,9798135,69954384
vla1,3,1927,2023-12-01T21:59:42.972210,9823676,69979925
vla1,3,1928,2023-12-01T21:59:44.288971,9849394,70005643
vla1,3,1929,2023-12-01T21:59:45.597387,9874949,70031198
vla1,3,1930,2023-12-01T21:59:46.896075,9900314,70056563
vla1,3,1931,2023-12-01T21:59:48.204440,9925868,70082117
vla1,3,1932,2023-12-01T21:59:49.512344,9951413,70107662
vla1,3,1933,2023-12-01T21:59:50.832895,9977205,70133454
vla1,3,1934,2023-12-01T21:59:52.153189,10002992,70159241
vla1,3,1935,2023-12-01T21:59:53.440357,10028132,70184381
vla1,3,1936,2023-12-01T21:59:54.746623,10053645,70209894
vla1,3,1937,2023-12-01T21:59:56.054168,10079183,70235432
vla1,3,1938,2023-12-01T21:59:57.387467,10105224,70261473
vla1,3,1939,2023-12-01T21:59:58.693887,10130740,70286989
vla1,3,1940,2023-12-01T21:59:59.975627,10155774,70312023
vla1,3,1941,2023-12-01T22:00:01.284658,10181341,70337590
vla1,3,1942,2023-12-01T22:00:02.533579,10205734,70361983
vla1,3,1943,2023-12-01T22:00:03.816754,10230796,70387045
vla1,3,1944,2023-12-01T22:00:05.078731,10255444,70411693
vla1,3,1945,2023-12-01T22:00:06.346136,10280198,70436447
vla1,3,1946,2023-12-01T22:00:07.609752,10304878,70461127
vla1,3,1947,2023-12-01T22:00:08.876747,10329624,70485873
vla1,3,1948,2023-12-01T22:00:10.139903,10354295,70510544
vla1,3,1949,2023-12-01T22:00:11.392152,10378753,70535002
vla1,3,1950,2023-12-01T22:00:12.661810,10403551,70559800
vla1,3,1951,2023-12-01T22:00:13.925784,10428238,70584487
vla1,3,1952,2023-12-01T22:00:15.183512,10452803,70609052
vla1,3,1953,2023-12-01T22:00:16.447538,10477491,70633740
vla1,3,1954,2023-12-01T22:00:17.718271,10502310,70658559
vla1,3,1955,2023-12-01T22:00:18.980453,10526962,70683211
vla1,3,1956,2023-12-01T22:00:20.244888,10551658,70707907
vla1,3,1957,2023-12-01T22:00:21.509989,10576367,70732616
vla1,3,1958,2023-12-01T22:00:22.774987,10601074,70757323
vla1,3,1959,2023-12-01T22:00:24.036863,10625720,70781969
vla1,3,1960,2023-12-01T22:00:25.300991,10650410,70806659
vla1,3,1961,2023-12-01T22:00:26.544587,10674699,70830948
vla1,3,1962,2023-12-01T22:00:27.755467,10698349,70854598
vla1,3,1963,2023-12-01T22:00:28.967064,10722013,70878262
vla1,3,1964,2023-12-01T22:00:30.176255,10745630,70901879
vla1,3,1965,2023-12-01T22:00:31.379557,10769132,70925381
vla1,3,1966,2023-12-01T22:00:32.594687,10792865,70949114
vla1,3,1967,2023-12-01T22:00:33.810994,10816621,70972870
vla1,3,1968,2023-12-01T22:00:35.013887,10840115,70996364
vla1,3,1969,2023-12-01T22:00:36.222821,10863727,71019976
vla1,3,1970,2023-12-01T22:00:37.429195,10887289,71043538
vla1,3,1971,2023-12-01T22:00:38.651237,10911157,71067406
vla1,3,1972,2023-12-01T22:00:39.862373,10934812,71091061
vla1,3,1973,2023-12-01T22:00:41.079653,10958587,71114836
vla1,3,1974,2023-12-01T22:00:42.253106,10981506,71137755
vla1,3,1975,2023-12-01T22:00:43.462399,11005125,71161374
vla1,3,1976,2023-12-01T22:00:44.674251,11028794,71185043
vla1,3,1977,2023-12-01T22:00:45.885439,11052450,71208699
vla1,3,1978,2023-12-01T22:00:47.097650,11076126,71232375
vla1,3,1979,2023-12-01T22:00:48.313803,11099879,71256128
vla1,3,1980,2023-12-01T22:00:49.471794,11122496,71278745
vla1,3,1981,2023-12-01T22:00:50.641816,11145348,71301597
vla1,3,1982,2023-12-01T22:00:51.798987,11167949,71324198
vla1,3,1983,2023-12-01T22:00:52.959077,11190607,71346856
vla1,3,1984,2023-12-01T22:00:54.091826,11212731,71368980
vla1,3,1985,2023-12-01T22:00:55.246181,11235277,71391526
vla1,3,1986,2023-12-01T22:00:56.406885,11257947,71414196
vla1,3,1987,2023-12-01T22:00:57.580440,11280868,71437117
vla1,3,1988,2023-12-01T22:00:58.731775,11303355,71459604
vla1,3,1989,2023-12-01T22:00:59.886335,11325905,71482154
vla1,3,1990,2023-12-01T22:01:01.044325,11348522,71504771
vla1,3,1991,2023-12-01T22:01:02.180351,11370710,71526959
vla1,3,1992,2023-12-01T22:01:03.355135,11393655,71549904
vla1,3,1993,2023-12-01T22:01:04.510821,11416227,71572476
vla1,3,1994,2023-12-01T22:01:05.667327,11438815,71595064
vla1,3,1995,2023-12-01T22:01:06.798693,11460912,71617161
vla1,3,1996,2023-12-01T22:01:07.950795,11483414,71639663
vla1,3,1997,2023-12-01T22:01:09.140837,11506657,71662906
vla1,3,1998,2023-12-01T22:01:10.281880,11528943,71685192
vla1,3,1999,2023-12-01T22:01:11.446731,11551694,71707943
vla1,3,2000,2023-12-01T22:01:12.628581,11574777,71731026
vla1,3,2001,2023-12-01T22:01:13.848575,11598605,71754854
vla1,3,2002,2023-12-01T22:01:15.058943,11622245,71778494
vla1,3,2003,2023-12-01T22:01:16.223743,11644995,71801244
vla1,3,2004,2023-12-01T22:01:17.442200,11668793,71825042
vla1,3,2005,2023-12-01T22:01:18.686719,11693100,71849349
vla1,3,2006,2023-12-01T22:01:19.896575,11716730,71872979
vla1,3,2007,2023-12-01T22:01:21.087845,11739997,71896246
vla1,3,2008,2023-12-01T22:01:22.326834,11764196,71920445
vla1,3,2009,2023-12-01T22:01:23.554917,11788182,71944431
vla1,3,2010,2023-12-01T22:01:24.776498,11812041,71968290
vla1,3,2011,2023-12-01T22:01:25.989170,11835726,71991975
vla1,3,2012,2023-12-01T22:01:27.213157,11859632,72015881
vla1,3,2013,2023-12-01T22:01:28.438578,11883566,72039815
vla1,3,2014,2023-12-01T22:01:29.652018,11907266,72063515
vla1,3,2015,2023-12-01T22:01:30.873138,11931116,72087365
vla1,3,2016,2023-12-01T22:01:32.093797,11954957,72111206
vla1,3,2017,2023-12-01T22:01:33.313535,11978780,72135029
vla1,3,2018,2023-12-01T22:01:34.528920,12002518,72158767
vla1,3,2019,2023-12-01T22:01:35.749989,12026367,72182616
vla1,3,2020,2023-12-01T22:01:36.976895,12050330,72206579
vla1,3,2021,2023-12-01T22:01:38.190437,12074032,72230281
vla1,3,2022,2023-12-01T22:01:39.402034,12097696,72253945
vla1,3,2023,2023-12-01T22:01:40.625151,12121585,72277834
vla1,3,2024,2023-12-01T22:01:41.847448,12145458,72301707
vla1,3,2025,2023-12-01T22:01:43.068671,12169310,72325559
vla1,3,2026,2023-12-01T22:01:44.286667,12193099,72349348
vla1,3,2027,2023-12-01T22:01:45.499339,12216784,72373033
vla1,3,2028,2023-12-01T22:01:46.719128,12240608,72396857
vla1,3,2029,2023-12-01T22:01:47.937637,12264407,72420656
vla1,3,2030,2023-12-01T22:01:49.163570,12288351,72444600
vla1,3,2031,2023-12-01T22:01:50.465125,12313772,72470021
vla1,3,2032,2023-12-01T22:01:51.684811,12337594,72493843
vla1,3,2033,2023-12-01T22:01:52.813003,12359629,72515878
vla1,3,2034,2023-12-01T22:01:54.035967,12383515,72539764
vla1,3,2035,2023-12-01T22:01:55.260824,12407438,72563687
vla1,3,2036,2023-12-01T22:01:56.483787,12431324,72587573
vla1,3,2037,2023-12-01T22:01:57.736191,12455785,72612034
vla1,3,2038,2023-12-01T22:01:58.921317,12478932,72635181
vla1,3,2039,2023-12-01T22:02:00.147455,12502880,72659129
vla1,3,2040,2023-12-01T22:02:01.374565,12526847,72683096
vla1,3,2041,2023-12-01T22:02:02.605567,12550890,72707139
vla1,3,2042,2023-12-01T22:02:03.850955,12575214,72731463
vla1,3,2043,2023-12-01T22:02:05.078219,12599184,72755433
vla1,3,2044,2023-12-01T22:02:06.260325,12622272,72778521
vla1,3,2045,2023-12-01T22:02:07.483442,12646161,72802410
vla1,3,2046,2023-12-01T22:02:08.710808,12670133,72826382
vla1,3,2047,2023-12-01T22:02:09.938687,12694115,72850364
vla1,3,2048,2023-12-01T22:02:11.208549,12718917,72875166
vla1,3,2049,2023-12-01T22:02:12.435762,12742886,72899135
vla1,3,2050,2023-12-01T22:02:13.661951,12766835,72923084
vla1,3,2051,2023-12-01T22:02:14.887167,12790765,72947014
vla1,3,2052,2023-12-01T22:02:16.109567,12814640,72970889
vla1,3,2053,2023-12-01T22:02:17.336575,12838605,72994854
vla1,3,2054,2023-12-01T22:02:18.563071,12862560,73018809
vla1,3,2055,2023-12-01T22:02:19.791154,12886546,73042795
vla1,3,2056,2023-12-01T22:02:21.015448,12910458,73066707
vla1,3,2057,2023-12-01T22:02:22.247423,12934520,73090769
vla1,3,2058,2023-12-01T22:02:23.522098,12959416,73115665
vla1,3,2059,2023-12-01T22:02:24.796159,12984300,73140549
vla1,3,2060,2023-12-01T22:02:26.067199,13009125,73165374
vla1,3,2061,2023-12-01T22:02:27.362098,13034416,73190665
vla1,3,2062,2023-12-01T22:02:28.645528,13059483,73215732
vla1,3,2063,2023-12-01T22:02:29.930034,13084571,73240820
vla1,3,2064,2023-12-01T22:02:31.204197,13109457,73265706
vla1,3,2065,2023-12-01T22:02:32.474879,13134275,73290524
vla1,3,2066,2023-12-01T22:02:33.749912,13159178,73315427
vla1,3,2067,2023-12-01T22:02:34.996069,13183517,73339766
vla1,3,2068,2023-12-01T22:02:36.272127,13208440,73364689
vla1,3,2069,2023-12-01T22:02:37.552997,13233457,73389706
vla1,3,2070,2023-12-01T22:02:38.858443,13258954,73415203
vla1,3,2071,2023-12-01T22:02:40.092466,13283056,73439305
vla1,3,2072,2023-12-01T22:02:41.343128,13307483,73463732
vla1,3,2073,2023-12-01T22:02:42.666239,13333325,73489574
vla1,3,2074,2023-12-01T22:02:43.942091,13358244,73514493
vla1,3,2075,2023-12-01T22:02:45.161215,13382055,73538304
vla1,3,2076,2023-12-01T22:02:46.459237,13407407,73563656
vla1,3,2077,2023-12-01T22:02:47.736063,13432345,73588594
vla1,3,2078,2023-12-01T22:02:49.037771,13457769,73614018
vla1,3,2079,2023-12-01T22:02:50.282443,13482079,73638328
vla1,3,2080,2023-12-01T22:02:51.581387,13507449,73663698
vla1,3,2081,2023-12-01T22:02:52.829695,13531830,73688079
vla1,3,2082,2023-12-01T22:02:54.073803,13556129,73712378
vla1,3,2083,2023-12-01T22:02:55.349554,13581046,73737295
vla1,3,2084,2023-12-01T22:02:56.647935,13606405,73762654
vla1,3,2085,2023-12-01T22:02:57.930495,13631455,73787704
vla1,3,2086,2023-12-01T22:02:59.203173,13656312,73812561
vla1,3,2087,2023-12-01T22:03:00.476363,13681179,73837428
vla1,3,2088,2023-12-01T22:03:01.754520,13706143,73862392
vla1,3,2089,2023-12-01T22:03:03.031243,13731079,73887328
vla1,3,2090,2023-12-01T22:03:04.311807,13756090,73912339
vla1,3,2091,2023-12-01T22:03:05.587711,13781010,73937259
vla1,3,2092,2023-12-01T22:03:06.863000,13805918,73962167
vla1,3,2093,2023-12-01T22:03:08.139109,13830842,73987091
vla1,3,2094,2023-12-01T22:03:09.409381,13855652,74011901
vla1,3,2095,2023-12-01T22:03:10.683698,13880541,74036790
vla1,3,2096,2023-12-01T22:03:11.936818,13905016,74061265
vla1,3,2097,2023-12-01T22:03:13.210674,13929896,74086145
vla1,3,2098,2023-12-01T22:03:14.486168,13954808,74111057
vla1,3,2099,2023-12-01T22:03:15.760997,13979707,74135956
vla1,3,2100,2023-12-01T22:03:17.041253,14004712,74160961
vla1,3,2101,2023-12-01T22:03:18.315467,14029599,74185848
vla1,3,2102,2023-12-01T22:03:19.591627,14054524,74210773
vla1,3,2103,2023-12-01T22:03:20.864562,14079386,74235635
vla1,3,2104,2023-12-01T22:03:22.135141,14104202,74260451
vla1,3,2105,2023-12-01T22:03:23.411813,14129137,74285386
vla1,3,2106,2023-12-01T22:03:24.685567,14154015,74310264
vla1,3,2107,2023-12-01T22:03:25.961778,14178941,74335190
vla1,3,2108,2023-12-01T22:03:27.240344,14203913,74360162
vla1,3,2109,2023-12-01T22:03:28.543077,14229357,74385606
vla1,3,2110,2023-12-01T22:03:29.850674,14254896,74411145
vla1,3,2111,2023-12-01T22:03:31.181976,14280898,74437147
vla1,3,2112,2023-12-01T22:03:32.507954,14306796,74463045
vla1,3,2113,2023-12-01T22:03:33.802597,14332082,74488331
vla1,3,2114,2023-12-01T22:03:35.181157,14359007,74515256
vla1,3,2115,2023-12-01T22:03:36.523723,14385229,74541478
vla1,3,2116,2023-12-01T22:03:37.886616,14411848,74568097
vla1,3,2117,2023-12-01T22:03:39.217867,14437849,74594098
vla1,3,2118,2023-12-01T22:03:40.559051,14464044,74620293
vla1,3,2119,2023-12-01T22:03:41.924760,14490718,74646967
vla1,3,2120,2023-12-01T22:03:43.294923,14517479,74673728
vla1,3,2121,2023-12-01T22:03:44.666776,14544273,74700522
vla1,3,2122,2023-12-01T22:03:46.037656,14571048,74727297
vla1,3,2123,2023-12-01T22:03:47.402443,14597704,74753953
vla1,3,2124,2023-12-01T22:03:48.767589,14624367,74780616
vla1,3,2125,2023-12-01T22:03:50.137599,14651125,74807374
vla1,3,2126,2023-12-01T22:03:51.499365,14677722,74833971
vla1,3,2127,2023-12-01T22:03:52.864511,14704385,74860634
vla1,3,2128,2023-12-01T22:03:54.240562,14731261,74887510
vla1,3,2129,2023-12-01T22:03:55.606373,14757937,74914186
vla1,3,2130,2023-12-01T22:03:56.952882,14784236,74940485
vla1,3,2131,2023-12-01T22:03:58.339685,14811322,74967571
vla1,3,2132,2023-12-01T22:03:59.704114,14837971,74994220
vla1,3,2133,2023-12-01T22:04:01.058456,14864423,75020672
vla1,3,2134,2023-12-01T22:04:02.425138,14891116,75047365
vla1,3,2135,2023-12-01T22:04:03.780197,14917582,75073831
vla1,3,2136,2023-12-01T22:04:05.146725,14944272,75100521
vla1,3,2137,2023-12-01T22:04:06.512280,14970943,75127192
vla1,3,2138,2023-12-01T22:04:07.879115,14997639,75153888
vla1,3,2139,2023-12-01T22:04:09.254296,15024498,75180747
vla1,3,2140,2023-12-01T22:04:10.619749,15051167,75207416
vla1,3,2141,2023-12-01T22:04:11.984741,15077827,75234076
vla1,3,2142,2023-12-01T22:04:13.349835,15104489,75260738
vla1,3,2143,2023-12-01T22:04:14.715647,15131165,75287414
vla1,3,2144,2023-12-01T22:04:16.079819,15157809,75314058
vla1,3,2145,2023-12-01T22:04:17.445119,15184475,75340724
vla1,3,2146,2023-12-01T22:04:18.800178,15210941,75367190
vla1,3,2147,2023-12-01T22:04:20.164043,15237579,75393828
vla1,3,2148,2023-12-01T22:04:21.532107,15264299,75420548
vla1,3,2149,2023-12-01T22:04:22.891672,15290853,75447102
vla1,3,2150,2023-12-01T22:04:24.256050,15317501,75473750
vla1,3,2151,2023-12-01T22:04:25.620120,15344143,75500392
vla1,3,2152,2023-12-01T22:04:26.986341,15370827,75527076
vla1,3,2153,2023-12-01T22:04:28.384408,15398133,75554382
vla1,3,2154,2023-12-01T22:04:29.714175,15424105,75580354
vla1,3,2155,2023-12-01T22:04:31.074712,15450678,75606927
vla1,3,2156,2023-12-01T22:04:32.438373,15477312,75633561
vla1,3,2157,2023-12-01T22:04:33.851698,15504916,75661165
vla1,3,2158,2023-12-01T22:04:35.266559,15532550,75688799
vla1,3,2159,2023-12-01T22:04:36.681727,15560190,75716439
vla1,3,2160,2023-12-01T22:04:38.100581,15587902,75744151
vla1,3,2161,2023-12-01T22:04:39.517439,15615575,75771824
vla1,3,2162,2023-12-01T22:04:40.933887,15643240,75799489
vla1,3,2163,2023-12-01T22:04:42.349259,15670884,75827133
vla1,3,2164,2023-12-01T22:04:43.764888,15698533,75854782
vla1,3,2165,2023-12-01T22:04:45.180875,15726189,75882438
vla1,3,2166,2023-12-01T22:04:46.600907,15753924,75910173
vla1,3,2167,2023-12-01T22:04:48.070552,15782628,75938877
vla1,3,2168,2023-12-01T22:04:49.458379,15809734,75965983
vla1,3,2169,2023-12-01T22:04:50.843647,15836790,75993039
vla1,3,2170,2023-12-01T22:04:52.309451,15865419,76021668
vla1,3,2171,2023-12-01T22:04:53.825944,15895038,76051287
vla1,3,2172,2023-12-01T22:04:55.326104,15924338,76080587
vla1,3,2173,2023-12-01T22:04:56.766719,15952475,76108724
vla1,3,2174,2023-12-01T22:04:58.262424,15981688,76137937
vla1,3,2175,2023-12-01T22:04:59.757567,16010890,76167139
vla1,3,2176,2023-12-01T22:05:01.269861,16040427,76196676
vla1,3,2177,2023-12-01T22:05:02.811544,16070538,76226787
vla1,3,2178,2023-12-01T22:05:04.369970,16100976,76257225
vla1,3,2179,2023-12-01T22:05:05.917541,16131202,76287451
vla1,3,2180,2023-12-01T22:05:07.470795,16161539,76317788
vla1,3,2181,2023-12-01T22:05:09.015448,16191708,76347957
vla1,3,2182,2023-12-01T22:05:10.564607,16221965,76378214
vla1,3,2183,2023-12-01T22:05:12.113714,16252221,76408470
vla1,3,2184,2023-12-01T22:05:13.657752,16282378,76438627
vla1,3,2185,2023-12-01T22:05:15.207986,16312656,76468905
vla1,3,2186,2023-12-01T22:05:16.761599,16343000,76499249
vla1,3,2187,2023-12-01T22:05:18.296421,16372977,76529226
vla1,3,2188,2023-12-01T22:05:19.844197,16403207,76559456
vla1,3,2189,2023-12-01T22:05:21.393765,16433472,76589721
vla1,3,2190,2023-12-01T22:05:22.934527,16463565,76619814
vla1,3,2191,2023-12-01T22:05:24.532939,16494784,76651033
vla1,3,2192,2023-12-01T22:05:26.127051,16525919,76682168
vla1,3,2193,2023-12-01T22:05:27.720754,16557046,76713295
vla1,3,2194,2023-12-01T22:05:29.314149,16588167,76744416
vla1,3,2195,2023-12-01T22:05:30.906469,16619267,76775516
vla1,3,2196,2023-12-01T22:05:32.502936,16650448,76806697
vla1,3,2197,2023-12-01T22:05:34.098840,16681618,76837867
vla1,3,2198,2023-12-01T22:05:35.686911,16712635,76868884
vla1,3,2199,2023-12-01T22:05:37.284965,16743847,76900096
vla1,3,2200,2023-12-01T22:05:38.885067,16775099,76931348
vla1,3,2201,2023-12-01T22:05:40.451071,16805685,76961934
vla1,3,2202,2023-12-01T22:05:42.048408,16836883,76993132
vla1,3,2203,2023-12-01T22:05:43.666533,16868487,77024736
vla1,3,2204,2023-12-01T22:05:45.233970,16899101,77055350
vla1,3,2205,2023-12-01T22:05:46.819685,16930072,77086321
vla1,3,2206,2023-12-01T22:05:48.410623,16961145,77117394
vla1,3,2207,2023-12-01T22:05:50.000946,16992206,77148455
vla1,3,2208,2023-12-01T22:05:51.586149,17023167,77179416
vla1,3,2209,2023-12-01T22:05:53.165720,17054018,77210267
vla1,3,2210,2023-12-01T22:05:54.759627,17085149,77241398
vla1,3,2211,2023-12-01T22:05:56.355941,17116327,77272576
vla1,3,2212,2023-12-01T22:05:57.943346,17147331,77303580
vla1,3,2213,2023-12-01T22:05:59.527525,17178272,77334521
vla1,3,2214,2023-12-01T22:06:01.123480,17209443,77365692
vla1,3,2215,2023-12-01T22:06:02.718104,17240588,77396837
vla1,3,2216,2023-12-01T22:06:04.386917,17273182,77429431
vla1,3,2217,2023-12-01T22:06:05.891890,17302576,77458825
vla1,3,2218,2023-12-01T22:06:07.488357,17333757,77490006
vla1,3,2219,2023-12-01T22:06:09.074994,17364746,77520995
vla1,3,2220,2023-12-01T22:06:10.695115,17396389,77552638
vla1,3,2221,2023-12-01T22:06:12.287026,17427481,77583730
vla1,3,2222,2023-12-01T22:06:13.849701,17458002,77614251
vla1,3,2223,2023-12-01T22:06:15.437618,17489016,77645265
vla1,3,2224,2023-12-01T22:06:17.031525,17520147,77676396
vla1,3,2225,2023-12-01T22:06:18.642891,17551619,77707868
vla1,3,2226,2023-12-01T22:06:20.230296,17582623,77738872
vla1,3,2227,2023-12-01T22:06:21.804850,17613376,77769625
vla1,3,2228,2023-12-01T22:06:23.396299,17644459,77800708
vla1,3,2229,2023-12-01T22:06:24.991231,17675610,77831859
vla1,3,2230,2023-12-01T22:06:26.582168,17706683,77862932
vla1,3,2231,2023-12-01T22:06:28.174386,17737781,77894030
vla1,3,2232,2023-12-01T22:06:29.771570,17768976,77925225
vla1,3,2233,2023-12-01T22:06:31.362763,17800054,77956303
vla1,3,2234,2023-12-01T22:06:32.956875,17831189,77987438
vla1,3,2235,2023-12-01T22:06:34.553445,17862372,78018621
vla1,3,2236,2023-12-01T22:06:36.149400,17893543,78049792
vla1,3,2237,2023-12-01T22:06:37.747352,17924753,78081002
vla1,3,2238,2023-12-01T22:06:39.344178,17955941,78112190
vla1,3,2239,2023-12-01T22:06:40.947711,17987260,78143509
vla1,3,2240,2023-12-01T22:06:42.543563,18018429,78174678
vla1,3,2241,2023-12-01T22:06:44.135371,18049519,78205768
vla1,3,2242,2023-12-01T22:06:45.723647,18080540,78236789
vla1,3,2243,2023-12-01T22:06:47.320677,18111732,78267981
vla1,3,2244,2023-12-01T22:06:48.912127,18142815,78299064
vla1,3,2245,2023-12-01T22:06:50.505727,18173940,78330189
vla1,3,2246,2023-12-01T22:06:52.105112,18205178,78361427
vla1,3,2247,2023-12-01T22:06:53.696920,18236268,78392517
vla1,3,2248,2023-12-01T22:06:55.288165,18267347,78423596
vla1,3,2249,2023-12-01T22:06:56.890008,18298633,78454882
vla1,3,2250,2023-12-01T22:06:58.458008,18329258,78485507
vla1,3,2251,2023-12-01T22:07:00.055192,18360453,78516702
vla1,3,2252,2023-12-01T22:07:01.667173,18391937,78548186
vla1,3,2253,2023-12-01T22:07:03.265279,18423150,78579399
vla1,3,2254,2023-12-01T22:07:04.863691,18454369,78610618
vla1,3,2255,2023-12-01T22:07:06.456216,18485473,78641722
vla1,3,2256,2023-12-01T22:07:08.053554,18516671,78672920
vla1,3,2257,2023-12-01T22:07:09.651352,18547878,78704127
vla1,3,2258,2023-12-01T22:07:11.234251,18578794,78735043
vla1,3,2259,2023-12-01T22:07:12.829746,18609956,78766205
vla1,3,2260,2023-12-01T22:07:14.422885,18641072,78797321
vla1,3,2261,2023-12-01T22:07:16.014488,18672158,78828407
vla1,3,2262,2023-12-01T22:07:17.614744,18703413,78859662
vla1,3,2263,2023-12-01T22:07:19.211416,18734598,78890847
vla1,3,2264,2023-12-01T22:07:20.807423,18765770,78922019
vla1,3,2265,2023-12-01T22:07:22.399435,18796864,78953113
vla1,3,2266,2023-12-01T22:07:23.993087,18827990,78984239
vla1,3,2267,2023-12-01T22:07:25.581208,18859008,79015257
vla1,3,2268,2023-12-01T22:07:27.166411,18889969,79046218
vla1,3,2269,2023-12-01T22:07:28.770456,18921298,79077547
vla1,3,2270,2023-12-01T22:07:30.399691,18953119,79109368
vla1,3,2271,2023-12-01T22:07:31.981055,18984005,79140254
vla1,3,2272,2023-12-01T22:07:33.575883,19015154,79171403
vla1,3,2273,2023-12-01T22:07:35.138866,19045681,79201930
vla1,3,2274,2023-12-01T22:07:36.779519,19077725,79233974
vla1,3,2275,2023-12-01T22:07:38.373067,19108849,79265098
vla1,3,2276,2023-12-01T22:07:39.877221,19138227,79294476
vla1,3,2277,2023-12-01T22:07:41.486693,19169662,79325911
vla1,3,2278,2023-12-01T22:07:43.070155,19200589,79356838
vla1,3,2279,2023-12-01T22:07:44.657407,19231590,79387839
vla1,3,2280,2023-12-01T22:07:46.244453,19262587,79418836
vla1,3,2281,2023-12-01T22:07:47.826738,19293491,79449740
vla1,3,2282,2023-12-01T22:07:49.439487,19324990,79481239
vla1,3,2283,2023-12-01T22:07:51.024843,19355954,79512203
vla1,3,2284,2023-12-01T22:07:52.607179,19386859,79543108
vla1,3,2285,2023-12-01T22:07:54.191819,19417809,79574058
vla1,3,2286,2023-12-01T22:07:55.747992,19448203,79604452
vla1,3,2287,2023-12-01T22:07:57.335499,19479209,79635458
vla1,3,2288,2023-12-01T22:07:58.936779,19510484,79666733
vla1,3,2289,2023-12-01T22:08:00.502475,19541064,79697313
vla1,3,2290,2023-12-01T22:08:02.097048,19572208,79728457
vla1,3,2291,2023-12-01T22:08:03.692235,19603364,79759613
vla1,3,2292,2023-12-01T22:08:05.284914,19634471,79790720
vla1,3,2293,2023-12-01T22:08:06.898379,19665984,79822233
vla1,3,2294,2023-12-01T22:08:08.497355,19697214,79853463
vla1,3,2295,2023-12-01T22:08:10.099301,19728502,79884751
vla1,3,2296,2023-12-01T22:08:11.688754,19759546,79915795
vla1,3,2297,2023-12-01T22:08:13.282507,19790674,79946923
vla1,3,2298,2023-12-01T22:08:14.885835,19821989,79978238
vla1,3,2299,2023-12-01T22:08:16.447999,19852500,80008749
vla1,3,2300,2023-12-01T22:08:18.053887,19883865,80040114
vla1,3,2301,2023-12-01T22:08:19.671807,19915465,80071714
vla1,3,2302,2023-12-01T22:08:21.266277,19946607,80102856
vla1,3,2303,2023-12-01T22:08:22.867455,19977880,80134129
vla1,3,2304,2023-12-01T22:08:24.445541,20008702,80164951
vla1,3,2305,2023-12-01T22:08:26.042418,20039891,80196140
vla1,3,2306,2023-12-01T22:08:27.634021,20070977,80227226
vla1,3,2307,2023-12-01T22:08:29.229669,20102142,80258391
vla1,3,2308,2023-12-01T22:08:30.822450,20133251,80289500
vla1,3,2309,2023-12-01T22:08:32.440011,20164844,80321093
vla1,3,2310,2023-12-01T22:08:34.032587,20195949,80352198
vla1,3,2311,2023-12-01T22:08:35.610623,20226770,80383019
vla1,3,2312,2023-12-01T22:08:37.173349,20257292,80413541
vla1,3,2313,2023-12-01T22:08:38.802021,20289102,80445351
vla1,3,2314,2023-12-01T22:08:40.398232,20320278,80476527
vla1,3,2315,2023-12-01T22:08:41.993419,20351434,80507683
vla1,3,2316,2023-12-01T22:08:43.588555,20382589,80538838
vla1,3,2317,2023-12-01T22:08:45.182258,20413716,80569965
vla1,3,2318,2023-12-01T22:08:46.771813,20444762,80601011
vla1,3,2319,2023-12-01T22:08:48.343653,20475462,80631711
vla1,3,2320,2023-12-01T22:08:49.952664,20506888,80663137
vla1,3,2321,2023-12-01T22:08:51.546981,20538027,80694276
vla1,3,2322,2023-12-01T22:08:53.142783,20569195,80725444
vla1,3,2323,2023-12-01T22:08:54.731979,20600234,80756483
vla1,3,2324,2023-12-01T22:08:56.321586,20631281,80787530
vla1,3,2325,2023-12-01T22:08:57.917131,20662444,80818693
vla1,3,2326,2023-12-01T22:08:59.514418,20693641,80849890
vla1,3,2327,2023-12-01T22:09:01.108120,20724768,80881017
vla1,3,2328,2023-12-01T22:09:02.712779,20756109,80912358
vla1,3,2329,2023-12-01T22:09:04.305816,20787223,80943472
vla1,3,2330,2023-12-01T22:09:05.885643,20818079,80974328
vla1,3,2331,2023-12-01T22:09:07.474226,20849106,81005355
vla1,3,2332,2023-12-01T22:09:09.085490,20880576,81036825
vla1,3,2333,2023-12-01T22:09:10.668389,20911492,81067741
vla1,3,2334,2023-12-01T22:09:12.262501,20942627,81098876
vla1,3,2335,2023-12-01T22:09:13.855691,20973744,81129993
vla1,3,2336,2023-12-01T22:09:15.451903,21004920,81161169
vla1,3,2337,2023-12-01T22:09:17.046527,21036065,81192314
vla1,3,2338,2023-12-01T22:09:18.638591,21067160,81223409
vla1,3,2339,2023-12-01T22:09:20.242840,21098493,81254742
vla1,3,2340,2023-12-01T22:09:21.837311,21129635,81285884
vla1,3,2341,2023-12-01T22:09:23.433471,21160810,81317059
vla1,3,2342,2023-12-01T22:09:25.011147,21191624,81347873
vla1,3,2343,2023-12-01T22:09:26.603877,21222732,81378981
vla1,3,2344,2023-12-01T22:09:28.198808,21253883,81410132
vla1,3,2345,2023-12-01T22:09:29.799013,21285137,81441386
vla1,3,2346,2023-12-01T22:09:31.406437,21316532,81472781
vla1,3,2347,2023-12-01T22:09:32.994405,21347547,81503796
vla1,3,2348,2023-12-01T22:09:34.589848,21378708,81534957
vla1,3,2349,2023-12-01T22:09:36.186776,21409898,81566147
vla1,3,2350,2023-12-01T22:09:37.775768,21440933,81597182
vla1,3,2351,2023-12-01T22:09:39.386264,21472388,81628637
vla1,3,2352,2023-12-01T22:09:40.980530,21503526,81659775
vla1,3,2353,2023-12-01T22:09:42.581298,21534791,81691040
vla1,3,2354,2023-12-01T22:09:44.136498,21565166,81721415
vla1,3,2355,2023-12-01T22:09:45.726821,21596227,81752476
vla1,3,2356,2023-12-01T22:09:47.406386,21629031,81785280
vla1,3,2357,2023-12-01T22:09:48.916120,21658518,81814767
vla1,3,2358,2023-12-01T22:09:50.506597,21689582,81845831
vla1,3,2359,2023-12-01T22:09:52.076747,21720249,81876498
vla1,3,2360,2023-12-01T22:09:53.671576,21751398,81907647
vla1,3,2361,2023-12-01T22:09:55.286373,21782937,81939186
vla1,3,2362,2023-12-01T22:09:56.885093,21814162,81970411
vla1,3,2363,2023-12-01T22:09:58.596965,21847597,82003846
vla1,3,2364,2023-12-01T22:10:00.094104,21876838,82033087
vla1,3,2365,2023-12-01T22:10:01.673010,21907676,82063925
vla1,3,2366,2023-12-01T22:10:03.269375,21938855,82095104
vla1,3,2367,2023-12-01T22:10:04.878335,21970280,82126529
vla1,3,2368,2023-12-01T22:10:06.472549,22001417,82157666
vla1,3,2369,2023-12-01T22:10:08.047256,22032173,82188422
vla1,3,2370,2023-12-01T22:10:09.655295,22063580,82219829
vla1,3,2371,2023-12-01T22:10:11.251250,22094751,82251000
vla1,3,2372,2023-12-01T22:10:12.834098,22125666,82281915
vla1,3,2373,2023-12-01T22:10:14.428875,22156814,82313063
vla1,3,2374,2023-12-01T22:10:16.014949,22187792,82344041
vla1,3,2375,2023-12-01T22:10:17.703781,22220777,82377026
vla1,3,2376,2023-12-01T22:10:19.288319,22251725,82407974
vla1,3,2377,2023-12-01T22:10:20.863487,22282490,82438739
vla1,3,2378,2023-12-01T22:10:22.375269,22312017,82468266
vla1,3,2379,2023-12-01T22:10:23.951922,22342811,82499060
vla1,3,2380,2023-12-01T22:10:25.541170,22373851,82530100
vla1,3,2381,2023-12-01T22:10:27.122687,22404740,82560989
vla1,3,2382,2023-12-01T22:10:28.716440,22435868,82592117
vla1,3,2383,2023-12-01T22:10:30.302616,22466848,82623097
vla1,3,2384,2023-12-01T22:10:31.882955,22497714,82653963
vla1,3,2385,2023-12-01T22:10:33.488997,22529082,82685331
vla1,3,2386,2023-12-01T22:10:35.003800,22558668,82714917
vla1,3,2387,2023-12-01T22:10:36.582040,22589493,82745742
vla1,3,2388,2023-12-01T22:10:38.178200,22620668,82776917
vla1,3,2389,2023-12-01T22:10:39.729151,22650960,82807209
vla1,3,2390,2023-12-01T22:10:41.282149,22681292,82837541
vla1,3,2391,2023-12-01T22:10:43.002827,22714899,82871148
vla1,3,2392,2023-12-01T22:10:44.516811,22744469,82900718
vla1,3,2393,2023-12-01T22:10:45.998283,22773404,82929653
vla1,3,2394,2023-12-01T22:10:47.574680,22804193,82960442
vla1,3,2395,2023-12-01T22:10:49.202277,22835982,82992231
vla1,3,2396,2023-12-01T22:10:50.812056,22867423,83023672
vla1,3,2397,2023-12-01T22:10:52.287640,22896243,83052492
vla1,3,2398,2023-12-01T22:10:53.936741,22928452,83084701
vla1,3,2399,2023-12-01T22:10:55.471307,22958424,83114673
vla1,3,2400,2023-12-01T22:10:57.054104,22989338,83145587
vla1,3,2401,2023-12-01T22:10:58.646117,23020432,83176681
vla1,3,2402,2023-12-01T22:11:00.225279,23051275,83207524
vla1,3,2403,2023-12-01T22:11:01.795071,23081935,83238184
vla1,3,2404,2023-12-01T22:11:03.365631,23112610,83268859
vla1,3,2405,2023-12-01T22:11:04.997323,23144479,83300728
vla1,3,2406,2023-12-01T22:11:06.552626,23174856,83331105
vla1,3,2407,2023-12-01T22:11:08.088165,23204847,83361096
vla1,3,2408,2023-12-01T22:11:09.676184,23235863,83392112
vla1,3,2409,2023-12-01T22:11:11.301579,23267609,83423858
vla1,3,2410,2023-12-01T22:11:12.888882,23298611,83454860
vla1,3,2411,2023-12-01T22:11:14.478488,23329658,83485907
vla1,3,2412,2023-12-01T22:11:16.069784,23360738,83516987
vla1,3,2413,2023-12-01T22:11:17.647359,23391550,83547799
vla1,3,2414,2023-12-01T22:11:19.212287,23422115,83578364
vla1,3,2415,2023-12-01T22:11:20.783563,23452804,83609053
vla1,3,2416,2023-12-01T22:11:22.371224,23483813,83640062
vla1,3,2417,2023-12-01T22:11:23.946955,23514589,83670838
vla1,3,2418,2023-12-01T22:11:25.466162,23544261,83700510
vla1,3,2419,2023-12-01T22:11:27.061707,23575424,83731673
vla1,3,2420,2023-12-01T22:11:28.712754,23607671,83763920
vla1,3,2421,2023-12-01T22:11:30.280703,23638295,83794544
vla1,3,2422,2023-12-01T22:11:31.784088,23667658,83823907
vla1,3,2423,2023-12-01T22:11:33.372568,23698683,83854932
vla1,3,2424,2023-12-01T22:11:34.991000,23730293,83886542
vla1,3,2425,2023-12-01T22:11:36.551525,23760772,83917021
vla1,3,2426,2023-12-01T22:11:38.126693,23791537,83947786
vla1,3,2427,2023-12-01T22:11:39.701400,23822293,83978542
vla1,3,2428,2023-12-01T22:11:41.395864,23855388,84011637
vla1,3,2429,2023-12-01T22:11:42.847487,23883740,84039989
vla1,3,2430,2023-12-01T22:11:44.433867,23914724,84070973
vla1,3,2431,2023-12-01T22:11:46.012107,23945549,84101798
vla1,3,2432,2023-12-01T22:11:47.583384,23976238,84132487
vla1,3,2433,2023-12-01T22:11:49.166949,24007167,84163416
vla1,3,2434,2023-12-01T22:11:50.752511,24038135,84194384
vla1,3,2435,2023-12-01T22:11:52.340120,24069143,84225392
vla1,3,2436,2023-12-01T22:11:53.982258,24101216,84257465
vla1,3,2437,2023-12-01T22:11:55.571967,24132265,84288514
vla1,3,2438,2023-12-01T22:11:57.155122,24163186,84319435
vla1,3,2439,2023-12-01T22:11:58.683954,24193046,84349295
vla1,3,2440,2023-12-01T22:12:00.266904,24223963,84380212
vla1,3,2441,2023-12-01T22:12:01.850930,24254901,84411150
vla1,3,2442,2023-12-01T22:12:03.428555,24285714,84441963
vla1,3,2443,2023-12-01T22:12:05.014219,24316684,84472933
vla1,3,2444,2023-12-01T22:12:06.601112,24347678,84503927
vla1,3,2445,2023-12-01T22:12:08.184831,24378610,84534859
vla1,3,2446,2023-12-01T22:12:09.756107,24409299,84565548
vla1,3,2447,2023-12-01T22:12:11.347250,24440376,84596625
vla1,3,2448,2023-12-01T22:12:12.936907,24471424,84627673
vla1,3,2449,2023-12-01T22:12:14.517400,24502293,84658542
vla1,3,2450,2023-12-01T22:12:16.107723,24533354,84689603
vla1,3,2451,2023-12-01T22:12:17.701375,24564480,84720729
vla1,3,2452,2023-12-01T22:12:19.315813,24596012,84752261
vla1,3,2453,2023-12-01T22:12:20.948581,24627902,84784151
vla1,3,2454,2023-12-01T22:12:22.577048,24659708,84815957
vla1,3,2455,2023-12-01T22:12:24.191333,24691237,84847486
vla1,3,2456,2023-12-01T22:12:25.824050,24723126,84879375
vla1,3,2457,2023-12-01T22:12:27.455743,24754995,84911244
vla1,3,2458,2023-12-01T22:12:29.107557,24787257,84943506
vla1,3,2459,2023-12-01T22:12:30.723275,24818814,84975063
vla1,3,2460,2023-12-01T22:12:32.355327,24850690,85006939
vla1,3,2461,2023-12-01T22:12:33.982053,24882462,85038711
vla1,3,2462,2023-12-01T22:12:35.611493,24914287,85070536
vla1,3,2463,2023-12-01T22:12:37.243698,24946166,85102415
vla1,3,2464,2023-12-01T22:12:38.874264,24978013,85134262
vla1,3,2465,2023-12-01T22:12:40.502015,25009805,85166054
vla1,3,2466,2023-12-01T22:12:42.142770,25041851,85198100
vla1,3,2467,2023-12-01T22:12:43.751832,25073278,85229527
vla1,3,2468,2023-12-01T22:12:45.412555,25105714,85261963
vla1,3,2469,2023-12-01T22:12:47.020645,25137122,85293371
vla1,3,2470,2023-12-01T22:12:48.654488,25169033,85325282
vla1,3,2471,2023-12-01T22:12:50.337739,25201909,85358158
vla1,3,2472,2023-12-01T22:12:51.940197,25233207,85389456
vla1,3,2473,2023-12-01T22:12:53.564619,25264934,85421183
vla1,3,2474,2023-12-01T22:12:55.180133,25296487,85452736
vla1,3,2475,2023-12-01T22:12:56.831640,25328743,85484992
vla1,3,2476,2023-12-01T22:12:58.463947,25360624,85516873
vla1,3,2477,2023-12-01T22:13:00.096869,25392517,85548766
vla1,3,2478,2023-12-01T22:13:01.728511,25424385,85580634
vla1,3,2479,2023-12-01T22:13:03.368139,25456409,85612658
vla1,3,2480,2023-12-01T22:13:04.997938,25488241,85644490
vla1,3,2481,2023-12-01T22:13:06.638744,25520288,85676537
vla1,3,2482,2023-12-01T22:13:08.267365,25552097,85708346
vla1,3,2483,2023-12-01T22:13:09.893375,25583855,85740104
vla1,3,2484,2023-12-01T22:13:11.530648,25615833,85772082
vla1,3,2485,2023-12-01T22:13:13.164235,25647739,85803988
vla1,3,2486,2023-12-01T22:13:14.788658,25679466,85835715
vla1,3,2487,2023-12-01T22:13:16.423064,25711388,85867637
vla1,3,2488,2023-12-01T22:13:18.057112,25743303,85899552
vla1,3,2489,2023-12-01T22:13:19.688907,25775174,85931423
vla1,3,2490,2023-12-01T22:13:21.305599,25806750,85962999
vla1,3,2491,2023-12-01T22:13:22.952651,25838919,85995168
vla1,3,2492,2023-12-01T22:13:24.583986,25870781,86027030
vla1,3,2493,2023-12-01T22:13:26.340555,25905089,86061338
vla1,3,2494,2023-12-01T22:13:27.853106,25934631,86090880
vla1,3,2495,2023-12-01T22:13:29.486386,25966531,86122780
vla1,3,2496,2023-12-01T22:13:31.123557,25998507,86154756
vla1,3,2497,2023-12-01T22:13:32.757298,26030416,86186665
vla1,3,2498,2023-12-01T22:13:34.440959,26063300,86219549
vla1,3,2499,2023-12-01T22:13:36.023090,26094201,86250450
vla1,3,2500,2023-12-01T22:13:37.663435,26126239,86282488
vla1,3,2501,2023-12-01T22:13:39.289599,26158000,86314249
vla1,3,2502,2023-12-01T22:13:40.918885,26189822,86346071
vla1,3,2503,2023-12-01T22:13:42.552216,26221723,86377972
vla1,3,2504,2023-12-01T22:13:44.194047,26253790,86410039
vla1,3,2505,2023-12-01T22:13:45.856613,26286262,86442511
vla1,3,2506,2023-12-01T22:13:47.455384,26317488,86473737
vla1,3,2507,2023-12-01T22:13:49.085951,26349335,86505584
vla1,3,2508,2023-12-01T22:13:50.718258,26381216,86537465
vla1,3,2509,2023-12-01T22:13:52.354866,26413181,86569430
vla1,3,2510,2023-12-01T22:13:53.995058,26445216,86601465
vla1,3,2511,2023-12-01T22:13:55.637451,26477294,86633543
vla1,3,2512,2023-12-01T22:13:57.273394,26509246,86665495
vla1,3,2513,2023-12-01T22:13:58.910821,26541227,86697476
vla1,3,2514,2023-12-01T22:14:00.556901,26573377,86729626
vla1,3,2515,2023-12-01T22:14:02.194738,26605366,86761615
vla1,3,2516,2023-12-01T22:14:03.830629,26637317,86793566
vla1,3,2517,2023-12-01T22:14:05.467851,26669294,86825543
vla1,3,2518,2023-12-01T22:14:07.108863,26701345,86857594
vla1,3,2519,2023-12-01T22:14:08.747723,26733354,86889603
vla1,3,2520,2023-12-01T22:14:10.384843,26765329,86921578
vla1,3,2521,2023-12-01T22:14:12.004965,26796972,86953221
vla1,3,2522,2023-12-01T22:14:13.677055,26829630,86985879
vla1,3,2523,2023-12-01T22:14:15.313611,26861594,87017843
vla1,3,2524,2023-12-01T22:14:16.948427,26893524,87049773
vla1,3,2525,2023-12-01T22:14:18.547352,26924753,87081002
vla1,3,2526,2023-12-01T22:14:20.186264,26956763,87113012
vla1,3,2527,2023-12-01T22:14:21.815243,26988579,87144828
vla1,3,2528,2023-12-01T22:14:23.450162,27020511,87176760
vla1,3,2529,2023-12-01T22:14:25.083698,27052416,87208665
vla1,3,2530,2023-12-01T22:14:26.718616,27084348,87240597
vla1,3,2531,2023-12-01T22:14:28.359167,27116390,87272639
vla1,3,2532,2023-12-01T22:14:29.993778,27148316,87304565
vla1,3,2533,2023-12-01T22:14:31.629003,27180254,87336503
vla1,3,2534,2023-12-01T22:14:33.267403,27212254,87368503
vla1,3,2535,2023-12-01T22:14:34.902527,27244190,87400439
vla1,3,2536,2023-12-01T22:14:36.536779,27276109,87432358
vla1,3,2537,2023-12-01T22:14:38.147787,27307574,87463823
vla1,3,2538,2023-12-01T22:14:39.781323,27339479,87495728
vla1,3,2539,2023-12-01T22:14:41.416088,27371408,87527657
vla1,3,2540,2023-12-01T22:14:43.146802,27405211,87561460
vla1,3,2541,2023-12-01T22:14:44.702463,27435595,87591844
vla1,3,2542,2023-12-01T22:14:46.310655,27467005,87623254
vla1,3,2543,2023-12-01T22:14:47.963544,27499288,87655537
vla1,3,2544,2023-12-01T22:14:49.594827,27531149,87687398
vla1,3,2545,2023-12-01T22:14:51.230002,27563086,87719335
vla1,3,2546,2023-12-01T22:14:52.868095,27595080,87751329
vla1,3,2547,2023-12-01T22:14:54.503167,27627015,87783264
vla1,3,2548,2023-12-01T22:14:56.137880,27658943,87815192
vla1,3,2549,2023-12-01T22:14:57.755186,27690531,87846780
vla1,3,2550,2023-12-01T22:14:59.392920,27722518,87878767
vla1,3,2551,2023-12-01T22:15:01.065419,27755184,87911433
vla1,3,2552,2023-12-01T22:15:02.703768,27787183,87943432
vla1,3,2553,2023-12-01T22:15:04.340683,27819154,87975403
vla1,3,2554,2023-12-01T22:15:05.968895,27850955,88007204
vla1,3,2555,2023-12-01T22:15:07.598795,27882789,88039038
vla1,3,2556,2023-12-01T22:15:09.231563,27914679,88070928
vla1,3,2557,2023-12-01T22:15:10.843083,27946154,88102403
vla1,3,2558,2023-12-01T22:15:12.484811,27978219,88134468
vla1,3,2559,2023-12-01T22:15:14.123570,28010226,88166475
vla1,3,2560,2023-12-01T22:15:15.779224,28042563,88198812
vla1,3,2561,2023-12-01T22:15:17.417368,28074558,88230807
vla1,3,2562,2023-12-01T22:15:19.033343,28106120,88262369
vla1,3,2563,2023-12-01T22:15:20.717823,28139020,88295269
vla1,3,2564,2023-12-01T22:15:22.345573,28170812,88327061
vla1,3,2565,2023-12-01T22:15:23.974808,28202633,88358882
vla1,3,2566,2023-12-01T22:15:25.609266,28234556,88390805
vla1,3,2567,2023-12-01T22:15:27.240651,28266419,88422668
vla1,3,2568,2023-12-01T22:15:28.874392,28298328,88454577
vla1,3,2569,2023-12-01T22:15:30.530661,28330677,88486926
vla1,3,2570,2023-12-01T22:15:32.084888,28361033,88517282
vla1,3,2571,2023-12-01T22:15:33.703269,28392642,88548891
vla1,3,2572,2023-12-01T22:15:35.336651,28424544,88580793
vla1,3,2573,2023-12-01T22:15:36.993944,28456913,88613162
vla1,3,2574,2023-12-01T22:15:38.626559,28488800,88645049
vla1,3,2575,2023-12-01T22:15:40.257279,28520650,88676899
vla1,3,2576,2023-12-01T22:15:41.889739,28552534,88708783
vla1,3,2577,2023-12-01T22:15:43.517336,28584323,88740572
vla1,3,2578,2023-12-01T22:15:45.152306,28616256,88772505
vla1,3,2579,2023-12-01T22:15:46.785125,28648147,88804396
vla1,3,2580,2023-12-01T22:15:48.418815,28680055,88836304
vla1,3,2581,2023-12-01T22:15:50.041445,28711747,88867996
vla1,3,2582,2023-12-01T22:15:51.669912,28743553,88899802
vla1,3,2583,2023-12-01T22:15:53.309285,28775572,88931821
vla1,3,2584,2023-12-01T22:15:54.967807,28807965,88964214
vla1,3,2585,2023-12-01T22:15:56.569291,28839244,88995493
vla1,3,2586,2023-12-01T22:15:58.227403,28871629,89027878
vla1,3,2587,2023-12-01T22:15:59.814399,28902625,89058874
vla1,3,2588,2023-12-01T22:16:01.446143,28934495,89090744
vla1,3,2589,2023-12-01T22:16:03.076658,28966341,89122590
vla1,3,2590,2023-12-01T22:16:04.710808,28998258,89154507
vla1,3,2591,2023-12-01T22:16:06.343218,29030141,89186390
vla1,3,2592,2023-12-01T22:16:08.026776,29063023,89219272
vla1,3,2593,2023-12-01T22:16:09.606296,29093873,89250122
vla1,3,2594,2023-12-01T22:16:11.238399,29125750,89281999
vla1,3,2595,2023-12-01T22:16:12.870859,29157634,89313883
vla1,3,2596,2023-12-01T22:16:14.548120,29190393,89346642
vla1,3,2597,2023-12-01T22:16:16.175819,29222184,89378433
vla1,3,2598,2023-12-01T22:16:17.807359,29254050,89410299
vla1,3,2599,2023-12-01T22:16:19.439461,29285927,89442176
vla1,3,2600,2023-12-01T22:16:21.047448,29317333,89473582
vla1,3,2601,2023-12-01T22:16:22.674175,29349105,89505354
vla1,3,2602,2023-12-01T22:16:24.311807,29381090,89537339
vla1,3,2603,2023-12-01T22:16:25.943192,29412953,89569202
vla1,3,2604,2023-12-01T22:16:27.574629,29444817,89601066
vla1,3,2605,2023-12-01T22:16:29.246719,29477475,89633724
vla1,3,2606,2023-12-01T22:16:30.806680,29507943,89664192
vla1,3,2607,2023-12-01T22:16:32.489266,29540806,89697055
vla1,3,2608,2023-12-01T22:16:34.080050,29571876,89728125
vla1,3,2609,2023-12-01T22:16:35.769138,29604866,89761115
vla1,3,2610,2023-12-01T22:16:37.404517,29636807,89793056
vla1,3,2611,2023-12-01T22:16:38.964683,29667279,89823528
vla1,3,2612,2023-12-01T22:16:40.595352,29699128,89855377
vla1,3,2613,2023-12-01T22:16:42.285413,29732137,89888386
vla1,3,2614,2023-12-01T22:16:43.834520,29762393,89918642
vla1,3,2615,2023-12-01T22:16:45.469490,29794326,89950575
vla1,3,2616,2023-12-01T22:16:47.143064,29827013,89983262
vla1,3,2617,2023-12-01T22:16:48.750591,29858410,90014659
vla1,3,2618,2023-12-01T22:16:50.409880,29890818,90047067
vla1,3,2619,2023-12-01T22:16:52.009624,29922063,90078312
vla1,3,2620,2023-12-01T22:16:53.634149,29953792,90110041
vla1,3,2621,2023-12-01T22:16:55.309874,29986521,90142770
vla1,3,2622,2023-12-01T22:16:56.928818,30018141,90174390
vla1,3,2623,2023-12-01T22:16:58.563019,30050059,90206308
vla1,3,2624,2023-12-01T22:17:00.183192,30081703,90237952
vla1,3,2625,2023-12-01T22:17:01.801829,30113317,90269566
vla1,3,2626,2023-12-01T22:17:03.393483,30144404,90300653
vla1,3,2627,2023-12-01T22:17:05.012325,30176022,90332271
vla1,3,2628,2023-12-01T22:17:06.665675,30208314,90364563
vla1,3,2629,2023-12-01T22:17:08.324658,30240716,90396965
vla1,3,2630,2023-12-01T22:17:09.932082,30272111,90428360
vla1,3,2631,2023-12-01T22:17:11.557682,30303861,90460110
vla1,3,2632,2023-12-01T22:17:13.192600,30335793,90492042
vla1,3,2633,2023-12-01T22:17:14.812056,30367423,90523672
vla1,3,2634,2023-12-01T22:17:16.447282,30399361,90555610
vla1,3,2635,2023-12-01T22:17:18.069195,30431039,90587288
vla1,3,2636,2023-12-01T22:17:19.689266,30462681,90618930
vla1,3,2637,2023-12-01T22:17:21.383883,30495779,90652028
vla1,3,2638,2023-12-01T22:17:22.970213,30526762,90683011
vla1,3,2639,2023-12-01T22:17:24.574514,30558096,90714345
vla1,3,2640,2023-12-01T22:17:26.209023,30590020,90746269
vla1,3,2641,2023-12-01T22:17:27.825714,30621596,90777845
vla1,3,2642,2023-12-01T22:17:29.453771,30653394,90809643
vla1,3,2643,2023-12-01T22:17:31.098367,30685515,90841764
vla1,3,2644,2023-12-01T22:17:32.733029,30717442,90873691
vla1,3,2645,2023-12-01T22:17:34.351154,30749046,90905295
vla1,3,2646,2023-12-01T22:17:36.042392,30782078,90938327
vla1,3,2647,2023-12-01T22:17:37.665432,30813778,90970027
vla1,3,2648,2023-12-01T22:17:39.304037,30845782,91002031
vla1,3,2649,2023-12-01T22:17:40.889087,30876740,91032989
vla1,3,2650,2023-12-01T22:17:42.479717,30907807,91064056
vla1,3,2651,2023-12-01T22:17:44.118527,30939815,91096064
vla1,3,2652,2023-12-01T22:17:45.738546,30971456,91127705
vla1,3,2653,2023-12-01T22:17:47.371826,31003356,91159605
vla1,3,2654,2023-12-01T22:17:48.988466,31034931,91191180
vla1,3,2655,2023-12-01T22:17:50.700338,31068366,91224615
vla1,3,2656,2023-12-01T22:17:52.257535,31098780,91255029
vla1,3,2657,2023-12-01T22:17:53.884875,31130564,91286813
vla1,3,2658,2023-12-01T22:17:55.509912,31162303,91318552
vla1,3,2659,2023-12-01T22:17:57.138943,31194120,91350369
vla1,3,2660,2023-12-01T22:17:58.786507,31226299,91382548
vla1,3,2661,2023-12-01T22:18:00.408677,31257982,91414231
vla1,3,2662,2023-12-01T22:18:02.001970,31289101,91445350
vla1,3,2663,2023-12-01T22:18:03.647794,31321246,91477495
vla1,3,2664,2023-12-01T22:18:05.216869,31351892,91508141
vla1,3,2665,2023-12-01T22:18:06.842879,31383650,91539899
vla1,3,2666,2023-12-01T22:18:08.466123,31415354,91571603
vla1,3,2667,2023-12-01T22:18:10.089010,31447051,91603300
vla1,3,2668,2023-12-01T22:18:11.720344,31478913,91635162
vla1,3,2669,2023-12-01T22:18:13.348248,31510708,91666957
vla1,3,2670,2023-12-01T22:18:14.985675,31542689,91698938
vla1,3,2671,2023-12-01T22:18:16.604261,31574302,91730551
vla1,3,2672,2023-12-01T22:18:18.231807,31606090,91762339
vla1,3,2673,2023-12-01T22:18:19.859147,31637874,91794123
vla1,3,2674,2023-12-01T22:18:21.453259,31669009,91825258
vla1,3,2675,2023-12-01T22:18:23.074968,31700683,91856932
vla1,3,2676,2023-12-01T22:18:24.696523,31732354,91888603
vla1,3,2677,2023-12-01T22:18:26.319717,31764057,91920306
vla1,3,2678,2023-12-01T22:18:27.976805,31796422,91952671
vla1,3,2679,2023-12-01T22:18:29.596671,31828060,91984309
vla1,3,2680,2023-12-01T22:18:31.221400,31859793,92016042
vla1,3,2681,2023-12-01T22:18:32.838552,31891378,92047627
vla1,3,2682,2023-12-01T22:18:34.413618,31922141,92078390
vla1,3,2683,2023-12-01T22:18:36.036607,31953840,92110089
vla1,3,2684,2023-12-01T22:18:37.649355,31985339,92141588
vla1,3,2685,2023-12-01T22:18:39.268760,32016968,92173217
vla1,3,2686,2023-12-01T22:18:40.887499,32048584,92204833
vla1,3,2687,2023-12-01T22:18:42.503883,32080154,92236403
vla1,3,2688,2023-12-01T22:18:44.113509,32111592,92267841
vla1,3,2689,2023-12-01T22:18:45.766399,32143875,92300124
vla1,3,2690,2023-12-01T22:18:47.361279,32175025,92331274
vla1,3,2691,2023-12-01T22:18:48.943512,32205928,92362177
vla1,3,2692,2023-12-01T22:18:50.561227,32237524,92393773
vla1,3,2693,2023-12-01T22:18:52.174437,32269032,92425281
vla1,3,2694,2023-12-01T22:18:53.755800,32299918,92456167
vla1,3,2695,2023-12-01T22:18:55.321803,32330504,92486753
vla1,3,2696,2023-12-01T22:18:56.965477,32362607,92518856
vla1,3,2697,2023-12-01T22:18:58.448178,32391566,92547815
vla1,3,2698,2023-12-01T22:19:00.004351,32421960,92578209
vla1,3,2699,2023-12-01T22:19:01.632101,32453752,92610001
vla1,3,2700,2023-12-01T22:19:03.122994,32482871,92639120
vla1,3,2701,2023-12-01T22:19:04.686027,32513399,92669648
vla1,3,2702,2023-12-01T22:19:06.254027,32544024,92700273
vla1,3,2703,2023-12-01T22:19:07.858738,32575366,92731615
vla1,3,2704,2023-12-01T22:19:09.423512,32605928,92762177
vla1,3,2705,2023-12-01T22:19:10.949733,32635737,92791986
vla1,3,2706,2023-12-01T22:19:12.507339,32666159,92822408
vla1,3,2707,2023-12-01T22:19:14.088959,32697050,92853299
vla1,3,2708,2023-12-01T22:19:15.658648,32727708,92883957
vla1,3,2709,2023-12-01T22:19:17.188095,32757580,92913829
vla1,3,2710,2023-12-01T22:19:18.746623,32788020,92944269
vla1,3,2711,2023-12-01T22:19:20.302079,32818400,92974649
vla1,3,2712,2023-12-01T22:19:21.853746,32848706,93004955
vla1,3,2713,2023-12-01T22:19:23.406539,32879034,93035283
vla1,3,2714,2023-12-01T22:19:24.954930,32909276,93065525
vla1,3,2715,2023-12-01T22:19:26.507979,32939609,93095858
vla1,3,2716,2023-12-01T22:19:28.076338,32970241,93126490
vla1,3,2717,2023-12-01T22:19:29.625035,33000489,93156738
vla1,3,2718,2023-12-01T22:19:31.174552,33030753,93187002
vla1,3,2719,2023-12-01T22:19:32.717771,33060894,93217143
vla1,3,2720,2023-12-01T22:19:34.272203,33091254,93247503
vla1,3,2721,2023-12-01T22:19:35.820952,33121503,93277752
vla1,3,2722,2023-12-01T22:19:37.389311,33152135,93308384
vla1,3,2723,2023-12-01T22:19:38.943282,33182486,93338735
vla1,3,2724,2023-12-01T22:19:40.482456,33212548,93368797
vla1,3,2725,2023-12-01T22:19:42.018354,33242546,93398795
vla1,3,2726,2023-12-01T22:19:43.558245,33272622,93428871
vla1,3,2727,2023-12-01T22:19:45.114008,33303008,93459257
vla1,3,2728,2023-12-01T22:19:46.667058,33333341,93489590
vla1,3,2729,2023-12-01T22:19:48.218776,33363648,93519897
vla1,3,2730,2023-12-01T22:19:49.764453,33393837,93550086
vla1,3,2731,2023-12-01T22:19:51.312383,33424070,93580319
vla1,3,2732,2023-12-01T22:19:52.857496,33454248,93610497
vla1,3,2733,2023-12-01T22:19:54.399179,33484359,93640608
vla1,3,2734,2023-12-01T22:19:55.943115,33514514,93670763
vla1,3,2735,2023-12-01T22:19:57.487103,33544670,93700919
vla1,3,2736,2023-12-01T22:19:59.028223,33574770,93731019
vla1,3,2737,2023-12-01T22:20:00.553983,33604570,93760819
vla1,3,2738,2023-12-01T22:20:02.091723,33634604,93790853
vla1,3,2739,2023-12-01T22:20:03.640677,33664857,93821106
vla1,3,2740,2023-12-01T22:20:05.259467,33696474,93852723
vla1,3,2741,2023-12-01T22:20:06.754968,33725683,93881932
vla1,3,2742,2023-12-01T22:20:08.309400,33756043,93912292
vla1,3,2743,2023-12-01T22:20:09.880063,33786720,93942969
vla1,3,2744,2023-12-01T22:20:11.442277,33817232,93973481
vla1,3,2745,2023-12-01T22:20:12.989490,33847451,94003700
vla1,3,2746,2023-12-01T22:20:14.530763,33877554,94033803
vla1,3,2747,2023-12-01T22:20:16.037426,33906981,94063230
vla1,3,2748,2023-12-01T22:20:17.623295,33937955,94094204
vla1,3,2749,2023-12-01T22:20:19.136306,33967506,94123755
vla1,3,2750,2023-12-01T22:20:20.680498,33997666,94153915
vla1,3,2751,2023-12-01T22:20:22.297496,34029248,94185497
vla1,3,2752,2023-12-01T22:20:23.768165,34057972,94214221
vla1,3,2753,2023-12-01T22:20:25.317989,34088242,94244491
vla1,3,2754,2023-12-01T22:20:26.905240,34119243,94275492
vla1,3,2755,2023-12-01T22:20:28.536216,34151098,94307347
vla1,3,2756,2023-12-01T22:20:30.154443,34182704,94338953
vla1,3,2757,2023-12-01T22:20:31.777893,34214412,94370661
vla1,3,2758,2023-12-01T22:20:33.397451,34246044,94402293
vla1,3,2759,2023-12-01T22:20:34.993202,34277211,94433460
vla1,3,2760,2023-12-01T22:20:36.618085,34308947,94465196
vla1,3,2761,2023-12-01T22:20:38.301695,34341830,94498079
vla1,3,2762,2023-12-01T22:20:39.909375,34373230,94529479
vla1,3,2763,2023-12-01T22:20:41.476965,34403847,94560096
vla1,3,2764,2023-12-01T22:20:43.097701,34435502,94591751
vla1,3,2765,2023-12-01T22:20:44.736664,34467513,94623762
vla1,3,2766,2023-12-01T22:20:46.415666,34500306,94656555
vla1,3,2767,2023-12-01T22:20:48.067019,34532559,94688808
vla1,3,2768,2023-12-01T22:20:49.742027,34565274,94721523
vla1,3,2769,2023-12-01T22:20:51.389080,34597443,94753692
vla1,3,2770,2023-12-01T22:20:53.062194,34630121,94786370
vla1,3,2771,2023-12-01T22:20:54.736331,34662819,94819068
vla1,3,2772,2023-12-01T22:20:56.417279,34695650,94851899
vla1,3,2773,2023-12-01T22:20:58.093618,34728391,94884640
vla1,3,2774,2023-12-01T22:20:59.804159,34761800,94918049
vla1,3,2775,2023-12-01T22:21:01.524683,34795404,94951653
vla1,3,2776,2023-12-01T22:21:03.237733,34828862,94985111
vla1,3,2777,2023-12-01T22:21:04.954059,34862384,95018633
vla1,3,2778,2023-12-01T22:21:06.675915,34896014,95052263
vla1,3,2779,2023-12-01T22:21:08.388709,34929467,95085716
vla1,3,2780,2023-12-01T22:21:10.119832,34963278,95119527
vla1,3,2781,2023-12-01T22:21:11.838463,34996845,95153094
vla1,3,2782,2023-12-01T22:21:13.570763,35030679,95186928
vla1,3,2783,2023-12-01T22:21:15.238552,35063253,95219502
vla1,3,2784,2023-12-01T22:21:16.940850,35096501,95252750
vla1,3,2785,2023-12-01T22:21:18.693477,35130732,95286981
vla1,3,2786,2023-12-01T22:21:20.446719,35164975,95321224
vla1,3,2787,2023-12-01T22:21:22.195915,35199139,95355388
vla1,3,2788,2023-12-01T22:21:23.949823,35233395,95389644
vla1,3,2789,2023-12-01T22:21:25.756773,35268687,95424936
vla1,3,2790,2023-12-01T22:21:27.457227,35301899,95458148
vla1,3,2791,2023-12-01T22:21:29.304165,35337972,95494221
vla1,3,2792,2023-12-01T22:21:30.991103,35370920,95527169
vla1,3,2793,2023-12-01T22:21:32.823704,35406713,95562962
vla1,3,2794,2023-12-01T22:21:34.597323,35441354,95597603
vla1,3,2795,2023-12-01T22:21:36.366283,35475904,95632153
vla1,3,2796,2023-12-01T22:21:38.165605,35511047,95667296
vla1,3,2797,2023-12-01T22:21:39.957605,35546047,95702296
vla1,3,2798,2023-12-01T22:21:41.752575,35581105,95737354
vla1,3,2799,2023-12-01T22:21:43.546520,35616143,95772392
vla1,3,2800,2023-12-01T22:21:45.356543,35651495,95807744
vla1,3,2801,2023-12-01T22:21:47.152895,35686580,95842829
vla1,3,2802,2023-12-01T22:21:48.908338,35720866,95877115
vla1,3,2803,2023-12-01T22:21:50.703666,35755931,95912180
vla1,3,2804,2023-12-01T22:21:52.519883,35791404,95947653
vla1,3,2805,2023-12-01T22:21:54.379723,35827729,95983978
vla1,3,2806,2023-12-01T22:21:56.224818,35863766,96020015
vla1,3,2807,2023-12-01T22:21:58.043698,35899291,96055540
vla1,3,2808,2023-12-01T22:21:59.908760,35935718,96091967
vla1,3,2809,2023-12-01T22:22:01.764914,35971971,96128220
vla1,3,2810,2023-12-01T22:22:03.648511,36008760,96165009
vla1,3,2811,2023-12-01T22:22:05.504050,36045001,96201250
vla1,3,2812,2023-12-01T22:22:07.370239,36081450,96237699
vla1,3,2813,2023-12-01T22:22:09.231051,36117794,96274043
vla1,3,2814,2023-12-01T22:22:11.086847,36154040,96310289
vla1,3,2815,2023-12-01T22:22:12.944075,36190314,96346563
vla1,3,2816,2023-12-01T22:22:14.807602,36226711,96382960
vla1,3,2817,2023-12-01T22:22:16.677887,36263240,96419489
vla1,3,2818,2023-12-01T22:22:18.535115,36299514,96455763
vla1,3,2819,2023-12-01T22:22:20.381080,36335568,96491817
vla1,3,2820,2023-12-01T22:22:22.263704,36372338,96528587
vla1,3,2821,2023-12-01T22:22:24.103832,36408278,96564527
vla1,3,2822,2023-12-01T22:22:25.971199,36444750,96600999
vla1,3,2823,2023-12-01T22:22:27.829247,36481040,96637289
vla1,3,2824,2023-12-01T22:22:29.720267,36517974,96674223
vla1,3,2825,2023-12-01T22:22:31.578418,36554266,96710515
vla1,3,2826,2023-12-01T22:22:33.435493,36590537,96746786
vla1,3,2827,2023-12-01T22:22:35.298712,36626928,96783177
vla1,3,2828,2023-12-01T22:22:37.122559,36662550,96818799
vla1,3,2829,2023-12-01T22:22:38.982450,36698876,96855125
vla1,3,2830,2023-12-01T22:22:40.873931,36735819,96892068
vla1,3,2831,2023-12-01T22:22:42.706123,36771604,96927853
vla1,3,2832,2023-12-01T22:22:44.628581,36809152,96965401
vla1,3,2833,2023-12-01T22:22:46.495896,36845623,97001872
vla1,3,2834,2023-12-01T22:22:48.290763,36880679,97036928
vla1,3,2835,2023-12-01T22:22:50.141285,36916822,97073071
vla1,3,2836,2023-12-01T22:22:51.986584,36952863,97109112
vla1,3,2837,2023-12-01T22:22:53.872178,36989691,97145940
vla1,3,2838,2023-12-01T22:22:55.792383,37027195,97183444
vla1,3,2839,2023-12-01T22:22:57.677823,37064020,97220269
vla1,3,2840,2023-12-01T22:22:59.547851,37100544,97256793
vla1,3,2841,2023-12-01T22:23:01.437029,37137442,97293691
vla1,3,2842,2023-12-01T22:23:03.298712,37173803,97330052
vla1,3,2843,2023-12-01T22:23:05.159883,37210154,97366403
vla1,3,2844,2023-12-01T22:23:07.035493,37246787,97403036
vla1,3,2845,2023-12-01T22:23:08.901119,37283225,97439474
vla1,3,2846,2023-12-01T22:23:10.768280,37319693,97475942
vla1,3,2847,2023-12-01T22:23:12.615115,37355764,97512013
vla1,3,2848,2023-12-01T22:23:14.500709,37392592,97548841
vla1,3,2849,2023-12-01T22:23:16.372530,37429151,97585400
vla1,3,2850,2023-12-01T22:23:18.231909,37465467,97621716
vla1,3,2851,2023-12-01T22:23:20.101938,37501991,97658240
vla1,3,2852,2023-12-01T22:23:21.956248,37538208,97694457
vla1,3,2853,2023-12-01T22:23:23.825970,37574726,97730975
vla1,3,2854,2023-12-01T22:23:25.683352,37611003,97767252
vla1,3,2855,2023-12-01T22:23:27.544523,37647354,97803603
vla1,3,2856,2023-12-01T22:23:29.406360,37683718,97839967
vla1,3,2857,2023-12-01T22:23:31.269579,37720109,97876358
vla1,3,2858,2023-12-01T22:23:33.137202,37756586,97912835
vla1,3,2859,2023-12-01T22:23:34.994431,37792860,97949109
vla1,3,2860,2023-12-01T22:23:36.864664,37829388,97985637
vla1,3,2861,2023-12-01T22:23:38.735871,37865935,98022184
vla1,3,2862,2023-12-01T22:23:40.607640,37902493,98058742
vla1,3,2863,2023-12-01T22:23:42.489394,37939246,98095495
vla1,3,2864,2023-12-01T22:23:44.330187,37975199,98131448
vla1,3,2865,2023-12-01T22:23:46.213375,38011980,98168229
vla1,3,2866,2023-12-01T22:23:48.123493,38049287,98205536
vla1,3,2867,2023-12-01T22:23:49.946162,38084886,98241135
vla1,3,2868,2023-12-01T22:23:51.769752,38120503,98276752
vla1,3,2869,2023-12-01T22:23:53.632511,38156885,98313134
vla1,3,2870,2023-12-01T22:23:55.584459,38195009,98351258
vla1,3,2871,2023-12-01T22:23:57.364683,38229779,98386028
vla1,3,2872,2023-12-01T22:23:59.278232,38267153,98423402
vla1,3,2873,2023-12-01T22:24:01.145189,38303617,98459866
vla1,3,2874,2023-12-01T22:24:02.998783,38339820,98496069
vla1,3,2875,2023-12-01T22:24:04.890674,38376771,98533020
vla1,3,2876,2023-12-01T22:24:06.692914,38411971,98568220
vla1,3,2877,2023-12-01T22:24:08.602571,38449269,98605518
vla1,3,2878,2023-12-01T22:24:10.343832,38483278,98639527
vla1,3,2879,2023-12-01T22:24:12.196658,38519466,98675715
vla1,3,2880,2023-12-01T22:24:14.164479,38557900,98714149
vla1,3,2881,2023-12-01T22:24:15.911525,38592022,98748271
vla1,3,2882,2023-12-01T22:24:17.771467,38628349,98784598
vla1,3,2883,2023-12-01T22:24:19.624549,38664542,98820791
vla1,3,2884,2023-12-01T22:24:21.480037,38700782,98857031
vla1,3,2885,2023-12-01T22:24:23.356261,38737427,98893676
vla1,3,2886,2023-12-01T22:24:25.205861,38773552,98929801
vla1,3,2887,2023-12-01T22:24:27.058738,38809741,98965990
vla1,3,2888,2023-12-01T22:24:28.903935,38845780,99002029
vla1,3,2889,2023-12-01T22:24:30.755429,38881942,99038191
vla1,3,2890,2023-12-01T22:24:32.577381,38917527,99073776
vla1,3,2891,2023-12-01T22:24:34.513407,38955340,99111589
vla1,3,2892,2023-12-01T22:24:36.316005,38990547,99146796
vla1,3,2893,2023-12-01T22:24:38.210354,39027546,99183795
vla1,3,2894,2023-12-01T22:24:39.974143,39061995,99218244
vla1,3,2895,2023-12-01T22:24:41.814219,39097934,99254183
vla1,3,2896,2023-12-01T22:24:43.653067,39133849,99290098
vla1,3,2897,2023-12-01T22:24:45.520024,39170313,99326562
vla1,3,2898,2023-12-01T22:24:47.357951,39206210,99362459
vla1,3,2899,2023-12-01T22:24:49.200690,39242201,99398450
vla1,3,2900,2023-12-01T22:24:51.042047,39278165,99434414
vla1,3,2901,2023-12-01T22:24:52.918015,39314805,99471054
vla1,3,2902,2023-12-01T22:24:54.758859,39350759,99507008
vla1,3,2903,2023-12-01T22:24:56.604773,39386812,99543061
vla1,3,2904,2023-12-01T22:24:58.415359,39422175,99578424
vla1,3,2905,2023-12-01T22:25:00.259327,39458190,99614439
vla1,3,2906,2023-12-01T22:25:02.188543,39495870,99652119
vla1,3,2907,2023-12-01T22:25:03.941272,39530103,99686352
vla1,3,2908,2023-12-01T22:25:05.756722,39565561,99721810
vla1,3,2909,2023-12-01T22:25:07.656191,39602660,99758909
vla1,3,2910,2023-12-01T22:25:09.476760,39638218,99794467
vla1,3,2911,2023-12-01T22:25:11.295947,39673749,99829998
vla1,3,2912,2023-12-01T22:25:13.141503,39709795,99866044
vla1,3,2913,2023-12-01T22:25:14.981579,39745734,99901983
vla1,3,2914,2023-12-01T22:25:16.838091,39781994,99938243
vla1,3,2915,2023-12-01T22:25:18.731007,39818965,99975214
vla1,3,2916,2023-12-01T22:25:20.576511,39855010,100011259
vla1,3,2917,2023-12-01T22:25:22.423960,39891093,100047342
vla1,3,2918,2023-12-01T22:25:24.280472,39927353,100083602
vla1,3,2919,2023-12-01T22:25:26.130277,39963482,100119731
vla1,3,2920,2023-12-01T22:25:27.978392,39999578,100155827
vla1,3,2921,2023-12-01T22:25:29.858815,40036305,100192554
vla1,3,2922,2023-12-01T22:25:31.699659,40072259,100228508
vla1,3,2923,2023-12-01T22:25:33.584280,40109068,100265317
vla1,3,2924,2023-12-01T22:25:35.437106,40145256,100301505
vla1,3,2925,2023-12-01T22:25:37.235711,40180385,100336634
vla1,3,2926,2023-12-01T22:25:39.089151,40216585,100372834
vla1,3,2927,2023-12-01T22:25:40.262399,40239500,100395749
vla2,0,0,2023-12-01T21:07:02.649697,149408,8254876
vla2,0,1,2023-12-01T21:07:04.147912,178670,8284138
vla2,0,2,2023-12-01T21:07:05.679969,208593,8314061
vla2,0,3,2023-12-01T21:07:07.280635,239856,8345324
vla2,0,4,2023-12-01T21:07:08.798100,269494,8374962
vla2,0,5,2023-12-01T21:07:10.278753,298413,8403881
vla2,0,6,2023-12-01T21:07:11.857659,329251,8434719
vla2,0,7,2023-12-01T21:07:13.411374,359597,8465065
vla2,0,8,2023-12-01T21:07:15.091041,392403,8497871
vla2,0,9,2023-12-01T21:07:16.653204,422914,8528382
vla2,0,10,2023-12-01T21:07:17.918305,447623,8553091
vla2,0,11,2023-12-01T21:07:19.344891,475486,8580954
vla2,0,12,2023-12-01T21:07:20.768916,503299,8608767
vla2,0,13,2023-12-01T21:07:22.219310,531627,8637095
vla2,0,14,2023-12-01T21:07:23.667092,559904,8665372
vla2,0,15,2023-12-01T21:07:25.119483,588271,8693739
vla2,0,16,2023-12-01T21:07:26.544737,616108,8721576
vla2,0,17,2023-12-01T21:07:27.997486,644482,8749950
vla2,0,18,2023-12-01T21:07:29.505223,673930,8779398
vla2,0,19,2023-12-01T21:07:30.951675,702181,8807649
vla2,0,20,2023-12-01T21:07:32.307297,728658,8834126
vla2,0,21,2023-12-01T21:07:33.721902,756287,8861755
vla2,0,22,2023-12-01T21:07:35.164462,784462,8889930
vla2,0,23,2023-12-01T21:07:36.597550,812452,8917920
vla2,0,24,2023-12-01T21:07:38.030331,840436,8945904
vla2,0,25,2023-12-01T21:07:39.449083,868146,8973614
vla2,0,26,2023-12-01T21:07:40.876743,896030,9001498
vla2,0,27,2023-12-01T21:07:42.365486,925107,9030575
vla2,0,28,2023-12-01T21:07:43.799035,953106,9058574
vla2,0,29,2023-12-01T21:07:45.111188,978734,9084202
vla2,0,30,2023-12-01T21:07:46.477460,1005419,9110887
vla2,0,31,2023-12-01T21:07:47.861601,1032453,9137921
vla2,0,32,2023-12-01T21:07:49.209953,1058788,9164256
vla2,0,33,2023-12-01T21:07:50.570491,1085361,9190829
vla2,0,34,2023-12-01T21:07:51.920276,1111724,9217192
vla2,0,35,2023-12-01T21:07:53.249070,1137677,9243145
vla2,0,36,2023-12-01T21:07:54.639355,1164831,9270299
vla2,0,37,2023-12-01T21:07:56.010542,1191612,9297080
vla2,0,38,2023-12-01T21:07:57.379835,1218356,9323824
vla2,0,39,2023-12-01T21:07:58.696596,1244074,9349542
vla2,0,40,2023-12-01T21:08:00.084782,1271187,9376655
vla2,0,41,2023-12-01T21:08:01.442862,1297712,9403180
vla2,0,42,2023-12-01T21:08:02.853626,1325266,9430734
vla2,0,43,2023-12-01T21:08:04.198394,1351531,9456999
vla2,0,44,2023-12-01T21:08:05.481210,1376586,9482054
vla2,0,45,2023-12-01T21:08:06.953620,1405344,9510812
vla2,0,46,2023-12-01T21:08:08.228449,1430243,9535711
vla2,0,47,2023-12-01T21:08:09.527495,1455615,9561083
vla2,0,48,2023-12-01T21:08:10.722350,1478952,9584420
vla2,0,49,2023-12-01T21:08:11.996052,1503829,9609297
vla2,0,50,2023-12-01T21:08:13.264532,1528604,9634072
vla2,0,51,2023-12-01T21:08:14.578478,1554267,9659735
vla2,0,52,2023-12-01T21:08:15.869793,1579488,9684956
vla2,0,53,2023-12-01T21:08:17.177902,1605037,9710505
vla2,0,54,2023-12-01T21:08:18.440494,1629697,9735165
vla2,0,55,2023-12-01T21:08:19.707028,1654434,9759902
vla2,0,56,2023-12-01T21:08:21.032750,1680327,9785795
vla2,0,57,2023-12-01T21:08:22.327188,1705609,9811077
vla2,0,58,2023-12-01T21:08:23.634734,1731147,9836615
vla2,0,59,2023-12-01T21:08:24.939310,1756627,9862095
vla2,0,60,2023-12-01T21:08:26.209326,1781432,9886900
vla2,0,61,2023-12-01T21:08:27.472430,1806102,9911570
vla2,0,62,2023-12-01T21:08:28.761697,1831283,9936751
vla2,0,63,2023-12-01T21:08:30.061255,1856665,9962133
vla2,0,64,2023-12-01T21:08:31.354362,1881921,9987389
vla2,0,65,2023-12-01T21:08:32.636564,1906964,10012432
vla2,0,66,2023-12-01T21:08:33.931617,1932258,10037726
vla2,0,67,2023-12-01T21:08:35.185556,1956749,10062217
vla2,0,68,2023-12-01T21:08:36.558433,1983563,10089031
vla2,0,69,2023-12-01T21:08:37.799777,2007808,10113276
vla2,0,70,2023-12-01T21:08:39.193338,2035026,10140494
vla2,0,71,2023-12-01T21:08:40.412666,2058841,10164309
vla2,0,72,2023-12-01T21:08:41.719444,2084364,10189832
vla2,0,73,2023-12-01T21:08:42.997498,2109326,10214794
vla2,0,74,2023-12-01T21:08:44.317588,2135109,10240577
vla2,0,75,2023-12-01T21:08:45.663277,2161392,10266860
vla2,0,76,2023-12-01T21:08:46.976711,2187045,10292513
vla2,0,77,2023-12-01T21:08:48.255431,2212020,10317488
vla2,0,78,2023-12-01T21:08:49.553505,2237373,10342841
vla2,0,79,2023-12-01T21:08:50.861818,2262926,10368394
vla2,0,80,2023-12-01T21:08:52.175917,2288592,10394060
vla2,0,81,2023-12-01T21:08:53.499079,2314435,10419903
vla2,0,82,2023-12-01T21:08:54.824749,2340327,10445795
vla2,0,83,2023-12-01T21:08:56.138183,2365980,10471448
vla2,0,84,2023-12-01T21:08:57.393965,2390507,10495975
vla2,0,85,2023-12-01T21:08:58.720301,2416412,10521880
vla2,0,86,2023-12-01T21:09:00.020474,2441806,10547274
vla2,0,87,2023-12-01T21:09:01.324385,2467273,10572741
vla2,0,88,2023-12-01T21:09:02.676372,2493679,10599147
vla2,0,89,2023-12-01T21:09:03.848545,2516573,10622041
vla2,0,90,2023-12-01T21:09:05.123271,2541470,10646938
vla2,0,91,2023-12-01T21:09:06.377313,2565963,10671431
vla2,0,92,2023-12-01T21:09:07.696839,2591735,10697203
vla2,0,93,2023-12-01T21:09:08.965421,2616512,10721980
vla2,0,94,2023-12-01T21:09:10.152084,2639689,10745157
vla2,0,95,2023-12-01T21:09:11.466746,2665366,10770834
vla2,0,96,2023-12-01T21:09:12.732001,2690078,10795546
vla2,0,97,2023-12-01T21:09:14.002733,2714897,10820365
vla2,0,98,2023-12-01T21:09:15.263636,2739524,10844992
vla2,0,99,2023-12-01T21:09:16.460538,2762901,10868369
vla2,0,100,2023-12-01T21:09:17.715655,2787415,10892883
vla2,0,101,2023-12-01T21:09:19.084589,2814152,10919620
vla2,0,102,2023-12-01T21:09:20.393108,2839709,10945177
vla2,0,103,2023-12-01T21:09:21.525652,2861829,10967297
vla2,0,104,2023-12-01T21:10:02.296624,240168,11763605
vla2,0,105,2023-12-01T21:10:03.600125,265627,11789064
vla2,0,106,2023-12-01T21:10:04.852989,290097,11813534
vla2,0,107,2023-12-01T21:10:06.095767,314370,11837807
vla2,0,108,2023-12-01T21:10:07.273930,337381,11860818
vla2,0,109,2023-12-01T21:10:08.703331,365299,11888736
vla2,0,110,2023-12-01T21:10:09.852823,387750,11911187
vla2,0,111,2023-12-01T21:10:11.082493,411767,11935204
vla2,0,112,2023-12-01T21:10:12.317795,435894,11959331
vla2,0,113,2023-12-01T21:10:13.552688,460013,11983450
vla2,0,114,2023-12-01T21:10:14.822141,484807,12008244
vla2,0,115,2023-12-01T21:10:16.044746,508686,12032123
vla2,0,116,2023-12-01T21:10:17.335549,533897,12057334
vla2,0,117,2023-12-01T21:10:18.576176,558128,12081565
vla2,0,118,2023-12-01T21:10:19.684298,579771,12103208
vla2,0,119,2023-12-01T21:10:20.958410,604656,12128093
vla2,0,120,2023-12-01T21:10:22.194736,628803,12152240
vla2,0,121,2023-12-01T21:10:23.436490,653056,12176493
vla2,0,122,2023-12-01T21:10:24.651875,676794,12200231
vla2,0,123,2023-12-01T21:10:25.881443,700809,12224246
vla2,0,124,2023-12-01T21:10:27.087920,724373,12247810
vla2,0,125,2023-12-01T21:10:28.338429,748797,12272234
vla2,0,126,2023-12-01T21:10:29.578339,773014,12296451
vla2,0,127,2023-12-01T21:10:30.862640,798098,12321535
vla2,0,128,2023-12-01T21:10:32.136342,822975,12346412
vla2,0,129,2023-12-01T21:10:33.363658,846946,12370383
vla2,0,130,2023-12-01T21:10:34.595632,871008,12394445
vla2,0,131,2023-12-01T21:10:35.836566,895245,12418682
vla2,0,132,2023-12-01T21:10:37.064189,919222,12442659
vla2,0,133,2023-12-01T21:10:38.301027,943379,12466816
vla2,0,134,2023-12-01T21:10:39.536074,967501,12490938
vla2,0,135,2023-12-01T21:10:40.705840,990348,12513785
vla2,0,136,2023-12-01T21:10:41.934486,1014345,12537782
vla2,0,137,2023-12-01T21:10:43.198666,1039036,12562473
vla2,0,138,2023-12-01T21:10:44.363875,1061794,12585231
vla2,0,139,2023-12-01T21:10:45.692925,1087752,12611189
vla2,0,140,2023-12-01T21:10:46.916042,1111641,12635078
vla2,0,141,2023-12-01T21:10:48.045053,1133692,12657129
vla2,0,142,2023-12-01T21:10:49.357514,1159326,12682763
vla2,0,143,2023-12-01T21:10:50.597629,1183547,12706984
vla2,0,144,2023-12-01T21:10:51.823613,1207492,12730929
vla2,0,145,2023-12-01T21:10:53.010019,1230664,12754101
vla2,0,146,2023-12-01T21:10:54.240202,1254691,12778128
vla2,0,147,2023-12-01T21:10:55.405718,1277455,12800892
vla2,0,148,2023-12-01T21:10:56.634262,1301450,12824887
vla2,0,149,2023-12-01T21:10:57.946518,1327080,12850517
vla2,0,150,2023-12-01T21:10:59.171939,1351014,12874451
vla2,0,151,2023-12-01T21:11:00.395261,1374907,12898344
vla2,0,152,2023-12-01T21:11:01.603837,1398512,12921949
vla2,0,153,2023-12-01T21:11:02.827414,1422410,12945847
vla2,0,154,2023-12-01T21:11:04.056317,1446412,12969849
vla2,0,155,2023-12-01T21:11:05.271190,1470140,12993577
vla2,0,156,2023-12-01T21:11:06.491337,1493971,13017408
vla2,0,157,2023-12-01T21:11:07.619734,1516010,13039447
vla2,0,158,2023-12-01T21:11:08.832201,1539691,13063128
vla2,0,159,2023-12-01T21:11:10.043696,1563353,13086790
vla2,0,160,2023-12-01T21:11:11.312637,1588137,13111574
vla2,0,161,2023-12-01T21:11:12.519062,1611700,13135137
vla2,0,162,2023-12-01T21:11:13.746275,1635669,13159106
vla2,0,163,2023-12-01T21:11:14.955005,1659277,13182714
vla2,0,164,2023-12-01T21:11:16.116989,1681972,13205409
vla2,0,165,2023-12-01T21:11:56.076124,216331,13985861
vla2,0,166,2023-12-01T21:11:57.324789,240719,14010249
vla2,0,167,2023-12-01T21:11:58.473154,263148,14032678
vla2,0,168,2023-12-01T21:11:59.685109,286819,14056349
vla2,0,169,2023-12-01T21:12:00.865321,309870,14079400
vla2,0,170,2023-12-01T21:12:02.055925,333124,14102654
vla2,0,171,2023-12-01T21:12:03.244431,356337,14125867
vla2,0,172,2023-12-01T21:12:04.432885,379549,14149079
vla2,0,173,2023-12-01T21:12:05.604188,402426,14171956
vla2,0,174,2023-12-01T21:12:06.892533,427589,14197119
vla2,0,175,2023-12-01T21:12:08.036802,449938,14219468
vla2,0,176,2023-12-01T21:12:09.226434,473173,14242703
vla2,0,177,2023-12-01T21:12:10.420879,496502,14266032
vla2,0,178,2023-12-01T21:12:11.612201,519770,14289300
vla2,0,179,2023-12-01T21:12:12.796201,542895,14312425
vla2,0,180,2023-12-01T21:12:13.978767,565992,14335522
vla2,0,181,2023-12-01T21:12:15.107727,588042,14357572
vla2,0,182,2023-12-01T21:12:16.308572,611496,14381026
vla2,0,183,2023-12-01T21:12:17.600911,636737,14406267
vla2,0,184,2023-12-01T21:12:18.844405,661024,14430554
vla2,0,185,2023-12-01T21:12:19.878236,681216,14450746
vla2,0,186,2023-12-01T21:12:21.063106,704358,14473888
vla2,0,187,2023-12-01T21:12:22.256681,727670,14497200
vla2,0,188,2023-12-01T21:12:23.452508,751026,14520556
vla2,0,189,2023-12-01T21:12:24.633436,774091,14543621
vla2,0,190,2023-12-01T21:12:25.803970,796953,14566483
vla2,0,191,2023-12-01T21:12:26.946396,819266,14588796
vla2,0,192,2023-12-01T21:12:28.086005,841524,14611054
vla2,0,193,2023-12-01T21:12:29.239080,864045,14633575
vla2,0,194,2023-12-01T21:12:30.373877,886209,14655739
vla2,0,195,2023-12-01T21:12:31.471144,907640,14677170
vla2,0,196,2023-12-01T21:12:32.587560,929445,14698975
vla2,0,197,2023-12-01T21:12:33.731471,951787,14721317
vla2,0,198,2023-12-01T21:12:34.878863,974197,14743727
vla2,0,199,2023-12-01T21:12:36.089948,997851,14767381
vla2,0,200,2023-12-01T21:12:37.257256,1020650,14790180
vla2,0,201,2023-12-01T21:12:38.458664,1044115,14813645
vla2,0,202,2023-12-01T21:12:39.659560,1067570,14837100
vla2,0,203,2023-12-01T21:12:41.063464,1094990,14864520
vla2,0,204,2023-12-01T21:12:42.071080,1114670,14884200
vla2,0,205,2023-12-01T21:12:43.288668,1138451,14907981
vla2,0,206,2023-12-01T21:12:44.494632,1162005,14931535
vla2,0,207,2023-12-01T21:12:45.718568,1185910,14955440
vla2,0,208,2023-12-01T21:12:46.889717,1208784,14978314
vla2,0,209,2023-12-01T21:12:48.110018,1232618,15002148
vla2,0,210,2023-12-01T21:12:49.299292,1255846,15025376
vla2,0,211,2023-12-01T21:12:50.494248,1279185,15048715
vla2,0,212,2023-12-01T21:12:51.694223,1302622,15072152
vla2,0,213,2023-12-01T21:12:52.910684,1326381,15095911
vla2,0,214,2023-12-01T21:12:54.104053,1349689,15119219
vla2,0,215,2023-12-01T21:12:55.260559,1372277,15141807
vla2,0,216,2023-12-01T21:12:56.442869,1395369,15164899
vla2,0,217,2023-12-01T21:12:57.618370,1418328,15187858
vla2,0,218,2023-12-01T21:12:58.908968,1443535,15213065
vla2,0,219,2023-12-01T21:13:00.163983,1468047,15237577
vla2,0,220,2023-12-01T21:13:01.288181,1490004,15259534
vla2,0,221,2023-12-01T21:13:02.436034,1512423,15281953
vla2,0,222,2023-12-01T21:13:03.610152,1535355,15304885
vla2,0,223,2023-12-01T21:13:04.873000,1560020,15329550
vla2,0,224,2023-12-01T21:13:06.059202,1583188,15352718
vla2,0,225,2023-12-01T21:13:07.234191,1606137,15375667
vla2,0,226,2023-12-01T21:13:08.411637,1629134,15398664
vla2,0,227,2023-12-01T21:13:09.582018,1651993,15421523
vla2,0,228,2023-12-01T21:13:10.731509,1674444,15443974
vla2,0,229,2023-12-01T21:13:11.905116,1697366,15466896
vla2,0,230,2023-12-01T21:13:13.103452,1720771,15490301
vla2,0,231,2023-12-01T21:13:14.296258,1744068,15513598
vla2,0,232,2023-12-01T21:13:15.496232,1767505,15537035
vla2,0,233,2023-12-01T21:13:16.698050,1790978,15560508
vla2,0,234,2023-12-01T21:13:17.888399,1814227,15583757
vla2,0,235,2023-12-01T21:13:19.085557,1837609,15607139
vla2,0,236,2023-12-01T21:13:20.283996,1861016,15630546
vla2,0,237,2023-12-01T21:13:21.475471,1884287,15653817
vla2,0,238,2023-12-01T21:13:22.662338,1907468,15676998
vla2,0,239,2023-12-01T21:13:23.861749,1930894,15700424
vla2,0,240,2023-12-01T21:13:25.043496,1953975,15723505
vla2,0,241,2023-12-01T21:13:26.239631,1977337,15746867
vla2,0,242,2023-12-01T21:13:27.447029,2000919,15770449
vla2,0,243,2023-12-01T21:13:28.640655,2024232,15793762
vla2,0,244,2023-12-01T21:13:29.831771,2047496,15817026
vla2,0,245,2023-12-01T21:13:31.024578,2070793,15840323
vla2,0,246,2023-12-01T21:13:32.221224,2094165,15863695
vla2,0,247,2023-12-01T21:13:33.437071,2117912,15887442
vla2,0,248,2023-12-01T21:13:34.598850,2140603,15910133
vla2,0,249,2023-12-01T21:13:35.820277,2164459,15933989
vla2,0,250,2023-12-01T21:13:37.056706,2188608,15958138
vla2,0,251,2023-12-01T21:13:38.195035,2210841,15980371
vla2,0,252,2023-12-01T21:13:39.387739,2234136,16003666
vla2,0,253,2023-12-01T21:13:40.544552,2256730,16026260
vla2,0,254,2023-12-01T21:13:41.813237,2281509,16051039
vla2,0,255,2023-12-01T21:13:42.999746,2304683,16074213
vla2,0,256,2023-12-01T21:13:44.132341,2326804,16096334
vla2,0,257,2023-12-01T21:13:45.306459,2349736,16119266
vla2,0,258,2023-12-01T21:13:46.487746,2372808,16142338
vla2,0,259,2023-12-01T21:13:47.703490,2396553,16166083
vla2,0,260,2023-12-01T21:13:48.879963,2419531,16189061
vla2,0,261,2023-12-01T21:13:50.072821,2442829,16212359
vla2,0,262,2023-12-01T21:13:51.321384,2467215,16236745
vla2,0,263,2023-12-01T21:13:52.450959,2489277,16258807
vla2,0,264,2023-12-01T21:13:53.639515,2512491,16282021
vla2,0,265,2023-12-01T21:13:54.833499,2535811,16305341
vla2,0,266,2023-12-01T21:13:56.021135,2559007,16328537
vla2,0,267,2023-12-01T21:13:57.219983,2582422,16351952
vla2,0,268,2023-12-01T21:13:58.439259,2606236,16375766
vla2,0,269,2023-12-01T21:13:59.658792,2630055,16399585
vla2,0,270,2023-12-01T21:14:00.883957,2653984,16423514
vla2,0,271,2023-12-01T21:14:02.124123,2678206,16447736
vla2,0,272,2023-12-01T21:14:03.400744,2703140,16472670
vla2,0,273,2023-12-01T21:14:04.552079,2725627,16495157
vla2,0,274,2023-12-01T21:14:05.784258,2749693,16519223
vla2,0,275,2023-12-01T21:14:06.988789,2773219,16542749
vla2,0,276,2023-12-01T21:14:08.213800,2797145,16566675
vla2,0,277,2023-12-01T21:14:09.442498,2821143,16590673
vla2,0,278,2023-12-01T21:14:10.670427,2845126,16614656
vla2,0,279,2023-12-01T21:14:11.871784,2868590,16638120
vla2,0,280,2023-12-01T21:14:13.052251,2891646,16661176
vla2,0,281,2023-12-01T21:14:14.370856,2917400,16686930
vla2,0,282,2023-12-01T21:14:15.524546,2939933,16709463
vla2,0,283,2023-12-01T21:14:16.765634,2964173,16733703
vla2,0,284,2023-12-01T21:14:17.988751,2988062,16757592
vla2,0,285,2023-12-01T21:14:19.221954,3012148,16781678
vla2,0,286,2023-12-01T21:14:20.443176,3036000,16805530
vla2,0,287,2023-12-01T21:14:21.623643,3059056,16828586
vla2,0,288,2023-12-01T21:14:22.848603,3082981,16852511
vla2,0,289,2023-12-01T21:14:24.073410,3106903,16876433
vla2,0,290,2023-12-01T21:14:25.281832,3130505,16900035
vla2,0,291,2023-12-01T21:14:26.523995,3154766,16924296
vla2,0,292,2023-12-01T21:14:27.816437,3180009,16949539
vla2,0,293,2023-12-01T21:14:28.966031,3202462,16971992
vla2,0,294,2023-12-01T21:14:30.194216,3226450,16995980
vla2,0,295,2023-12-01T21:14:31.421839,3250427,17019957
vla2,0,296,2023-12-01T21:14:32.647259,3274361,17043891
vla2,0,297,2023-12-01T21:14:33.885224,3298540,17068070
vla2,0,298,2023-12-01T21:14:35.087656,3322025,17091555
vla2,0,299,2023-12-01T21:14:36.275854,3345232,17114762
vla2,0,300,2023-12-01T21:14:37.497333,3369089,17138619
vla2,0,301,2023-12-01T21:14:38.704475,3392666,17162196
vla2,0,302,2023-12-01T21:14:39.919349,3416394,17185924
vla2,0,303,2023-12-01T21:14:41.121781,3439879,17209409
vla2,0,304,2023-12-01T21:14:42.353038,3463927,17233457
vla2,0,305,2023-12-01T21:14:43.575285,3487799,17257329
vla2,0,306,2023-12-01T21:14:44.798453,3511689,17281219
vla2,0,307,2023-12-01T21:14:45.996021,3535079,17304609
vla2,0,308,2023-12-01T21:14:47.227278,3559127,17328657
vla2,0,309,2023-12-01T21:14:48.454286,3583092,17352622
vla2,0,310,2023-12-01T21:14:49.671566,3606867,17376397
vla2,0,311,2023-12-01T21:14:50.857102,3630022,17399552
vla2,0,312,2023-12-01T21:14:52.091790,3654137,17423667
vla2,0,313,2023-12-01T21:14:53.356123,3678831,17448361
vla2,0,314,2023-12-01T21:14:54.490152,3700980,17470510
vla2,0,315,2023-12-01T21:14:55.658894,3723807,17493337
vla2,0,316,2023-12-01T21:14:56.868494,3747432,17516962
vla2,0,317,2023-12-01T21:14:58.067445,3770849,17540379
vla2,0,318,2023-12-01T21:14:59.276226,3794458,17563988
vla2,0,319,2023-12-01T21:15:00.514190,3818637,17588167
vla2,0,320,2023-12-01T21:15:01.722613,3842239,17611769
vla2,0,321,2023-12-01T21:15:02.925250,3865728,17635258
vla2,0,322,2023-12-01T21:15:04.108891,3888846,17658376
vla2,0,323,2023-12-01T21:15:05.316443,3912431,17681961
vla2,0,324,2023-12-01T21:15:06.523483,3936006,17705536
vla2,0,325,2023-12-01T21:15:07.732059,3959611,17729141
vla2,0,326,2023-12-01T21:15:08.909045,3982599,17752129
vla2,0,327,2023-12-01T21:15:10.100059,4005861,17775391
vla2,0,328,2023-12-01T21:15:11.305205,4029399,17798929
vla2,0,329,2023-12-01T21:15:12.496680,4052670,17822200
vla2,0,330,2023-12-01T21:15:13.714882,4076463,17845993
vla2,0,331,2023-12-01T21:15:14.918491,4099971,17869501
vla2,0,332,2023-12-01T21:15:16.124354,4123523,17893053
vla2,0,333,2023-12-01T21:15:17.323253,4146939,17916469
vla2,0,334,2023-12-01T21:15:18.517902,4170272,17939802
vla2,0,335,2023-12-01T21:15:19.703336,4193425,17962955
vla2,0,336,2023-12-01T21:15:20.902850,4216853,17986383
vla2,0,337,2023-12-01T21:15:22.165288,4241510,18011040
vla2,0,338,2023-12-01T21:15:23.318978,4264043,18033573
vla2,0,339,2023-12-01T21:15:24.512910,4287362,18056892
vla2,0,340,2023-12-01T21:15:25.699061,4310529,18080059
vla2,0,341,2023-12-01T21:15:26.911682,4334213,18103743
vla2,0,342,2023-12-01T21:15:28.097781,4357379,18126909
vla2,0,343,2023-12-01T21:15:29.285211,4380571,18150101
vla2,0,344,2023-12-01T21:15:30.478427,4403876,18173406
vla2,0,345,2023-12-01T21:15:31.650907,4426776,18196306
vla2,0,346,2023-12-01T21:15:32.851445,4450224,18219754
vla2,0,347,2023-12-01T21:15:34.011534,4472882,18242412
vla2,0,348,2023-12-01T21:15:35.201320,4496120,18265650
vla2,0,349,2023-12-01T21:15:36.387419,4519286,18288816
vla2,0,350,2023-12-01T21:15:37.575054,4542482,18312012
vla2,0,351,2023-12-01T21:15:38.772878,4565877,18335407
vla2,0,352,2023-12-01T21:15:39.953960,4588945,18358475
vla2,0,353,2023-12-01T21:15:41.126440,4611845,18381375
vla2,0,354,2023-12-01T21:15:42.322369,4635203,18404733
vla2,0,355,2023-12-01T21:15:43.505141,4658304,18427834
vla2,0,356,2023-12-01T21:15:44.691598,4681477,18451007
vla2,0,357,2023-12-01T21:15:45.892904,4704940,18474470
vla2,0,358,2023-12-01T21:15:47.106446,4728642,18498172
vla2,0,359,2023-12-01T21:15:48.267355,4751316,18520846
vla2,0,360,2023-12-01T21:15:49.457755,4774566,18544096
vla2,0,361,2023-12-01T21:16:29.100015,275391,19318359
vla2,0,362,2023-12-01T21:16:30.304085,298908,19341876
vla2,0,363,2023-12-01T21:16:31.507490,322412,19365380
vla2,0,364,2023-12-01T21:16:32.707720,345854,19388822
vla2,0,365,2023-12-01T21:16:33.902472,369189,19412157
vla2,0,366,2023-12-01T21:16:35.097122,392522,19435490
vla2,0,367,2023-12-01T21:16:36.300885,416033,19459001
vla2,0,368,2023-12-01T21:16:37.499989,439453,19482421
vla2,0,369,2023-12-01T21:16:38.700578,462902,19505870
vla2,0,370,2023-12-01T21:16:39.900245,486333,19529301
vla2,0,371,2023-12-01T21:16:41.104725,509858,19552826
vla2,0,372,2023-12-01T21:16:42.313711,533471,19576439
vla2,0,373,2023-12-01T21:16:43.520085,557033,19600001
vla2,0,374,2023-12-01T21:16:44.717909,580428,19623396
vla2,0,375,2023-12-01T21:16:45.918549,603878,19646846
vla2,0,376,2023-12-01T21:16:47.115349,627253,19670221
vla2,0,377,2023-12-01T21:16:48.318600,650754,19693722
vla2,0,378,2023-12-01T21:16:49.521340,674245,19717213
vla2,0,379,2023-12-01T21:16:50.712815,697516,19740484
vla2,0,380,2023-12-01T21:16:51.888520,720479,19763447
vla2,0,381,2023-12-01T21:16:53.086088,743869,19786837
vla2,0,382,2023-12-01T21:16:54.282223,767231,19810199
vla2,0,383,2023-12-01T21:16:55.492130,790862,19833830
vla2,0,384,2023-12-01T21:16:56.679765,814058,19857026
vla2,0,385,2023-12-01T21:16:57.883784,837574,19880542
vla2,0,386,2023-12-01T21:16:59.086933,861073,19904041
vla2,0,387,2023-12-01T21:17:00.288444,884540,19927508
vla2,0,388,2023-12-01T21:17:01.489852,908005,19950973
vla2,0,389,2023-12-01T21:17:02.774306,933092,19976060
vla2,0,390,2023-12-01T21:17:03.968444,956415,19999383
vla2,0,391,2023-12-01T21:17:05.079893,978123,20021091
vla2,0,392,2023-12-01T21:17:06.259029,1001153,20044121
vla2,0,393,2023-12-01T21:17:07.459157,1024593,20067561
vla2,0,394,2023-12-01T21:17:08.672136,1048284,20091252
vla2,0,395,2023-12-01T21:17:09.873237,1071743,20114711
vla2,0,396,2023-12-01T21:17:11.078434,1095282,20138250
vla2,0,397,2023-12-01T21:17:12.283682,1118822,20161790
vla2,0,398,2023-12-01T21:17:13.467682,1141947,20184915
vla2,0,399,2023-12-01T21:17:14.635349,1164753,20207721
vla2,0,400,2023-12-01T21:17:15.797794,1187457,20230425
vla2,0,401,2023-12-01T21:17:16.956296,1210084,20253052
vla2,0,402,2023-12-01T21:17:18.115004,1232715,20275683
vla2,0,403,2023-12-01T21:17:19.287637,1255618,20298586
vla2,0,404,2023-12-01T21:17:20.457352,1278464,20321432
vla2,0,405,2023-12-01T21:17:21.621231,1301196,20344164
vla2,0,406,2023-12-01T21:17:22.775791,1323746,20366714
vla2,0,407,2023-12-01T21:17:23.929429,1346278,20389246
vla2,0,408,2023-12-01T21:17:25.111996,1369375,20412343
vla2,0,409,2023-12-01T21:17:26.296712,1392514,20435482
vla2,0,410,2023-12-01T21:17:27.487829,1415778,20458746
vla2,0,411,2023-12-01T21:17:28.671829,1438903,20481871
vla2,0,412,2023-12-01T21:17:29.855573,1462023,20504991
vla2,0,413,2023-12-01T21:17:31.047868,1485310,20528278
vla2,0,414,2023-12-01T21:17:32.227311,1508346,20551314
vla2,0,415,2023-12-01T21:17:33.417301,1531588,20574556
vla2,0,416,2023-12-01T21:17:34.609084,1554865,20597833
vla2,0,417,2023-12-01T21:17:35.807727,1578276,20621244
vla2,0,418,2023-12-01T21:17:36.994287,1601451,20644419
vla2,0,419,2023-12-01T21:17:38.178645,1624583,20667551
vla2,0,420,2023-12-01T21:17:39.373960,1647929,20690897
vla2,0,421,2023-12-01T21:17:40.556476,1671025,20713993
vla2,0,422,2023-12-01T21:17:41.725730,1693862,20736830
vla2,0,423,2023-12-01T21:17:42.927445,1717333,20760301
vla2,0,424,2023-12-01T21:17:44.116616,1740559,20783527
vla2,0,425,2023-12-01T21:17:45.310140,1763870,20806838
vla2,0,426,2023-12-01T21:17:46.494549,1787003,20829971
vla2,0,427,2023-12-01T21:17:47.742856,1811384,20854352
vla2,0,428,2023-12-01T21:17:48.876988,1833535,20876503
vla2,0,429,2023-12-01T21:17:50.054280,1856529,20899497
vla2,0,430,2023-12-01T21:17:51.243452,1879755,20922723
vla2,0,431,2023-12-01T21:17:52.521660,1904720,20947688
vla2,0,432,2023-12-01T21:17:53.590767,1925601,20968569
vla2,0,433,2023-12-01T21:17:54.787106,1948967,20991935
vla2,0,434,2023-12-01T21:17:55.967317,1972018,21014986
vla2,0,435,2023-12-01T21:17:57.163861,1995388,21038356
vla2,0,436,2023-12-01T21:17:58.356258,2018677,21061645
vla2,0,437,2023-12-01T21:17:59.541180,2041820,21084788
vla2,0,438,2023-12-01T21:18:00.695023,2064356,21107324
vla2,0,439,2023-12-01T21:18:01.918754,2088257,21131225
vla2,0,440,2023-12-01T21:18:03.131375,2111941,21154909
vla2,0,441,2023-12-01T21:18:04.392072,2136564,21179532
vla2,0,442,2023-12-01T21:18:05.607560,2160304,21203272
vla2,0,443,2023-12-01T21:18:06.810812,2183805,21226773
vla2,0,444,2023-12-01T21:18:08.045141,2207913,21250881
vla2,0,445,2023-12-01T21:18:09.271586,2231867,21274835
vla2,0,446,2023-12-01T21:18:10.496802,2255797,21298765
vla2,0,447,2023-12-01T21:18:11.726370,2279812,21322780
vla2,0,448,2023-12-01T21:18:12.921992,2303164,21346132
vla2,0,449,2023-12-01T21:18:53.161968,159413,22132069
vla2,0,450,2023-12-01T21:18:54.387287,183345,22156001
vla2,0,451,2023-12-01T21:18:55.615831,207340,22179996
vla2,0,452,2023-12-01T21:18:56.834903,231150,22203806
vla2,0,453,2023-12-01T21:18:58.060682,255091,22227747
vla2,0,454,2023-12-01T21:18:59.280368,278913,22251569
vla2,0,455,2023-12-01T21:19:00.491863,302575,22275231
vla2,0,456,2023-12-01T21:19:01.720611,326574,22299230
vla2,0,457,2023-12-01T21:19:02.924528,350088,22322744
vla2,0,458,2023-12-01T21:19:04.152509,374072,22346728
vla2,0,459,2023-12-01T21:19:05.401431,398465,22371121
vla2,0,460,2023-12-01T21:19:06.629002,422441,22395097
vla2,0,461,2023-12-01T21:19:07.831639,445930,22418586
vla2,0,462,2023-12-01T21:19:09.020963,469159,22441815
vla2,0,463,2023-12-01T21:19:10.214640,492473,22465129
vla2,0,464,2023-12-01T21:19:11.410007,515820,22488476
vla2,0,465,2023-12-01T21:19:12.596362,538991,22511647
vla2,0,466,2023-12-01T21:19:13.791728,562338,22534994
vla2,0,467,2023-12-01T21:19:14.984586,585636,22558292
vla2,0,468,2023-12-01T21:19:16.184099,609064,22581720
vla2,0,469,2023-12-01T21:19:17.373936,632303,22604959
vla2,0,470,2023-12-01T21:19:18.599920,656248,22628904
vla2,0,471,2023-12-01T21:19:19.797079,679630,22652286
vla2,0,472,2023-12-01T21:19:21.034327,703795,22676451
vla2,0,473,2023-12-01T21:19:22.152330,725631,22698287
vla2,0,474,2023-12-01T21:19:23.350307,749029,22721685
vla2,0,475,2023-12-01T21:19:24.543984,772343,22744999
vla2,0,476,2023-12-01T21:19:25.737405,795652,22768308
vla2,0,477,2023-12-01T21:19:26.937482,819091,22791747
vla2,0,478,2023-12-01T21:19:28.103920,841873,22814529
vla2,0,479,2023-12-01T21:19:29.277373,864792,22837448
vla2,0,480,2023-12-01T21:19:30.469002,888066,22860722
vla2,0,481,2023-12-01T21:19:31.648138,911096,22883752
vla2,0,482,2023-12-01T21:19:32.901616,935578,22908234
vla2,0,483,2023-12-01T21:19:34.148643,959934,22932590
vla2,0,484,2023-12-01T21:19:35.339658,983196,22955852
vla2,0,485,2023-12-01T21:19:36.569175,1007210,22979866
vla2,0,486,2023-12-01T21:19:37.799613,1031242,23003898
vla2,0,487,2023-12-01T21:19:39.075466,1056161,23028817
vla2,0,488,2023-12-01T21:19:40.260336,1079303,23051959
vla2,0,489,2023-12-01T21:19:41.481610,1103156,23075812
vla2,0,490,2023-12-01T21:19:42.724592,1127433,23100089
vla2,0,491,2023-12-01T21:19:43.952368,1151413,23124069
vla2,0,492,2023-12-01T21:19:45.172976,1175253,23147909
vla2,0,493,2023-12-01T21:19:46.389335,1199010,23171666
vla2,0,494,2023-12-01T21:19:47.606717,1222787,23195443
vla2,0,495,2023-12-01T21:19:48.824458,1246571,23219227
vla2,0,496,2023-12-01T21:19:50.114954,1271776,23244432
vla2,0,497,2023-12-01T21:19:51.335664,1295618,23268274
vla2,0,498,2023-12-01T21:19:52.555197,1319437,23292093
vla2,0,499,2023-12-01T21:19:53.728547,1342354,23315010
vla2,0,500,2023-12-01T21:19:54.898826,1365211,23337867
vla2,0,501,2023-12-01T21:19:56.113904,1388943,23361599
vla2,0,502,2023-12-01T21:19:57.341271,1412915,23385571
vla2,0,503,2023-12-01T21:19:58.560138,1436721,23409377
vla2,0,504,2023-12-01T21:19:59.787146,1460686,23433342
vla2,0,505,2023-12-01T21:20:01.002634,1484426,23457082
vla2,0,506,2023-12-01T21:20:02.219402,1508191,23480847
vla2,0,507,2023-12-01T21:20:03.448816,1532203,23504859
vla2,0,508,2023-12-01T21:20:04.675415,1556160,23528816
vla2,0,509,2023-12-01T21:20:05.898787,1580054,23552710
vla2,0,510,2023-12-01T21:20:07.139159,1604280,23576936
vla2,0,511,2023-12-01T21:20:08.366576,1628253,23600909
vla2,0,512,2023-12-01T21:20:09.571875,1651794,23624450
vla2,0,513,2023-12-01T21:20:10.794992,1675683,23648339
vla2,0,514,2023-12-01T21:20:12.018365,1699577,23672233
vla2,0,515,2023-12-01T21:20:13.238307,1723404,23696060
vla2,0,516,2023-12-01T21:20:14.459120,1747248,23719904
vla2,0,517,2023-12-01T21:20:15.684080,1771173,23743829
vla2,0,518,2023-12-01T21:20:16.941962,1795741,23768397
vla2,0,519,2023-12-01T21:20:18.141015,1819160,23791816
vla2,0,520,2023-12-01T21:20:19.358499,1842939,23815595
vla2,0,521,2023-12-01T21:20:20.576343,1866725,23839381
vla2,0,522,2023-12-01T21:20:21.789527,1890420,23863076
vla2,0,523,2023-12-01T21:20:23.011824,1914293,23886949
vla2,0,524,2023-12-01T21:20:24.230896,1938103,23910759
vla2,0,525,2023-12-01T21:20:25.444234,1961801,23934457
vla2,0,526,2023-12-01T21:20:26.689315,1986119,23958775
vla2,0,527,2023-12-01T21:20:27.879613,2009367,23982023
vla2,0,528,2023-12-01T21:20:29.132989,2033847,24006503
vla2,0,529,2023-12-01T21:20:30.356311,2057740,24030396
vla2,0,530,2023-12-01T21:20:31.578967,2081620,24054276
vla2,0,531,2023-12-01T21:20:32.796042,2105391,24078047
vla2,0,532,2023-12-01T21:20:34.019159,2129280,24101936
vla2,0,533,2023-12-01T21:20:35.242685,2153177,24125833
vla2,0,534,2023-12-01T21:20:36.454589,2176847,24149503
vla2,0,535,2023-12-01T21:20:37.643146,2200061,24172717
vla2,0,536,2023-12-01T21:20:38.881367,2224245,24196901
vla2,0,537,2023-12-01T21:20:40.098237,2248012,24220668
vla2,0,538,2023-12-01T21:20:41.267645,2270852,24243508
vla2,0,539,2023-12-01T21:20:42.476170,2294456,24267112
vla2,0,540,2023-12-01T21:20:43.763184,2319593,24292249
vla2,0,541,2023-12-01T21:20:44.991830,2343590,24316246
vla2,0,542,2023-12-01T21:20:46.119050,2365606,24338262
vla2,0,543,2023-12-01T21:20:47.331158,2389280,24361936
vla2,0,544,2023-12-01T21:20:48.548643,2413059,24385715
vla2,0,545,2023-12-01T21:20:49.757424,2436668,24409324
vla2,0,546,2023-12-01T21:20:50.971018,2460371,24433027
vla2,0,547,2023-12-01T21:20:52.191062,2484200,24456856
vla2,0,548,2023-12-01T21:20:53.409418,2507996,24480652
vla2,0,549,2023-12-01T21:20:54.618966,2531620,24504276
vla2,0,550,2023-12-01T21:20:55.836810,2555406,24528062
vla2,0,551,2023-12-01T21:20:57.039293,2578892,24551548
vla2,0,552,2023-12-01T21:20:58.256266,2602661,24575317
vla2,0,553,2023-12-01T21:20:59.472163,2626409,24599065
vla2,0,554,2023-12-01T21:21:00.689392,2650183,24622839
vla2,0,555,2023-12-01T21:21:01.907850,2673981,24646637
vla2,0,556,2023-12-01T21:21:03.127024,2697793,24670449
vla2,0,557,2023-12-01T21:21:04.363914,2721951,24694607
vla2,0,558,2023-12-01T21:21:05.582986,2745761,24718417
vla2,0,559,2023-12-01T21:21:06.799139,2769514,24742170
vla2,0,560,2023-12-01T21:21:07.999165,2792952,24765608
vla2,0,561,2023-12-01T21:21:09.194890,2816306,24788962
vla2,0,562,2023-12-01T21:21:10.395581,2839757,24812413
vla2,0,563,2023-12-01T21:21:11.608355,2863444,24836100
vla2,0,564,2023-12-01T21:21:12.821181,2887132,24859788
vla2,0,565,2023-12-01T21:21:14.093450,2911981,24884637
vla2,0,566,2023-12-01T21:21:15.272790,2935015,24907671
vla2,0,567,2023-12-01T21:21:16.479216,2958578,24931234
vla2,0,568,2023-12-01T21:21:17.707197,2982562,24955218
vla2,0,569,2023-12-01T21:21:18.886742,3005600,24978256
vla2,0,570,2023-12-01T21:21:20.092912,3029158,25001814
vla2,0,571,2023-12-01T21:21:21.294781,3052632,25025288
vla2,0,572,2023-12-01T21:21:22.502640,3076223,25048879
vla2,0,573,2023-12-01T21:21:23.711984,3099843,25072499
vla2,0,574,2023-12-01T21:21:24.924554,3123526,25096182
vla2,0,575,2023-12-01T21:21:26.093962,3146366,25119022
vla2,0,576,2023-12-01T21:21:27.305354,3170026,25142682
vla2,0,577,2023-12-01T21:21:28.510960,3193573,25166229
vla2,0,578,2023-12-01T21:21:29.762800,3218023,25190679
vla2,0,579,2023-12-01T21:21:30.966666,3241536,25214192
vla2,0,580,2023-12-01T21:21:32.171760,3265073,25237729
vla2,0,581,2023-12-01T21:21:33.372707,3288529,25261185
vla2,0,582,2023-12-01T21:21:34.580925,3312127,25284783
vla2,0,583,2023-12-01T21:21:35.789450,3335731,25308387
vla2,0,584,2023-12-01T21:21:36.995722,3359291,25331947
vla2,0,585,2023-12-01T21:21:38.167178,3382171,25354827
vla2,0,586,2023-12-01T21:21:39.391472,3406083,25378739
vla2,0,587,2023-12-01T21:21:40.569123,3429084,25401740
vla2,0,588,2023-12-01T21:21:41.765667,3452454,25425110
vla2,0,589,2023-12-01T21:21:42.941066,3475411,25448067
vla2,0,590,2023-12-01T21:21:44.137763,3498784,25471440
vla2,0,591,2023-12-01T21:21:45.341834,3522301,25494957
vla2,0,592,2023-12-01T21:21:46.545802,3545816,25518472
vla2,0,593,2023-12-01T21:21:47.747056,3569278,25541934
vla2,0,594,2023-12-01T21:21:48.950717,3592787,25565443
vla2,0,595,2023-12-01T21:21:50.185251,3616899,25589555
vla2,0,596,2023-12-01T21:21:51.377597,3640187,25612843
vla2,0,597,2023-12-01T21:21:52.564925,3663377,25636033
vla2,0,598,2023-12-01T21:21:53.753379,3686589,25659245
vla2,0,599,2023-12-01T21:21:54.939018,3709746,25682402
vla2,0,600,2023-12-01T21:21:56.135306,3733111,25705767
vla2,0,601,2023-12-01T21:21:57.325501,3756357,25729013
vla2,0,602,2023-12-01T21:21:58.512675,3779544,25752200
vla2,0,603,2023-12-01T21:21:59.697238,3802680,25775336
vla2,0,604,2023-12-01T21:22:00.854717,3825287,25797943
vla2,0,605,2023-12-01T21:22:02.045987,3848554,25821210
vla2,0,606,2023-12-01T21:22:03.262858,3872321,25844977
vla2,0,607,2023-12-01T21:22:04.453923,3895584,25868240
vla2,0,608,2023-12-01T21:22:05.594813,3917867,25890523
vla2,0,609,2023-12-01T21:22:06.785827,3941129,25913785
vla2,0,610,2023-12-01T21:22:07.974486,3964345,25937001
vla2,0,611,2023-12-01T21:22:09.196989,3988222,25960878
vla2,0,612,2023-12-01T21:22:10.358205,4010902,25983558
vla2,0,613,2023-12-01T21:22:11.546506,4034111,26006767
vla2,0,614,2023-12-01T21:22:12.737469,4057372,26030028
vla2,0,615,2023-12-01T21:22:13.927715,4080619,26053275
vla2,0,616,2023-12-01T21:22:15.117552,4103858,26076514
vla2,0,617,2023-12-01T21:22:16.306774,4127085,26099741
vla2,0,618,2023-12-01T21:22:17.494256,4150278,26122934
vla2,0,619,2023-12-01T21:22:18.676464,4173368,26146024
vla2,0,620,2023-12-01T21:22:19.903216,4197328,26169984
vla2,0,621,2023-12-01T21:22:21.083581,4220382,26193038
vla2,0,622,2023-12-01T21:22:22.235376,4242878,26215534
vla2,0,623,2023-12-01T21:22:23.421168,4266038,26238694
vla2,0,624,2023-12-01T21:22:24.613309,4289322,26261978
vla2,0,625,2023-12-01T21:22:25.804272,4312583,26285239
vla2,0,626,2023-12-01T21:22:26.995184,4335843,26308499
vla2,0,627,2023-12-01T21:22:28.179440,4358973,26331629
vla2,0,628,2023-12-01T21:22:29.365386,4382136,26354792
vla2,0,629,2023-12-01T21:22:30.557629,4405422,26378078
vla2,0,630,2023-12-01T21:22:31.739990,4428515,26401171
vla2,0,631,2023-12-01T21:22:32.931722,4451791,26424447
vla2,0,632,2023-12-01T21:22:34.117053,4474942,26447598
vla2,0,633,2023-12-01T21:22:35.303869,4498122,26470778
vla2,0,634,2023-12-01T21:22:36.495088,4521388,26494044
vla2,0,635,2023-12-01T21:22:37.682416,4544578,26517234
vla2,0,636,2023-12-01T21:22:38.898621,4568332,26540988
vla2,0,637,2023-12-01T21:22:40.075402,4591316,26563972
vla2,0,638,2023-12-01T21:22:41.253053,4614317,26586973
vla2,0,639,2023-12-01T21:22:42.434646,4637395,26610051
vla2,0,640,2023-12-01T21:22:43.614294,4660435,26633091
vla2,0,641,2023-12-01T21:22:44.796605,4683527,26656183
vla2,0,642,2023-12-01T21:22:46.032163,4707659,26680315
vla2,0,643,2023-12-01T21:22:47.165936,4729803,26702459
vla2,0,644,2023-12-01T21:22:48.419517,4754287,26726943
vla2,0,645,2023-12-01T21:22:49.624918,4777830,26750486
vla2,0,646,2023-12-01T21:22:50.827862,4801325,26773981
vla2,0,647,2023-12-01T21:22:52.073456,4825653,26798309
vla2,0,648,2023-12-01T21:22:53.272970,4849081,26821737
vla2,0,649,2023-12-01T21:22:54.422819,4871539,26844195
vla2,0,650,2023-12-01T21:22:55.628835,4895094,26867750
vla2,0,651,2023-12-01T21:22:56.832957,4918612,26891268
vla2,0,652,2023-12-01T21:22:58.038512,4942158,26914814
vla2,0,653,2023-12-01T21:22:59.246115,4965744,26938400
vla2,0,654,2023-12-01T21:23:00.451466,4989286,26961942
vla2,0,655,2023-12-01T21:23:01.687638,5013430,26986086
vla2,0,656,2023-12-01T21:23:02.850851,5036149,27008805
vla2,0,657,2023-12-01T21:23:04.084874,5060251,27032907
vla2,0,658,2023-12-01T21:23:05.292272,5083833,27056489
vla2,0,659,2023-12-01T21:23:06.469155,5106819,27079475
vla2,0,660,2023-12-01T21:23:07.706454,5130985,27103641
vla2,0,661,2023-12-01T21:23:08.917078,5154630,27127286
vla2,0,662,2023-12-01T21:23:10.139171,5178499,27151155
vla2,0,663,2023-12-01T21:23:11.238435,5199969,27172625
vla2,0,664,2023-12-01T21:23:12.439690,5223431,27196087
vla2,0,665,2023-12-01T21:23:13.683798,5247730,27220386
vla2,0,666,2023-12-01T21:23:14.884336,5271178,27243834
vla2,0,667,2023-12-01T21:23:16.051030,5293965,27266621
vla2,0,668,2023-12-01T21:23:17.256074,5317501,27290157
vla2,0,669,2023-12-01T21:23:18.486307,5341529,27314185
vla2,0,670,2023-12-01T21:23:19.746902,5366150,27338806
vla2,0,671,2023-12-01T21:23:21.002173,5390667,27363323
vla2,0,672,2023-12-01T21:23:22.261898,5415271,27387927
vla2,0,673,2023-12-01T21:23:23.521930,5439881,27412537
vla2,0,674,2023-12-01T21:23:24.746838,5463805,27436461
vla2,0,675,2023-12-01T21:23:26.001648,5488313,27460969
vla2,0,676,2023-12-01T21:23:27.263267,5512954,27485610
vla2,0,677,2023-12-01T21:23:28.523658,5537571,27510227
vla2,0,678,2023-12-01T21:23:29.828182,5563050,27535706
vla2,0,679,2023-12-01T21:23:31.092208,5587738,27560394
vla2,0,680,2023-12-01T21:23:32.337392,5612058,27584714
vla2,0,681,2023-12-01T21:23:33.588771,5636499,27609155
vla2,0,682,2023-12-01T21:23:34.832931,5660799,27633455
vla2,0,683,2023-12-01T21:23:36.087178,5685296,27657952
vla2,0,684,2023-12-01T21:23:37.302410,5709031,27681687
vla2,0,685,2023-12-01T21:23:38.587478,5734130,27706786
vla2,0,686,2023-12-01T21:23:39.830922,5758416,27731072
vla2,0,687,2023-12-01T21:23:41.083018,5782871,27755527
vla2,0,688,2023-12-01T21:23:42.330608,5807238,27779894
vla2,0,689,2023-12-01T21:23:43.571133,5831467,27804123
vla2,0,690,2023-12-01T21:23:44.825533,5855967,27828623
vla2,0,691,2023-12-01T21:23:46.068669,5880247,27852903
vla2,0,692,2023-12-01T21:23:47.307965,5904452,27877108
vla2,0,693,2023-12-01T21:23:48.544854,5928610,27901266
vla2,0,694,2023-12-01T21:23:49.749385,5952136,27924792
vla2,0,695,2023-12-01T21:23:50.992624,5976418,27949074
vla2,0,696,2023-12-01T21:23:52.235350,6000690,27973346
vla2,0,697,2023-12-01T21:23:53.476029,6024922,27997578
vla2,0,698,2023-12-01T21:23:54.717577,6049171,28021827
vla2,0,699,2023-12-01T21:23:55.958512,6073408,28046064
vla2,0,700,2023-12-01T21:23:57.198934,6097635,28070291
vla2,0,701,2023-12-01T21:23:58.473661,6122532,28095188
vla2,0,702,2023-12-01T21:23:59.717718,6146830,28119486
vla2,0,703,2023-12-01T21:24:01.010211,6172074,28144730
vla2,0,704,2023-12-01T21:24:02.156733,6194467,28167123
vla2,0,705,2023-12-01T21:24:03.389373,6218542,28191198
vla2,0,706,2023-12-01T21:24:04.627081,6242716,28215372
vla2,0,707,2023-12-01T21:24:05.901808,6267613,28240269
vla2,0,708,2023-12-01T21:24:07.134141,6291682,28264338
vla2,0,709,2023-12-01T21:24:08.334781,6315132,28287788
vla2,0,710,2023-12-01T21:24:09.568189,6339222,28311878
vla2,0,711,2023-12-01T21:24:10.816137,6363596,28336252
vla2,0,712,2023-12-01T21:24:12.054461,6387782,28360438
vla2,0,713,2023-12-01T21:24:13.358166,6413245,28385901
vla2,0,714,2023-12-01T21:24:14.536534,6436260,28408916
vla2,0,715,2023-12-01T21:24:15.773731,6460424,28433080
vla2,0,716,2023-12-01T21:24:17.012413,6484617,28457273
vla2,0,717,2023-12-01T21:24:18.254729,6508881,28481537
vla2,0,718,2023-12-01T21:24:19.489008,6532988,28505644
vla2,0,719,2023-12-01T21:24:20.723542,6557100,28529756
vla2,0,720,2023-12-01T21:24:21.921929,6580506,28553162
vla2,0,721,2023-12-01T21:24:23.157181,6604632,28577288
vla2,0,722,2023-12-01T21:24:24.391049,6628731,28601387
vla2,0,723,2023-12-01T21:24:25.627785,6652886,28625542
vla2,0,724,2023-12-01T21:24:26.863088,6677013,28649669
vla2,0,725,2023-12-01T21:24:28.102998,6701230,28673886
vla2,0,726,2023-12-01T21:24:29.339581,6725382,28698038
vla2,0,727,2023-12-01T21:24:30.580413,6749617,28722273
vla2,0,728,2023-12-01T21:24:31.811517,6773662,28746318
vla2,0,729,2023-12-01T21:24:33.049789,6797847,28770503
vla2,0,730,2023-12-01T21:24:34.286217,6821996,28794652
vla2,0,731,2023-12-01T21:24:35.520649,6846106,28818762
vla2,0,732,2023-12-01T21:24:36.755696,6870228,28842884
vla2,0,733,2023-12-01T21:24:37.990179,6894339,28866995
vla2,0,734,2023-12-01T21:24:39.224048,6918438,28891094
vla2,0,735,2023-12-01T21:24:40.460477,6942587,28915243
vla2,0,736,2023-12-01T21:24:41.685129,6966506,28939162
vla2,0,737,2023-12-01T21:24:42.919357,6990612,28963268
vla2,0,738,2023-12-01T21:24:44.159165,7014827,28987483
vla2,0,739,2023-12-01T21:24:45.397590,7039015,29011671
vla2,0,740,2023-12-01T21:24:46.623267,7062954,29035610
vla2,0,741,2023-12-01T21:24:47.854883,7087009,29059665
vla2,0,742,2023-12-01T21:24:49.094179,7111214,29083870
vla2,0,743,2023-12-01T21:25:30.506697,205209,29892708
vla2,0,744,2023-12-01T21:25:31.748041,229454,29916953
vla2,0,745,2023-12-01T21:25:32.980374,253523,29941022
vla2,0,746,2023-12-01T21:25:34.204822,277438,29964937
vla2,0,747,2023-12-01T21:25:35.474736,302241,29989740
vla2,0,748,2023-12-01T21:25:36.709014,326348,30013847
vla2,0,749,2023-12-01T21:25:37.954096,350666,30038165
vla2,0,750,2023-12-01T21:25:39.099491,373037,30060536
vla2,0,751,2023-12-01T21:25:40.335613,397180,30084679
vla2,0,752,2023-12-01T21:25:41.566563,421222,30108721
vla2,0,753,2023-12-01T21:25:42.803453,445380,30132879
vla2,0,754,2023-12-01T21:25:44.135984,471406,30158905
vla2,0,755,2023-12-01T21:25:45.323721,494604,30182103
vla2,0,756,2023-12-01T21:25:46.560048,518751,30206250
vla2,0,757,2023-12-01T21:25:47.757411,542137,30229636
vla2,0,758,2023-12-01T21:25:48.995888,566326,30253825
vla2,0,759,2023-12-01T21:25:50.248445,590790,30278289
vla2,0,760,2023-12-01T21:25:51.482160,614886,30302385
vla2,0,761,2023-12-01T21:25:52.714390,638953,30326452
vla2,0,762,2023-12-01T21:25:53.953533,663155,30350654
vla2,0,763,2023-12-01T21:25:55.186275,687232,30374731
vla2,0,764,2023-12-01T21:25:56.424957,711425,30398924
vla2,0,765,2023-12-01T21:25:57.659798,735543,30423042
vla2,0,766,2023-12-01T21:25:58.890339,759577,30447076
vla2,0,767,2023-12-01T21:26:00.097942,783163,30470662
vla2,0,768,2023-12-01T21:26:01.332118,807268,30494767
vla2,0,769,2023-12-01T21:26:02.567523,831397,30518896
vla2,0,770,2023-12-01T21:26:03.800982,855488,30542987
vla2,0,771,2023-12-01T21:26:05.044937,879784,30567283
vla2,0,772,2023-12-01T21:26:06.275785,903824,30591323
vla2,0,773,2023-12-01T21:26:07.544880,928611,30616110
vla2,0,774,2023-12-01T21:26:08.782742,952788,30640287
vla2,0,775,2023-12-01T21:26:10.016611,976887,30664386
vla2,0,776,2023-12-01T21:26:11.252169,1001019,30688518
vla2,0,777,2023-12-01T21:26:12.457366,1024558,30712057
vla2,0,778,2023-12-01T21:26:13.711920,1049061,30736560
vla2,0,779,2023-12-01T21:26:14.950960,1073261,30760760
vla2,0,780,2023-12-01T21:26:16.182985,1097324,30784823
vla2,0,781,2023-12-01T21:26:17.494525,1122940,30810439
vla2,0,782,2023-12-01T21:26:18.700285,1146490,30833989
vla2,0,783,2023-12-01T21:26:19.934461,1170595,30858094
vla2,0,784,2023-12-01T21:26:21.167459,1194677,30882176
vla2,0,785,2023-12-01T21:26:22.400765,1218765,30906264
vla2,0,786,2023-12-01T21:26:23.641904,1243006,30930505
vla2,0,787,2023-12-01T21:26:24.873008,1267051,30954550
vla2,0,788,2023-12-01T21:26:26.106672,1291146,30978645
vla2,0,789,2023-12-01T21:26:27.339056,1315216,31002715
vla2,0,790,2023-12-01T21:26:28.572617,1339309,31026808
vla2,0,791,2023-12-01T21:26:29.713046,1361583,31049082
vla2,0,792,2023-12-01T21:26:30.948400,1385711,31073210
vla2,0,793,2023-12-01T21:26:32.184317,1409850,31097349
vla2,0,794,2023-12-01T21:26:33.422384,1434031,31121530
vla2,0,795,2023-12-01T21:26:34.658301,1458170,31145669
vla2,0,796,2023-12-01T21:26:35.892118,1482268,31169767
vla2,0,797,2023-12-01T21:26:37.132080,1506486,31193985
vla2,0,798,2023-12-01T21:26:38.365232,1530571,31218070
vla2,0,799,2023-12-01T21:26:39.601712,1554721,31242220
vla2,0,800,2023-12-01T21:26:40.838755,1578882,31266381
vla2,0,801,2023-12-01T21:26:42.071497,1602959,31290458
vla2,0,802,2023-12-01T21:26:43.305008,1627051,31314550
vla2,0,803,2023-12-01T21:26:44.539747,1651167,31338666
vla2,0,804,2023-12-01T21:26:45.775357,1675300,31362799
vla2,0,805,2023-12-01T21:26:47.006358,1699343,31386842
vla2,0,806,2023-12-01T21:26:48.247549,1723585,31411084
vla2,0,807,2023-12-01T21:26:49.483824,1747731,31435230
vla2,0,808,2023-12-01T21:26:50.718973,1771855,31459354
vla2,0,809,2023-12-01T21:26:51.955760,1796011,31483510
vla2,0,810,2023-12-01T21:26:53.188093,1820080,31507579
vla2,0,811,2023-12-01T21:26:54.428208,1844301,31531800
vla2,0,812,2023-12-01T21:26:55.670729,1868569,31556068
vla2,0,813,2023-12-01T21:26:56.902550,1892628,31580127
vla2,0,814,2023-12-01T21:26:58.142256,1916841,31604340
vla2,0,815,2023-12-01T21:26:59.383549,1941085,31628584
vla2,0,816,2023-12-01T21:27:00.620797,1965250,31652749
vla2,0,817,2023-12-01T21:27:01.894038,1990118,31677617
vla2,0,818,2023-12-01T21:27:03.130467,2014267,31701766
vla2,0,819,2023-12-01T21:27:04.367459,2038427,31725926
vla2,0,820,2023-12-01T21:27:05.602608,2062551,31750050
vla2,0,821,2023-12-01T21:27:06.837859,2086677,31774176
vla2,0,822,2023-12-01T21:27:08.073929,2110819,31798318
vla2,0,823,2023-12-01T21:27:09.310921,2134979,31822478
vla2,0,824,2023-12-01T21:27:10.551497,2159209,31846708
vla2,0,825,2023-12-01T21:27:11.822333,2184030,31871529
vla2,0,826,2023-12-01T21:27:13.006793,2207164,31894663
vla2,0,827,2023-12-01T21:27:14.304457,2232509,31920008
vla2,0,828,2023-12-01T21:27:15.545955,2256757,31944256
vla2,0,829,2023-12-01T21:27:16.692016,2279141,31966640
vla2,0,830,2023-12-01T21:27:17.931517,2303350,31990849
vla2,0,831,2023-12-01T21:27:19.241110,2328928,32016427
vla2,0,832,2023-12-01T21:27:20.405142,2351663,32039162
vla2,0,833,2023-12-01T21:27:21.661641,2376204,32063703
vla2,0,834,2023-12-01T21:27:22.897712,2400346,32087845
vla2,0,835,2023-12-01T21:27:24.202646,2425833,32113332
vla2,0,836,2023-12-01T21:27:25.434621,2449895,32137394
vla2,0,837,2023-12-01T21:27:26.628707,2473217,32160716
vla2,0,838,2023-12-01T21:27:27.846089,2496994,32184493
vla2,0,839,2023-12-01T21:27:29.083184,2521156,32208655
vla2,0,840,2023-12-01T21:27:30.349616,2545891,32233390
vla2,0,841,2023-12-01T21:27:31.586249,2570044,32257543
vla2,0,842,2023-12-01T21:27:32.823344,2594206,32281705
vla2,0,843,2023-12-01T21:27:34.002377,2617234,32304733
vla2,0,844,2023-12-01T21:27:35.285142,2642288,32329787
vla2,0,845,2023-12-01T21:27:36.499401,2666004,32353503
vla2,0,846,2023-12-01T21:27:37.736189,2690160,32377659
vla2,0,847,2023-12-01T21:27:38.992022,2714688,32402187
vla2,0,848,2023-12-01T21:27:40.232342,2738913,32426412
vla2,0,849,2023-12-01T21:27:41.470870,2763103,32450602
vla2,0,850,2023-12-01T21:27:42.750665,2788099,32475598
vla2,0,851,2023-12-01T21:27:43.986736,2812241,32499740
vla2,0,852,2023-12-01T21:27:45.226953,2836464,32523963
vla2,0,853,2023-12-01T21:27:46.462153,2860589,32548088
vla2,0,854,2023-12-01T21:27:47.693309,2884635,32572134
vla2,0,855,2023-12-01T21:27:48.946429,2909110,32596609
vla2,0,856,2023-12-01T21:27:50.172976,2933066,32620565
vla2,0,857,2023-12-01T21:27:51.344125,2955940,32643439
vla2,0,858,2023-12-01T21:27:52.583881,2980154,32667653
vla2,0,859,2023-12-01T21:27:53.822051,3004337,32691836
vla2,0,860,2023-12-01T21:27:55.060016,3028516,32716015
vla2,0,861,2023-12-01T21:27:56.314621,3053020,32740519
vla2,0,862,2023-12-01T21:27:57.550947,3077167,32764666
vla2,0,863,2023-12-01T21:27:58.825110,3102053,32789552
vla2,0,864,2023-12-01T21:28:00.003734,3125073,32812572
vla2,0,865,2023-12-01T21:28:01.273904,3149881,32837380
vla2,0,866,2023-12-01T21:28:02.452528,3172901,32860400
vla2,0,867,2023-12-01T21:28:03.689622,3197063,32884562
vla2,0,868,2023-12-01T21:28:04.925693,3221205,32908704
vla2,0,869,2023-12-01T21:28:06.161046,3245333,32932832
vla2,0,870,2023-12-01T21:28:07.397680,3269486,32956985
vla2,0,871,2023-12-01T21:28:08.636105,3293674,32981173
vla2,0,872,2023-12-01T21:28:09.872688,3317826,33005325
vla2,0,873,2023-12-01T21:28:11.112086,3342033,33029532
vla2,0,874,2023-12-01T21:28:12.342832,3366071,33053570
vla2,0,875,2023-12-01T21:28:13.579005,3390215,33077714
vla2,0,876,2023-12-01T21:28:14.815177,3414359,33101858
vla2,0,877,2023-12-01T21:28:16.050429,3438485,33125984
vla2,0,878,2023-12-01T21:28:17.287113,3462639,33150138
vla2,0,879,2023-12-01T21:28:18.523235,3486782,33174281
vla2,0,880,2023-12-01T21:28:19.762736,3510991,33198490
vla2,0,881,2023-12-01T21:28:20.997117,3535100,33222599
vla2,0,882,2023-12-01T21:28:22.228323,3559147,33246646
vla2,0,883,2023-12-01T21:28:23.464137,3583284,33270783
vla2,0,884,2023-12-01T21:28:24.702512,3607471,33294970
vla2,0,885,2023-12-01T21:28:25.939197,3631625,33319124
vla2,0,886,2023-12-01T21:28:27.175472,3655771,33343270
vla2,0,887,2023-12-01T21:28:28.415945,3679999,33367498
vla2,0,888,2023-12-01T21:28:29.653552,3704171,33391670
vla2,0,889,2023-12-01T21:28:30.892336,3728366,33415865
vla2,0,890,2023-12-01T21:28:32.131837,3752575,33440074
vla2,0,891,2023-12-01T21:28:33.371593,3776789,33464288
vla2,0,892,2023-12-01T21:28:34.648829,3801735,33489234
vla2,0,893,2023-12-01T21:28:35.880496,3825791,33513290
vla2,0,894,2023-12-01T21:28:37.125629,3850110,33537609
vla2,0,895,2023-12-01T21:28:38.362979,3874277,33561776
vla2,0,896,2023-12-01T21:28:39.601712,3898471,33585970
vla2,0,897,2023-12-01T21:28:40.851811,3922887,33610386
vla2,0,898,2023-12-01T21:28:42.084912,3946971,33634470
vla2,0,899,2023-12-01T21:28:43.322057,3971134,33658633
vla2,0,900,2023-12-01T21:28:44.585469,3995810,33683309
vla2,0,901,2023-12-01T21:28:45.827632,4020071,33707570
vla2,0,902,2023-12-01T21:28:47.039587,4043742,33731241
vla2,0,903,2023-12-01T21:28:48.282262,4068013,33755512
vla2,0,904,2023-12-01T21:28:49.485462,4091513,33779012
vla2,0,905,2023-12-01T21:28:50.720816,4115641,33803140
vla2,0,906,2023-12-01T21:28:51.986889,4140369,33827868
vla2,0,907,2023-12-01T21:28:53.226032,4164571,33852070
vla2,0,908,2023-12-01T21:28:54.453040,4188536,33876035
vla2,0,909,2023-12-01T21:28:55.691926,4212733,33900232
vla2,0,910,2023-12-01T21:28:56.909872,4236521,33924020
vla2,0,911,2023-12-01T21:28:58.184035,4261407,33948906
vla2,0,912,2023-12-01T21:28:59.406537,4285284,33972783
vla2,0,913,2023-12-01T21:29:00.645885,4309490,33996989
vla2,0,914,2023-12-01T21:29:01.837616,4332766,34020265
vla2,0,915,2023-12-01T21:29:03.155197,4358500,34045999
vla2,0,916,2023-12-01T21:29:04.395312,4382721,34070220
vla2,0,917,2023-12-01T21:29:05.550384,4405281,34092780
vla2,0,918,2023-12-01T21:29:06.782461,4429345,34116844
vla2,0,919,2023-12-01T21:29:08.018173,4453480,34140979
vla2,0,920,2023-12-01T21:29:09.256803,4477672,34165171
vla2,0,921,2023-12-01T21:29:10.519753,4502339,34189838
vla2,0,922,2023-12-01T21:29:11.804054,4527423,34214922
vla2,0,923,2023-12-01T21:29:13.097673,4552689,34240188
vla2,0,924,2023-12-01T21:29:14.388835,4577907,34265406
vla2,0,925,2023-12-01T21:29:15.770006,4604883,34292382
vla2,0,926,2023-12-01T21:29:17.013859,4629177,34316676
vla2,0,927,2023-12-01T21:29:18.303280,4654361,34341860
vla2,0,928,2023-12-01T21:29:19.596797,4679625,34367124
vla2,0,929,2023-12-01T21:29:20.887907,4704842,34392341
vla2,0,930,2023-12-01T21:29:22.179069,4730060,34417559
vla2,0,931,2023-12-01T21:29:23.504329,4755944,34443443
vla2,0,932,2023-12-01T21:29:24.800355,4781257,34468756
vla2,0,933,2023-12-01T21:29:26.090390,4806453,34493952
vla2,0,934,2023-12-01T21:29:27.332605,4830715,34518214
vla2,0,935,2023-12-01T21:29:28.630525,4856065,34543564
vla2,0,936,2023-12-01T21:29:29.898646,4880833,34568332
vla2,0,937,2023-12-01T21:29:31.190883,4906072,34593571
vla2,0,938,2023-12-01T21:29:32.482710,4931303,34618802
vla2,0,939,2023-12-01T21:29:33.772285,4956490,34643989
vla2,0,940,2023-12-01T21:29:35.063958,4981718,34669217
vla2,0,941,2023-12-01T21:29:36.331773,5006480,34693979
vla2,0,942,2023-12-01T21:29:37.642185,5032074,34719573
vla2,0,943,2023-12-01T21:29:38.936521,5057354,34744853
vla2,0,944,2023-12-01T21:29:40.226198,5082543,34770042
vla2,0,945,2023-12-01T21:29:41.512905,5107674,34795173
vla2,0,946,2023-12-01T21:29:42.773040,5132286,34819785
vla2,0,947,2023-12-01T21:29:44.095331,5158112,34845611
vla2,0,948,2023-12-01T21:29:45.350294,5182623,34870122
vla2,0,949,2023-12-01T21:29:46.671459,5208427,34895926
vla2,0,950,2023-12-01T21:29:47.934051,5233087,34920586
vla2,0,951,2023-12-01T21:29:49.226493,5258330,34945829
vla2,0,952,2023-12-01T21:29:50.515094,5283498,34970997
vla2,0,953,2023-12-01T21:29:51.812502,5308838,34996337
vla2,0,954,2023-12-01T21:29:53.101462,5334013,35021512
vla2,0,955,2023-12-01T21:29:54.418992,5359746,35047245
vla2,0,956,2023-12-01T21:29:55.756541,5385870,35073369
vla2,0,957,2023-12-01T21:29:57.102128,5412151,35099650
vla2,0,958,2023-12-01T21:29:58.444233,5438364,35125863
vla2,0,959,2023-12-01T21:29:59.787312,5464596,35152095
vla2,0,960,2023-12-01T21:30:01.132899,5490877,35178376
vla2,0,961,2023-12-01T21:30:02.477001,5517129,35204628
vla2,0,962,2023-12-01T21:30:03.877321,5544479,35231978
vla2,0,963,2023-12-01T21:30:05.247433,5571239,35258738
vla2,0,964,2023-12-01T21:30:06.612579,5597902,35285401
vla2,0,965,2023-12-01T21:30:07.984790,5624703,35312202
vla2,0,966,2023-12-01T21:30:09.354134,5651448,35338947
vla2,0,967,2023-12-01T21:30:10.722761,5678179,35365678
vla2,0,968,2023-12-01T21:30:12.090262,5704888,35392387
vla2,0,969,2023-12-01T21:30:13.459299,5731627,35419126
vla2,0,970,2023-12-01T21:30:14.836067,5758517,35446016
vla2,0,971,2023-12-01T21:30:16.199523,5785147,35472646
vla2,0,972,2023-12-01T21:30:17.572553,5811964,35499463
vla2,0,973,2023-12-01T21:30:18.861206,5837133,35524632
vla2,0,974,2023-12-01T21:30:20.238435,5864032,35551531
vla2,0,975,2023-12-01T21:30:21.597590,5890578,35578077
vla2,0,976,2023-12-01T21:30:22.978557,5917550,35605049
vla2,0,977,2023-12-01T21:30:24.344317,5944225,35631724
vla2,0,978,2023-12-01T21:30:25.754313,5971764,35659263
vla2,0,979,2023-12-01T21:30:27.118025,5998399,35685898
vla2,0,980,2023-12-01T21:30:28.485219,6025102,35712601
vla2,0,981,2023-12-01T21:30:29.833264,6051431,35738930
vla2,0,982,2023-12-01T21:30:31.199382,6078113,35765612
vla2,0,983,2023-12-01T21:30:32.625353,6105964,35793463
vla2,0,984,2023-12-01T21:30:33.995209,6132719,35820218
vla2,0,985,2023-12-01T21:30:35.362454,6159423,35846922
vla2,0,986,2023-12-01T21:30:36.668310,6184928,35872427
vla2,0,987,2023-12-01T21:30:38.040265,6211724,35899223
vla2,0,988,2023-12-01T21:30:39.430550,6238878,35926377
vla2,0,989,2023-12-01T21:30:40.822883,6266072,35953571
vla2,0,990,2023-12-01T21:30:42.220182,6293363,35980862
vla2,0,991,2023-12-01T21:30:43.635555,6321007,36008506
vla2,0,992,2023-12-01T21:30:45.039613,6348430,36035929
vla2,0,993,2023-12-01T21:30:46.455497,6376084,36063583
vla2,0,994,2023-12-01T21:30:47.875632,6403821,36091320
vla2,0,995,2023-12-01T21:30:49.290493,6431455,36118954
vla2,0,996,2023-12-01T21:30:50.728291,6459537,36147036
vla2,0,997,2023-12-01T21:30:52.164656,6487591,36175090
vla2,0,998,2023-12-01T21:30:53.610288,6515826,36203325
vla2,0,999,2023-12-01T21:30:55.046294,6543873,36231372
vla2,0,1000,2023-12-01T21:30:56.484707,6571967,36259466
vla2,0,1001,2023-12-01T21:30:57.904125,6599690,36287189
vla2,0,1002,2023-12-01T21:30:59.342896,6627791,36315290
vla2,0,1003,2023-12-01T21:31:00.783305,6655924,36343423
vla2,0,1004,2023-12-01T21:31:02.228221,6684145,36371644
vla2,0,1005,2023-12-01T21:31:03.671753,6712339,36399838
vla2,0,1006,2023-12-01T21:31:05.106992,6740371,36427870
vla2,0,1007,2023-12-01T21:31:06.610941,6769745,36457244
vla2,0,1008,2023-12-01T21:31:07.988835,6796657,36484156
vla2,0,1009,2023-12-01T21:31:09.425814,6824723,36512222
vla2,0,1010,2023-12-01T21:31:10.864176,6852816,36540315
vla2,0,1011,2023-12-01T21:31:12.304278,6880943,36568442
vla2,0,1012,2023-12-01T21:31:13.741616,6909016,36596515
vla2,0,1013,2023-12-01T21:31:15.151459,6936552,36624051
vla2,0,1014,2023-12-01T21:31:16.588950,6964628,36652127
vla2,0,1015,2023-12-01T21:31:18.045437,6993075,36680574
vla2,0,1016,2023-12-01T21:31:19.486973,7021230,36708729
vla2,0,1017,2023-12-01T21:31:20.925641,7049329,36736828
vla2,0,1018,2023-12-01T21:31:22.407984,7078281,36765780
vla2,0,1019,2023-12-01T21:31:23.842557,7106300,36793799
vla2,0,1020,2023-12-01T21:31:25.281584,7134406,36821905
vla2,0,1021,2023-12-01T21:31:26.758857,7163259,36850758
vla2,0,1022,2023-12-01T21:31:28.165833,7190739,36878238
vla2,0,1023,2023-12-01T21:31:29.607318,7218893,36906392
vla2,0,1024,2023-12-01T21:31:31.049929,7247069,36934568
vla2,0,1025,2023-12-01T21:31:32.492489,7275244,36962743
vla2,0,1026,2023-12-01T21:32:05.652881,110408,37610407
vla2,0,1027,2023-12-01T21:32:07.169272,140025,37640024
vla2,0,1028,2023-12-01T21:32:08.526584,166535,37666534
vla2,0,1029,2023-12-01T21:32:09.959774,194527,37694526
vla2,0,1030,2023-12-01T21:32:11.399057,222638,37722637
vla2,0,1031,2023-12-01T21:32:12.843819,250856,37750855
vla2,0,1032,2023-12-01T21:32:14.288683,279076,37779075
vla2,0,1033,2023-12-01T21:32:15.733137,307288,37807287
vla2,0,1034,2023-12-01T21:32:17.181892,335584,37835583
vla2,0,1035,2023-12-01T21:32:18.628292,363834,37863833
vla2,0,1036,2023-12-01T21:32:20.091230,392407,37892406
vla2,0,1037,2023-12-01T21:32:21.570244,421294,37921293
vla2,0,1038,2023-12-01T21:32:22.993451,449091,37949090
vla2,0,1039,2023-12-01T21:32:24.458590,477707,37977706
vla2,0,1040,2023-12-01T21:32:25.882462,505517,38005516
vla2,0,1041,2023-12-01T21:32:27.331012,533809,38033808
vla2,0,1042,2023-12-01T21:32:28.788216,562270,38062269
vla2,0,1043,2023-12-01T21:32:30.226526,590362,38090361
vla2,0,1044,2023-12-01T21:32:31.693201,619008,38119007
vla2,0,1045,2023-12-01T21:32:33.145131,647366,38147365
vla2,0,1046,2023-12-01T21:32:34.598545,675753,38175752
vla2,0,1047,2023-12-01T21:32:36.011921,703358,38203357
vla2,0,1048,2023-12-01T21:32:37.445777,731363,38231362
vla2,0,1049,2023-12-01T21:32:38.926174,760277,38260276
vla2,0,1050,2023-12-01T21:32:40.373291,788541,38288540
vla2,0,1051,2023-12-01T21:32:41.815851,816716,38316715
vla2,0,1052,2023-12-01T21:32:43.263889,844998,38344997
vla2,0,1053,2023-12-01T21:32:44.654481,872158,38372157
vla2,0,1054,2023-12-01T21:32:46.131038,900997,38400996
vla2,0,1055,2023-12-01T21:32:47.625156,930179,38430178
vla2,0,1056,2023-12-01T21:32:49.177540,960499,38460498
vla2,0,1057,2023-12-01T21:32:50.676113,989768,38489767
vla2,0,1058,2023-12-01T21:32:52.109764,1017769,38517768
vla2,0,1059,2023-12-01T21:32:53.613201,1047133,38547132
vla2,0,1060,2023-12-01T21:32:55.109367,1076355,38576354
vla2,0,1061,2023-12-01T21:32:56.607684,1105619,38605618
vla2,0,1062,2023-12-01T21:32:58.188843,1136501,38636500
vla2,0,1063,2023-12-01T21:32:59.688337,1165788,38665787
vla2,0,1064,2023-12-01T21:33:01.191774,1195152,38695151
vla2,0,1065,2023-12-01T21:33:02.712414,1224852,38724851
vla2,0,1066,2023-12-01T21:33:04.201310,1253932,38753931
vla2,0,1067,2023-12-01T21:33:05.743966,1284062,38784061
vla2,0,1068,2023-12-01T21:33:07.341303,1315260,38815259
vla2,0,1069,2023-12-01T21:33:08.844331,1344616,38844615
vla2,0,1070,2023-12-01T21:33:10.376183,1374535,38874534
vla2,0,1071,2023-12-01T21:33:11.950071,1405275,38905274
vla2,0,1072,2023-12-01T21:33:13.521809,1435973,38935972
vla2,0,1073,2023-12-01T21:33:15.016849,1465173,38965172
vla2,0,1074,2023-12-01T21:33:16.613623,1496360,38996359
vla2,0,1075,2023-12-01T21:33:18.132830,1526032,39026031
vla2,0,1076,2023-12-01T21:33:19.655825,1555778,39055777
vla2,0,1077,2023-12-01T21:33:21.197969,1585898,39085897
vla2,0,1078,2023-12-01T21:33:22.740062,1616017,39116016
vla2,0,1079,2023-12-01T21:33:24.283947,1646171,39146170
vla2,0,1080,2023-12-01T21:33:25.830135,1676370,39176369
vla2,0,1081,2023-12-01T21:33:27.418923,1707401,39207400
vla2,0,1082,2023-12-01T21:33:28.913655,1736595,39236594
vla2,0,1083,2023-12-01T21:33:30.423953,1766093,39266092
vla2,0,1084,2023-12-01T21:33:31.962462,1796142,39296141
vla2,0,1085,2023-12-01T21:33:33.536401,1826883,39326882
vla2,0,1086,2023-12-01T21:33:35.077777,1856988,39356987
vla2,0,1087,2023-12-01T21:33:36.624427,1887196,39387195
vla2,0,1088,2023-12-01T21:33:38.170615,1917395,39417394
vla2,0,1089,2023-12-01T21:33:39.712452,1947509,39447508
vla2,0,1090,2023-12-01T21:33:41.260689,1977748,39477747
vla2,0,1091,2023-12-01T21:33:42.819115,2008186,39508185
vla2,0,1092,2023-12-01T21:33:44.338065,2037853,39537852
vla2,0,1093,2023-12-01T21:33:45.881950,2068007,39568006
vla2,0,1094,2023-12-01T21:33:47.455326,2098737,39598736
vla2,0,1095,2023-12-01T21:33:49.005150,2129007,39629006
vla2,0,1096,2023-12-01T21:33:50.561835,2159411,39659410
vla2,0,1097,2023-12-01T21:33:52.115396,2189754,39689753
vla2,0,1098,2023-12-01T21:33:53.663582,2219992,39719991
vla2,0,1099,2023-12-01T21:33:55.155959,2249140,39749139
vla2,0,1100,2023-12-01T21:33:56.718327,2279655,39779654
vla2,0,1101,2023-12-01T21:33:58.257963,2309726,39809725
vla2,0,1102,2023-12-01T21:33:59.796011,2339766,39839765
vla2,0,1103,2023-12-01T21:34:01.339332,2369909,39869908
vla2,0,1104,2023-12-01T21:34:02.875025,2399903,39899902
vla2,0,1105,2023-12-01T21:34:04.354807,2428805,39928804
vla2,0,1106,2023-12-01T21:34:05.892753,2458843,39958842
vla2,0,1107,2023-12-01T21:34:07.445342,2489167,39989166
vla2,0,1108,2023-12-01T21:34:08.989431,2519325,40019324
vla2,0,1109,2023-12-01T21:34:10.570948,2550214,40050213
vla2,0,1110,2023-12-01T21:34:12.101367,2580105,40080104
vla2,0,1111,2023-12-01T21:34:13.650526,2610362,40110361
vla2,0,1112,2023-12-01T21:34:15.192414,2640477,40140476
vla2,0,1113,2023-12-01T21:34:16.713873,2670193,40170192
vla2,0,1114,2023-12-01T21:34:18.256887,2700330,40200329
vla2,0,1115,2023-12-01T21:34:19.798212,2730434,40230433
vla2,0,1116,2023-12-01T21:34:21.334622,2760442,40260441
vla2,0,1117,2023-12-01T21:34:22.872670,2790482,40290481
vla2,0,1118,2023-12-01T21:34:24.435242,2821001,40321000
vla2,0,1119,2023-12-01T21:34:25.939550,2850382,40350381
vla2,0,1120,2023-12-01T21:34:27.501815,2880895,40380894
vla2,0,1121,2023-12-01T21:34:29.040682,2910951,40410950
vla2,0,1122,2023-12-01T21:34:30.584926,2941112,40441111
vla2,0,1123,2023-12-01T21:34:32.131217,2971313,40471312
vla2,0,1124,2023-12-01T21:34:33.665527,3001280,40501279
vla2,0,1125,2023-12-01T21:34:35.183556,3030929,40530928
vla2,0,1126,2023-12-01T21:34:36.744183,3061410,40561409
vla2,0,1127,2023-12-01T21:34:38.289758,3091597,40591596
vla2,0,1128,2023-12-01T21:34:39.775530,3120616,40620615
vla2,0,1129,2023-12-01T21:34:41.315268,3150689,40650688
vla2,0,1130,2023-12-01T21:34:42.858487,3180830,40680829
vla2,0,1131,2023-12-01T21:34:44.430890,3211541,40711540
vla2,0,1132,2023-12-01T21:34:45.968734,3241577,40741576
vla2,0,1133,2023-12-01T21:34:47.512926,3271737,40771736
vla2,0,1134,2023-12-01T21:34:49.043959,3301640,40801639
vla2,0,1135,2023-12-01T21:34:50.583134,3331702,40831701
vla2,0,1136,2023-12-01T21:34:52.118622,3361692,40861691
vla2,0,1137,2023-12-01T21:34:53.657028,3391739,40891738
vla2,0,1138,2023-12-01T21:34:55.194410,3421766,40921765
vla2,0,1139,2023-12-01T21:34:56.728721,3451733,40951732
vla2,0,1140,2023-12-01T21:34:58.289655,3482220,40982219
vla2,0,1141,2023-12-01T21:34:59.862775,3512945,41012944
vla2,0,1142,2023-12-01T21:35:01.408913,3543143,41043142
vla2,0,1143,2023-12-01T21:35:02.940663,3573060,41073059
vla2,0,1144,2023-12-01T21:35:04.480298,3603131,41103130
vla2,0,1145,2023-12-01T21:35:06.027767,3633355,41133354
vla2,0,1146,2023-12-01T21:35:07.568836,3663454,41163453
vla2,0,1147,2023-12-01T21:35:09.112823,3693610,41193609
vla2,0,1148,2023-12-01T21:35:10.642935,3723495,41223494
vla2,0,1149,2023-12-01T21:35:12.112580,3752199,41252198
vla2,0,1150,2023-12-01T21:35:13.652266,3782271,41282270
vla2,0,1151,2023-12-01T21:35:15.238596,3813254,41313253
vla2,0,1152,2023-12-01T21:35:16.780382,3843367,41343366
vla2,0,1153,2023-12-01T21:35:18.321092,3873459,41373458
vla2,0,1154,2023-12-01T21:35:19.806865,3902478,41402477
vla2,0,1155,2023-12-01T21:35:21.388433,3933368,41433367
vla2,0,1156,2023-12-01T21:35:22.929860,3963474,41463473
vla2,0,1157,2023-12-01T21:35:24.428894,3992752,41492751
vla2,0,1158,2023-12-01T21:35:26.043998,4024297,41524296
vla2,0,1159,2023-12-01T21:35:27.567044,4054044,41554043
vla2,0,1160,2023-12-01T21:35:29.051537,4083038,41583037
vla2,0,1161,2023-12-01T21:35:30.628855,4113845,41613844
vla2,0,1162,2023-12-01T21:35:32.133777,4143238,41643237
vla2,0,1163,2023-12-01T21:35:33.706999,4173965,41673964
vla2,0,1164,2023-12-01T21:35:35.259588,4204289,41704288
vla2,0,1165,2023-12-01T21:35:36.746846,4233337,41733336
vla2,0,1166,2023-12-01T21:35:38.360209,4264848,41764847
vla2,0,1167,2023-12-01T21:35:39.895645,4294837,41794836
vla2,0,1168,2023-12-01T21:35:41.399645,4324212,41824211
vla2,0,1169,2023-12-01T21:35:42.941431,4354325,41854324
vla2,0,1170,2023-12-01T21:35:44.481783,4384410,41884409
vla2,0,1171,2023-12-01T21:35:46.020701,4414467,41914466
vla2,0,1172,2023-12-01T21:35:47.558391,4444500,41944499
vla2,0,1173,2023-12-01T21:35:49.096849,4474548,41974547
vla2,0,1174,2023-12-01T21:35:50.631517,4504522,42004521
vla2,0,1175,2023-12-01T21:35:52.167005,4534512,42034511
vla2,0,1176,2023-12-01T21:35:53.705565,4564562,42064561
vla2,0,1177,2023-12-01T21:35:55.242385,4594578,42094577
vla2,0,1178,2023-12-01T21:35:56.784273,4624693,42124692
vla2,0,1179,2023-12-01T21:35:58.322065,4654728,42154727
vla2,0,1180,2023-12-01T21:35:59.892676,4685404,42185403
vla2,0,1181,2023-12-01T21:36:01.402769,4714898,42214897
vla2,0,1182,2023-12-01T21:36:02.944452,4745009,42245008
vla2,0,1183,2023-12-01T21:36:30.145726,198159,42776283
vla2,0,1184,2023-12-01T21:36:31.671282,227955,42806079
vla2,0,1185,2023-12-01T21:36:33.219877,258201,42836325
vla2,0,1186,2023-12-01T21:36:34.766936,288417,42866541
vla2,0,1187,2023-12-01T21:36:36.285170,318070,42896194
vla2,0,1188,2023-12-01T21:36:37.823934,348124,42926248
vla2,0,1189,2023-12-01T21:36:39.341042,377755,42955879
vla2,0,1190,2023-12-01T21:36:40.886104,407932,42986056
vla2,0,1191,2023-12-01T21:36:42.412683,437748,43015872
vla2,0,1192,2023-12-01T21:36:43.956824,467907,43046031
vla2,0,1193,2023-12-01T21:36:45.496306,497975,43076099
vla2,0,1194,2023-12-01T21:36:47.035941,528046,43106170
vla2,0,1195,2023-12-01T21:36:48.577982,558164,43136288
vla2,0,1196,2023-12-01T21:36:50.123762,588355,43166479
vla2,0,1197,2023-12-01T21:36:51.683826,618825,43196949
vla2,0,1198,2023-12-01T21:36:53.224280,648912,43227036
vla2,0,1199,2023-12-01T21:36:54.763608,678977,43257101
vla2,0,1200,2023-12-01T21:36:56.293054,708849,43286973
vla2,0,1201,2023-12-01T21:36:57.830846,738884,43317008
vla2,0,1202,2023-12-01T21:36:59.391422,769364,43347488
vla2,0,1203,2023-12-01T21:37:00.930392,799422,43377546
vla2,0,1204,2023-12-01T21:37:02.475301,829596,43407720
vla2,0,1205,2023-12-01T21:37:04.016984,859707,43437831
vla2,0,1206,2023-12-01T21:37:05.561944,889882,43468006
vla2,0,1207,2023-12-01T21:37:07.108389,920086,43498210
vla2,0,1208,2023-12-01T21:37:08.655294,950299,43528423
vla2,0,1209,2023-12-01T21:37:10.198821,980446,43558570
vla2,0,1210,2023-12-01T21:37:11.740504,1010557,43588681
vla2,0,1211,2023-12-01T21:37:13.279883,1040623,43618747
vla2,0,1212,2023-12-01T21:37:14.817522,1070655,43648779
vla2,0,1213,2023-12-01T21:37:16.377381,1101121,43679245
vla2,0,1214,2023-12-01T21:37:17.904574,1130949,43709073
vla2,0,1215,2023-12-01T21:37:19.448971,1161113,43739237
vla2,0,1216,2023-12-01T21:37:20.985432,1191122,43769246
vla2,0,1217,2023-12-01T21:37:22.531723,1221323,43799447
vla2,0,1218,2023-12-01T21:37:24.059787,1251168,43829292
vla2,0,1219,2023-12-01T21:37:25.613042,1281505,43859629
vla2,0,1220,2023-12-01T21:37:27.151294,1311549,43889673
vla2,0,1221,2023-12-01T21:37:28.698610,1341770,43919894
vla2,0,1222,2023-12-01T21:37:30.245515,1371983,43950107
vla2,0,1223,2023-12-01T21:37:31.766923,1401698,43979822
vla2,0,1224,2023-12-01T21:37:33.326987,1432168,44010292
vla2,0,1225,2023-12-01T21:37:34.858226,1462075,44040199
vla2,0,1226,2023-12-01T21:37:36.402110,1492229,44070353
vla2,0,1227,2023-12-01T21:37:37.950654,1522474,44100598
vla2,0,1228,2023-12-01T21:37:39.494078,1552619,44130743
vla2,0,1229,2023-12-01T21:37:41.044670,1582904,44161028
vla2,0,1230,2023-12-01T21:37:42.589426,1613075,44191199
vla2,0,1231,2023-12-01T21:37:44.151282,1643580,44221704
vla2,0,1232,2023-12-01T21:37:45.679192,1673422,44251546
vla2,0,1233,2023-12-01T21:37:47.222206,1703559,44281683
vla2,0,1234,2023-12-01T21:37:48.770597,1733801,44311925
vla2,0,1235,2023-12-01T21:37:50.316837,1764001,44342125
vla2,0,1236,2023-12-01T21:37:51.879922,1794530,44372654
vla2,0,1237,2023-12-01T21:37:53.422987,1824668,44402792
vla2,0,1238,2023-12-01T21:37:55.005528,1855577,44433701
vla2,0,1239,2023-12-01T21:37:56.552946,1885800,44463924
vla2,0,1240,2023-12-01T21:37:58.108862,1916189,44494313
vla2,0,1241,2023-12-01T21:37:59.647627,1946243,44524367
vla2,0,1242,2023-12-01T21:38:01.157208,1975727,44553851
vla2,0,1243,2023-12-01T21:38:02.684094,2005549,44583673
vla2,0,1244,2023-12-01T21:38:04.235659,2035853,44613977
vla2,0,1245,2023-12-01T21:38:05.788094,2066174,44644298
vla2,0,1246,2023-12-01T21:38:07.331774,2096324,44674448
vla2,0,1247,2023-12-01T21:38:08.872434,2126415,44704539
vla2,0,1248,2023-12-01T21:38:10.423179,2156703,44734827
vla2,0,1249,2023-12-01T21:38:11.971211,2186938,44765062
vla2,0,1250,2023-12-01T21:38:13.488421,2216571,44794695
vla2,0,1251,2023-12-01T21:38:15.033022,2246739,44824863
vla2,0,1252,2023-12-01T21:38:16.580082,2276955,44855079
vla2,0,1253,2023-12-01T21:38:18.120178,2307035,44885159
vla2,0,1254,2023-12-01T21:38:19.661042,2337130,44915254
vla2,0,1255,2023-12-01T21:38:21.213989,2367461,44945585
vla2,0,1256,2023-12-01T21:38:22.760485,2397666,44975790
vla2,0,1257,2023-12-01T21:38:24.330584,2428332,45006456
vla2,0,1258,2023-12-01T21:38:25.857624,2458157,45036281
vla2,0,1259,2023-12-01T21:38:27.379134,2487874,45065998
vla2,0,1260,2023-12-01T21:38:28.982974,2519199,45097323
vla2,0,1261,2023-12-01T21:38:30.468901,2548221,45126345
vla2,0,1262,2023-12-01T21:38:32.009560,2578312,45156436
vla2,0,1263,2023-12-01T21:38:33.569522,2608780,45186904
vla2,0,1264,2023-12-01T21:38:35.114942,2638964,45217088
vla2,0,1265,2023-12-01T21:38:36.675928,2669452,45247576
vla2,0,1266,2023-12-01T21:38:38.210290,2699420,45277544
vla2,0,1267,2023-12-01T21:38:39.791653,2730306,45308430
vla2,0,1268,2023-12-01T21:38:41.336613,2760481,45338605
vla2,0,1269,2023-12-01T21:38:42.907838,2791169,45369293
vla2,0,1270,2023-12-01T21:38:44.366578,2819660,45397784
vla2,0,1271,2023-12-01T21:38:45.933451,2850263,45428387
vla2,0,1272,2023-12-01T21:38:47.489214,2880649,45458773
vla2,0,1273,2023-12-01T21:38:49.062130,2911370,45489494
vla2,0,1274,2023-12-01T21:38:50.523326,2939909,45518033
vla2,0,1275,2023-12-01T21:38:52.059275,2969908,45548032
vla2,0,1276,2023-12-01T21:38:53.692197,3001801,45579925
vla2,0,1277,2023-12-01T21:38:55.140133,3030081,45608205
vla2,0,1278,2023-12-01T21:38:56.687704,3060307,45638431
vla2,0,1279,2023-12-01T21:38:58.221861,3090271,45668395
vla2,0,1280,2023-12-01T21:38:59.766667,3120443,45698567
vla2,0,1281,2023-12-01T21:39:01.307326,3150534,45728658
vla2,0,1282,2023-12-01T21:39:02.849010,3180645,45758769
vla2,0,1283,2023-12-01T21:39:04.394891,3210838,45788962
vla2,0,1284,2023-12-01T21:39:05.947634,3241165,45819289
vla2,0,1285,2023-12-01T21:39:07.473240,3270962,45849086
vla2,0,1286,2023-12-01T21:39:09.005963,3300898,45879022
vla2,0,1287,2023-12-01T21:39:10.591576,3331867,45909991
vla2,0,1288,2023-12-01T21:39:12.140581,3362121,45940245
vla2,0,1289,2023-12-01T21:39:13.675864,3392107,45970231
vla2,0,1290,2023-12-01T21:39:15.181810,3421520,45999644
vla2,0,1291,2023-12-01T21:39:16.712024,3451407,46029531
vla2,0,1292,2023-12-01T21:39:18.246744,3481382,46059506
vla2,0,1293,2023-12-01T21:39:19.785918,3511444,46089568
vla2,0,1294,2023-12-01T21:39:21.326936,3541542,46119666
vla2,0,1295,2023-12-01T21:39:22.870053,3571681,46149805
vla2,0,1296,2023-12-01T21:39:24.407282,3601705,46179829
vla2,0,1297,2023-12-01T21:39:25.947070,3631779,46209903
vla2,0,1298,2023-12-01T21:39:27.494488,3662002,46240126
vla2,0,1299,2023-12-01T21:39:29.051173,3692406,46270530
vla2,0,1300,2023-12-01T21:39:30.562546,3721925,46300049
vla2,0,1301,2023-12-01T21:39:32.102386,3752000,46330124
vla2,0,1302,2023-12-01T21:39:33.680830,3782829,46360953
vla2,0,1303,2023-12-01T21:39:35.201573,3812531,46390655
vla2,0,1304,2023-12-01T21:39:36.748274,3842740,46420864
vla2,0,1305,2023-12-01T21:39:38.291186,3872875,46450999
vla2,0,1306,2023-12-01T21:39:39.896050,3904220,46482344
vla2,0,1307,2023-12-01T21:39:41.397285,3933541,46511665
vla2,0,1308,2023-12-01T21:39:42.909477,3963076,46541200
vla2,0,1309,2023-12-01T21:39:44.447269,3993111,46571235
vla2,0,1310,2023-12-01T21:39:45.991000,4023262,46601386
vla2,0,1311,2023-12-01T21:39:47.532581,4053371,46631495
vla2,0,1312,2023-12-01T21:39:49.082712,4083647,46661771
vla2,0,1313,2023-12-01T21:39:50.626699,4113803,46691927
vla2,0,1314,2023-12-01T21:39:52.133515,4143233,46721357
vla2,0,1315,2023-12-01T21:39:53.671000,4173262,46751386
vla2,0,1316,2023-12-01T21:39:55.233112,4203772,46781896
vla2,0,1317,2023-12-01T21:39:56.765221,4233696,46811820
vla2,0,1318,2023-12-01T21:39:58.303166,4263734,46841858
vla2,0,1319,2023-12-01T21:39:59.848997,4293926,46872050
vla2,0,1320,2023-12-01T21:40:01.379467,4323818,46901942
vla2,0,1321,2023-12-01T21:40:02.972453,4354931,46933055
vla2,0,1322,2023-12-01T21:40:04.450853,4383806,46961930
vla2,0,1323,2023-12-01T21:40:05.996786,4414000,46992124
vla2,0,1324,2023-12-01T21:40:07.554136,4444417,47022541
vla2,0,1325,2023-12-01T21:40:09.089829,4474411,47052535
vla2,0,1326,2023-12-01T21:40:10.659672,4505072,47083196
vla2,0,1327,2023-12-01T21:40:12.155992,4534297,47112421
vla2,0,1328,2023-12-01T21:40:13.696037,4564376,47142500
vla2,0,1329,2023-12-01T21:40:15.239614,4594524,47172648
vla2,0,1330,2023-12-01T21:40:16.773157,4624476,47202600
vla2,0,1331,2023-12-01T21:40:18.309669,4654486,47232610
vla2,0,1332,2023-12-01T21:40:19.862206,4684809,47262933
vla2,0,1333,2023-12-01T21:40:21.396056,4714767,47292891
vla2,0,1334,2023-12-01T21:40:22.941477,4744951,47323075
vla2,0,1335,2023-12-01T21:40:24.480037,4775001,47353125
vla2,0,1336,2023-12-01T21:40:26.019211,4805063,47383187
vla2,0,1337,2023-12-01T21:40:27.558283,4835123,47413247
vla2,0,1338,2023-12-01T21:40:29.093566,4865109,47443233
vla2,0,1339,2023-12-01T21:40:30.629054,4895099,47473223
vla2,0,1340,2023-12-01T21:40:32.187736,4925542,47503666
vla2,0,1341,2023-12-01T21:40:33.716056,4955392,47533516
vla2,0,1342,2023-12-01T21:40:35.247550,4985304,47563428
vla2,0,1343,2023-12-01T21:40:36.846322,5016530,47594654
vla2,0,1344,2023-12-01T21:40:38.430040,5047462,47625586
vla2,0,1345,2023-12-01T21:40:40.052824,5079157,47657281
vla2,0,1346,2023-12-01T21:40:41.645656,5110267,47688391
vla2,0,1347,2023-12-01T21:40:43.199013,5140606,47718730
vla2,0,1348,2023-12-01T21:40:44.783294,5171549,47749673
vla2,0,1349,2023-12-01T21:40:46.391691,5202963,47781087
vla2,0,1350,2023-12-01T21:40:47.981349,5234011,47812135
vla2,0,1351,2023-12-01T21:40:49.545560,5264562,47842686
vla2,0,1352,2023-12-01T21:40:51.143973,5295781,47873905
vla2,0,1353,2023-12-01T21:40:52.758104,5327307,47905431
vla2,0,1354,2023-12-01T21:40:54.335781,5358121,47936245
vla2,0,1355,2023-12-01T21:40:55.935576,5389367,47967491
vla2,0,1356,2023-12-01T21:40:57.538085,5420666,47998790
vla2,0,1357,2023-12-01T21:40:59.095384,5451082,48029206
vla2,0,1358,2023-12-01T21:41:00.697330,5482370,48060494
vla2,0,1359,2023-12-01T21:41:02.283864,5513357,48091481
vla2,0,1360,2023-12-01T21:41:03.869374,5544324,48122448
vla2,0,1361,2023-12-01T21:41:05.458878,5575369,48153493
vla2,0,1362,2023-12-01T21:41:07.088933,5607206,48185330
vla2,0,1363,2023-12-01T21:41:08.635736,5637417,48215541
vla2,0,1364,2023-12-01T21:41:10.299992,5669922,48248046
vla2,0,1365,2023-12-01T21:41:11.779774,5698824,48276948
vla2,0,1366,2023-12-01T21:41:13.400050,5730470,48308594
vla2,0,1367,2023-12-01T21:41:14.999589,5761711,48339835
vla2,0,1368,2023-12-01T21:41:16.584690,5792670,48370794
vla2,0,1369,2023-12-01T21:41:53.405932,261835,49089959
vla2,0,1370,2023-12-01T21:41:54.980280,292584,49120708
vla2,0,1371,2023-12-01T21:41:56.572908,323690,49151814
vla2,0,1372,2023-12-01T21:41:58.169580,354875,49182999
vla2,0,1373,2023-12-01T21:41:59.750482,385752,49213876
vla2,0,1374,2023-12-01T21:42:01.334610,416692,49244816
vla2,0,1375,2023-12-01T21:42:02.915256,447564,49275688
vla2,0,1376,2023-12-01T21:42:04.483717,478198,49306322
vla2,0,1377,2023-12-01T21:42:06.077932,509335,49337459
vla2,0,1378,2023-12-01T21:42:07.660780,540250,49368374
vla2,0,1379,2023-12-01T21:42:09.264773,571578,49399702
vla2,0,1380,2023-12-01T21:42:10.820946,601972,49430096
vla2,0,1381,2023-12-01T21:42:12.425196,633305,49461429
vla2,0,1382,2023-12-01T21:42:14.017464,664404,49492528
vla2,0,1383,2023-12-01T21:42:15.602360,695359,49523483
vla2,0,1384,2023-12-01T21:42:17.191711,726401,49554525
vla2,0,1385,2023-12-01T21:42:18.757663,756986,49585110
vla2,0,1386,2023-12-01T21:42:20.336619,787825,49615949
vla2,0,1387,2023-12-01T21:42:21.935083,819045,49647169
vla2,0,1388,2023-12-01T21:42:23.531397,850223,49678347
vla2,0,1389,2023-12-01T21:42:25.100831,880876,49709000
vla2,0,1390,2023-12-01T21:42:26.685983,911836,49739960
vla2,0,1391,2023-12-01T21:42:28.286546,943097,49771221
vla2,0,1392,2023-12-01T21:42:29.893048,974474,49802598
vla2,0,1393,2023-12-01T21:42:31.485727,1005581,49833705
vla2,0,1394,2023-12-01T21:42:33.075077,1036623,49864747
vla2,0,1395,2023-12-01T21:42:34.665810,1067692,49895816
vla2,0,1396,2023-12-01T21:42:36.259410,1098817,49926941
vla2,0,1397,2023-12-01T21:42:37.855211,1129985,49958109
vla2,0,1398,2023-12-01T21:42:39.430994,1160762,49988886
vla2,0,1399,2023-12-01T21:42:41.030226,1191997,50020121
vla2,0,1400,2023-12-01T21:42:42.560287,1221881,50050005
vla2,0,1401,2023-12-01T21:42:44.155474,1253037,50081161
vla2,0,1402,2023-12-01T21:42:45.742520,1284034,50112158
vla2,0,1403,2023-12-01T21:42:47.329874,1315037,50143161
vla2,0,1404,2023-12-01T21:42:48.921221,1346118,50174242
vla2,0,1405,2023-12-01T21:42:50.512107,1377190,50205314
vla2,0,1406,2023-12-01T21:42:52.106117,1408323,50236447
vla2,0,1407,2023-12-01T21:42:53.693112,1439319,50267443
vla2,0,1408,2023-12-01T21:42:55.280773,1470328,50298452
vla2,0,1409,2023-12-01T21:42:56.871147,1501390,50329514
vla2,0,1410,2023-12-01T21:42:58.455122,1532327,50360451
vla2,0,1411,2023-12-01T21:43:00.034079,1563166,50391290
vla2,0,1412,2023-12-01T21:43:01.629112,1594319,50422443
vla2,0,1413,2023-12-01T21:43:03.214930,1625292,50453416
vla2,0,1414,2023-12-01T21:43:04.803051,1656310,50484434
vla2,0,1415,2023-12-01T21:43:06.389074,1687287,50515411
vla2,0,1416,2023-12-01T21:43:07.980267,1718365,50546489
vla2,0,1417,2023-12-01T21:43:09.568850,1749392,50577516
vla2,0,1418,2023-12-01T21:43:11.187179,1781000,50609124
vla2,0,1419,2023-12-01T21:43:12.782008,1812149,50640273
vla2,0,1420,2023-12-01T21:43:14.355589,1842883,50671007
vla2,0,1421,2023-12-01T21:43:15.951134,1874046,50702170
vla2,0,1422,2023-12-01T21:43:17.528965,1904863,50732987
vla2,0,1423,2023-12-01T21:43:19.093790,1935426,50763550
vla2,0,1424,2023-12-01T21:43:20.681912,1966444,50794568
vla2,0,1425,2023-12-01T21:43:22.273208,1997524,50825648
vla2,0,1426,2023-12-01T21:43:23.860050,2028517,50856641
vla2,0,1427,2023-12-01T21:43:25.453086,2059631,50887755
vla2,0,1428,2023-12-01T21:43:27.051806,2090856,50918980
vla2,0,1429,2023-12-01T21:43:28.616939,2121425,50949549
vla2,0,1430,2023-12-01T21:43:30.254110,2153401,50981525
vla2,0,1431,2023-12-01T21:43:31.810795,2183805,51011929
vla2,0,1432,2023-12-01T21:43:33.396869,2214783,51042907
vla2,0,1433,2023-12-01T21:43:34.980485,2245713,51073837
vla2,0,1434,2023-12-01T21:43:36.568402,2276727,51104851
vla2,0,1435,2023-12-01T21:43:38.134866,2307322,51135446
vla2,0,1436,2023-12-01T21:43:39.730309,2338483,51166607
vla2,0,1437,2023-12-01T21:43:41.308856,2369314,51197438
vla2,0,1438,2023-12-01T21:43:42.892830,2400251,51228375
vla2,0,1439,2023-12-01T21:43:44.477931,2431210,51259334
vla2,0,1440,2023-12-01T21:43:46.066411,2462235,51290359
vla2,0,1441,2023-12-01T21:43:47.671480,2493584,51321708
vla2,0,1442,2023-12-01T21:43:49.254482,2524502,51352626
vla2,0,1443,2023-12-01T21:43:50.839070,2555451,51383575
vla2,0,1444,2023-12-01T21:43:52.410808,2586149,51414273
vla2,0,1445,2023-12-01T21:43:54.001029,2617208,51445332
vla2,0,1446,2023-12-01T21:43:55.583774,2648121,51476245
vla2,0,1447,2023-12-01T21:43:57.173688,2679174,51507298
vla2,0,1448,2023-12-01T21:43:58.756587,2710090,51538214
vla2,0,1449,2023-12-01T21:44:00.337234,2740962,51569086
vla2,0,1450,2023-12-01T21:44:01.937336,2772214,51600338
vla2,0,1451,2023-12-01T21:44:03.522795,2803180,51631304
vla2,0,1452,2023-12-01T21:44:05.106360,2834109,51662233
vla2,0,1453,2023-12-01T21:44:06.686648,2864974,51693098
vla2,0,1454,2023-12-01T21:44:08.272209,2895942,51724066
vla2,0,1455,2023-12-01T21:44:09.862430,2927001,51755125
vla2,0,1456,2023-12-01T21:44:11.452702,2958061,51786185
vla2,0,1457,2023-12-01T21:44:13.050142,2989261,51817385
vla2,0,1458,2023-12-01T21:44:14.634168,3020199,51848323
vla2,0,1459,2023-12-01T21:44:16.221521,3051202,51879326
vla2,0,1460,2023-12-01T21:44:17.777285,3081588,51909712
vla2,0,1461,2023-12-01T21:44:19.390853,3113103,51941227
vla2,0,1462,2023-12-01T21:44:20.954552,3143644,51971768
vla2,0,1463,2023-12-01T21:44:22.539345,3174597,52002721
vla2,0,1464,2023-12-01T21:44:24.130539,3205675,52033799
vla2,0,1465,2023-12-01T21:44:25.719429,3236708,52064832
vla2,0,1466,2023-12-01T21:44:27.305553,3267687,52095811
vla2,0,1467,2023-12-01T21:44:28.895825,3298747,52126871
vla2,0,1468,2023-12-01T21:44:30.481029,3329708,52157832
vla2,0,1469,2023-12-01T21:44:32.054558,3360441,52188565
vla2,0,1470,2023-12-01T21:44:33.657169,3391742,52219866
vla2,0,1471,2023-12-01T21:44:35.224299,3422350,52250474
vla2,0,1472,2023-12-01T21:44:36.800184,3453129,52281253
vla2,0,1473,2023-12-01T21:44:38.394859,3484275,52312399
vla2,0,1474,2023-12-01T21:44:39.986821,3515368,52343492
vla2,0,1475,2023-12-01T21:44:41.570897,3546307,52374431
vla2,0,1476,2023-12-01T21:44:43.165009,3577442,52405566
vla2,0,1477,2023-12-01T21:44:44.751953,3608437,52436561
vla2,0,1478,2023-12-01T21:44:46.334699,3639350,52467474
vla2,0,1479,2023-12-01T21:44:47.927173,3670453,52498577
vla2,0,1480,2023-12-01T21:44:49.485854,3700896,52529020
vla2,0,1481,2023-12-01T21:44:51.066552,3731769,52559893
vla2,0,1482,2023-12-01T21:44:52.647505,3762647,52590771
vla2,0,1483,2023-12-01T21:44:54.234808,3793649,52621773
vla2,0,1484,2023-12-01T21:44:55.819806,3824606,52652730
vla2,0,1485,2023-12-01T21:44:57.362462,3854736,52682860
vla2,0,1486,2023-12-01T21:44:58.944184,3885629,52713753
vla2,0,1487,2023-12-01T21:45:00.561950,3917226,52745350
vla2,0,1488,2023-12-01T21:45:02.108753,3947437,52775561
vla2,0,1489,2023-12-01T21:45:03.810641,3980677,52808801
vla2,0,1490,2023-12-01T21:45:05.128427,4006415,52834539
vla2,0,1491,2023-12-01T21:45:42.376754,241733,53562045
vla2,0,1492,2023-12-01T21:45:43.973989,272929,53593241
vla2,0,1493,2023-12-01T21:45:45.545010,303613,53623925
vla2,0,1494,2023-12-01T21:45:47.123097,334435,53654747
vla2,0,1495,2023-12-01T21:45:48.674610,364738,53685050
vla2,0,1496,2023-12-01T21:45:50.286181,396214,53716526
vla2,0,1497,2023-12-01T21:45:51.867391,427097,53747409
vla2,0,1498,2023-12-01T21:45:53.449317,457994,53778306
vla2,0,1499,2023-12-01T21:45:54.997861,488239,53808551
vla2,0,1500,2023-12-01T21:45:56.594533,519424,53839736
vla2,0,1501,2023-12-01T21:45:58.177330,550338,53870650
vla2,0,1502,2023-12-01T21:45:59.757055,581192,53901504
vla2,0,1503,2023-12-01T21:46:01.317170,611663,53931975
vla2,0,1504,2023-12-01T21:46:02.899865,642575,53962887
vla2,0,1505,2023-12-01T21:46:04.475749,673354,53993666
vla2,0,1506,2023-12-01T21:46:06.051941,704139,54024451
vla2,0,1507,2023-12-01T21:46:07.632485,735009,54055321
vla2,0,1508,2023-12-01T21:46:09.217893,765974,54086286
vla2,0,1509,2023-12-01T21:46:10.807141,797014,54117326
vla2,0,1510,2023-12-01T21:46:12.391167,827952,54148264
vla2,0,1511,2023-12-01T21:46:13.970892,858806,54179118
vla2,0,1512,2023-12-01T21:46:15.562853,889899,54210211
vla2,0,1513,2023-12-01T21:46:17.379481,925380,54245692
vla2,0,1514,2023-12-01T21:46:18.721484,951591,54271903
vla2,0,1515,2023-12-01T21:46:20.289535,982217,54302529
vla2,0,1516,2023-12-01T21:46:21.870540,1013096,54333408
vla2,0,1517,2023-12-01T21:46:23.450879,1043962,54364274
vla2,0,1518,2023-12-01T21:46:25.039564,1074991,54395303
vla2,0,1519,2023-12-01T21:46:26.618879,1105837,54426149
vla2,0,1520,2023-12-01T21:46:28.183193,1136390,54456702
vla2,0,1521,2023-12-01T21:46:29.764095,1167267,54487579
vla2,0,1522,2023-12-01T21:46:31.357234,1198383,54518695
vla2,0,1523,2023-12-01T21:46:32.935269,1229204,54549516
vla2,0,1524,2023-12-01T21:46:34.508031,1259922,54580234
vla2,0,1525,2023-12-01T21:46:36.086578,1290753,54611065
vla2,0,1526,2023-12-01T21:46:37.663231,1321547,54641859
vla2,0,1527,2023-12-01T21:46:39.243212,1352406,54672718
vla2,0,1528,2023-12-01T21:46:40.802047,1382852,54703164
vla2,0,1529,2023-12-01T21:46:42.378341,1413639,54733951
vla2,0,1530,2023-12-01T21:46:43.956172,1444456,54764768
vla2,0,1531,2023-12-01T21:46:45.536050,1475313,54795625
vla2,0,1532,2023-12-01T21:46:47.117311,1506197,54826509
vla2,0,1533,2023-12-01T21:46:48.720997,1537519,54857831
vla2,0,1534,2023-12-01T21:46:50.299288,1568345,54888657
vla2,0,1535,2023-12-01T21:46:51.856690,1598763,54919075
vla2,0,1536,2023-12-01T21:46:53.439538,1629678,54949990
vla2,0,1537,2023-12-01T21:46:55.026840,1660680,54980992
vla2,0,1538,2023-12-01T21:46:56.605746,1691518,55011830
vla2,0,1539,2023-12-01T21:46:58.178252,1722231,55042543
vla2,0,1540,2023-12-01T21:46:59.764120,1753205,55073517
vla2,0,1541,2023-12-01T21:47:01.342565,1784034,55104346
vla2,0,1542,2023-12-01T21:47:02.901605,1814484,55134796
vla2,0,1543,2023-12-01T21:47:04.344063,1842657,55162969
vla2,0,1544,2023-12-01T21:51:28.261173,161351,60317601
vla2,0,1545,2023-12-01T21:51:29.842229,192231,60348481
vla2,0,1546,2023-12-01T21:51:31.437109,223381,60379631
vla2,0,1547,2023-12-01T21:51:32.995125,253811,60410061
vla2,0,1548,2023-12-01T21:51:34.568501,284541,60440791
vla2,0,1549,2023-12-01T21:51:36.183246,316079,60472329
vla2,0,1550,2023-12-01T21:51:37.726363,346218,60502468
vla2,0,1551,2023-12-01T21:51:39.318427,377313,60533563
vla2,0,1552,2023-12-01T21:51:40.899534,408194,60564444
vla2,0,1553,2023-12-01T21:51:42.480437,439071,60595321
vla2,0,1554,2023-12-01T21:51:44.059342,469909,60626159
vla2,0,1555,2023-12-01T21:51:45.643010,500840,60657090
vla2,0,1556,2023-12-01T21:51:47.224373,531726,60687976
vla2,0,1557,2023-12-01T21:51:48.809064,562677,60718927
vla2,0,1558,2023-12-01T21:51:50.395240,593657,60749907
vla2,0,1559,2023-12-01T21:51:51.958939,624198,60780448
vla2,0,1560,2023-12-01T21:51:53.519464,654677,60810927
vla2,0,1561,2023-12-01T21:51:55.055976,684687,60840937
vla2,0,1562,2023-12-01T21:51:56.587368,714597,60870847
vla2,0,1563,2023-12-01T21:51:58.118299,744498,60900748
vla2,0,1564,2023-12-01T21:51:59.648616,774387,60930637
vla2,0,1565,2023-12-01T21:52:01.197365,804636,60960886
vla2,0,1566,2023-12-01T21:52:02.727630,834524,60990774
vla2,0,1567,2023-12-01T21:52:04.230453,863876,61020126
vla2,0,1568,2023-12-01T21:52:05.764558,893839,61050089
vla2,0,1569,2023-12-01T21:52:07.276136,923362,61079612
vla2,0,1570,2023-12-01T21:52:08.789813,952926,61109176
vla2,0,1571,2023-12-01T21:52:10.301800,982457,61138707
vla2,0,1572,2023-12-01T21:52:11.812354,1011960,61168210
vla2,0,1573,2023-12-01T21:52:13.257013,1040176,61196426
vla2,0,1574,2023-12-01T21:52:14.698754,1068335,61224585
vla2,0,1575,2023-12-01T21:52:16.132098,1096330,61252580
vla2,0,1576,2023-12-01T21:52:17.566875,1124353,61280603
vla2,0,1577,2023-12-01T21:52:18.965403,1151668,61307918
vla2,0,1578,2023-12-01T21:52:20.405454,1179794,61336044
vla2,0,1579,2023-12-01T21:52:21.834600,1207707,61363957
vla2,0,1580,2023-12-01T21:52:23.274702,1235834,61392084
vla2,0,1581,2023-12-01T21:52:24.707944,1263827,61420077
vla2,0,1582,2023-12-01T21:52:26.144411,1291883,61448133
vla2,0,1583,2023-12-01T21:52:27.576117,1319846,61476096
vla2,0,1584,2023-12-01T21:52:29.012994,1347910,61504160
vla2,0,1585,2023-12-01T21:52:30.422120,1375432,61531682
vla2,0,1586,2023-12-01T21:52:31.855157,1403421,61559671
vla2,0,1587,2023-12-01T21:52:33.304526,1431729,61587979
vla2,0,1588,2023-12-01T21:52:34.730446,1459579,61615829
vla2,0,1589,2023-12-01T21:52:36.167938,1487655,61643905
vla2,0,1590,2023-12-01T21:52:37.551925,1514686,61670936
vla2,0,1591,2023-12-01T21:52:38.941544,1541827,61698077
vla2,0,1592,2023-12-01T21:52:40.318824,1568727,61724977
vla2,0,1593,2023-12-01T21:52:41.704398,1595789,61752039
vla2,0,1594,2023-12-01T21:52:43.101442,1623075,61779325
vla2,0,1595,2023-12-01T21:52:44.490805,1650211,61806461
vla2,0,1596,2023-12-01T21:52:45.866395,1677078,61833328
vla2,0,1597,2023-12-01T21:52:47.250485,1704111,61860361
vla2,0,1598,2023-12-01T21:52:48.652699,1731498,61887748
vla2,0,1599,2023-12-01T21:52:50.041755,1758628,61914878
vla2,0,1600,2023-12-01T21:52:51.434293,1785826,61942076
vla2,0,1601,2023-12-01T21:52:52.805941,1812616,61968866
vla2,0,1602,2023-12-01T21:52:54.210613,1840051,61996301
vla2,0,1603,2023-12-01T21:52:55.595522,1867100,62023350
vla2,0,1604,2023-12-01T21:52:56.977666,1894095,62050345
vla2,0,1605,2023-12-01T21:52:58.365288,1921197,62077447
vla2,0,1606,2023-12-01T21:52:59.722395,1947703,62103953
vla2,0,1607,2023-12-01T21:53:01.105666,1974720,62130970
vla2,0,1608,2023-12-01T21:53:02.490882,2001775,62158025
vla2,0,1609,2023-12-01T21:53:03.878197,2028871,62185121
vla2,0,1610,2023-12-01T21:53:05.289474,2056435,62212685
vla2,0,1611,2023-12-01T21:53:06.652725,2083061,62239311
vla2,0,1612,2023-12-01T21:53:08.060264,2110552,62266802
vla2,0,1613,2023-12-01T21:53:09.425768,2137222,62293472
vla2,0,1614,2023-12-01T21:53:10.785333,2163776,62320026
vla2,0,1615,2023-12-01T21:53:12.166555,2190753,62347003
vla2,0,1616,2023-12-01T21:53:13.556942,2217909,62374159
vla2,0,1617,2023-12-01T21:53:14.944514,2245010,62401260
vla2,0,1618,2023-12-01T21:53:16.327221,2272016,62428266
vla2,0,1619,2023-12-01T21:53:17.714587,2299113,62455363
vla2,0,1620,2023-12-01T21:53:19.106101,2326291,62482541
vla2,0,1621,2023-12-01T21:53:20.480462,2353134,62509384
vla2,0,1622,2023-12-01T21:53:21.860046,2380079,62536329
vla2,0,1623,2023-12-01T21:53:23.260162,2407425,62563675
vla2,0,1624,2023-12-01T21:53:24.647426,2434520,62590770
vla2,0,1625,2023-12-01T21:53:26.032232,2461567,62617817
vla2,0,1626,2023-12-01T21:53:27.411918,2488514,62644764
vla2,0,1627,2023-12-01T21:53:28.800258,2515630,62671880
vla2,0,1628,2023-12-01T21:53:30.177691,2542533,62698783
vla2,0,1629,2023-12-01T21:53:31.543451,2569208,62725458
vla2,0,1630,2023-12-01T21:53:32.854478,2594814,62751064
vla2,0,1631,2023-12-01T21:53:34.173493,2620576,62776826
vla2,0,1632,2023-12-01T21:53:35.494811,2646383,62802633
vla2,0,1633,2023-12-01T21:53:36.808859,2672048,62828298
vla2,0,1634,2023-12-01T21:53:38.134478,2697939,62854189
vla2,0,1635,2023-12-01T21:53:39.442741,2723491,62879741
vla2,0,1636,2023-12-01T21:53:40.757762,2749175,62905425
vla2,0,1637,2023-12-01T21:53:42.073602,2774875,62931125
vla2,0,1638,2023-12-01T21:53:43.380789,2800406,62956656
vla2,0,1639,2023-12-01T21:53:44.694069,2826056,62982306
vla2,0,1640,2023-12-01T21:53:46.003202,2851625,63007875
vla2,0,1641,2023-12-01T21:53:47.312078,2877189,63033439
vla2,0,1642,2023-12-01T21:53:48.600834,2902360,63058610
vla2,0,1643,2023-12-01T21:53:49.892456,2927587,63083837
vla2,0,1644,2023-12-01T21:53:51.200718,2953139,63109389
vla2,0,1645,2023-12-01T21:53:52.477288,2978072,63134322
vla2,0,1646,2023-12-01T21:53:53.767733,3003276,63159526
vla2,0,1647,2023-12-01T21:53:55.058946,3028495,63184745
vla2,0,1648,2023-12-01T21:53:56.329064,3053302,63209552
vla2,0,1649,2023-12-01T21:53:57.632667,3078763,63235013
vla2,0,1650,2023-12-01T21:53:58.870478,3102939,63259189
vla2,0,1651,2023-12-01T21:54:00.163432,3128192,63284442
vla2,0,1652,2023-12-01T21:54:01.457563,3153468,63309718
vla2,0,1653,2023-12-01T21:54:02.798696,3179662,63335912
vla2,0,1654,2023-12-01T21:54:04.089858,3204880,63361130
vla2,0,1655,2023-12-01T21:54:05.292853,3228376,63384626
vla2,0,1656,2023-12-01T21:54:06.538139,3252698,63408948
vla2,0,1657,2023-12-01T21:54:07.787317,3277096,63433346
vla2,0,1658,2023-12-01T21:54:09.046018,3301680,63457930
vla2,0,1659,2023-12-01T21:54:10.254440,3325282,63481532
vla2,0,1660,2023-12-01T21:54:11.500955,3349628,63505878
vla2,0,1661,2023-12-01T21:54:12.750184,3374027,63530277
vla2,0,1662,2023-12-01T21:54:13.987534,3398194,63554444
vla2,0,1663,2023-12-01T21:54:15.221710,3422299,63578549
vla2,0,1664,2023-12-01T21:54:16.478619,3446848,63603098
vla2,0,1665,2023-12-01T21:54:17.714894,3470994,63627244
vla2,0,1666,2023-12-01T21:54:18.938216,3494887,63651137
vla2,0,1667,2023-12-01T21:54:20.182120,3519182,63675432
vla2,0,1668,2023-12-01T21:54:21.429915,3543553,63699803
vla2,0,1669,2023-12-01T21:54:22.647656,3567337,63723587
vla2,0,1670,2023-12-01T21:54:23.897653,3591751,63748001
vla2,0,1671,2023-12-01T21:54:25.139662,3616009,63772259
vla2,0,1672,2023-12-01T21:54:26.381774,3640269,63796519
vla2,0,1673,2023-12-01T21:54:27.623579,3664523,63820773
vla2,0,1674,2023-12-01T21:54:28.868302,3688834,63845084
vla2,0,1675,2023-12-01T21:54:30.113179,3713148,63869398
vla2,0,1676,2023-12-01T21:54:31.364507,3737588,63893838
vla2,0,1677,2023-12-01T21:54:32.608667,3761888,63918138
vla2,0,1678,2023-12-01T21:54:33.856462,3786259,63942509
vla2,0,1679,2023-12-01T21:54:35.111682,3810775,63967025
vla2,0,1680,2023-12-01T21:54:36.322664,3834427,63990677
vla2,0,1681,2023-12-01T21:54:37.568514,3858760,64015010
vla2,0,1682,2023-12-01T21:54:38.813442,3883075,64039325
vla2,0,1683,2023-12-01T21:54:40.070555,3907628,64063878
vla2,0,1684,2023-12-01T21:54:41.316251,3931958,64088208
vla2,0,1685,2023-12-01T21:54:42.530766,3955679,64111929
vla2,0,1686,2023-12-01T21:54:43.747432,3979442,64135692
vla2,0,1687,2023-12-01T21:54:44.966453,4003251,64159501
vla2,0,1688,2023-12-01T21:54:46.184040,4027032,64183282
vla2,0,1689,2023-12-01T21:54:47.381659,4050423,64206673
vla2,0,1690,2023-12-01T21:54:48.619726,4074604,64230854
vla2,0,1691,2023-12-01T21:54:49.838696,4098412,64254662
vla2,0,1692,2023-12-01T21:54:51.058126,4122229,64278479
vla2,0,1693,2023-12-01T21:54:52.277096,4146037,64302287
vla2,0,1694,2023-12-01T21:54:53.495554,4169835,64326085
vla2,0,1695,2023-12-01T21:54:54.714677,4193646,64349896
vla2,0,1696,2023-12-01T21:54:55.933390,4217449,64373699
vla2,0,1697,2023-12-01T21:54:57.154920,4241307,64397557
vla2,0,1698,2023-12-01T21:54:58.373531,4265108,64421358
vla2,0,1699,2023-12-01T21:54:59.596238,4288989,64445239
vla2,0,1700,2023-12-01T21:55:00.819765,4312886,64469136
vla2,0,1701,2023-12-01T21:55:02.048258,4336880,64493130
vla2,0,1702,2023-12-01T21:55:03.257192,4360492,64516742
vla2,0,1703,2023-12-01T21:55:04.477186,4384320,64540570
vla2,0,1704,2023-12-01T21:55:05.685045,4407911,64564161
vla2,0,1705,2023-12-01T21:55:06.904834,4431735,64587985
vla2,0,1706,2023-12-01T21:55:08.124264,4455552,64611802
vla2,0,1707,2023-12-01T21:55:09.293979,4478398,64634648
vla2,0,1708,2023-12-01T21:55:10.457653,4501126,64657376
vla2,0,1709,2023-12-01T21:55:11.616360,4523757,64680007
vla2,0,1710,2023-12-01T21:55:12.782030,4546524,64702774
vla2,0,1711,2023-12-01T21:55:13.944731,4569233,64725483
vla2,0,1712,2023-12-01T21:55:15.108661,4591966,64748216
vla2,0,1713,2023-12-01T21:55:16.269211,4614633,64770883
vla2,0,1714,2023-12-01T21:55:17.427918,4637264,64793514
vla2,0,1715,2023-12-01T21:55:18.558722,4659350,64815600
vla2,0,1716,2023-12-01T21:55:19.750606,4682629,64838879
vla2,0,1717,2023-12-01T21:55:20.910542,4705284,64861534
vla2,0,1718,2023-12-01T21:55:22.076981,4728066,64884316
vla2,0,1719,2023-12-01T21:55:23.241064,4750802,64907052
vla2,0,1720,2023-12-01T21:55:24.400488,4773447,64929697
vla2,0,1721,2023-12-01T21:55:25.534210,4795590,64951840
vla2,0,1722,2023-12-01T21:55:26.696706,4818295,64974545
vla2,0,1723,2023-12-01T21:55:27.867598,4841164,64997414
vla2,0,1724,2023-12-01T21:55:28.998760,4863257,65019507
vla2,0,1725,2023-12-01T21:55:30.163099,4885998,65042248
vla2,0,1726,2023-12-01T21:55:31.338907,4908963,65065213
vla2,0,1727,2023-12-01T21:55:32.603803,4933668,65089918
vla2,0,1728,2023-12-01T21:55:33.725288,4955572,65111822
vla2,0,1729,2023-12-01T21:55:34.811752,4976792,65133042
vla2,0,1730,2023-12-01T21:55:35.981160,4999632,65155882
vla2,0,1731,2023-12-01T21:55:37.141659,5022298,65178548
vla2,0,1732,2023-12-01T21:55:38.302824,5044977,65201227
vla2,0,1733,2023-12-01T21:55:39.458357,5067546,65223796
vla2,0,1734,2023-12-01T21:55:40.633397,5090496,65246746
vla2,0,1735,2023-12-01T21:55:41.763278,5112564,65268814
vla2,0,1736,2023-12-01T21:55:42.921525,5135186,65291436
vla2,0,1737,2023-12-01T21:55:44.086222,5157934,65314184
vla2,0,1738,2023-12-01T21:55:45.264795,5180953,65337203
vla2,0,1739,2023-12-01T21:55:46.409627,5203313,65359563
vla2,0,1740,2023-12-01T21:55:47.601512,5226592,65382842
vla2,0,1741,2023-12-01T21:55:48.758478,5249189,65405439
vla2,0,1742,2023-12-01T21:55:49.949134,5272444,65428694
vla2,0,1743,2023-12-01T21:55:51.147624,5295852,65452102
vla2,0,1744,2023-12-01T21:55:52.343861,5319216,65475466
vla2,0,1745,2023-12-01T21:55:53.536974,5342519,65498769
vla2,0,1746,2023-12-01T21:55:54.732648,5365872,65522122
vla2,0,1747,2023-12-01T21:55:55.924482,5389150,65545400
vla2,0,1748,2023-12-01T21:55:57.113858,5412380,65568630
vla2,0,1749,2023-12-01T21:55:58.317211,5435883,65592133
vla2,0,1750,2023-12-01T21:55:59.512014,5459219,65615469
vla2,0,1751,2023-12-01T21:56:00.702466,5482470,65638720
vla2,0,1752,2023-12-01T21:56:01.896091,5505783,65662033
vla2,0,1753,2023-12-01T21:56:03.088590,5529074,65685324
vla2,0,1754,2023-12-01T21:56:04.292046,5552579,65708829
vla2,0,1755,2023-12-01T21:56:05.457563,5575343,65731593
vla2,0,1756,2023-12-01T21:56:06.660712,5598842,65755092
vla2,0,1757,2023-12-01T21:56:07.904718,5623139,65779389
vla2,0,1758,2023-12-01T21:56:09.020622,5644934,65801184
vla2,0,1759,2023-12-01T21:56:10.227048,5668497,65824747
vla2,0,1760,2023-12-01T21:56:11.398914,5691385,65847635
vla2,0,1761,2023-12-01T21:56:12.590542,5714659,65870909
vla2,0,1762,2023-12-01T21:56:13.782018,5737930,65894180
vla2,0,1763,2023-12-01T21:56:14.969858,5761130,65917380
vla2,0,1764,2023-12-01T21:56:16.157698,5784330,65940580
vla2,0,1765,2023-12-01T21:56:17.338216,5807387,65963637
vla2,0,1766,2023-12-01T21:56:18.522011,5830508,65986758
vla2,0,1767,2023-12-01T21:56:19.711182,5853734,66009984
vla2,0,1768,2023-12-01T21:56:20.891650,5876790,66033040
vla2,0,1769,2023-12-01T21:56:22.084405,5900086,66056336
vla2,0,1770,2023-12-01T21:56:23.275982,5923359,66079609
vla2,0,1771,2023-12-01T21:56:24.458088,5946447,66102697
vla2,0,1772,2023-12-01T21:56:25.652277,5969771,66126021
vla2,0,1773,2023-12-01T21:56:26.833563,5992843,66149093
vla2,0,1774,2023-12-01T21:56:28.014901,6015916,66172166
vla2,0,1775,2023-12-01T21:56:29.281589,6040656,66196906
vla2,0,1776,2023-12-01T21:56:30.556469,6065556,66221806
vla2,0,1777,2023-12-01T21:56:31.830222,6090434,66246684
vla2,0,1778,2023-12-01T21:56:33.105358,6115339,66271589
vla2,0,1779,2023-12-01T21:56:34.382338,6140280,66296530
vla2,0,1780,2023-12-01T21:56:35.658293,6165201,66321451
vla2,0,1781,2023-12-01T21:56:36.940750,6190249,66346499
vla2,0,1782,2023-12-01T21:56:38.206619,6214973,66371223
vla2,0,1783,2023-12-01T21:56:39.476482,6239775,66396025
vla2,0,1784,2023-12-01T21:56:40.757915,6264803,66421053
vla2,0,1785,2023-12-01T21:56:42.033512,6289717,66445967
vla2,0,1786,2023-12-01T21:56:43.301070,6314474,66470724
vla2,0,1787,2023-12-01T21:56:44.577026,6339395,66495645
vla2,0,1788,2023-12-01T21:56:45.843918,6364139,66520389
vla2,0,1789,2023-12-01T21:56:47.113832,6388942,66545192
vla2,0,1790,2023-12-01T21:56:48.385742,6413784,66570034
vla2,0,1791,2023-12-01T21:56:49.656680,6438607,66594857
vla2,0,1792,2023-12-01T21:56:50.925160,6463382,66619632
vla2,0,1793,2023-12-01T21:56:52.189237,6488071,66644321
vla2,0,1794,2023-12-01T21:56:53.458126,6512854,66669104
vla2,0,1795,2023-12-01T21:56:54.724302,6537584,66693834
vla2,0,1796,2023-12-01T21:56:55.988277,6562271,66718521
vla2,0,1797,2023-12-01T21:56:57.256757,6587046,66743296
vla2,0,1798,2023-12-01T21:56:58.498459,6611298,66767548
vla2,0,1799,2023-12-01T21:56:59.773339,6636198,66792448
vla2,0,1800,2023-12-01T21:57:01.031170,6660765,66817015
vla2,0,1801,2023-12-01T21:57:02.267906,6684920,66841170
vla2,0,1802,2023-12-01T21:57:03.531726,6709604,66865854
vla2,0,1803,2023-12-01T21:57:04.786331,6734108,66890358
vla2,0,1804,2023-12-01T21:57:06.044110,6758674,66914924
vla2,0,1805,2023-12-01T21:57:07.300610,6783215,66939465
vla2,0,1806,2023-12-01T21:57:08.555778,6807730,66963980
vla2,0,1807,2023-12-01T21:57:09.809410,6832215,66988465
vla2,0,1808,2023-12-01T21:57:11.064168,6856722,67012972
vla2,0,1809,2023-12-01T21:57:12.321282,6881275,67037525
vla2,0,1810,2023-12-01T21:57:13.579470,6905849,67062099
vla2,0,1811,2023-12-01T21:57:14.863106,6930920,67087170
vla2,0,1812,2023-12-01T21:57:16.158875,6956228,67112478
vla2,0,1813,2023-12-01T21:57:17.459099,6981623,67137873
vla2,0,1814,2023-12-01T21:57:18.763112,7007092,67163342
vla2,0,1815,2023-12-01T21:57:20.068098,7032580,67188830
vla2,0,1816,2023-12-01T21:57:21.368578,7057980,67214230
vla2,0,1817,2023-12-01T21:57:22.674638,7083489,67239739
vla2,0,1818,2023-12-01T21:57:23.977678,7108939,67265189
vla2,0,1819,2023-12-01T21:57:25.274216,7134262,67290512
vla2,0,1820,2023-12-01T21:57:26.580994,7159785,67316035
vla2,0,1821,2023-12-01T21:57:27.883368,7185222,67341472
vla2,0,1822,2023-12-01T21:57:29.189838,7210739,67366989
vla2,0,1823,2023-12-01T21:57:30.493186,7236195,67392445
vla2,0,1824,2023-12-01T21:57:31.802728,7261772,67418022
vla2,0,1825,2023-12-01T21:57:33.106741,7287241,67443491
vla2,0,1826,2023-12-01T21:57:34.413416,7312762,67469012
vla2,0,1827,2023-12-01T21:57:35.718914,7338260,67494510
vla2,0,1828,2023-12-01T21:57:37.024104,7363752,67520002
vla2,0,1829,2023-12-01T21:57:38.338562,7389425,67545675
vla2,0,1830,2023-12-01T21:57:39.637096,7414787,67571037
vla2,0,1831,2023-12-01T21:57:40.933992,7440117,67596367
vla2,0,1832,2023-12-01T21:57:42.282139,7466448,67622698
vla2,0,1833,2023-12-01T21:57:43.520155,7490628,67646878
vla2,0,1834,2023-12-01T21:57:44.569499,7511123,67667373
vla2,0,1835,2023-12-01T21:57:46.147995,7541953,67698203
vla2,0,1836,2023-12-01T21:57:47.451906,7567420,67723670
vla2,0,1837,2023-12-01T21:57:48.735797,7592496,67748746
vla2,0,1838,2023-12-01T21:57:50.041550,7617999,67774249
vla2,0,1839,2023-12-01T21:57:51.374645,7644036,67800286
vla2,0,1840,2023-12-01T21:57:52.677531,7669483,67825733
vla2,0,1841,2023-12-01T21:57:53.986152,7695042,67851292
vla2,0,1842,2023-12-01T21:57:55.286069,7720431,67876681
vla2,0,1843,2023-12-01T21:57:56.590082,7745900,67902150
vla2,0,1844,2023-12-01T21:57:57.892354,7771335,67927585
vla2,0,1845,2023-12-01T21:57:59.189045,7796661,67952911
vla2,0,1846,2023-12-01T21:58:00.490344,7822077,67978327
vla2,0,1847,2023-12-01T21:58:01.792360,7847507,68003757
vla2,0,1848,2023-12-01T21:58:03.108507,7873213,68029463
vla2,0,1849,2023-12-01T21:58:04.418203,7898793,68055043
vla2,0,1850,2023-12-01T21:58:05.718171,7924183,68080433
vla2,0,1851,2023-12-01T21:58:07.023259,7949673,68105923
vla2,0,1852,2023-12-01T21:58:08.331010,7975215,68131465
vla2,0,1853,2023-12-01T21:58:09.629442,8000575,68156825
vla2,0,1854,2023-12-01T21:58:10.940571,8026183,68182433
vla2,0,1855,2023-12-01T21:58:12.230197,8051371,68207621
vla2,0,1856,2023-12-01T21:58:13.556635,8077278,68233528
vla2,0,1857,2023-12-01T21:58:14.861006,8102754,68259004
vla2,0,1858,2023-12-01T21:58:16.167118,8128264,68284514
vla2,0,1859,2023-12-01T21:58:17.450600,8153332,68309582
vla2,0,1860,2023-12-01T21:58:18.761013,8178926,68335176
vla2,0,1861,2023-12-01T21:58:20.068149,8204456,68360706
vla2,0,1862,2023-12-01T21:58:21.377486,8230029,68386279
vla2,0,1863,2023-12-01T21:58:22.696910,8255799,68412049
vla2,0,1864,2023-12-01T21:58:24.002613,8281301,68437551
vla2,0,1865,2023-12-01T21:58:25.280514,8306260,68462510
vla2,0,1866,2023-12-01T21:58:26.586011,8331758,68488008
vla2,0,1867,2023-12-01T21:58:27.897346,8357370,68513620
vla2,0,1868,2023-12-01T21:58:29.206990,8382949,68539199
vla2,0,1869,2023-12-01T21:58:30.516533,8408526,68564776
vla2,0,1870,2023-12-01T21:58:31.813429,8433856,68590106
vla2,0,1871,2023-12-01T21:58:33.116981,8459316,68615566
vla2,0,1872,2023-12-01T21:58:34.421915,8484803,68641053
vla2,0,1873,2023-12-01T21:58:35.727874,8510310,68666560
vla2,0,1874,2023-12-01T21:58:37.044328,8536022,68692272
vla2,0,1875,2023-12-01T21:58:38.347675,8561478,68717728
vla2,0,1876,2023-12-01T21:58:39.648770,8586890,68743140
vla2,0,1877,2023-12-01T21:58:40.958261,8612466,68768716
vla2,0,1878,2023-12-01T21:58:42.258485,8637861,68794111
vla2,0,1879,2023-12-01T21:58:43.563675,8663353,68819603
vla2,0,1880,2023-12-01T21:58:44.881000,8689082,68845332
vla2,0,1881,2023-12-01T21:58:46.186446,8714579,68870829
vla2,0,1882,2023-12-01T21:58:47.472898,8739705,68895955
vla2,0,1883,2023-12-01T21:58:48.774402,8765125,68921375
vla2,0,1884,2023-12-01T21:58:50.089781,8790816,68947066
vla2,0,1885,2023-12-01T21:58:51.395483,8816318,68972568
vla2,0,1886,2023-12-01T21:58:52.698779,8841773,68998023
vla2,0,1887,2023-12-01T21:58:54.013186,8867445,69023695
vla2,0,1888,2023-12-01T21:58:55.315970,8892890,69049140
vla2,0,1889,2023-12-01T21:58:56.625051,8918458,69074708
vla2,0,1890,2023-12-01T21:58:57.953589,8944406,69100656
vla2,0,1891,2023-12-01T21:58:59.242344,8969577,69125827
vla2,0,1892,2023-12-01T21:59:00.518862,8994509,69150759
vla2,0,1893,2023-12-01T21:59:01.838440,9020282,69176532
vla2,0,1894,2023-12-01T21:59:03.152590,9045949,69202199
vla2,0,1895,2023-12-01T21:59:04.460238,9071489,69227739
vla2,0,1896,2023-12-01T21:59:05.765019,9096973,69253223
vla2,0,1897,2023-12-01T21:59:07.071234,9122485,69278735
vla2,0,1898,2023-12-01T21:59:08.382926,9148104,69304354
vla2,0,1899,2023-12-01T21:59:09.690728,9173647,69329897
vla2,0,1900,2023-12-01T21:59:11.006414,9199344,69355594
vla2,0,1901,2023-12-01T21:59:12.311349,9224831,69381081
vla2,0,1902,2023-12-01T21:59:13.621915,9250428,69406678
vla2,0,1903,2023-12-01T21:59:14.923522,9275850,69432100
vla2,0,1904,2023-12-01T21:59:16.241358,9301589,69457839
vla2,0,1905,2023-12-01T21:59:17.548187,9327113,69483363
vla2,0,1906,2023-12-01T21:59:18.859778,9352730,69508980
vla2,0,1907,2023-12-01T21:59:20.169371,9378308,69534558
vla2,0,1908,2023-12-01T21:59:21.478299,9403873,69560123
vla2,0,1909,2023-12-01T21:59:22.786152,9429417,69585667
vla2,0,1910,2023-12-01T21:59:24.092878,9454939,69611189
vla2,0,1911,2023-12-01T21:59:25.399298,9480455,69636705
vla2,0,1912,2023-12-01T21:59:26.705358,9505964,69662214
vla2,0,1913,2023-12-01T21:59:28.013006,9531504,69687754
vla2,0,1914,2023-12-01T21:59:29.316661,9556966,69713216
vla2,0,1915,2023-12-01T21:59:30.650830,9583024,69739274
vla2,0,1916,2023-12-01T21:59:31.962165,9608636,69764886
vla2,0,1917,2023-12-01T21:59:33.226037,9633321,69789571
vla2,0,1918,2023-12-01T21:59:34.534811,9658883,69815133
vla2,0,1919,2023-12-01T21:59:35.839438,9684364,69840614
vla2,0,1920,2023-12-01T21:59:37.146011,9709883,69866133
vla2,0,1921,2023-12-01T21:59:38.458933,9735526,69891776
vla2,0,1922,2023-12-01T21:59:39.764738,9761030,69917280
vla2,0,1923,2023-12-01T21:59:41.068648,9786497,69942747
vla2,0,1924,2023-12-01T21:59:42.380597,9812121,69968371
vla2,0,1925,2023-12-01T21:59:43.689218,9837680,69993930
vla2,0,1926,2023-12-01T21:59:44.996558,9863214,70019464
vla2,0,1927,2023-12-01T21:59:46.309378,9888855,70045105
vla2,0,1928,2023-12-01T21:59:47.390568,9909972,70066222
vla2,0,1929,2023-12-01T21:59:48.941314,9940260,70096510
vla2,0,1930,2023-12-01T21:59:50.233550,9965499,70121749
vla2,0,1931,2023-12-01T21:59:51.531624,9990852,70147102
vla2,0,1932,2023-12-01T21:59:52.839886,10016404,70172654
vla2,0,1933,2023-12-01T21:59:54.151016,10042012,70198262
vla2,0,1934,2023-12-01T21:59:55.460098,10067580,70223830
vla2,0,1935,2023-12-01T21:59:56.754382,10092859,70249109
vla2,0,1936,2023-12-01T21:59:58.065461,10118466,70274716
vla2,0,1937,2023-12-01T21:59:59.373467,10144013,70300263
vla2,0,1938,2023-12-01T22:00:00.689461,10169716,70325966
vla2,0,1939,2023-12-01T22:00:01.991630,10195149,70351399
vla2,0,1940,2023-12-01T22:00:03.299176,10220687,70376937
vla2,0,1941,2023-12-01T22:00:04.612712,10246342,70402592
vla2,0,1942,2023-12-01T22:00:05.871106,10270920,70427170
vla2,0,1943,2023-12-01T22:00:07.134824,10295602,70451852
vla2,0,1944,2023-12-01T22:00:08.416770,10320640,70476890
vla2,0,1945,2023-12-01T22:00:09.679413,10345301,70501551
vla2,0,1946,2023-12-01T22:00:10.922498,10369580,70525830
vla2,0,1947,2023-12-01T22:00:12.185090,10394240,70550490
vla2,0,1948,2023-12-01T22:00:13.468469,10419306,70575556
vla2,0,1949,2023-12-01T22:00:14.730242,10443950,70600200
vla2,0,1950,2023-12-01T22:00:15.990734,10468569,70624819
vla2,0,1951,2023-12-01T22:00:17.255221,10493266,70649516
vla2,0,1952,2023-12-01T22:00:18.477979,10517148,70673398
vla2,0,1953,2023-12-01T22:00:19.781992,10542617,70698867
vla2,0,1954,2023-12-01T22:00:21.016168,10566722,70722972
vla2,0,1955,2023-12-01T22:00:22.308610,10591965,70748215
vla2,0,1956,2023-12-01T22:00:23.551950,10616249,70772499
vla2,0,1957,2023-12-01T22:00:24.816898,10640955,70797205
vla2,0,1958,2023-12-01T22:00:26.078056,10665587,70821837
vla2,0,1959,2023-12-01T22:00:27.344437,10690321,70846571
vla2,0,1960,2023-12-01T22:00:28.608360,10715007,70871257
vla2,0,1961,2023-12-01T22:00:29.828251,10738833,70895083
vla2,0,1962,2023-12-01T22:00:31.039080,10762482,70918732
vla2,0,1963,2023-12-01T22:00:32.269723,10786518,70942768
vla2,0,1964,2023-12-01T22:00:33.478760,10810132,70966382
vla2,0,1965,2023-12-01T22:00:34.667880,10833357,70989607
vla2,0,1966,2023-12-01T22:00:35.881832,10857067,71013317
vla2,0,1967,2023-12-01T22:00:37.093480,10880732,71036982
vla2,0,1968,2023-12-01T22:00:38.306459,10904423,71060673
vla2,0,1969,2023-12-01T22:00:39.515394,10928035,71084285
vla2,0,1970,2023-12-01T22:00:40.721922,10951600,71107850
vla2,0,1971,2023-12-01T22:00:41.933877,10975271,71131521
vla2,0,1972,2023-12-01T22:00:43.168821,10999391,71155641
vla2,0,1973,2023-12-01T22:00:44.381083,11023068,71179318
vla2,0,1974,2023-12-01T22:00:45.590478,11046689,71202939
vla2,0,1975,2023-12-01T22:00:46.795010,11070215,71226465
vla2,0,1976,2023-12-01T22:00:48.011317,11093971,71250221
vla2,0,1977,2023-12-01T22:00:49.222453,11117626,71273876
vla2,0,1978,2023-12-01T22:00:50.430312,11141217,71297467
vla2,0,1979,2023-12-01T22:00:51.646773,11164976,71321226
vla2,0,1980,2023-12-01T22:00:52.809832,11187692,71343942
vla2,0,1981,2023-12-01T22:00:53.963931,11210233,71366483
vla2,0,1982,2023-12-01T22:00:55.116392,11232742,71388992
vla2,0,1983,2023-12-01T22:00:56.252008,11254922,71411172
vla2,0,1984,2023-12-01T22:00:57.409486,11277529,71433779
vla2,0,1985,2023-12-01T22:00:58.564200,11300082,71456332
vla2,0,1986,2023-12-01T22:00:59.720706,11322670,71478920
vla2,0,1987,2023-12-01T22:01:00.878901,11345291,71501541
vla2,0,1988,2023-12-01T22:01:02.034946,11367870,71524120
vla2,0,1989,2023-12-01T22:01:03.215925,11390936,71547186
vla2,0,1990,2023-12-01T22:01:04.334542,11412784,71569034
vla2,0,1991,2023-12-01T22:01:05.503950,11435624,71591874
vla2,0,1992,2023-12-01T22:01:06.662555,11458253,71614503
vla2,0,1993,2023-12-01T22:01:07.809486,11480654,71636904
vla2,0,1994,2023-12-01T22:01:08.966402,11503250,71659500
vla2,0,1995,2023-12-01T22:01:10.117890,11525740,71681990
vla2,0,1996,2023-12-01T22:01:11.289192,11548617,71704867
vla2,0,1997,2023-12-01T22:01:12.438888,11571072,71727322
vla2,0,1998,2023-12-01T22:01:13.600462,11593759,71750009
vla2,0,1999,2023-12-01T22:01:14.765006,11616504,71772754
vla2,0,2000,2023-12-01T22:01:15.946651,11639583,71795833
vla2,0,2001,2023-12-01T22:01:17.172123,11663518,71819768
vla2,0,2002,2023-12-01T22:01:18.356840,11686657,71842907
vla2,0,2003,2023-12-01T22:01:19.565416,11710262,71866512
vla2,0,2004,2023-12-01T22:01:20.780494,11733994,71890244
vla2,0,2005,2023-12-01T22:01:22.005096,11757912,71914162
vla2,0,2006,2023-12-01T22:01:23.234459,11781923,71938173
vla2,0,2007,2023-12-01T22:01:24.426139,11805198,71961448
vla2,0,2008,2023-12-01T22:01:25.649922,11829100,71985350
vla2,0,2009,2023-12-01T22:01:26.878005,11853086,72009336
vla2,0,2010,2023-12-01T22:01:28.104194,11877035,72033285
vla2,0,2011,2023-12-01T22:01:29.317429,11900731,72056981
vla2,0,2012,2023-12-01T22:01:30.555598,11924914,72081164
vla2,0,2013,2023-12-01T22:01:31.780866,11948845,72105095
vla2,0,2014,2023-12-01T22:01:32.994715,11972553,72128803
vla2,0,2015,2023-12-01T22:01:34.212302,11996334,72152584
vla2,0,2016,2023-12-01T22:01:35.436904,12020252,72176502
vla2,0,2017,2023-12-01T22:01:36.657102,12044084,72200334
vla2,0,2018,2023-12-01T22:01:37.856462,12067509,72223759
vla2,0,2019,2023-12-01T22:01:39.077326,12091354,72247604
vla2,0,2020,2023-12-01T22:01:40.304437,12115321,72271571
vla2,0,2021,2023-12-01T22:01:41.518133,12139026,72295276
vla2,0,2022,2023-12-01T22:01:42.749493,12163076,72319326
vla2,0,2023,2023-12-01T22:01:43.962421,12186766,72343016
vla2,0,2024,2023-12-01T22:01:45.184206,12210629,72366879
vla2,0,2025,2023-12-01T22:01:46.405634,12234485,72390735
vla2,0,2026,2023-12-01T22:01:47.624245,12258286,72414536
vla2,0,2027,2023-12-01T22:01:48.841627,12282063,72438313
vla2,0,2028,2023-12-01T22:01:50.061314,12305885,72462135
vla2,0,2029,2023-12-01T22:01:51.279822,12329684,72485934
vla2,0,2030,2023-12-01T22:01:52.505806,12353629,72509879
vla2,0,2031,2023-12-01T22:01:53.714229,12377231,72533481
vla2,0,2032,2023-12-01T22:01:54.933096,12401037,72557287
vla2,0,2033,2023-12-01T22:01:56.146229,12424731,72580981
vla2,0,2034,2023-12-01T22:01:57.359157,12448421,72604671
vla2,0,2035,2023-12-01T22:01:58.584270,12472349,72628599
vla2,0,2036,2023-12-01T22:01:59.803240,12496157,72652407
vla2,0,2037,2023-12-01T22:02:01.031323,12520143,72676393
vla2,0,2038,2023-12-01T22:02:02.258792,12544117,72700367
vla2,0,2039,2023-12-01T22:02:03.484571,12568058,72724308
vla2,0,2040,2023-12-01T22:02:04.711528,12592022,72748272
vla2,0,2041,2023-12-01T22:02:05.933826,12615895,72772145
vla2,0,2042,2023-12-01T22:02:07.159451,12639833,72796083
vla2,0,2043,2023-12-01T22:02:08.386715,12663803,72820053
vla2,0,2044,2023-12-01T22:02:09.603278,12687564,72843814
vla2,0,2045,2023-12-01T22:02:10.829314,12711510,72867760
vla2,0,2046,2023-12-01T22:02:12.061544,12735577,72891827
vla2,0,2047,2023-12-01T22:02:13.294594,12759660,72915910
vla2,0,2048,2023-12-01T22:02:14.522011,12783633,72939883
vla2,0,2049,2023-12-01T22:02:15.749173,12807601,72963851
vla2,0,2050,2023-12-01T22:02:16.980379,12831648,72987898
vla2,0,2051,2023-12-01T22:02:18.205800,12855582,73011832
vla2,0,2052,2023-12-01T22:02:19.433422,12879559,73035809
vla2,0,2053,2023-12-01T22:02:20.660379,12903523,73059773
vla2,0,2054,2023-12-01T22:02:21.886824,12927477,73083727
vla2,0,2055,2023-12-01T22:02:23.110299,12951373,73107623
vla2,0,2056,2023-12-01T22:02:24.334696,12975287,73131537
vla2,0,2057,2023-12-01T22:02:25.570818,12999430,73155680
vla2,0,2058,2023-12-01T22:02:26.845493,13024326,73180576
vla2,0,2059,2023-12-01T22:02:28.119861,13049216,73205466
vla2,0,2060,2023-12-01T22:02:29.386242,13073950,73230200
vla2,0,2061,2023-12-01T22:02:30.685646,13099329,73255579
vla2,0,2062,2023-12-01T22:02:31.973326,13124479,73280729
vla2,0,2063,2023-12-01T22:02:33.229006,13149004,73305254
vla2,0,2064,2023-12-01T22:02:34.507470,13173974,73330224
vla2,0,2065,2023-12-01T22:02:35.777742,13198784,73355034
vla2,0,2066,2023-12-01T22:02:37.048322,13223600,73379850
vla2,0,2067,2023-12-01T22:02:38.318645,13248411,73404661
vla2,0,2068,2023-12-01T22:02:39.580981,13273066,73429316
vla2,0,2069,2023-12-01T22:02:40.851662,13297884,73454134
vla2,0,2070,2023-12-01T22:02:42.133454,13322919,73479169
vla2,0,2071,2023-12-01T22:02:43.405877,13347771,73504021
vla2,0,2072,2023-12-01T22:02:44.676098,13372580,73528830
vla2,0,2073,2023-12-01T22:02:45.949442,13397450,73553700
vla2,0,2074,2023-12-01T22:02:47.220379,13422273,73578523
vla2,0,2075,2023-12-01T22:02:48.493570,13447140,73603390
vla2,0,2076,2023-12-01T22:02:49.762715,13471928,73628178
vla2,0,2077,2023-12-01T22:02:51.033704,13496752,73653002
vla2,0,2078,2023-12-01T22:02:52.312731,13521733,73677983
vla2,0,2079,2023-12-01T22:02:53.585205,13546586,73702836
vla2,0,2080,2023-12-01T22:02:54.863362,13571550,73727800
vla2,0,2081,2023-12-01T22:02:56.136603,13596418,73752668
vla2,0,2082,2023-12-01T22:02:57.412251,13621333,73777583
vla2,0,2083,2023-12-01T22:02:58.677608,13646047,73802297
vla2,0,2084,2023-12-01T22:02:59.955253,13671001,73827251
vla2,0,2085,2023-12-01T22:03:01.232795,13695953,73852203
vla2,0,2086,2023-12-01T22:03:02.511310,13720924,73877174
vla2,0,2087,2023-12-01T22:03:03.779688,13745697,73901947
vla2,0,2088,2023-12-01T22:03:05.057282,13770650,73926900
vla2,0,2089,2023-12-01T22:03:06.337947,13795663,73951913
vla2,0,2090,2023-12-01T22:03:07.613800,13820582,73976832
vla2,0,2091,2023-12-01T22:03:08.890267,13845513,74001763
vla2,0,2092,2023-12-01T22:03:10.165352,13870417,74026667
vla2,0,2093,2023-12-01T22:03:11.436802,13895250,74051500
vla2,0,2094,2023-12-01T22:03:12.711477,13920146,74076396
vla2,0,2095,2023-12-01T22:03:13.985435,13945028,74101278
vla2,0,2096,2023-12-01T22:03:15.260162,13969925,74126175
vla2,0,2097,2023-12-01T22:03:16.538421,13994891,74151141
vla2,0,2098,2023-12-01T22:03:17.813864,14019802,74176052
vla2,0,2099,2023-12-01T22:03:19.088642,14044700,74200950
vla2,0,2100,2023-12-01T22:03:20.360347,14069538,74225788
vla2,0,2101,2023-12-01T22:03:21.634254,14094419,74250669
vla2,0,2102,2023-12-01T22:03:22.910158,14119339,74275589
vla2,0,2103,2023-12-01T22:03:24.183093,14144201,74300451
vla2,0,2104,2023-12-01T22:03:25.459304,14169127,74325377
vla2,0,2105,2023-12-01T22:03:26.700750,14193374,74349624
vla2,0,2106,2023-12-01T22:03:27.974094,14218244,74374494
vla2,0,2107,2023-12-01T22:03:29.249947,14243163,74399413
vla2,0,2108,2023-12-01T22:03:30.541723,14268393,74424643
vla2,0,2109,2023-12-01T22:03:31.854696,14294037,74450287
vla2,0,2110,2023-12-01T22:03:33.157838,14319489,74475739
vla2,0,2111,2023-12-01T22:03:34.479515,14345303,74501553
vla2,0,2112,2023-12-01T22:03:35.795714,14371010,74527260
vla2,0,2113,2023-12-01T22:03:37.140533,14397276,74553526
vla2,0,2114,2023-12-01T22:03:38.480334,14423444,74579694
vla2,0,2115,2023-12-01T22:03:39.846658,14450130,74606380
vla2,0,2116,2023-12-01T22:03:41.194907,14476463,74632713
vla2,0,2117,2023-12-01T22:03:42.524930,14502440,74658690
vla2,0,2118,2023-12-01T22:03:43.892430,14529149,74685399
vla2,0,2119,2023-12-01T22:03:45.359310,14557799,74714049
vla2,0,2120,2023-12-01T22:03:46.623694,14582494,74738744
vla2,0,2121,2023-12-01T22:03:47.970869,14608806,74765056
vla2,0,2122,2023-12-01T22:03:49.337550,14635499,74791749
vla2,0,2123,2023-12-01T22:03:50.715701,14662416,74818666
vla2,0,2124,2023-12-01T22:03:52.090677,14689271,74845521
vla2,0,2125,2023-12-01T22:03:53.456027,14715938,74872188
vla2,0,2126,2023-12-01T22:03:54.826856,14742712,74898962
vla2,0,2127,2023-12-01T22:03:56.197531,14769483,74925733
vla2,0,2128,2023-12-01T22:03:57.538920,14795682,74951932
vla2,0,2129,2023-12-01T22:03:58.900072,14822267,74978517
vla2,0,2130,2023-12-01T22:04:00.267163,14848968,75005218
vla2,0,2131,2023-12-01T22:04:01.661902,14876209,75032459
vla2,0,2132,2023-12-01T22:04:03.026536,14902862,75059112
vla2,0,2133,2023-12-01T22:04:04.363112,14928967,75085217
vla2,0,2134,2023-12-01T22:04:05.730306,14955670,75111920
vla2,0,2135,2023-12-01T22:04:07.103131,14982483,75138733
vla2,0,2136,2023-12-01T22:04:08.473909,15009256,75165506
vla2,0,2137,2023-12-01T22:04:09.845096,15036037,75192287
vla2,0,2138,2023-12-01T22:04:11.211829,15062731,75218981
vla2,0,2139,2023-12-01T22:04:12.587982,15089609,75245859
vla2,0,2140,2023-12-01T22:04:13.958299,15116373,75272623
vla2,0,2141,2023-12-01T22:04:15.298971,15142558,75298808
vla2,0,2142,2023-12-01T22:04:16.688642,15169700,75325950
vla2,0,2143,2023-12-01T22:04:18.054658,15196380,75352630
vla2,0,2144,2023-12-01T22:04:19.418523,15223018,75379268
vla2,0,2145,2023-12-01T22:04:20.783925,15249686,75405936
vla2,0,2146,2023-12-01T22:04:22.127720,15275932,75432182
vla2,0,2147,2023-12-01T22:04:23.491995,15302578,75458828
vla2,0,2148,2023-12-01T22:04:24.860725,15329311,75485561
vla2,0,2149,2023-12-01T22:04:26.223566,15355929,75512179
vla2,0,2150,2023-12-01T22:04:27.587790,15382574,75538824
vla2,0,2151,2023-12-01T22:04:28.952117,15409221,75565471
vla2,0,2152,2023-12-01T22:04:30.314958,15435839,75592089
vla2,0,2153,2023-12-01T22:04:31.678722,15462475,75618725
vla2,0,2154,2023-12-01T22:04:33.042126,15489104,75645354
vla2,0,2155,2023-12-01T22:04:34.388738,15515405,75671655
vla2,0,2156,2023-12-01T22:04:35.790850,15542790,75699040
vla2,0,2157,2023-12-01T22:04:37.179701,15569916,75726166
vla2,0,2158,2023-12-01T22:04:38.598197,15597621,75753871
vla2,0,2159,2023-12-01T22:04:40.061083,15626193,75782443
vla2,0,2160,2023-12-01T22:04:41.425205,15652836,75809086
vla2,0,2161,2023-12-01T22:04:42.845800,15680582,75836832
vla2,0,2162,2023-12-01T22:04:44.341966,15709804,75866054
vla2,0,2163,2023-12-01T22:04:45.763790,15737574,75893824
vla2,0,2164,2023-12-01T22:04:47.180290,15765240,75921490
vla2,0,2165,2023-12-01T22:04:48.523419,15791473,75947723
vla2,0,2166,2023-12-01T22:04:49.924200,15818832,75975082
vla2,0,2167,2023-12-01T22:04:51.463426,15848895,76005145
vla2,0,2168,2023-12-01T22:04:52.754382,15874109,76030359
vla2,0,2169,2023-12-01T22:04:54.171035,15901778,76058028
vla2,0,2170,2023-12-01T22:04:55.637045,15930411,76086661
vla2,0,2171,2023-12-01T22:04:57.137102,15959709,76115959
vla2,0,2172,2023-12-01T22:04:58.617550,15988624,76144874
vla2,0,2173,2023-12-01T22:05:00.117198,16017914,76174164
vla2,0,2174,2023-12-01T22:05:01.617154,16047210,76203460
vla2,0,2175,2023-12-01T22:05:03.112296,16076412,76232662
vla2,0,2176,2023-12-01T22:05:04.607387,16105613,76261863
vla2,0,2177,2023-12-01T22:05:06.148866,16135720,76291970
vla2,0,2178,2023-12-01T22:05:07.698331,16165983,76322233
vla2,0,2179,2023-12-01T22:05:09.246363,16196218,76352468
vla2,0,2180,2023-12-01T22:05:10.809755,16226753,76383003
vla2,0,2181,2023-12-01T22:05:12.335362,16256550,76412800
vla2,0,2182,2023-12-01T22:05:13.907816,16287262,76443512
vla2,0,2183,2023-12-01T22:05:15.442485,16317236,76473486
vla2,0,2184,2023-12-01T22:05:16.986574,16347394,76503644
vla2,0,2185,2023-12-01T22:05:18.536706,16377670,76533920
vla2,0,2186,2023-12-01T22:05:20.095950,16408124,76564374
vla2,0,2187,2023-12-01T22:05:21.629851,16438083,76594333
vla2,0,2188,2023-12-01T22:05:23.192680,16468607,76624857
vla2,0,2189,2023-12-01T22:05:24.731394,16498660,76654910
vla2,0,2190,2023-12-01T22:05:26.272514,16528760,76685010
vla2,0,2191,2023-12-01T22:05:27.934568,16561222,76717472
vla2,0,2192,2023-12-01T22:05:29.548750,16592749,76748999
vla2,0,2193,2023-12-01T22:05:31.043227,16621938,76778188
vla2,0,2194,2023-12-01T22:05:32.636622,16653059,76809309
vla2,0,2195,2023-12-01T22:05:34.229403,16684168,76840418
vla2,0,2196,2023-12-01T22:05:35.826536,16715362,76871612
vla2,0,2197,2023-12-01T22:05:37.422389,16746531,76902781
vla2,0,2198,2023-12-01T22:05:39.023362,16777800,76934050
vla2,0,2199,2023-12-01T22:05:40.622030,16809024,76965274
vla2,0,2200,2023-12-01T22:05:42.213326,16840104,76996354
vla2,0,2201,2023-12-01T22:05:43.803035,16871153,77027403
vla2,0,2202,2023-12-01T22:05:45.400322,16902350,77058600
vla2,0,2203,2023-12-01T22:05:46.989979,16933398,77089648
vla2,0,2204,2023-12-01T22:05:48.572213,16964301,77120551
vla2,0,2205,2023-12-01T22:05:50.157570,16995265,77151515
vla2,0,2206,2023-12-01T22:05:51.742875,17026228,77182478
vla2,0,2207,2023-12-01T22:05:53.333915,17057303,77213553
vla2,0,2208,2023-12-01T22:05:54.909698,17088080,77244330
vla2,0,2209,2023-12-01T22:05:56.493570,17119015,77275265
vla2,0,2210,2023-12-01T22:05:58.087426,17150145,77306395
vla2,0,2211,2023-12-01T22:05:59.679234,17181235,77337485
vla2,0,2212,2023-12-01T22:06:01.266690,17212240,77368490
vla2,0,2213,2023-12-01T22:06:02.850664,17243177,77399427
vla2,0,2214,2023-12-01T22:06:04.529870,17275974,77432224
vla2,0,2215,2023-12-01T22:06:06.125314,17307135,77463385
vla2,0,2216,2023-12-01T22:06:07.645237,17336821,77493071
vla2,0,2217,2023-12-01T22:06:09.234792,17367867,77524117
vla2,0,2218,2023-12-01T22:06:10.825832,17398942,77555192
vla2,0,2219,2023-12-01T22:06:12.407963,17429843,77586093
vla2,0,2220,2023-12-01T22:06:13.995675,17460853,77617103
vla2,0,2221,2023-12-01T22:06:15.637659,17492923,77649173
vla2,0,2222,2023-12-01T22:06:17.229570,17524015,77680265
vla2,0,2223,2023-12-01T22:06:18.822299,17555123,77711373
vla2,0,2224,2023-12-01T22:06:20.359579,17585148,77741398
vla2,0,2225,2023-12-01T22:06:21.965979,17616523,77772773
vla2,0,2226,2023-12-01T22:06:23.553384,17647527,77803777
vla2,0,2227,2023-12-01T22:06:25.137870,17678474,77834724
vla2,0,2228,2023-12-01T22:06:26.734030,17709649,77865899
vla2,0,2229,2023-12-01T22:06:28.329115,17740803,77897053
vla2,0,2230,2023-12-01T22:06:29.920258,17771880,77928130
vla2,0,2231,2023-12-01T22:06:31.512782,17802984,77959234
vla2,0,2232,2023-12-01T22:06:33.089947,17833788,77990038
vla2,0,2233,2023-12-01T22:06:34.681294,17864869,78021119
vla2,0,2234,2023-12-01T22:06:36.280168,17896097,78052347
vla2,0,2235,2023-12-01T22:06:37.876891,17927283,78083533
vla2,0,2236,2023-12-01T22:06:39.463682,17958275,78114525
vla2,0,2237,2023-12-01T22:06:41.070798,17989664,78145914
vla2,0,2238,2023-12-01T22:06:42.663221,18020766,78177016
vla2,0,2239,2023-12-01T22:06:44.267163,18052093,78208343
vla2,0,2240,2023-12-01T22:06:45.867112,18083342,78239592
vla2,0,2241,2023-12-01T22:06:47.458715,18114428,78270678
vla2,0,2242,2023-12-01T22:06:49.047349,18145456,78301706
vla2,0,2243,2023-12-01T22:06:50.644379,18176648,78332898
vla2,0,2244,2023-12-01T22:06:52.235624,18207727,78363977
vla2,0,2245,2023-12-01T22:06:53.814325,18238561,78394811
vla2,0,2246,2023-12-01T22:06:55.410280,18269732,78425982
vla2,0,2247,2023-12-01T22:06:57.019598,18301164,78457414
vla2,0,2248,2023-12-01T22:06:58.614581,18332316,78488566
vla2,0,2249,2023-12-01T22:07:00.199170,18363265,78519515
vla2,0,2250,2023-12-01T22:07:01.795893,18394451,78550701
vla2,0,2251,2023-12-01T22:07:03.390158,18425589,78581839
vla2,0,2252,2023-12-01T22:07:04.993845,18456911,78613161
vla2,0,2253,2023-12-01T22:07:06.584014,18487969,78644219
vla2,0,2254,2023-12-01T22:07:08.182632,18519192,78675442
vla2,0,2255,2023-12-01T22:07:09.779867,18550388,78706638
vla2,0,2256,2023-12-01T22:07:11.377051,18581583,78737833
vla2,0,2257,2023-12-01T22:07:12.960667,18612513,78768763
vla2,0,2258,2023-12-01T22:07:14.557493,18643701,78799951
vla2,0,2259,2023-12-01T22:07:16.148328,18674772,78831022
vla2,0,2260,2023-12-01T22:07:17.746126,18705979,78862229
vla2,0,2261,2023-12-01T22:07:19.342235,18737153,78893403
vla2,0,2262,2023-12-01T22:07:20.938395,18768328,78924578
vla2,0,2263,2023-12-01T22:07:22.529998,18799414,78955664
vla2,0,2264,2023-12-01T22:07:24.125954,18830585,78986835
vla2,0,2265,2023-12-01T22:07:25.703630,18861399,79017649
vla2,0,2266,2023-12-01T22:07:27.297128,18892522,79048772
vla2,0,2267,2023-12-01T22:07:28.885045,18923536,79079786
vla2,0,2268,2023-12-01T22:07:30.483509,18954756,79111006
vla2,0,2269,2023-12-01T22:07:32.112232,18986567,79142817
vla2,0,2270,2023-12-01T22:07:33.682536,19017237,79173487
vla2,0,2271,2023-12-01T22:07:35.270197,19048246,79204496
vla2,0,2272,2023-12-01T22:07:36.873218,19079555,79235805
vla2,0,2273,2023-12-01T22:07:38.461646,19110579,79266829
vla2,0,2274,2023-12-01T22:07:40.046491,19141533,79297783
vla2,0,2275,2023-12-01T22:07:41.639067,19172638,79328888
vla2,0,2276,2023-12-01T22:07:43.229032,19203692,79359942
vla2,0,2277,2023-12-01T22:07:44.810293,19234576,79390826
vla2,0,2278,2023-12-01T22:07:46.393090,19265490,79421740
vla2,0,2279,2023-12-01T22:07:47.994677,19296771,79453021
vla2,0,2280,2023-12-01T22:07:49.568053,19327501,79483751
vla2,0,2281,2023-12-01T22:07:51.154229,19358481,79514731
vla2,0,2282,2023-12-01T22:07:52.713371,19388933,79545183
vla2,0,2283,2023-12-01T22:07:54.299086,19419904,79576154
vla2,0,2284,2023-12-01T22:07:55.885672,19450892,79607142
vla2,0,2285,2023-12-01T22:07:57.470107,19481838,79638088
vla2,0,2286,2023-12-01T22:07:59.148597,19514621,79670871
vla2,0,2287,2023-12-01T22:08:00.639080,19543732,79699982
vla2,0,2288,2023-12-01T22:08:02.253211,19575258,79731508
vla2,0,2289,2023-12-01T22:08:03.830376,19606062,79762312
vla2,0,2290,2023-12-01T22:08:05.420392,19637117,79793367
vla2,0,2291,2023-12-01T22:08:07.011330,19668190,79824440
vla2,0,2292,2023-12-01T22:08:08.608360,19699382,79855632
vla2,0,2293,2023-12-01T22:08:10.202318,19730514,79886764
vla2,0,2294,2023-12-01T22:08:11.797250,19761665,79917915
vla2,0,2295,2023-12-01T22:08:13.399144,19792952,79949202
vla2,0,2296,2023-12-01T22:08:14.996789,19824156,79980406
vla2,0,2297,2023-12-01T22:08:16.590542,19855284,80011534
vla2,0,2298,2023-12-01T22:08:18.194126,19886604,80042854
vla2,0,2299,2023-12-01T22:08:19.766478,19917314,80073564
vla2,0,2300,2023-12-01T22:08:21.368117,19948596,80104846
vla2,0,2301,2023-12-01T22:08:23.015477,19980771,80137021
vla2,0,2302,2023-12-01T22:08:24.609589,20011906,80168156
vla2,0,2303,2023-12-01T22:08:26.243022,20043809,80200059
vla2,0,2304,2023-12-01T22:08:27.837237,20074946,80231196
vla2,0,2305,2023-12-01T22:08:29.360642,20104700,80260950
vla2,0,2306,2023-12-01T22:08:30.951682,20135775,80292025
vla2,0,2307,2023-12-01T22:08:32.562331,20167233,80323483
vla2,0,2308,2023-12-01T22:08:34.140674,20198060,80354310
vla2,0,2309,2023-12-01T22:08:35.747483,20229443,80385693
vla2,0,2310,2023-12-01T22:08:37.339547,20260538,80416788
vla2,0,2311,2023-12-01T22:08:38.928386,20291570,80447820
vla2,0,2312,2023-12-01T22:08:40.529512,20322842,80479092
vla2,0,2313,2023-12-01T22:08:42.105294,20353619,80509869
vla2,0,2314,2023-12-01T22:08:43.705346,20384870,80541120
vla2,0,2315,2023-12-01T22:08:45.301096,20416037,80572287
vla2,0,2316,2023-12-01T22:08:46.900277,20447271,80603521
vla2,0,2317,2023-12-01T22:08:48.489269,20478306,80634556
vla2,0,2318,2023-12-01T22:08:50.079131,20509358,80665608
vla2,0,2319,2023-12-01T22:08:51.670427,20540438,80696688
vla2,0,2320,2023-12-01T22:08:53.255784,20571402,80727652
vla2,0,2321,2023-12-01T22:08:54.854350,20602624,80758874
vla2,0,2322,2023-12-01T22:08:56.449896,20633787,80790037
vla2,0,2323,2023-12-01T22:08:58.036021,20664766,80821016
vla2,0,2324,2023-12-01T22:08:59.634792,20695992,80852242
vla2,0,2325,2023-12-01T22:09:01.298690,20728490,80884740
vla2,0,2326,2023-12-01T22:09:02.901454,20759794,80916044
vla2,0,2327,2023-12-01T22:09:04.416258,20789380,80945630
vla2,0,2328,2023-12-01T22:09:06.035714,20821010,80977260
vla2,0,2329,2023-12-01T22:09:07.632437,20852196,81008446
vla2,0,2330,2023-12-01T22:09:09.227778,20883355,81039605
vla2,0,2331,2023-12-01T22:09:10.821941,20914491,81070741
vla2,0,2332,2023-12-01T22:09:12.380622,20944934,81101184
vla2,0,2333,2023-12-01T22:09:13.947342,20975534,81131784
vla2,0,2334,2023-12-01T22:09:15.546011,21006758,81163008
vla2,0,2335,2023-12-01T22:09:17.139406,21037879,81194129
vla2,0,2336,2023-12-01T22:09:18.800130,21070315,81226565
vla2,0,2337,2023-12-01T22:09:20.394498,21101455,81257705
vla2,0,2338,2023-12-01T22:09:21.939458,21131630,81287880
vla2,0,2339,2023-12-01T22:09:23.534491,21162783,81319033
vla2,0,2340,2023-12-01T22:09:25.200642,21195325,81351575
vla2,0,2341,2023-12-01T22:09:26.725531,21225108,81381358
vla2,0,2342,2023-12-01T22:09:28.342632,21256692,81412942
vla2,0,2343,2023-12-01T22:09:29.917186,21287445,81443695
vla2,0,2344,2023-12-01T22:09:31.516162,21318675,81474925
vla2,0,2345,2023-12-01T22:09:33.111451,21349833,81506083
vla2,0,2346,2023-12-01T22:09:34.708686,21381029,81537279
vla2,0,2347,2023-12-01T22:09:36.302389,21412156,81568406
vla2,0,2348,2023-12-01T22:09:37.929166,21443929,81600179
vla2,0,2349,2023-12-01T22:09:39.525736,21475112,81631362
vla2,0,2350,2023-12-01T22:09:41.073358,21505339,81661589
vla2,0,2351,2023-12-01T22:09:42.671566,21536554,81692804
vla2,0,2352,2023-12-01T22:09:44.311758,21568589,81724839
vla2,0,2353,2023-12-01T22:09:45.860610,21598840,81755090
vla2,0,2354,2023-12-01T22:09:47.450472,21629892,81786142
vla2,0,2355,2023-12-01T22:09:49.067368,21661472,81817722
vla2,0,2356,2023-12-01T22:09:50.660917,21692596,81848846
vla2,0,2357,2023-12-01T22:09:52.265678,21723939,81880189
vla2,0,2358,2023-12-01T22:09:53.895528,21755772,81912022
vla2,0,2359,2023-12-01T22:09:55.485698,21786830,81943080
vla2,0,2360,2023-12-01T22:09:57.045147,21817288,81973538
vla2,0,2361,2023-12-01T22:09:58.635112,21848342,82004592
vla2,0,2362,2023-12-01T22:10:00.216680,21879232,82035482
vla2,0,2363,2023-12-01T22:10:01.810075,21910353,82066603
vla2,0,2364,2023-12-01T22:10:03.420571,21941808,82098058
vla2,0,2365,2023-12-01T22:10:05.020776,21973062,82129312
vla2,0,2366,2023-12-01T22:10:06.617550,22004249,82160499
vla2,0,2367,2023-12-01T22:10:08.190722,22034975,82191225
vla2,0,2368,2023-12-01T22:10:09.889026,22068145,82224395
vla2,0,2369,2023-12-01T22:10:11.365070,22096974,82253224
vla2,0,2370,2023-12-01T22:10:12.956930,22128065,82284315
vla2,0,2371,2023-12-01T22:10:14.545614,22159094,82315344
vla2,0,2372,2023-12-01T22:10:16.141262,22190259,82346509
vla2,0,2373,2023-12-01T22:10:17.712744,22220952,82377202
vla2,0,2374,2023-12-01T22:10:19.307778,22252105,82408355
vla2,0,2375,2023-12-01T22:10:20.894363,22283093,82439343
vla2,0,2376,2023-12-01T22:10:22.478645,22314036,82470286
vla2,0,2377,2023-12-01T22:10:24.072757,22345171,82501421
vla2,0,2378,2023-12-01T22:10:25.660059,22376173,82532423
vla2,0,2379,2023-12-01T22:10:27.228469,22406806,82563056
vla2,0,2380,2023-12-01T22:10:28.817051,22437833,82594083
vla2,0,2381,2023-12-01T22:10:30.417154,22469085,82625335
vla2,0,2382,2023-12-01T22:10:31.996059,22499923,82656173
vla2,0,2383,2023-12-01T22:10:33.568514,22530635,82686885
vla2,0,2384,2023-12-01T22:10:35.153102,22561584,82717834
vla2,0,2385,2023-12-01T22:10:36.722741,22592241,82748491
vla2,0,2386,2023-12-01T22:10:38.296629,22622981,82779231
vla2,0,2387,2023-12-01T22:10:39.874869,22653806,82810056
vla2,0,2388,2023-12-01T22:10:41.449218,22684555,82840805
vla2,0,2389,2023-12-01T22:10:43.026434,22715360,82871610
vla2,0,2390,2023-12-01T22:10:44.601448,22746122,82902372
vla2,0,2391,2023-12-01T22:10:46.203906,22777420,82933670
vla2,0,2392,2023-12-01T22:10:47.777538,22808155,82964405
vla2,0,2393,2023-12-01T22:10:49.386344,22839577,82995827
vla2,0,2394,2023-12-01T22:10:50.923266,22869595,83025845
vla2,0,2395,2023-12-01T22:10:52.517326,22900729,83056979
vla2,0,2396,2023-12-01T22:10:54.049077,22930646,83086896
vla2,0,2397,2023-12-01T22:10:55.602075,22960978,83117228
vla2,0,2398,2023-12-01T22:10:57.221275,22992603,83148853
vla2,0,2399,2023-12-01T22:10:58.803714,23023510,83179760
vla2,0,2400,2023-12-01T22:11:00.378523,23054268,83210518
vla2,0,2401,2023-12-01T22:11:01.957122,23085100,83241350
vla2,0,2402,2023-12-01T22:11:03.535925,23115936,83272186
vla2,0,2403,2023-12-01T22:11:05.244878,23149314,83305564
vla2,0,2404,2023-12-01T22:11:06.694965,23177636,83333886
vla2,0,2405,2023-12-01T22:11:08.273973,23208476,83364726
vla2,0,2406,2023-12-01T22:11:09.849653,23239251,83395501
vla2,0,2407,2023-12-01T22:11:11.553896,23272537,83428787
vla2,0,2408,2023-12-01T22:11:13.054312,23301842,83458092
vla2,0,2409,2023-12-01T22:11:14.616629,23332356,83488606
vla2,0,2410,2023-12-01T22:11:16.234805,23363961,83520211
vla2,0,2411,2023-12-01T22:11:17.820110,23394924,83551174
vla2,0,2412,2023-12-01T22:11:19.320424,23424227,83580477
vla2,0,2413,2023-12-01T22:11:20.912334,23455319,83611569
vla2,0,2414,2023-12-01T22:11:22.477723,23485893,83642143
vla2,0,2415,2023-12-01T22:11:24.047874,23516560,83672810
vla2,0,2416,2023-12-01T22:11:25.731790,23549449,83705699
vla2,0,2417,2023-12-01T22:11:27.223656,23578587,83734837
vla2,0,2418,2023-12-01T22:11:28.770920,23608807,83765057
vla2,0,2419,2023-12-01T22:11:30.347470,23639599,83795849
vla2,0,2420,2023-12-01T22:11:31.944296,23670787,83827037
vla2,0,2421,2023-12-01T22:11:33.508405,23701336,83857586
vla2,0,2422,2023-12-01T22:11:35.106920,23732557,83888807
vla2,0,2423,2023-12-01T22:11:36.694990,23763574,83919824
vla2,0,2424,2023-12-01T22:11:38.289051,23794708,83950958
vla2,0,2425,2023-12-01T22:11:39.868981,23825566,83981816
vla2,0,2426,2023-12-01T22:11:41.434370,23856140,84012390
vla2,0,2427,2023-12-01T22:11:43.082190,23888324,84044574
vla2,0,2428,2023-12-01T22:11:44.670619,23919348,84075598
vla2,0,2429,2023-12-01T22:11:46.208821,23949391,84105641
vla2,0,2430,2023-12-01T22:11:47.727771,23979058,84135308
vla2,0,2431,2023-12-01T22:11:49.305550,24009874,84166124
vla2,0,2432,2023-12-01T22:11:50.881282,24040650,84196900
vla2,0,2433,2023-12-01T22:11:52.465358,24071589,84227839
vla2,0,2434,2023-12-01T22:11:54.070581,24102941,84259191
vla2,0,2435,2023-12-01T22:11:55.657986,24133945,84290195
vla2,0,2436,2023-12-01T22:11:57.258702,24165209,84321459
vla2,0,2437,2023-12-01T22:11:58.834792,24195992,84352242
vla2,0,2438,2023-12-01T22:12:00.431413,24227176,84383426
vla2,0,2439,2023-12-01T22:12:01.998184,24257777,84414027
vla2,0,2440,2023-12-01T22:12:03.589582,24288859,84445109
vla2,0,2441,2023-12-01T22:12:05.164341,24319616,84475866
vla2,0,2442,2023-12-01T22:12:06.766542,24350909,84507159
vla2,0,2443,2023-12-01T22:12:08.336386,24381570,84537820
vla2,0,2444,2023-12-01T22:12:09.923381,24412566,84568816
vla2,0,2445,2023-12-01T22:12:11.497474,24443310,84599560
vla2,0,2446,2023-12-01T22:12:13.083240,24474282,84630532
vla2,0,2447,2023-12-01T22:12:14.669979,24505273,84661523
vla2,0,2448,2023-12-01T22:12:16.268392,24536492,84692742
vla2,0,2449,2023-12-01T22:12:17.843918,24567264,84723514
vla2,0,2450,2023-12-01T22:12:19.429787,24598238,84754488
vla2,0,2451,2023-12-01T22:12:21.018933,24629276,84785526
vla2,0,2452,2023-12-01T22:12:22.632501,24660791,84817041
vla2,0,2453,2023-12-01T22:12:24.269416,24692762,84849012
vla2,0,2454,2023-12-01T22:12:25.893019,24724473,84880723
vla2,0,2455,2023-12-01T22:12:27.527477,24756396,84912646
vla2,0,2456,2023-12-01T22:12:29.160654,24788294,84944544
vla2,0,2457,2023-12-01T22:12:30.791938,24820155,84976405
vla2,0,2458,2023-12-01T22:12:32.419739,24851948,85008198
vla2,0,2459,2023-12-01T22:12:34.055579,24883898,85040148
vla2,0,2460,2023-12-01T22:12:35.688040,24915782,85072032
vla2,0,2461,2023-12-01T22:12:37.319323,24947643,85103893
vla2,0,2462,2023-12-01T22:12:38.933352,24979167,85135417
vla2,0,2463,2023-12-01T22:12:40.631810,25012340,85168590
vla2,0,2464,2023-12-01T22:12:42.196789,25042906,85199156
vla2,0,2465,2023-12-01T22:12:43.824027,25074688,85230938
vla2,0,2466,2023-12-01T22:12:45.459918,25106639,85262889
vla2,0,2467,2023-12-01T22:12:47.090331,25138483,85294733
vla2,0,2468,2023-12-01T22:12:48.725864,25170427,85326677
vla2,0,2469,2023-12-01T22:12:50.353922,25202225,85358475
vla2,0,2470,2023-12-01T22:12:51.988226,25234145,85390395
vla2,0,2471,2023-12-01T22:12:53.623656,25266087,85422337
vla2,0,2472,2023-12-01T22:12:55.258472,25298017,85454267
vla2,0,2473,2023-12-01T22:12:56.882434,25329735,85485985
vla2,0,2474,2023-12-01T22:12:58.518478,25361689,85517939
vla2,0,2475,2023-12-01T22:13:00.150120,25393557,85549807
vla2,0,2476,2023-12-01T22:13:01.782018,25425430,85581680
vla2,0,2477,2023-12-01T22:13:03.429326,25457604,85613854
vla2,0,2478,2023-12-01T22:13:05.050830,25489274,85645524
vla2,0,2479,2023-12-01T22:13:06.691330,25521315,85677565
vla2,0,2480,2023-12-01T22:13:08.334542,25553409,85709659
vla2,0,2481,2023-12-01T22:13:09.946984,25584902,85741152
vla2,0,2482,2023-12-01T22:13:11.580674,25616810,85773060
vla2,0,2483,2023-12-01T22:13:13.215848,25648747,85804997
vla2,0,2484,2023-12-01T22:13:14.848565,25680636,85836886
vla2,0,2485,2023-12-01T22:13:16.501762,25712925,85869175
vla2,0,2486,2023-12-01T22:13:18.130434,25744735,85900985
vla2,0,2487,2023-12-01T22:13:19.764738,25776655,85932905
vla2,0,2488,2023-12-01T22:13:21.395202,25808500,85964750
vla2,0,2489,2023-12-01T22:13:23.022542,25840284,85996534
vla2,0,2490,2023-12-01T22:13:24.659099,25872248,86028498
vla2,0,2491,2023-12-01T22:13:26.294683,25904193,86060443
vla2,0,2492,2023-12-01T22:13:27.926069,25936056,86092306
vla2,0,2493,2023-12-01T22:13:29.558734,25967944,86124194
vla2,0,2494,2023-12-01T22:13:31.176296,25999537,86155787
vla2,0,2495,2023-12-01T22:13:32.814286,26031529,86187779
vla2,0,2496,2023-12-01T22:13:34.451611,26063508,86219758
vla2,0,2497,2023-12-01T22:13:36.147253,26096626,86252876
vla2,0,2498,2023-12-01T22:13:37.681973,26126601,86282851
vla2,0,2499,2023-12-01T22:13:39.364405,26159461,86315711
vla2,0,2500,2023-12-01T22:13:40.970958,26190839,86347089
vla2,0,2501,2023-12-01T22:13:42.607464,26222802,86379052
vla2,0,2502,2023-12-01T22:13:44.260610,26255090,86411340
vla2,0,2503,2023-12-01T22:13:45.893685,26286986,86443236
vla2,0,2504,2023-12-01T22:13:47.530958,26318964,86475214
vla2,0,2505,2023-12-01T22:13:49.139202,26350375,86506625
vla2,0,2506,2023-12-01T22:13:50.772226,26382270,86538520
vla2,0,2507,2023-12-01T22:13:52.403099,26414123,86570373
vla2,0,2508,2023-12-01T22:13:54.039554,26446085,86602335
vla2,0,2509,2023-12-01T22:13:55.675650,26478040,86634290
vla2,0,2510,2023-12-01T22:13:57.308315,26509928,86666178
vla2,0,2511,2023-12-01T22:13:58.945794,26541910,86698160
vla2,0,2512,2023-12-01T22:14:00.584962,26573925,86730175
vla2,0,2513,2023-12-01T22:14:02.222901,26605916,86762166
vla2,0,2514,2023-12-01T22:14:03.849730,26637690,86793940
vla2,0,2515,2023-12-01T22:14:05.496117,26669846,86826096
vla2,0,2516,2023-12-01T22:14:07.132008,26701797,86858047
vla2,0,2517,2023-12-01T22:14:08.769230,26733774,86890024
vla2,0,2518,2023-12-01T22:14:10.409730,26765815,86922065
vla2,0,2519,2023-12-01T22:14:12.048488,26797822,86954072
vla2,0,2520,2023-12-01T22:14:13.685557,26829796,86986046
vla2,0,2521,2023-12-01T22:14:15.343771,26862183,87018433
vla2,0,2522,2023-12-01T22:14:16.977410,26894090,87050340
vla2,0,2523,2023-12-01T22:14:18.613710,26926049,87082299
vla2,0,2524,2023-12-01T22:14:20.247195,26957953,87114203
vla2,0,2525,2023-12-01T22:14:21.886005,26989961,87146211
vla2,0,2526,2023-12-01T22:14:23.480475,27021103,87177353
vla2,0,2527,2023-12-01T22:14:25.109506,27052920,87209170
vla2,0,2528,2023-12-01T22:14:26.744168,27084847,87241097
vla2,0,2529,2023-12-01T22:14:28.377755,27116753,87273003
vla2,0,2530,2023-12-01T22:14:30.041192,27149242,87305492
vla2,0,2531,2023-12-01T22:14:31.645134,27180569,87336819
vla2,0,2532,2023-12-01T22:14:33.307803,27213043,87369293
vla2,0,2533,2023-12-01T22:14:34.961102,27245334,87401584
vla2,0,2534,2023-12-01T22:14:36.621314,27277760,87434010
vla2,0,2535,2023-12-01T22:14:38.234984,27309277,87465527
vla2,0,2536,2023-12-01T22:14:39.873384,27341277,87497527
vla2,0,2537,2023-12-01T22:14:41.563547,27374288,87530538
vla2,0,2538,2023-12-01T22:14:43.137896,27405037,87561287
vla2,0,2539,2023-12-01T22:14:44.772661,27436966,87593216
vla2,0,2540,2023-12-01T22:14:46.384539,27468448,87624698
vla2,0,2541,2023-12-01T22:14:48.015310,27500299,87656549
vla2,0,2542,2023-12-01T22:14:49.646747,27532163,87688413
vla2,0,2543,2023-12-01T22:14:51.281410,27564090,87720340
vla2,0,2544,2023-12-01T22:14:52.912590,27595949,87752199
vla2,0,2545,2023-12-01T22:14:54.522574,27627394,87783644
vla2,0,2546,2023-12-01T22:14:56.156622,27659309,87815559
vla2,0,2547,2023-12-01T22:14:57.792411,27691258,87847508
vla2,0,2548,2023-12-01T22:14:59.431016,27723262,87879512
vla2,0,2549,2023-12-01T22:15:01.068597,27755246,87911496
vla2,0,2550,2023-12-01T22:15:02.709966,27787304,87943554
vla2,0,2551,2023-12-01T22:15:04.346062,27819259,87975509
vla2,0,2552,2023-12-01T22:15:05.968027,27850938,88007188
vla2,0,2553,2023-12-01T22:15:07.604686,27882904,88039154
vla2,0,2554,2023-12-01T22:15:09.240885,27914861,88071111
vla2,0,2555,2023-12-01T22:15:10.874216,27946762,88103012
vla2,0,2556,2023-12-01T22:15:12.506830,27978649,88134899
vla2,0,2557,2023-12-01T22:15:14.131765,28010386,88166636
vla2,0,2558,2023-12-01T22:15:15.772827,28042438,88198688
vla2,0,2559,2023-12-01T22:15:17.408360,28074382,88230632
vla2,0,2560,2023-12-01T22:15:19.047784,28106402,88262652
vla2,0,2561,2023-12-01T22:15:20.713320,28138932,88295182
vla2,0,2562,2023-12-01T22:15:22.353768,28170972,88327222
vla2,0,2563,2023-12-01T22:15:23.991246,28202954,88359204
vla2,0,2564,2023-12-01T22:15:25.622376,28234812,88391062
vla2,0,2565,2023-12-01T22:15:27.260520,28266807,88423057
vla2,0,2566,2023-12-01T22:15:28.900098,28298830,88455080
vla2,0,2567,2023-12-01T22:15:30.536603,28330793,88487043
vla2,0,2568,2023-12-01T22:15:32.165378,28362605,88518855
vla2,0,2569,2023-12-01T22:15:33.740648,28393372,88549622
vla2,0,2570,2023-12-01T22:15:35.374286,28425279,88581529
vla2,0,2571,2023-12-01T22:15:37.008386,28457195,88613445
vla2,0,2572,2023-12-01T22:15:38.673973,28489726,88645976
vla2,0,2573,2023-12-01T22:15:40.306638,28521614,88677864
vla2,0,2574,2023-12-01T22:15:41.939662,28553509,88709759
vla2,0,2575,2023-12-01T22:15:43.570843,28585368,88741618
vla2,0,2576,2023-12-01T22:15:45.178882,28616775,88773025
vla2,0,2577,2023-12-01T22:15:46.813698,28648705,88804955
vla2,0,2578,2023-12-01T22:15:48.440680,28680482,88836732
vla2,0,2579,2023-12-01T22:15:50.069762,28712300,88868550
vla2,0,2580,2023-12-01T22:15:51.736168,28744847,88901097
vla2,0,2581,2023-12-01T22:15:53.335144,28776077,88932327
vla2,0,2582,2023-12-01T22:15:54.959208,28807797,88964047
vla2,0,2583,2023-12-01T22:15:56.595048,28839747,88995997
vla2,0,2584,2023-12-01T22:15:58.226126,28871604,89027854
vla2,0,2585,2023-12-01T22:15:59.857922,28903475,89059725
vla2,0,2586,2023-12-01T22:16:01.492942,28935409,89091659
vla2,0,2587,2023-12-01T22:16:03.119976,28967187,89123437
vla2,0,2588,2023-12-01T22:16:04.751925,28999061,89155311
vla2,0,2589,2023-12-01T22:16:06.423861,29031716,89187966
vla2,0,2590,2023-12-01T22:16:08.058421,29063641,89219891
vla2,0,2591,2023-12-01T22:16:09.691342,29095534,89251784
vla2,0,2592,2023-12-01T22:16:11.303374,29127019,89283269
vla2,0,2593,2023-12-01T22:16:12.935426,29158895,89315145
vla2,0,2594,2023-12-01T22:16:14.572136,29190862,89347112
vla2,0,2595,2023-12-01T22:16:16.204290,29222740,89378990
vla2,0,2596,2023-12-01T22:16:17.834446,29254579,89410829
vla2,0,2597,2023-12-01T22:16:19.461890,29286365,89442615
vla2,0,2598,2023-12-01T22:16:21.097320,29318307,89474557
vla2,0,2599,2023-12-01T22:16:22.729013,29350176,89506426
vla2,0,2600,2023-12-01T22:16:24.362139,29382073,89538323
vla2,0,2601,2023-12-01T22:16:26.026446,29414579,89570829
vla2,0,2602,2023-12-01T22:16:27.660802,29446500,89602750
vla2,0,2603,2023-12-01T22:16:29.276520,29478057,89634307
vla2,0,2604,2023-12-01T22:16:30.908008,29509922,89666172
vla2,0,2605,2023-12-01T22:16:32.536731,29541733,89697983
vla2,0,2606,2023-12-01T22:16:34.149224,29573227,89729477
vla2,0,2607,2023-12-01T22:16:35.779637,29605071,89761321
vla2,0,2608,2023-12-01T22:16:37.412354,29636960,89793210
vla2,0,2609,2023-12-01T22:16:39.042664,29668802,89825052
vla2,0,2610,2023-12-01T22:16:40.674203,29700668,89856918
vla2,0,2611,2023-12-01T22:16:42.293198,29732289,89888539
vla2,0,2612,2023-12-01T22:16:43.963240,29764907,89921157
vla2,0,2613,2023-12-01T22:16:45.530216,29795512,89951762
vla2,0,2614,2023-12-01T22:16:47.209013,29828301,89984551
vla2,0,2615,2023-12-01T22:16:48.812853,29859626,90015876
vla2,0,2616,2023-12-01T22:16:50.451150,29891624,90047874
vla2,0,2617,2023-12-01T22:16:52.084226,29923520,90079770
vla2,0,2618,2023-12-01T22:16:53.709877,29955271,90111521
vla2,0,2619,2023-12-01T22:16:55.342645,29987161,90143411
vla2,0,2620,2023-12-01T22:16:56.957698,30018705,90174955
vla2,0,2621,2023-12-01T22:16:58.595688,30050697,90206947
vla2,0,2622,2023-12-01T22:17:00.227893,30082576,90238826
vla2,0,2623,2023-12-01T22:17:01.847349,30114206,90270456
vla2,0,2624,2023-12-01T22:17:03.483598,30146164,90302414
vla2,0,2625,2023-12-01T22:17:05.093634,30177610,90333860
vla2,0,2626,2023-12-01T22:17:06.731317,30209596,90365846
vla2,0,2627,2023-12-01T22:17:08.353947,30241288,90397538
vla2,0,2628,2023-12-01T22:17:09.989941,30273241,90429491
vla2,0,2629,2023-12-01T22:17:11.629826,30305270,90461520
vla2,0,2630,2023-12-01T22:17:13.261723,30337143,90493393
vla2,0,2631,2023-12-01T22:17:14.872014,30368594,90524844
vla2,0,2632,2023-12-01T22:17:16.510926,30400604,90556854
vla2,0,2633,2023-12-01T22:17:18.125928,30432147,90588397
vla2,0,2634,2023-12-01T22:17:19.775694,30464369,90620619
vla2,0,2635,2023-12-01T22:17:21.386754,30495835,90652085
vla2,0,2636,2023-12-01T22:17:23.007080,30527482,90683732
vla2,0,2637,2023-12-01T22:17:24.657768,30559722,90715972
vla2,0,2638,2023-12-01T22:17:26.283624,30591477,90747727
vla2,0,2639,2023-12-01T22:17:27.898318,30623014,90779264
vla2,0,2640,2023-12-01T22:17:29.533134,30654944,90811194
vla2,0,2641,2023-12-01T22:17:31.149416,30686512,90842762
vla2,0,2642,2023-12-01T22:17:32.786024,30718477,90874727
vla2,0,2643,2023-12-01T22:17:34.416488,30750322,90906572
vla2,0,2644,2023-12-01T22:17:36.051355,30782253,90938503
vla2,0,2645,2023-12-01T22:17:37.669224,30813852,90970102
vla2,0,2646,2023-12-01T22:17:39.308904,30845877,91002127
vla2,0,2647,2023-12-01T22:17:40.902709,30877006,91033256
vla2,0,2648,2023-12-01T22:17:42.541365,30909011,91065261
vla2,0,2649,2023-12-01T22:17:44.163432,30940692,91096942
vla2,0,2650,2023-12-01T22:17:45.794510,30972549,91128799
vla2,0,2651,2023-12-01T22:17:47.442485,31004736,91160986
vla2,0,2652,2023-12-01T22:17:49.068187,31036488,91192738
vla2,0,2653,2023-12-01T22:17:50.706024,31068477,91224727
vla2,0,2654,2023-12-01T22:17:52.316981,31099941,91256191
vla2,0,2655,2023-12-01T22:17:53.947086,31131779,91288029
vla2,0,2656,2023-12-01T22:17:55.579701,31163666,91319916
vla2,0,2657,2023-12-01T22:17:57.240731,31196108,91352358
vla2,0,2658,2023-12-01T22:17:58.826907,31227088,91383338
vla2,0,2659,2023-12-01T22:18:00.450715,31258803,91415053
vla2,0,2660,2023-12-01T22:18:02.083483,31290693,91446943
vla2,0,2661,2023-12-01T22:18:03.705294,31322369,91478619
vla2,0,2662,2023-12-01T22:18:05.325058,31354005,91510255
vla2,0,2663,2023-12-01T22:18:06.943950,31385624,91541874
vla2,0,2664,2023-12-01T22:18:08.570267,31417388,91573638
vla2,0,2665,2023-12-01T22:18:10.196430,31449149,91605399
vla2,0,2666,2023-12-01T22:18:11.819880,31480857,91637107
vla2,0,2667,2023-12-01T22:18:13.443176,31512562,91668812
vla2,0,2668,2023-12-01T22:18:15.137230,31545649,91701899
vla2,0,2669,2023-12-01T22:18:16.701749,31576206,91732456
vla2,0,2670,2023-12-01T22:18:18.334773,31608101,91764351
vla2,0,2671,2023-12-01T22:18:19.952846,31639704,91795954
vla2,0,2672,2023-12-01T22:18:21.564981,31671191,91827441
vla2,0,2673,2023-12-01T22:18:23.184027,31702813,91859063
vla2,0,2674,2023-12-01T22:18:24.807118,31734514,91890764
vla2,0,2675,2023-12-01T22:18:26.432667,31766263,91922513
vla2,0,2676,2023-12-01T22:18:28.054376,31797937,91954187
vla2,0,2677,2023-12-01T22:18:29.677416,31829637,91985887
vla2,0,2678,2023-12-01T22:18:31.300149,31861331,92017581
vla2,0,2679,2023-12-01T22:18:32.915253,31892876,92049126
vla2,0,2680,2023-12-01T22:18:34.539522,31924600,92080850
vla2,0,2681,2023-12-01T22:18:36.156622,31956184,92112434
vla2,0,2682,2023-12-01T22:18:37.780430,31987899,92144149
vla2,0,2683,2023-12-01T22:18:39.403675,32019603,92175853
vla2,0,2684,2023-12-01T22:18:41.018011,32051133,92207383
vla2,0,2685,2023-12-01T22:18:42.627381,32082566,92238816
vla2,0,2686,2023-12-01T22:18:44.273154,32114710,92270960
vla2,0,2687,2023-12-01T22:18:45.888821,32146266,92302516
vla2,0,2688,2023-12-01T22:18:47.462914,32177010,92333260
vla2,0,2689,2023-12-01T22:18:49.039413,32207801,92364051
vla2,0,2690,2023-12-01T22:18:50.650728,32239272,92395522
vla2,0,2691,2023-12-01T22:18:52.427522,32273975,92430225
vla2,0,2692,2023-12-01T22:18:53.914882,32303025,92459275
vla2,0,2693,2023-12-01T22:18:55.517851,32334333,92490583
vla2,0,2694,2023-12-01T22:18:57.122203,32365668,92521918
vla2,0,2695,2023-12-01T22:18:58.684827,32396188,92552438
vla2,0,2696,2023-12-01T22:19:00.251803,32426793,92583043
vla2,0,2697,2023-12-01T22:19:01.811202,32457250,92613500
vla2,0,2698,2023-12-01T22:19:03.342491,32487158,92643408
vla2,0,2699,2023-12-01T22:19:04.944232,32518442,92674692
vla2,0,2700,2023-12-01T22:19:06.512181,32549066,92705316
vla2,0,2701,2023-12-01T22:19:07.995598,32578039,92734289
vla2,0,2702,2023-12-01T22:19:09.563701,32608666,92764916
vla2,0,2703,2023-12-01T22:19:11.127195,32639203,92795453
vla2,0,2704,2023-12-01T22:19:12.692277,32669771,92826021
vla2,0,2705,2023-12-01T22:19:14.259355,32700378,92856628
vla2,0,2706,2023-12-01T22:19:15.816757,32730796,92887046
vla2,0,2707,2023-12-01T22:19:17.430069,32762306,92918556
vla2,0,2708,2023-12-01T22:19:18.992027,32792813,92949063
vla2,0,2709,2023-12-01T22:19:20.546920,32823182,92979432
vla2,0,2710,2023-12-01T22:19:22.105602,32853625,93009875
vla2,0,2711,2023-12-01T22:19:23.611854,32883044,93039294
vla2,0,2712,2023-12-01T22:19:25.186254,32913794,93070044
vla2,0,2713,2023-12-01T22:19:26.743912,32944217,93100467
vla2,0,2714,2023-12-01T22:19:28.289026,32974395,93130645
vla2,0,2715,2023-12-01T22:19:29.846325,33004811,93161061
vla2,0,2716,2023-12-01T22:19:31.395022,33035059,93191309
vla2,0,2717,2023-12-01T22:19:32.944283,33065318,93221568
vla2,0,2718,2023-12-01T22:19:34.503272,33095767,93252017
vla2,0,2719,2023-12-01T22:19:36.040962,33125800,93282050
vla2,0,2720,2023-12-01T22:19:37.591554,33156085,93312335
vla2,0,2721,2023-12-01T22:19:39.159298,33186705,93342955
vla2,0,2722,2023-12-01T22:19:40.698318,33216764,93373014
vla2,0,2723,2023-12-01T22:19:42.261813,33247301,93403551
vla2,0,2724,2023-12-01T22:19:43.752142,33276409,93432659
vla2,0,2725,2023-12-01T22:19:45.335144,33307327,93463577
vla2,0,2726,2023-12-01T22:19:46.882357,33337546,93493796
vla2,0,2727,2023-12-01T22:19:48.442421,33368016,93524266
vla2,0,2728,2023-12-01T22:19:49.999976,33398437,93554687
vla2,0,2729,2023-12-01T22:19:51.552155,33428753,93585003
vla2,0,2730,2023-12-01T22:19:53.097934,33458944,93615194
vla2,0,2731,2023-12-01T22:19:54.620981,33488691,93644941
vla2,0,2732,2023-12-01T22:19:56.181352,33519167,93675417
vla2,0,2733,2023-12-01T22:19:57.727336,33549362,93705612
vla2,0,2734,2023-12-01T22:19:59.271579,33579523,93735773
vla2,0,2735,2023-12-01T22:20:00.815822,33609684,93765934
vla2,0,2736,2023-12-01T22:20:02.361448,33639872,93796122
vla2,0,2737,2023-12-01T22:20:03.913883,33670193,93826443
vla2,0,2738,2023-12-01T22:20:05.451778,33700230,93856480
vla2,0,2739,2023-12-01T22:20:07.000373,33730476,93886726
vla2,0,2740,2023-12-01T22:20:08.593922,33761600,93917850
vla2,0,2741,2023-12-01T22:20:10.139342,33791784,93948034
vla2,0,2742,2023-12-01T22:20:11.688757,33822046,93978296
vla2,0,2743,2023-12-01T22:20:13.244674,33852435,94008685
vla2,0,2744,2023-12-01T22:20:14.806888,33882947,94039197
vla2,0,2745,2023-12-01T22:20:16.348571,33913058,94069308
vla2,0,2746,2023-12-01T22:20:17.920155,33943753,94100003
vla2,0,2747,2023-12-01T22:20:19.461634,33973860,94130110
vla2,0,2748,2023-12-01T22:20:20.949506,34002920,94159170
vla2,0,2749,2023-12-01T22:20:22.424885,34031736,94187986
vla2,0,2750,2023-12-01T22:20:23.968411,34061883,94218133
vla2,0,2751,2023-12-01T22:20:25.511989,34092031,94248281
vla2,0,2752,2023-12-01T22:20:27.055822,34122184,94278434
vla2,0,2753,2023-12-01T22:20:28.610152,34152542,94308792
vla2,0,2754,2023-12-01T22:20:30.197301,34183541,94339791
vla2,0,2755,2023-12-01T22:20:31.824795,34215328,94371578
vla2,0,2756,2023-12-01T22:20:33.434421,34246766,94403016
vla2,0,2757,2023-12-01T22:20:35.066421,34278641,94434891
vla2,0,2758,2023-12-01T22:20:36.685826,34310270,94466520
vla2,0,2759,2023-12-01T22:20:38.320027,34342188,94498438
vla2,0,2760,2023-12-01T22:20:39.968821,34374391,94530641
vla2,0,2761,2023-12-01T22:20:41.670658,34407630,94563880
vla2,0,2762,2023-12-01T22:20:43.220379,34437898,94594148
vla2,0,2763,2023-12-01T22:20:44.848078,34469689,94625939
vla2,0,2764,2023-12-01T22:20:46.469582,34501359,94657609
vla2,0,2765,2023-12-01T22:20:48.088322,34532975,94689225
vla2,0,2766,2023-12-01T22:20:49.708034,34564610,94720860
vla2,0,2767,2023-12-01T22:20:51.359182,34596859,94753109
vla2,0,2768,2023-12-01T22:20:53.034446,34629579,94785829
vla2,0,2769,2023-12-01T22:20:54.732904,34662752,94819002
vla2,0,2770,2023-12-01T22:20:56.400642,34695325,94851575
vla2,0,2771,2023-12-01T22:20:58.054811,34727633,94883883
vla2,0,2772,2023-12-01T22:20:59.736373,34760476,94916726
vla2,0,2773,2023-12-01T22:21:01.427816,34793512,94949762
vla2,0,2774,2023-12-01T22:21:03.137947,34826913,94983163
vla2,0,2775,2023-12-01T22:21:04.858267,34860513,95016763
vla2,0,2776,2023-12-01T22:21:06.547202,34893500,95049750
vla2,0,2777,2023-12-01T22:21:08.293787,34927613,95083863
vla2,0,2778,2023-12-01T22:21:09.994958,34960839,95117089
vla2,0,2779,2023-12-01T22:21:11.785730,34995815,95152065
vla2,0,2780,2023-12-01T22:21:13.429915,35027928,95184178
vla2,0,2781,2023-12-01T22:21:15.272603,35063918,95220168
vla2,0,2782,2023-12-01T22:21:16.902504,35095752,95252002
vla2,0,2783,2023-12-01T22:21:18.546997,35127871,95284121
vla2,0,2784,2023-12-01T22:21:20.283394,35161785,95318035
vla2,0,2785,2023-12-01T22:21:22.036174,35196019,95352269
vla2,0,2786,2023-12-01T22:21:23.756853,35229626,95385876
vla2,0,2787,2023-12-01T22:21:25.509378,35263855,95420105
vla2,0,2788,2023-12-01T22:21:27.292366,35298679,95454929
vla2,0,2789,2023-12-01T22:21:29.009205,35332211,95488461
vla2,0,2790,2023-12-01T22:21:30.774478,35366689,95522939
vla2,0,2791,2023-12-01T22:21:32.577384,35401902,95558152
vla2,0,2792,2023-12-01T22:21:34.333493,35436201,95592451
vla2,0,2793,2023-12-01T22:21:36.111464,35470927,95627177
vla2,0,2794,2023-12-01T22:21:37.896859,35505798,95662048
vla2,0,2795,2023-12-01T22:21:39.684354,35540710,95696960
vla2,0,2796,2023-12-01T22:21:41.479579,35575773,95732023
vla2,0,2797,2023-12-01T22:21:43.295899,35611248,95767498
vla2,0,2798,2023-12-01T22:21:45.070594,35645910,95802160
vla2,0,2799,2023-12-01T22:21:46.864539,35680948,95837198
vla2,0,2800,2023-12-01T22:21:48.684290,35716490,95872740
vla2,0,2801,2023-12-01T22:21:50.486581,35751691,95907941
vla2,0,2802,2023-12-01T22:21:52.286005,35786836,95943086
vla2,0,2803,2023-12-01T22:21:54.045851,35821208,95977458
vla2,0,2804,2023-12-01T22:21:55.834165,35856136,96012386
vla2,0,2805,2023-12-01T22:21:57.668507,35891963,96048213
vla2,0,2806,2023-12-01T22:21:59.492917,35927596,96083846
vla2,0,2807,2023-12-01T22:22:01.357672,35964017,96120267
vla2,0,2808,2023-12-01T22:22:03.222325,36000436,96156686
vla2,0,2809,2023-12-01T22:22:05.078222,36036684,96192934
vla2,0,2810,2023-12-01T22:22:06.962075,36073478,96229728
vla2,0,2811,2023-12-01T22:22:08.901173,36111351,96267601
vla2,0,2812,2023-12-01T22:22:10.678683,36146068,96302318
vla2,0,2813,2023-12-01T22:22:12.589467,36183388,96339638
vla2,0,2814,2023-12-01T22:22:14.456578,36219855,96376105
vla2,0,2815,2023-12-01T22:22:16.252469,36254931,96411181
vla2,0,2816,2023-12-01T22:22:18.120552,36291417,96447667
vla2,0,2817,2023-12-01T22:22:19.990990,36327949,96484199
vla2,0,2818,2023-12-01T22:22:21.906382,36365359,96521609
vla2,0,2819,2023-12-01T22:22:23.700226,36400395,96556645
vla2,0,2820,2023-12-01T22:22:25.658472,36438642,96594892
vla2,0,2821,2023-12-01T22:22:27.441717,36473471,96629721
vla2,0,2822,2023-12-01T22:22:29.290395,36509578,96665828
vla2,0,2823,2023-12-01T22:22:31.147726,36545854,96702104
vla2,0,2824,2023-12-01T22:22:33.001576,36582062,96738312
vla2,0,2825,2023-12-01T22:22:34.831515,36617803,96774053
vla2,0,2826,2023-12-01T22:22:36.680654,36653919,96810169
vla2,0,2827,2023-12-01T22:22:38.578638,36690989,96847239
vla2,0,2828,2023-12-01T22:22:40.440987,36727363,96883613
vla2,0,2829,2023-12-01T22:22:42.276302,36763209,96919459
vla2,0,2830,2023-12-01T22:22:44.135682,36799525,96955775
vla2,0,2831,2023-12-01T22:22:45.990197,36835746,96991996
vla2,0,2832,2023-12-01T22:22:47.852648,36872122,97028372
vla2,0,2833,2023-12-01T22:22:49.719298,36908580,97064830
vla2,0,2834,2023-12-01T22:22:51.574530,36944815,97101065
vla2,0,2835,2023-12-01T22:22:53.447016,36981387,97137637
vla2,0,2836,2023-12-01T22:22:55.348430,37018524,97174774
vla2,0,2837,2023-12-01T22:22:57.234382,37055359,97211609
vla2,0,2838,2023-12-01T22:22:59.098728,37091772,97248022
vla2,0,2839,2023-12-01T22:23:00.984014,37128594,97284844
vla2,0,2840,2023-12-01T22:23:02.847336,37164987,97321237
vla2,0,2841,2023-12-01T22:23:04.732520,37201807,97358057
vla2,0,2842,2023-12-01T22:23:06.593589,37238156,97394406
vla2,0,2843,2023-12-01T22:23:08.432283,37274068,97430318
vla2,0,2844,2023-12-01T22:23:10.298114,37310510,97466760
vla2,0,2845,2023-12-01T22:23:12.168757,37347046,97503296
vla2,0,2846,2023-12-01T22:23:14.136526,37385479,97541729
vla2,0,2847,2023-12-01T22:23:15.930779,37420523,97576773
vla2,0,2848,2023-12-01T22:23:17.790568,37456847,97613097
vla2,0,2849,2023-12-01T22:23:19.734786,37494820,97651070
vla2,0,2850,2023-12-01T22:23:21.588430,37531024,97687274
vla2,0,2851,2023-12-01T22:23:23.455029,37567481,97723731
vla2,0,2852,2023-12-01T22:23:25.303912,37603592,97759842
vla2,0,2853,2023-12-01T22:23:27.174094,37640119,97796369
vla2,0,2854,2023-12-01T22:23:29.036392,37676492,97832742
vla2,0,2855,2023-12-01T22:23:30.897922,37712850,97869100
vla2,0,2856,2023-12-01T22:23:32.729243,37748618,97904868
vla2,0,2857,2023-12-01T22:23:34.661019,37786348,97942598
vla2,0,2858,2023-12-01T22:23:36.528898,37822830,97979080
vla2,0,2859,2023-12-01T22:23:38.395803,37859293,98015543
vla2,0,2860,2023-12-01T22:23:40.192514,37894385,98050635
vla2,0,2861,2023-12-01T22:23:42.063925,37930936,98087186
vla2,0,2862,2023-12-01T22:23:43.936053,37967501,98123751
vla2,0,2863,2023-12-01T22:23:45.803931,38003983,98160233
vla2,0,2864,2023-12-01T22:23:47.663464,38040302,98196552
vla2,0,2865,2023-12-01T22:23:49.484392,38075867,98232117
vla2,0,2866,2023-12-01T22:23:51.418062,38113634,98269884
vla2,0,2867,2023-12-01T22:23:53.280974,38150019,98306269
vla2,0,2868,2023-12-01T22:23:55.088539,38185323,98341573
vla2,0,2869,2023-12-01T22:23:57.003163,38222718,98378968
vla2,0,2870,2023-12-01T22:23:58.818254,38258169,98414419
vla2,0,2871,2023-12-01T22:24:00.677326,38294479,98450729
vla2,0,2872,2023-12-01T22:24:02.508802,38330250,98486500
vla2,0,2873,2023-12-01T22:24:04.468021,38368516,98524766
vla2,0,2874,2023-12-01T22:24:06.330626,38404895,98561145
vla2,0,2875,2023-12-01T22:24:08.191182,38441234,98597484
vla2,0,2876,2023-12-01T22:24:09.998696,38476537,98632787
vla2,0,2877,2023-12-01T22:24:11.854184,38512777,98669027
vla2,0,2878,2023-12-01T22:24:13.766862,38550134,98706384
vla2,0,2879,2023-12-01T22:24:15.555125,38585061,98741311
vla2,0,2880,2023-12-01T22:24:17.411944,38621327,98777577
vla2,0,2881,2023-12-01T22:24:19.274549,38657706,98813956
vla2,0,2882,2023-12-01T22:24:21.125890,38693865,98850115
vla2,0,2883,2023-12-01T22:24:22.934325,38729186,98885436
vla2,0,2884,2023-12-01T22:24:24.838453,38766376,98922626
vla2,0,2885,2023-12-01T22:24:26.690510,38802549,98958799
vla2,0,2886,2023-12-01T22:24:28.490344,38837702,98993952
vla2,0,2887,2023-12-01T22:24:30.347368,38873972,99030222
vla2,0,2888,2023-12-01T22:24:32.192616,38910012,99066262
vla2,0,2889,2023-12-01T22:24:34.044008,38946172,99102422
vla2,0,2890,2023-12-01T22:24:35.895144,38982327,99138577
vla2,0,2891,2023-12-01T22:24:37.815144,39019827,99176077
vla2,0,2892,2023-12-01T22:24:39.674677,39056146,99212396
vla2,0,2893,2023-12-01T22:24:41.439848,39090622,99246872
vla2,0,2894,2023-12-01T22:24:43.376334,39128444,99284694
vla2,0,2895,2023-12-01T22:24:45.127118,39162639,99318889
vla2,0,2896,2023-12-01T22:24:46.970421,39198641,99354891
vla2,0,2897,2023-12-01T22:24:48.813570,39234640,99390890
vla2,0,2898,2023-12-01T22:24:50.651445,39270536,99426786
vla2,0,2899,2023-12-01T22:24:52.494235,39306528,99462778
vla2,0,2900,2023-12-01T22:24:54.334875,39342478,99498728
vla2,0,2901,2023-12-01T22:24:56.279144,39380452,99536702
vla2,0,2902,2023-12-01T22:24:58.016872,39414392,99570642
vla2,0,2903,2023-12-01T22:24:59.857410,39450340,99606590
vla2,0,2904,2023-12-01T22:25:01.771368,39487722,99643972
vla2,0,2905,2023-12-01T22:25:03.615592,39523742,99679992
vla2,0,2906,2023-12-01T22:25:05.385627,39558313,99714563
vla2,0,2907,2023-12-01T22:25:07.229083,39594318,99750568
vla2,0,2908,2023-12-01T22:25:09.071054,39630294,99786544
vla2,0,2909,2023-12-01T22:25:10.919016,39666387,99822637
vla2,0,2910,2023-12-01T22:25:12.782798,39702789,99859039
vla2,0,2911,2023-12-01T22:25:14.604802,39738375,99894625
vla2,0,2912,2023-12-01T22:25:16.450869,39774431,99930681
vla2,0,2913,2023-12-01T22:25:18.294274,39810435,99966685
vla2,0,2914,2023-12-01T22:25:20.150888,39846697,100002947
vla2,0,2915,2023-12-01T22:25:21.997877,39882771,100039021
vla2,0,2916,2023-12-01T22:25:23.842971,39918808,100075058
vla2,0,2917,2023-12-01T22:25:25.690165,39954886,100111136
vla2,0,2918,2023-12-01T22:25:27.608834,39992360,100148610
vla2,0,2919,2023-12-01T22:25:29.463656,40028587,100184837
vla2,0,2920,2023-12-01T22:25:31.262312,40063717,100219967
vla2,0,2921,2023-12-01T22:25:33.189531,40101358,100257608
vla2,0,2922,2023-12-01T22:25:35.041947,40137538,100293788
vla2,0,2923,2023-12-01T22:25:36.817205,40172211,100328461
vla2,0,2924,2023-12-01T22:25:38.669826,40208395,100364645
vla2,0,2925,2023-12-01T22:25:40.521371,40244558,100400808
vla2,0,2926,2023-12-01T22:25:42.417410,40281590,100437840
vla2,0,2927,2023-12-01T22:25:43.603355,40304753,100461003
